Date,Open,High,Low,Close,Volume,Dividends,Stock Splits,sent
2021-09-07,151.15326259436534,153.38685589495006,150.58754556278473,152.83090209960938,82278300,0.0,0.0,0.0
2021-09-08,153.11376479693286,153.1722846868866,150.1876512353804,151.28982543945312,74420200,0.0,0.0,0.0
2021-09-09,151.6604770125975,152.2652024090621,150.15839699282031,150.27545166015625,57305700,0.0,0.0,0.0
2021-09-10,151.1825274626448,151.65070144497142,145.03768627305047,145.30104064941406,140893200,0.0,0.0,0.0
2021-09-13,146.9201475258426,147.69068411470718,145.0864451705449,145.8667449951172,102404300,0.0,0.0,0.0
2021-09-14,146.64708895618836,147.34935752136766,143.29180911877296,144.4720001220703,109296300,0.0,0.0,0.0
2021-09-15,144.9011324843855,145.75946384011283,142.76506733146184,145.35955810546875,83281300,0.0,0.0,0.0
2021-09-16,144.78408681235823,145.301032298818,143.59413289330473,145.12545776367188,68034100,0.0,0.0,0.0
2021-09-17,145.15475696069768,145.15475696069768,142.17010842593353,142.4627227783203,129868800,0.0,0.0,0.0
2021-09-20,140.25840615619828,141.27278583373996,137.79071777768286,139.41958618164062,123478900,0.0,0.0,0.0
2021-09-21,140.3851770808151,141.03868891632874,139.26350609481372,139.89749145507812,75834000,0.0,0.0,0.0
2021-09-22,140.89234513594866,142.82357564689215,140.16081684875996,142.25787353515625,76404300,0.0,0.0,0.0
2021-09-23,143.03815533417017,143.45757261545157,142.05303595354863,143.21372985839844,64838200,0.0,0.0,0.0
2021-09-24,142.07258175581498,143.83800136075783,141.97503867631073,143.30154418945312,53477900,0.0,0.0,0.0
2021-09-27,141.8872464401241,142.36518367517027,140.2778899497781,141.78970336914062,74150700,0.0,0.0,0.0
2021-09-28,139.7219569087335,141.18501404913908,138.20037986398958,138.4149627685547,108972300,0.0,0.0,0.0
2021-09-29,138.96112166840754,140.89235227723765,138.53195600356045,139.312255859375,74602000,0.0,0.0,0.0
2021-09-30,140.12180436567434,140.8240726910163,137.80041657451724,138.01499938964844,89056700,0.0,0.0,0.0
2021-10-01,138.40515987182454,139.40004260947205,135.68388091891475,139.13668823242188,94639600,0.0,0.0,0.0
2021-10-04,138.26858674850567,138.70751560218017,134.8645515046284,135.71311950683594,98322000,0.0,0.0,0.0
2021-10-05,136.05454682483122,138.73681787676418,135.9277437943665,137.6346435546875,80861100,0.0,0.0,0.0
2021-10-06,136.03502801816884,138.6490157972431,134.9621137010957,138.50271606445312,83221100,0.0,0.0,0.0
2021-10-07,139.53663979898357,140.6680742735226,139.2050170718562,139.76097106933594,61732700,0.0,0.0,0.0
2021-10-08,140.48268240335435,140.6289820985626,139.04888585839274,139.38050842285156,58773200,0.0,0.0,0.0
2021-10-11,138.7660308387561,141.24346653207863,138.3173536480232,139.292724609375,64452200,0.0,0.0,0.0
2021-10-12,139.7024045703548,139.72191616043952,137.56633938704366,138.02476501464844,73035900,0.0,0.0,0.0
2021-10-13,137.76143421982243,137.9174823014052,135.77166862906188,137.43955993652344,78762700,0.0,0.0,0.0
2021-10-14,138.60995855085787,140.3363692030775,138.0247300603831,140.2193145751953,69907100,0.0,0.0,0.0
2021-10-15,140.2291266309253,141.33128600610704,139.97552058470157,141.27276611328125,67940300,0.0,0.0,0.0
2021-10-18,139.91698682828363,143.22349439217342,139.63413574665708,142.94064331054688,85589200,0.0,0.0,0.0
2021-10-19,143.38930715549284,145.49611240776287,142.94064476173952,145.09620666503906,76378900,0.0,0.0,0.0
2021-10-20,145.03767215675973,146.06181473584434,144.4719551618084,145.58387756347656,58418800,0.0,0.0,0.0
2021-10-21,145.1449650896746,145.9545248556128,144.22811391179323,145.7984619140625,61421000,0.0,0.0,0.0
2021-10-22,146.00332535531382,146.48124774454206,144.97918256227808,145.0279541015625,58883400,0.0,0.0,0.0
2021-10-25,145.0181647887637,145.69117321411855,143.98427382696465,144.97915649414062,50720600,0.0,0.0,0.0
2021-10-26,145.65220441024096,147.12500978003416,145.34007843670338,145.6424560546875,60893400,0.0,0.0,0.0
2021-10-27,145.68143968000115,146.04232225315448,144.83287151805337,145.1840057373047,56094900,0.0,0.0,0.0
2021-10-28,146.1301073675776,149.39759166799496,146.03256430303534,148.8123779296875,100077900,0.0,0.0,0.0
2021-10-29,143.59415144162946,146.24716233667445,142.8041031388741,146.11061096191406,124953200,0.0,0.0,0.0
2021-11-01,145.3205654883688,146.01307072992742,144.1598713388164,145.2913055419922,74588300,0.0,0.0,0.0
2021-11-02,144.9986747309846,147.8370082711022,144.98891149464504,146.32518005371094,69122000,0.0,0.0,0.0
2021-11-03,146.68605801297326,148.22714612515688,146.1301042293714,147.75897216796875,54511500,0.0,0.0,0.0
2021-11-04,147.84677558220335,148.6758322133497,146.92992422765454,147.24205017089844,60394600,0.0,0.0,0.0
2021-11-05,148.36536141475236,148.6681654176707,146.57782514412813,147.76951599121094,65463900,0.22,0.0,0.0
2021-11-08,147.89651258756408,148.0528033415094,146.6755190186912,146.9490203857422,55020900,0.0,0.0,0.0
2021-11-09,146.71454897260128,147.91600218212633,146.57779832196186,147.31039428710938,56787900,0.0,0.0,0.0
2021-11-10,146.53871644786318,146.64616444006643,144.41907415140022,144.48744201660156,65187100,0.0,0.0,0.0
2021-11-11,145.50333134171993,145.96241109507744,144.25302053135974,144.43861389160156,41000000,0.0,0.0,0.0
2021-11-12,144.9856178095641,146.90990439693277,144.05766590459464,146.50942993164062,63804000,0.0,0.0,0.0
2021-11-15,146.8805742099881,148.35554334372281,145.96238505765794,146.5191650390625,59222800,0.0,0.0,0.0
2021-11-16,146.4606021824879,147.97463697406297,145.87451939068316,147.49600219726562,59256200,0.0,0.0,0.0
2021-11-17,147.49598349597346,151.40316186672771,147.48622091573952,149.92820739746094,88807000,0.0,0.0,0.0
2021-11-18,150.1431040324191,154.98799688592075,149.4984160214015,154.20655822753906,137827700,0.0,0.0,0.0
2021-11-19,153.9916581394781,157.28346597858675,152.89765298958213,156.82437133789062,117305600,0.0,0.0,0.0
2021-11-22,157.9281202781403,161.85483815926344,157.2639072032153,157.283447265625,117467900,0.0,0.0,0.0
2021-11-23,157.38111945184002,158.04534743857107,155.36892523842945,157.66439819335938,96041900,0.0,0.0,0.0
2021-11-24,157.01971058805793,158.3774543011539,155.93546813337693,158.18209838867188,69463600,0.0,0.0,0.0
2021-11-26,155.86712045424656,156.72668956141257,152.73160325073675,153.17115783691406,76959800,0.0,0.0,0.0
2021-11-29,155.67176964553224,157.44954318891868,155.10522691977297,156.52159118652344,88748200,0.0,0.0,0.0
2021-11-30,156.2773947152438,161.67906839694083,156.2090119296681,161.46417236328125,174048100,0.0,0.0,0.0
2021-12-01,163.5936085646079,166.34817738546027,160.7120665397166,160.94650268554688,152052500,0.0,0.0,0.0
2021-12-02,155.05640108044867,160.38969196905754,154.13821164787007,159.95989990234375,136739200,0.0,0.0,0.0
2021-12-03,160.21384675586103,161.1320360204304,156.01362719703414,158.0844268798828,118023100,0.0,0.0,0.0
2021-12-06,160.47759138079394,163.98429560873123,160.4678287996897,161.48370361328125,107497000,0.0,0.0,0.0
2021-12-07,165.15644279486372,167.598429443289,164.4336093812365,167.20770263671875,120405400,0.0,0.0,0.0
2021-12-08,168.1356556285786,171.87678065417452,166.73883163036436,171.01719665527344,116998900,0.0,0.0,0.0
2021-12-09,170.85113086564078,172.64842918211983,169.88409893762693,170.50924682617188,108923700,0.0,0.0,0.0
2021-12-10,171.14422713494562,175.4616584549351,170.63628965473916,175.28582763671875,115402700,0.0,0.0,0.0
2021-12-13,176.91700933892764,177.90358129097453,171.45673183795216,171.661865234375,153237000,0.0,0.0,0.0
2021-12-14,171.1833022083099,173.61552681793418,168.2138523400571,170.28465270996094,139380400,0.0,0.0,0.0
2021-12-15,171.04654009777133,175.33466872556772,168.31151164367364,175.13931274414062,131063300,0.0,0.0,0.0
2021-12-16,175.11976837917365,176.93660728082307,166.78771003091353,168.26266479492188,150185800,0.0,0.0,0.0
2021-12-17,165.9866665688057,169.44452711916642,165.7522454499337,167.16859436035156,195432700,0.0,0.0,0.0
2021-12-20,164.375008447403,166.62163920449956,163.5740445559153,165.81089782714844,107499100,0.0,0.0,0.0
2021-12-21,167.57889907243998,169.18084181030284,165.1955175809284,168.97572326660156,91185900,0.0,0.0,0.0
2021-12-22,169.02452194022183,171.7790897184107,168.15517538914062,171.56419372558594,92135300,0.0,0.0,0.0
2021-12-23,171.76939268718658,172.74618760743286,171.20284984487884,172.1894073486328,68356600,0.0,0.0,0.0
2021-12-27,172.9805656257053,176.2332936859138,172.96104046356876,176.1453857421875,74919600,0.0,0.0,0.0
2021-12-28,175.9793227997058,177.12217071968058,174.38714279522745,175.12950134277344,79144300,0.0,0.0,0.0
2021-12-29,175.16861028282216,176.43844648209003,174.00622210590865,175.2174530029297,62348900,0.0,0.0,0.0
2021-12-30,175.30535282655248,176.379833000267,173.95737131856603,174.0648193359375,59773000,0.0,0.0,0.0
2021-12-31,173.95733955389892,175.07088475573076,173.14659828081136,173.4494171142578,64062300,0.0,0.0,0.0
2022-01-03,173.70341256103026,178.6362290402615,173.58620196027948,177.78640747070312,104487900,0.0,0.0,0.0
2022-01-04,178.39199939810527,178.69480333397306,174.96344087400894,175.5299835205078,99310400,0.0,0.0,0.0
2022-01-05,175.44210103848545,175.9891036993743,170.58743006603996,170.86093139648438,94537600,0.0,0.0,0.0
2022-01-06,168.69243553501073,171.23210762394186,167.65703557565845,168.00868225097656,96904000,0.0,0.0,0.0
2022-01-07,168.8780063916408,170.09899955917385,167.06116796216358,168.17471313476562,86709100,0.0,0.0,0.0
2022-01-10,165.1564429133354,168.4970788622131,164.2675561955421,168.19427490234375,106765600,0.0,0.0,0.0
2022-01-11,168.3212489833143,171.1148671703379,166.85605711502512,171.01719665527344,76138300,0.0,0.0,0.0
2022-01-12,172.0330771442787,173.06847713761263,170.76325596284155,171.45677185058594,74805200,0.0,0.0,0.0
2022-01-13,171.70096415486904,172.52146809219963,167.80354809549323,168.19427490234375,84505800,0.0,0.0,0.0
2022-01-14,167.36399798657283,169.74737940608347,167.11979931497876,169.05386352539062,80440800,0.0,0.0,0.0
2022-01-18,167.53002095796475,168.5361181103695,165.478761430844,165.85971069335938,90956700,0.0,0.0,0.0
2022-01-19,166.0551095373263,167.11004966883394,162.08932518842298,162.37258911132812,94815000,0.0,0.0,0.0
2022-01-20,163.10514273299674,165.74248492301732,160.37011513031928,160.6924591064453,91420500,0.0,0.0,0.0
2022-01-21,160.60452559861776,162.4702063884296,158.53372634147732,158.64117431640625,122848900,0.0,0.0,0.0
2022-01-24,156.30669005524535,158.53378075020058,151.11013516388041,157.8695526123047,162294600,0.0,0.0,0.0
2022-01-25,155.29081165334586,158.98309429431202,153.37630245676536,156.07225036621094,115798400,0.0,0.0,0.0
2022-01-26,159.70591419723806,160.575260779249,154.15772812433738,155.9843292236328,108275300,0.0,0.0,0.0
2022-01-27,158.68028043462846,160.03802433796415,154.60704872462142,155.52523803710938,121954600,0.0,0.0,0.0
2022-01-28,161.8646250162313,166.39695095221313,159.02214941138433,166.37741088867188,179935700,0.0,0.0,0.0
2022-01-31,166.2113952349244,170.93907816240107,165.57646971606974,170.72418212890625,115541600,0.0,0.0,0.0
2022-02-01,169.97202274767105,170.78276405312576,168.31147491088436,170.55810546875,86213900,0.0,0.0,0.0
2022-02-02,170.6948950003688,171.79867791780276,169.30784814286474,171.7595977783203,84914300,0.0,0.0,0.0
2022-02-03,170.4311395793071,172.15030783567607,168.125903430298,168.88780212402344,89418100,0.0,0.0,0.0
2022-02-04,167.9097877683782,170.27665611869838,166.9317484223172,168.6042022705078,82465400,0.22,0.0,0.0
2022-02-07,169.0638570704662,170.1299162190593,167.19579861278513,167.8902130126953,77251200,0.0,0.0,0.0
2022-02-08,167.95865801143464,171.49916986063508,167.66524328351184,170.99058532714844,74829200,0.0,0.0,0.0
2022-02-09,172.18382283840776,172.7706374679008,171.05906868207904,172.4087677001953,71285000,0.0,0.0,0.0
2022-02-10,170.31574652168356,171.6263154743887,167.78262856301606,168.34010314941406,90865900,0.0,0.0,0.0
2022-02-11,168.54547473503922,169.27900403758753,164.34967876719554,164.93650817871094,98670700,0.0,0.0,0.0
2022-02-14,163.69441590726865,165.8558891027738,162.9022065441299,165.1712646484375,86185500,0.0,0.0,0.0
2022-02-15,167.21533801275692,169.15185115822308,166.5111487010071,168.995361328125,62527400,0.0,0.0,0.0
2022-02-16,168.0760262456703,169.53329496166765,166.31555287107355,168.76065063476562,61177400,0.0,0.0,0.0
2022-02-17,167.27404295611913,168.1347222265384,164.7702649952927,165.1712646484375,69589300,0.0,0.0,0.0
2022-02-18,166.09060878011084,166.7947832093295,162.54032203615824,163.62594604492188,82772700,0.0,0.0,0.0
2022-02-22,161.35688974047144,163.02934320107533,158.58903724171788,160.71139526367188,91162800,0.0,0.0,0.0
2022-02-23,161.90457789540673,162.5011823133144,156.24173835796486,156.55471801757812,90009200,0.0,0.0,0.0
2022-02-24,149.2291965620497,159.27366155009665,148.66193213542687,159.16607666015625,141147500,0.0,0.0,0.0
2022-02-25,160.24198320606214,161.4938725339456,157.33720478585028,161.2298126220703,91974200,0.0,0.0,0.0
2022-02-28,159.479061922758,161.78723492110947,158.86289248069977,161.4938201904297,95056600,0.0,0.0,0.0
2022-03-01,161.08305614073245,162.9413396082361,158.4130132555384,159.61599731445312,83474400,0.0,0.0,0.0
2022-03-02,160.77983303222933,163.6846100998314,159.3714544632476,162.9021759033203,79724800,0.0,0.0,0.0
2022-03-03,164.77025023720336,165.20058983386846,161.91437782369874,162.57943725585938,76678400,0.0,0.0,0.0
2022-03-04,160.87762742530813,161.91434629337496,158.54011500197396,159.58660888671875,83737200,0.0,0.0,0.0
2022-03-07,159.7724722055909,161.3960207362876,155.54733601828758,155.8016357421875,96418800,0.0,0.0,0.0
2022-03-08,155.33219707675556,159.30303394754864,152.3785144348394,153.9824981689453,131148300,0.0,0.0,0.0
2022-03-09,157.9337716080875,159.82139509337992,155.90923815043413,159.37149047851562,91454900,0.0,0.0,0.0
2022-03-10,156.68182495499752,156.86765472923312,152.55449970426292,155.03872680664062,105342000,0.0,0.0,0.0
2022-03-11,155.4397780469511,155.7820977698025,151.1070711319146,151.33201599121094,96970100,0.0,0.0,0.0
2022-03-14,148.12404550887342,150.7354085874783,146.80370143921206,147.31227111816406,108732100,0.0,0.0,0.0
2022-03-15,147.58609577139651,152.1535515492418,147.0775261791108,151.68408203125,92964300,0.0,0.0,0.0
2022-03-16,153.60105321090987,156.48626575095446,151.06793536575267,156.08526611328125,102300200,0.0,0.0,0.0
2022-03-17,155.12676781405298,157.46428044860957,154.16829376386883,157.09262084960938,75615400,0.0,0.0,0.0
2022-03-18,156.98504839102176,160.86786475806085,156.25151907619613,160.37884521484375,123511700,0.0,0.0,0.0
2022-03-21,159.91920994025145,162.69685305700403,159.43019026159942,161.74815368652344,95811400,0.0,0.0,0.0
2022-03-22,161.8752422072329,165.69937857870127,161.2884277154457,165.11256408691406,81532000,0.0,0.0,0.0
2022-03-23,164.30078278901993,168.84865833026834,163.9682381752626,166.47203063964844,98062700,0.0,0.0,0.0
2022-03-24,167.30337650948087,170.31573891650316,166.4720521767643,170.24728393554688,90131400,0.0,0.0,0.0
2022-03-25,170.06147670026667,171.4307257382337,168.95628752581777,170.88302612304688,80546200,0.0,0.0,0.0
2022-03-28,168.38900077447545,171.87081780430975,168.22273590773543,171.74368286132812,90371900,0.0,0.0,0.0
2022-03-29,172.80975399507543,175.07879724912362,172.46743429498167,175.0299072265625,100589400,0.0,0.0,0.0
2022-03-30,174.62891251824163,175.66563174403498,172.81953392128133,173.8660430908203,92633200,0.0,0.0,0.0
2022-03-31,173.93448350287292,174.1203133341303,170.5700263491638,170.77542114257812,103049300,0.0,0.0,0.0
2022-04-01,170.20814487239906,171.0394840841696,168.16404671715162,170.48199462890625,78751300,0.0,0.0,0.0
2022-04-04,170.7362946873885,174.5702062097959,170.60914482743888,174.52130126953125,76468400,0.0,0.0,0.0
2022-04-05,173.60196376939686,174.38439814013864,170.58960114244232,171.21554565429688,73401800,0.0,0.0,0.0
2022-04-06,168.57481703992445,169.81693085468368,166.39379406221198,168.05645751953125,89058800,0.0,0.0,0.0
2022-04-07,167.4011755212215,169.55285855113002,166.11994669119974,168.35964965820312,77594700,0.0,0.0,0.0
2022-04-08,168.0075484323814,168.0075484323814,165.48420586824818,166.3546600341797,76575500,0.0,0.0,0.0
2022-04-11,165.00498773482366,165.31795249524248,161.8654755697351,162.1099853515625,72246700,0.0,0.0,0.0
2022-04-12,164.33013728303388,166.13950070260202,162.9804385205217,163.97804260253906,79265200,0.0,0.0,0.0
2022-04-13,163.7139749230824,167.28381189911025,163.10759541750994,166.65786743164062,70618900,0.0,0.0,0.0
2022-04-14,166.87306177033577,167.5087962740481,161.41560064690395,161.6601104736328,75329400,0.0,0.0,0.0
2022-04-18,160.3201467390001,162.94129894819648,159.97784205250275,161.4449005126953,69023900,0.0,0.0,0.0
2022-04-19,161.39604679422817,164.1345597736567,160.31042259224273,163.72377014160156,67723800,0.0,0.0,0.0
2022-04-20,165.05389393478876,165.17126878968486,162.45232094308298,163.5574951171875,67929800,0.0,0.0,0.0
2022-04-21,165.2005659371102,167.7630232618858,162.2664490283051,162.76524353027344,87227800,0.0,0.0,0.0
2022-04-22,162.8043627806477,164.18338629543857,157.9532832428045,158.23690795898438,84882400,0.0,0.0,0.0
2022-04-25,157.5816658069576,159.58664908398902,154.98009296481885,159.3030242919922,96046400,0.0,0.0,0.0
2022-04-26,158.6868628689345,158.7748828167284,153.2783071958642,153.35655212402344,95623200,0.0,0.0,0.0
2022-04-27,152.48609759207858,156.2808795981602,151.967738002025,153.13160705566406,88063200,0.0,0.0,0.0
2022-04-28,155.75271956865106,160.906989569117,155.43973990755873,160.0463104248047,130216800,0.0,0.0,0.0
2022-04-29,158.28582131341926,162.5500717654253,153.79662607980254,154.18783569335938,131747600,0.0,0.0,0.0
2022-05-02,153.26850950984627,154.75511815394006,149.9040527150275,154.49105834960938,123055300,0.0,0.0,0.0
2022-05-03,154.67688255687574,157.18067526746918,152.88708408047324,155.97767639160156,88966500,0.0,0.0,0.0
2022-05-04,156.16354378750378,162.82398948256164,155.7625440657332,162.3740997314453,108256500,0.0,0.0,0.0
2022-05-05,160.25171284753384,160.47665766238154,151.5471558846843,153.3271942138672,130525300,0.0,0.0,0.0
2022-05-06,152.8080631040653,156.16767394547392,151.0156200226824,154.052001953125,116124600,0.23,0.0,0.0
2022-05-09,151.75023984870148,152.63177739233632,148.38085428930862,148.93914794921875,131577900,0.0,0.0,0.0
2022-05-10,152.328132388233,153.52309446613708,149.79127784510368,151.33885192871094,115366700,0.0,0.0,0.0
2022-05-11,150.3495886480442,152.25956414663153,142.81741468212965,143.49325561523438,142689800,0.0,0.0,0.0
2022-05-12,139.83980605277625,143.19940187956024,135.95128476595931,139.6341094970703,182602000,0.0,0.0,0.0
2022-05-13,141.6224448185645,145.06041547307086,140.17282438448345,144.09072875976562,113990900,0.0,0.0,0.0
2022-05-16,142.56279810396367,144.4923678765716,141.2209052249836,142.55299377441406,86643800,0.0,0.0,0.0
2022-05-17,145.80482673464496,146.69615365751025,143.66956086149628,146.17703247070312,78336300,0.0,0.0,0.0
2022-05-18,143.8360642275501,144.33559163369299,137.02869370903522,137.92982482910156,109742900,0.0,0.0,0.0
2022-05-19,137.0090939545788,138.7525598644923,133.79641419166288,134.53102111816406,136095600,0.0,0.0,0.0
2022-05-20,136.2353120090451,137.8122689524701,129.88831177177445,134.76609802246094,137426100,0.0,0.0,0.0
2022-05-23,134.96203055915507,140.31976702681078,134.82490447725766,140.1728515625,117726300,0.0,0.0,0.0
2022-05-24,137.92005516834,139.05625126128453,134.51148183512868,137.4792938232422,104132700,0.0,0.0,0.0
2022-05-25,135.58889997563415,138.87994101283223,135.5007506936718,137.63601684570312,92482700,0.0,0.0,0.0
2022-05-26,134.5702485880299,141.37760590054086,134.32537951243148,140.8291015625,90601500,0.0,0.0,0.0
2022-05-27,142.4060284868712,146.60797434750936,142.27869181225157,146.5688018798828,90978500,0.0,0.0,0.0
2022-05-31,146.01049226377089,147.5678554930359,143.8262500562877,145.7852020263672,103718400,0.0,0.0,0.0
2022-06-01,146.8234773391278,148.62572491730577,144.6490389655957,145.6579132080078,74286600,0.0,0.0,0.0
2022-06-02,144.79597858853165,148.16537934399943,143.84588541228797,148.1066131591797,72348100,0.0,0.0,0.0
2022-06-03,143.88504856420633,144.93309527765794,141.49513917786348,142.39625549316406,88570300,0.0,0.0,0.0
2022-06-06,144.01238876362018,145.5207905259265,141.9260996131152,143.14065551757812,71598400,0.0,0.0,0.0
2022-06-07,141.3873963509184,145.94195473174813,141.14252729935507,145.6579132080078,67808200,0.0,0.0,0.0
2022-06-08,145.5305491597089,146.79406665216868,144.43354079753493,144.92327880859375,53950200,0.0,0.0,0.0
2022-06-09,144.06133943857793,144.91347882072873,139.60472041542363,139.71246337890625,69473000,0.0,0.0,0.0
2022-06-10,137.4009420785548,137.8710865448469,134.24702701533337,134.3155975341797,91437900,0.0,0.0,0.0
2022-06-13,130.1429810735186,132.4251621177248,128.74233746263164,129.17330932617188,122207100,0.0,0.0,0.0
2022-06-14,130.39769474252046,131.14209140798755,128.78154975446083,130.0352783203125,84784300,0.0,0.0,0.0
2022-06-15,131.5338494146611,134.52125474775525,129.4475753177957,132.65045166015625,91533000,0.0,0.0,0.0
2022-06-16,129.36921686332983,129.67285209068328,126.39160087860697,127.39067077636719,108123900,0.0,0.0,0.0
2022-06-17,127.40046865716874,130.34868645706888,127.14579529566508,128.85987854003906,134520300,0.0,0.0,0.0
2022-06-21,130.68172228241795,134.24701531100777,130.58378362269173,133.08143615722656,81000500,0.0,0.0,0.0
2022-06-22,132.0235937967665,134.93263938077834,131.16166488175563,132.57211303710938,73409200,0.0,0.0,0.0
2022-06-23,134.0119372202921,135.74559928638683,132.84635818263115,135.4321746826172,72433800,0.0,0.0,0.0
2022-06-24,137.02873655581266,138.99749360130787,136.90141479225005,138.75262451171875,89116800,0.0,0.0,0.0
2022-06-27,139.77127334833523,140.54506804098577,138.07678343315314,138.75262451171875,70207900,0.0,0.0,0.0
2022-06-28,139.21291554088708,140.47643288572067,134.50163881625397,134.61917114257812,67083400,0.0,0.0,0.0
2022-06-29,134.63883505875384,137.78294599248824,133.86504031861426,136.37249755859375,66242400,0.0,0.0,0.0
2022-06-30,134.43310739232075,135.53011594509118,131.0245344279122,133.9139862060547,98964500,0.0,0.0,0.0
2022-07-01,133.2479128863371,136.18634098386156,132.87572215700436,136.07859802246094,71051600,0.0,0.0,0.0
2022-07-05,134.94243962271915,138.70362462604172,134.11966825992553,138.65464782714844,73353800,0.0,0.0,0.0
2022-07-06,138.44894003031942,141.16207781793045,138.18447732277275,139.98670959472656,74064300,0.0,0.0,0.0
2022-07-07,140.34913434840425,143.5422362397496,140.3393449670909,143.34634399414062,66253700,0.0,0.0,0.0
2022-07-08,142.2786895406023,144.52169812610057,142.02403114104803,144.02215576171875,64547800,0.0,0.0,0.0
2022-07-11,142.68029721118097,143.63039032716094,140.8290877786715,141.89671325683594,63141600,0.0,0.0,0.0
2022-07-12,142.7684709448625,145.4032647831643,142.07305108862295,142.86642456054688,77588800,0.0,0.0,0.0
2022-07-13,140.0552923046931,143.44427122627144,139.2031379384123,142.5039825439453,71185600,0.0,0.0,0.0
2022-07-14,141.12292146669557,145.8929653987599,140.30995449187216,145.42282104492188,78140700,0.0,0.0,0.0
2022-07-15,146.70589563087415,147.76373137128786,145.15832195206238,147.087890625,76259900,0.0,0.0,0.0
2022-07-18,147.64623499784832,148.45920196700573,143.6891431225671,144.0515594482422,81420900,0.0,0.0,0.0
2022-07-19,144.88412086859606,148.1261847699647,143.89485526545627,147.90090942382812,82982400,0.0,0.0,0.0
2022-07-20,148.01844006316782,150.56508418725386,147.28383290571463,149.89903259277344,64823400,0.0,0.0,0.0
2022-07-21,151.3290755894941,152.37712231601844,148.82161886422966,152.16163635253906,65086600,0.0,0.0,0.0
2022-07-22,152.20079694797485,153.07253011561605,150.2614383736218,150.92747497558594,66675400,0.0,0.0,0.0
2022-07-25,150.84910958984113,151.85796878260385,149.15462011252404,149.8108673095703,53623900,0.0,0.0,0.0
2022-07-26,149.13502930916428,149.94799628582763,147.70500253719806,148.48858642578125,55138700,0.0,0.0,0.0
2022-07-27,149.44849566558014,154.1010080911438,149.03711741300498,153.57208251953125,78620700,0.0,0.0,0.0
2022-07-28,153.75817384315252,154.40463173955777,151.2409277129022,154.12059020996094,81378700,0.0,0.0,0.0
2022-07-29,157.93069796196087,160.27164474239152,156.22640453209806,159.17462158203125,101786900,0.0,0.0,0.0
2022-08-01,157.70546755749734,160.2325181068246,157.58793518866128,158.19520568847656,67829400,0.0,0.0,0.0
2022-08-02,156.81411634866453,159.07670355733856,156.35376142488207,156.7259521484375,59907000,0.0,0.0,0.0
2022-08-03,157.53896009762985,163.17094866506537,157.45081082004532,162.72039794921875,82507500,0.0,0.0,0.0
2022-08-04,162.60285943908943,163.7586492750685,161.05528505110334,162.40696716308594,55474100,0.0,0.0,0.0
2022-08-05,160.0823306929475,162.67173843719075,159.8763484441019,162.1813201904297,56697000,0.23,0.0,0.0
2022-08-08,163.18178041324063,164.59418751238474,161.0533667864172,161.7105255126953,60276900,0.0,0.0,0.0
2022-08-09,160.8768354992681,162.6423445061743,160.1215870695177,161.75958251953125,63135500,0.0,0.0,0.0
2022-08-10,164.46667794890814,166.0948703368816,163.70162657940335,165.99679565429688,70170500,0.0,0.0,0.0
2022-08-11,166.80110596451257,167.71329198279503,164.9669459141007,165.26119995117188,57149200,0.0,0.0,0.0
2022-08-12,166.56566536252754,168.8706222095757,166.15370085284405,168.80197143554688,68039400,0.0,0.0,0.0
2022-08-15,168.23308330651162,170.06724280100903,168.06634289486433,169.87107849121094,54091700,0.0,0.0,0.0
2022-08-16,169.46896318920653,170.38114909928223,168.3704308785935,169.71417236328125,56377100,0.0,0.0,0.0
2022-08-17,169.4591141831557,172.77433113905738,169.26294989045238,171.2050018310547,79542000,0.0,0.0,0.0
2022-08-18,170.42040013426683,171.54835650831478,169.80246813878225,170.81272888183594,62290100,0.0,0.0,0.0
2022-08-19,169.71418188591318,170.4105825645676,168.02714147630917,168.23312377929688,70346300,0.0,0.0,0.0
2022-08-22,166.43817940694694,166.6049198473659,163.9370428679026,164.3588104248047,69026800,0.0,0.0,0.0
2022-08-23,163.87819481513557,165.47696339789675,163.4564272588674,164.0253143310547,54147100,0.0,0.0,0.0
2022-08-24,164.11362798077442,164.8884825026039,163.0641253734546,164.31959533691406,53841500,0.0,0.0,0.0
2022-08-25,165.5456215718219,166.87956011908489,165.1238689631101,166.77166748046875,51218200,0.0,0.0,0.0
2022-08-26,167.3013400580589,167.77213753118554,160.42566451575846,160.48451232910156,78961000,0.0,0.0,0.0
2022-08-29,158.06181135805244,159.77827539995786,156.7573118566176,158.28741455078125,73314000,0.0,0.0,0.0
2022-08-30,159.02307224651202,159.4448248788866,154.69757844618866,155.86477661132812,77906200,0.0,0.0,0.0
2022-08-31,157.23791969354875,157.50274977749038,154.12866933419335,154.20713806152344,87991100,0.0,0.0,0.0
2022-09-01,153.6382414104045,155.38412932683354,151.70599214901193,154.93295288085938,74229900,0.0,0.0,0.0
2022-09-02,156.6886565527691,157.286967514474,152.00025851175562,152.82415771484375,76957800,0.0,0.0,0.0
2022-09-06,153.4715206737186,154.07963464254792,150.7447958267751,151.56869506835938,73714800,0.0,0.0,0.0
2022-09-07,151.85312983190147,153.6676685648947,150.66631095885003,152.97128295898438,87449600,0.0,0.0,0.0
2022-09-08,151.67660447799875,153.36364499716552,149.75415773532657,151.50006103515625,84923800,0.0,0.0,0.0
2022-09-09,152.49069467763707,154.79566708651402,151.7844910019974,154.35427856445312,68028800,0.0,0.0,0.0
2022-09-12,156.53171708379904,161.11222243462,156.24728104104713,160.29812622070312,104956000,0.0,0.0,0.0
2022-09-13,156.8357585865151,157.46349338077283,150.43089710301157,150.8918914794922,122656600,0.0,0.0,0.0
2022-09-14,151.82367056195963,154.0894153787575,150.66629071155694,152.33370971679688,87965400,0.0,0.0,0.0
2022-09-15,151.6863795720259,152.26508456095567,148.47905455230304,149.4500732421875,90481100,0.0,0.0,0.0
2022-09-16,148.31235493010595,148.44967149809492,145.52676674658431,147.81211853027344,162278800,0.0,0.0,0.0
2022-09-19,146.4487439883553,151.59813732109004,146.24277663621996,151.51966857910156,81474200,0.0,0.0,0.0
2022-09-20,150.46035140561636,155.05067517637016,150.14649142825516,153.89328002929688,107689800,0.0,0.0,0.0
2022-09-21,154.32483969180942,155.69802002410492,150.6565200858437,150.7742156982422,101696800,0.0,0.0,0.0
2022-09-22,149.45991695080835,151.5098622787984,148.01808565192604,149.81301879882812,86652500,0.0,0.0,0.0
2022-09-23,148.29271727039426,148.5673503753869,145.71311171309017,147.54727172851562,96029900,0.0,0.0,0.0
2022-09-26,146.7920383807957,150.82327820825114,146.77241745430226,147.88076782226562,93339400,0.0,0.0,0.0
2022-09-27,149.81297617549825,151.75502830388234,147.0764338903238,148.85174560546875,84442700,0.0,0.0,0.0
2022-09-28,144.81072915722658,147.75323924438212,142.06438341593866,146.96856689453125,146691400,0.0,0.0,0.0
2022-09-29,143.3002421615135,143.9083561021041,137.98409428837317,139.74960327148438,128138200,0.0,0.0,0.0
2022-09-30,138.5726147256006,140.35774479295515,135.35547138562947,135.5516357421875,124925300,0.0,0.0,0.0
2022-10-03,135.56144631438175,140.32831325471835,135.05140704196927,139.72018432617188,114311700,0.0,0.0,0.0
2022-10-04,142.25075989142124,143.41795807791704,141.4955113649154,143.30026245117188,87830100,0.0,0.0,0.0
2022-10-05,141.30911612057122,144.55568241187106,140.26941690015158,143.59445190429688,79471000,0.0,0.0,0.0
2022-10-06,143.0158044200555,144.7126478104947,142.43711432828448,142.64308166503906,68402200,0.0,0.0,0.0
2022-10-07,139.80844218113944,140.35772324812106,136.7776606833551,137.4053955078125,85925600,0.0,0.0,0.0
2022-10-10,137.7290802001953,139.17091126885134,135.91454138275128,137.7290802001953,74899000,0.0,0.0,0.0
2022-10-11,137.21904887976436,138.64127407342733,135.57125040118655,136.31668090820312,77033700,0.0,0.0,0.0
2022-10-12,136.46378829068846,137.6702130062106,135.51237567961843,135.6889190673828,70433700,0.0,0.0,0.0
2022-10-13,132.4031536839207,140.8383404618952,131.7950247428473,140.24984741210938,113224000,0.0,0.0,0.0
2022-10-14,141.54453406151188,141.75051634248345,135.5418185741853,135.72817993164062,88598000,0.0,0.0,0.0
2022-10-17,138.36662131640782,140.1615390587515,137.58194907165392,139.68093872070312,85250900,0.0,0.0,0.0
2022-10-18,142.7019309504816,143.88873492707052,137.91544326382163,140.99526977539062,99136600,0.0,0.0,0.0
2022-10-19,138.97473585531196,142.17225768233465,138.78837451258266,141.1031494140625,61758300,0.0,0.0,0.0
2022-10-20,140.2792613677454,143.09425775385319,139.91634163141597,140.6421661376953,64522000,0.0,0.0,0.0
2022-10-21,140.13215438788754,145.01673262152644,139.91636908601356,144.44784545898438,86548600,0.0,0.0,0.0
2022-10-24,144.36932866368048,147.3510650763543,143.2021308192321,146.5860137939453,75981900,0.0,0.0,0.0
2022-10-25,147.21377179556336,149.56778877679034,146.4977652190575,149.420654296875,74732300,0.0,0.0,0.0
2022-10-26,148.06715470283552,149.0774155786644,145.20309759691472,146.48800659179688,88194300,0.0,0.0,0.0
2022-10-27,145.23248644302674,146.1937021462339,141.36798774070627,142.025146484375,109180200,0.0,0.0,0.0
2022-10-28,145.36002058759684,154.48180643716302,144.98731275555542,152.7555389404297,164762400,0.0,0.0,0.0
2022-10-31,150.22494584357278,151.28425122815005,149.00870300208484,150.4014892578125,97943200,0.0,0.0,0.0
2022-11-01,152.10817643552318,152.47108127109797,146.27220032701106,147.7630615234375,80379300,0.0,0.0,0.0
2022-11-02,146.0956414814595,149.2539372421044,142.22133903213634,142.25076293945312,93604600,0.0,0.0,0.0
2022-11-03,139.33769756934103,140.06352231506943,136.09112959312827,136.21864318847656,97918500,0.0,0.0,0.0
2022-11-04,139.59827074317496,140.16810151754257,132.0234836201314,135.95333862304688,140814800,0.23,0.0,0.0
2022-11-07,134.70561435237354,136.70983394000362,133.29086405936027,136.48387145996094,83374600,0.0,0.0,0.0
2022-11-08,137.94772594743225,138.94982808586678,135.07893386231837,137.05368041992188,89908500,0.0,0.0,0.0
2022-11-09,136.07124673599705,136.12037292800636,132.22980938548775,132.50489807128906,74917800,0.0,0.0,0.0
2022-11-10,138.7632027049217,144.29446411132812,137.05371017047622,144.29446411132812,118854000,0.0,0.0,0.0
2022-11-11,143.26286485614494,147.37937519314977,141.83828048896822,147.07481384277344,93979700,0.0,0.0,0.0
2022-11-14,146.3576203774582,147.64464544159856,144.84461786588682,145.67971801757812,73374100,0.0,0.0,0.0
2022-11-15,149.55065357357725,150.8966242970365,145.95483216140596,147.40887451171875,89868300,0.0,0.0,0.0
2022-11-16,146.51483522710427,147.2418488642614,144.70709039322372,146.1807861328125,64218300,0.0,0.0,0.0
2022-11-17,143.8621718356149,148.8236171893066,143.5870831617381,148.0769500732422,80389400,0.0,0.0,0.0
2022-11-18,149.63903422199823,150.022194440957,147.3400729082456,148.6369171142578,74829600,0.0,0.0,0.0
2022-11-21,147.52676535819396,147.73307435769456,145.12955132737417,145.41445922851562,58724100,0.0,0.0,0.0
2022-11-22,145.5323481888436,147.7821833963105,144.353379792247,147.54638671875,51804100,0.0,0.0,0.0
2022-11-23,146.82923559559399,149.16750461394776,146.7211639605135,148.42083740234375,58301400,0.0,0.0,0.0
2022-11-25,145.7092003283938,146.2692118769101,144.54006603549058,145.51271057128906,35195900,0.0,0.0,0.0
2022-11-28,142.59476743015247,144.06846284178744,140.86563687733454,141.69090270996094,69246000,0.0,0.0,0.0
2022-11-29,141.7596944766532,142.27057984792378,137.8887997144492,138.6944122314453,83763800,0.0,0.0,0.0
2022-11-30,138.9203582971881,146.1119996275474,138.08527316426236,145.43409729003906,111380900,0.0,0.0,0.0
2022-12-01,145.61096061666942,146.51482547786148,144.03901260255705,145.70919799804688,71250400,0.0,0.0,0.0
2022-12-02,143.40039263183445,145.4046117654443,143.09581632538948,145.2179412841797,65447400,0.0,0.0,0.0
2022-12-05,145.17869354013385,148.27344880391388,143.2137657558394,144.05868530273438,68826400,0.0,0.0,0.0
2022-12-06,144.49093730068225,144.71689974436399,139.43124046996064,140.4038848876953,64727200,0.0,0.0,0.0
2022-12-07,139.69649373678863,140.85579352307042,137.54489617657669,138.46841430664062,69721100,0.0,0.0,0.0
2022-12-08,139.8635600853956,141.00322179654424,138.62566097989853,140.14846801757812,62128300,0.0,0.0,0.0
2022-12-09,139.8439047836886,143.01727390300547,138.42915440090607,139.6670684814453,76097000,0.0,0.0,0.0
2022-12-12,140.19757351667832,141.96601125722427,138.58633357333804,141.95619201660156,70462700,0.0,0.0,0.0
2022-12-13,146.87834983755218,147.34010905974955,141.71059523341404,142.9190216064453,93886200,0.0,0.0,0.0
2022-12-14,142.8011107216781,144.0881358235322,138.68458524913544,140.69863891601562,82291200,0.0,0.0,0.0
2022-12-15,138.63543512859985,139.31333739130548,133.64451838807022,134.1062774658203,98931900,0.0,0.0,0.0
2022-12-16,134.2929782040358,135.23613504981998,131.38487878191776,132.1511993408203,160156900,0.0,0.0,0.0
2022-12-19,132.74067737544078,132.82909551472687,129.01714637272462,130.04872131347656,79592600,0.0,0.0,0.0
2022-12-20,129.08590439011405,130.91328746393052,127.61220884643005,129.97994995117188,77432800,0.0,0.0,0.0
2022-12-21,130.64806540056483,134.41090451760874,130.42210286620787,133.0747528076172,85928000,0.0,0.0,0.0
2022-12-22,131.99401195090732,132.20032094511618,128.0150307307424,129.9111785888672,77852100,0.0,0.0,0.0
2022-12-23,128.62416529925937,130.09786107261186,127.36661277196195,129.5476837158203,63814900,0.0,0.0,0.0
2022-12-27,129.07612641617993,129.10559913717967,126.46276855198909,127.74979400634766,69007800,0.0,0.0,0.0
2022-12-28,127.39606774936588,128.73221899747332,123.66271014073895,123.82972717285156,85438400,0.0,0.0,0.0
2022-12-29,125.74553370652504,128.19186635387044,125.49009852746012,127.33712768554688,75703700,0.0,0.0,0.0
2022-12-30,126.15820060973721,127.67118851090429,125.19538263157119,127.65153503417969,77034200,0.0,0.0,0.0
2023-01-03,127.99536673400503,128.60448941700523,121.9925130634904,122.8767318725586,112117500,0.0,0.0,0.0
2023-01-04,124.66481618620305,126.40378110334795,122.88655931785308,124.14411163330078,89113600,0.0,0.0,0.0
2023-01-05,124.90060516942826,125.5293813261351,122.57217104073682,122.82760620117188,80962700,0.0,0.0,0.0
2023-01-06,123.80023721738742,128.00517262460522,122.69987531467847,127.346923828125,87754700,0.0,0.0,0.0
2023-01-09,128.18205614149144,131.07050217869943,127.61222532540481,127.86766052246094,70790800,0.0,0.0,0.0
2023-01-10,127.97572556898378,128.95818934117645,125.87325369613974,128.43748474121094,63896200,0.0,0.0,0.0
2023-01-11,128.94838439618852,131.16874737067045,128.1722445262406,131.14910888671875,69458900,0.0,0.0,0.0
2023-01-12,131.53223946571177,131.90556546211644,129.1350257391296,131.0704803466797,71379600,0.0,0.0,0.0
2023-01-13,129.7146531663583,132.55397204801548,129.35114647285715,132.3967742919922,57809700,0.0,0.0,0.0
2023-01-17,132.46555621806655,134.88240804602194,131.7778347625997,133.55609130859375,63646600,0.0,0.0,0.0
2023-01-18,134.42069543585905,136.1792989256054,132.6620769549058,132.83892822265625,69672800,0.0,0.0,0.0
2023-01-19,131.7287538123279,133.86069855178562,131.42419241972087,132.89788818359375,58280400,0.0,0.0,0.0
2023-01-20,132.90772297331753,135.59967961374403,131.8663135769454,135.45230102539062,80223600,0.0,0.0,0.0
2023-01-23,135.6978953680963,140.80671912517695,135.4817521326256,138.63546752929688,81760300,0.0,0.0,0.0
2023-01-24,137.84947751147084,140.64950501564115,137.83965827143598,140.03054809570312,66435100,0.0,0.0,0.0
2023-01-25,138.41932337339787,139.93231102042415,136.37579688239575,139.372314453125,65799300,0.0,0.0,0.0
2023-01-26,140.65933109437518,141.72039372676826,139.41159795380088,141.43548583984375,54105100,0.0,0.0,0.0
2023-01-27,140.64951214628343,144.64813175929368,140.57091324840124,143.3709259033203,70555800,0.0,0.0,0.0
2023-01-30,142.41797596075202,142.99762607371383,140.34497649686972,140.49234008789062,64015300,0.0,0.0,0.0
2023-01-31,140.19757555057984,141.80881551729502,139.78494257033407,141.7596893310547,65874500,0.0,0.0,0.0
2023-02-01,141.44532609516176,144.03903014040526,138.84180280794712,142.8797149658203,77663600,0.0,0.0,0.0
2023-02-02,146.28885767804982,148.52887400177488,145.57166328269082,148.17520141601562,118339000,0.0,0.0,0.0
2023-02-03,145.4341223704264,154.62016535520215,145.23763259886508,151.79066467285156,154357300,0.0,0.0,0.0
2023-02-06,149.8944947732861,150.41519933800663,148.1358763450209,149.0692138671875,69858300,0.0,0.0,0.0
2023-02-07,147.9983592694092,152.5078649107581,147.9983592694092,151.9380340576172,83322600,0.0,0.0,0.0
2023-02-08,151.18150996746658,151.86923151834947,148.5190269025848,149.25587463378906,64120100,0.0,0.0,0.0
2023-02-09,151.0832773681269,151.62363543992853,147.782198500911,148.22430419921875,56007100,0.0,0.0,0.0
2023-02-10,147.0632318137508,148.9130734935689,146.8270751036462,148.58836364746094,57450700,0.23,0.0,0.0
2023-02-13,148.52933886882354,151.78625678187208,148.49982115470684,151.38284301757812,62199000,0.0,0.0,0.0
2023-02-14,149.68055772689488,151.3041068890254,148.4407688328002,150.7432403564453,61707600,0.0,0.0,0.0
2023-02-15,150.6546952720313,153.00636811059493,150.42838780610393,152.83909606933594,65573800,0.0,0.0,0.0
2023-02-16,151.0482818929642,153.82306709582505,150.8908590911332,151.24508666992188,68167900,0.0,0.0,0.0
2023-02-17,149.90690894964015,150.5464794908576,148.4309630722788,150.10369873046875,59144100,0.0,0.0,0.0
2023-02-21,147.79135689260553,148.87372305726493,146.03006833094608,146.09893798828125,58867200,0.0,0.0,0.0
2023-02-22,146.4826667367167,147.5453493019233,144.80009726904348,146.52203369140625,51011300,0.0,0.0,0.0
2023-02-23,147.68313363952294,147.92912460701393,144.87884561858363,147.0041961669922,48394200,0.0,0.0,0.0
2023-02-24,144.75092512234477,144.8296440334222,143.38321594733068,144.3573455810547,55469600,0.0,0.0,0.0
2023-02-27,145.34125814876475,146.7778364801066,145.08541802454008,145.54788208007812,44998500,0.0,0.0,0.0
2023-02-28,144.69188448050687,146.68932985809187,144.47541123636594,145.04611206054688,50547000,0.0,0.0,0.0
2023-03-01,144.47539591550134,144.8689754008769,142.68457472462396,142.97976684570312,55479000,0.0,0.0,0.0
2023-03-02,142.0646965175798,144.3573339453376,141.59238308918532,143.57015991210938,52238100,0.0,0.0,0.0
2023-03-03,145.66600535471582,148.68678165578146,144.96739941181147,148.60806274414062,70732300,0.0,0.0,0.0
2023-03-06,151.32379221822697,153.79355106354063,150.99909736370918,151.3631591796875,87558000,0.0,0.0,0.0
2023-03-07,151.2352451910372,151.55995507278075,148.70646582947896,149.16893005371094,56182000,0.0,0.0,0.0
2023-03-08,150.35951315538156,151.00893289820618,149.39523278864294,150.41854858398438,47204800,0.0,0.0,0.0
2023-03-09,151.09748364556307,152.06176399701366,147.82088228318355,148.17510986328125,53833600,0.0,0.0,0.0
2023-03-10,147.80122193638456,148.5195113692859,145.24290982690115,146.11863708496094,68572400,0.0,0.0,0.0
2023-03-13,145.43970497520198,150.68423448355665,145.33146834316847,148.0570526123047,84457100,0.0,0.0,0.0
2023-03-14,148.85404568502526,150.94004418166887,147.6929755826584,150.14303588867188,73695900,0.0,0.0,0.0
2023-03-15,148.7654682431246,150.7924309816341,147.51583019026035,150.53660583496094,77167900,0.0,0.0,0.0
2023-03-16,149.71992520737962,153.95097226183628,149.20825986230471,153.3507537841797,76161100,0.0,0.0,0.0
2023-03-17,153.5770871091514,154.2265068856699,151.80594908869074,152.514404296875,98944600,0.0,0.0,0.0
2023-03-20,152.58327776546486,155.28917828804447,151.67801783277878,154.8759002685547,73641400,0.0,0.0,0.0
2023-03-21,154.7971931327365,156.84382463636302,154.02968755125636,156.7257537841797,73938300,0.0,0.0,0.0
2023-03-22,156.74542384346483,159.53987720924363,155.27931249330243,155.2989959716797,75701800,0.0,0.0,0.0
2023-03-23,156.28297554136526,158.9593583364734,155.15140813839363,156.38136291503906,67622100,0.0,0.0,0.0
2023-03-24,156.31248202721346,157.76874417421377,155.3186840441415,157.68019104003906,59196500,0.0,0.0,0.0
2023-03-27,157.37515888196728,158.19185056660328,155.33834678641222,155.7417755126953,52390300,0.0,0.0,0.0
2023-03-28,155.43676283008696,155.94842821050446,153.47866946121147,155.12188720703125,45992200,0.0,0.0,0.0
2023-03-29,156.81427543614188,158.4673421052655,156.79460697412472,158.19183349609375,51305700,0.0,0.0,0.0
2023-03-30,158.9396863414281,159.8646148025582,158.68386113447403,159.75637817382812,49501700,0.0,0.0,0.0
2023-03-31,159.8350728342002,162.3540176143248,159.31357325147573,162.255615234375,68749800,0.0,0.0,0.0
2023-04-03,161.6357239671043,163.6233198649464,161.586522778444,163.5052490234375,56976200,0.0,0.0,0.0
2023-04-04,163.92836877990578,164.16451047380076,162.46225736922722,162.9739227294922,46278300,0.0,0.0,0.0
2023-04-05,162.0982064947886,162.40323287933546,159.20535043705326,161.1339111328125,51511700,0.0,0.0,0.0
2023-04-06,159.8252353547828,162.31467762112032,159.40213812085784,162.0194854736328,45390100,0.0,0.0,0.0
2023-04-10,158.8314677582338,159.4316864013672,157.5129595959733,159.4316864013672,47716900,0.0,0.0,0.0
2023-04-11,159.7465675495636,159.75640178486614,157.93606230921543,158.22142028808594,47644200,0.0,0.0,0.0
2023-04-12,158.6346273017189,159.46115319792995,157.2177171858746,157.5325927734375,50133100,0.0,0.0,0.0
2023-04-13,159.03810381613732,163.14123183489016,158.83146477293297,162.9050750732422,68445600,0.0,0.0,0.0
2023-04-14,161.9506163702145,163.6528847449455,161.19297496954,162.56068420410156,49386500,0.0,0.0,0.0
2023-04-17,162.44256794452966,162.73776006518966,161.39956879707992,162.580322265625,41516200,0.0,0.0,0.0
2023-04-18,163.4363837761115,164.72537387764507,162.99358808032773,163.80044555664062,49923000,0.0,0.0,0.0
2023-04-19,163.14122346923992,165.4633789570219,162.885383237049,164.94187927246094,47720200,0.0,0.0,0.0
2023-04-20,163.4265370188754,165.17799130758831,162.9050374280842,163.97755432128906,52456400,0.0,0.0,0.0
2023-04-21,162.4032359760057,163.78077935638615,161.85221862385353,162.37371826171875,58337300,0.0,0.0,0.0
2023-04-24,162.35404681853836,162.94443117624493,161.26184626664974,162.6787567138672,41949600,0.0,0.0,0.0
2023-04-25,162.54097982284455,163.64301445601814,161.1043860925183,161.1437530517578,48714100,0.0,0.0,0.0
2023-04-26,160.44513945575562,162.6295403559192,160.1893142654478,161.1339111328125,45498800,0.0,0.0,0.0
2023-04-27,162.5409858833323,165.85693915334915,162.5409858833323,165.7093505859375,64902300,0.0,0.0,0.0
2023-04-28,165.78806481489534,167.12625617335198,165.1878463008649,166.95896911621094,55275900,0.0,0.0,0.0
2023-05-01,166.5654112090663,167.71664719399982,165.93567490070697,166.8704376220703,52472900,0.0,0.0,0.0
2023-05-02,167.36238122666072,167.61822139630092,164.85327080237903,165.8372344970703,48425700,0.0,0.0,0.0
2023-05-03,166.78188428598025,168.17911124939818,164.47941231869004,164.76475524902344,65136000,0.0,0.0,0.0
2023-05-04,162.24580144031648,164.36131774887434,161.67510059572527,163.13136291503906,81235400,0.0,0.0,0.0
2023-05-05,168.23814318555767,171.50491053581004,168.02166992672903,170.78662109375,113453200,0.0,0.0,0.0
2023-05-08,169.7140651629481,171.06210572406735,169.35000337616833,170.71771240234375,55962800,0.0,0.0,0.0
2023-05-09,170.27491417680565,170.75704676065035,168.8481698742082,169.01544189453125,45326900,0.0,0.0,0.0
2023-05-10,170.24543004162442,171.23922812803062,169.14338031673282,170.77676391601562,53724500,0.0,0.0,0.0
2023-05-11,171.06213225532295,171.7902559418124,169.40906507439723,170.96372985839844,49514700,0.0,0.0,0.0
2023-05-12,171.07210045600348,171.50564580777203,168.49055408757272,170.0375213623047,45533100,0.24,0.0,0.0
2023-05-15,170.61887671576198,170.66814597161118,168.95367509817433,169.5448760986328,37266700,0.0,0.0,0.0
2023-05-16,169.4660482962473,170.59916600644908,169.2788341449399,169.5448760986328,42110300,0.0,0.0,0.0
2023-05-17,169.19014751327734,170.3922300756776,167.91906995533154,170.15576171875,57951600,0.0,0.0,0.0
2023-05-18,170.46119076780954,172.6683237371227,170.04735615510018,172.48110961914062,65496700,0.0,0.0,0.0
2023-05-19,173.80142270664055,173.80142270664055,172.37270490292832,172.5894775390625,55809500,0.0,0.0,0.0
2023-05-22,171.42679729660153,172.1460951955022,170.9045763773169,171.64356994628906,43570900,0.0,0.0,0.0
2023-05-23,170.58927970470205,170.83561089353927,168.76642289336164,169.0423126220703,50747300,0.0,0.0,0.0
2023-05-24,168.57924358561866,169.8897275849513,168.01761617725649,169.3182373046875,45143500,0.0,0.0,0.0
2023-05-25,169.87989516591563,171.3480198653961,169.17045992843316,170.45138549804688,56058300,0.0,0.0,0.0
2023-05-26,170.7764937271046,173.1905363695113,170.56956891324683,172.8555145263672,54835000,0.0,0.0,0.0
2023-05-30,174.36311323589106,176.36332172139132,173.9788370991414,174.6981201171875,55964400,0.0,0.0,0.0
2023-05-31,174.72766202276017,176.71802248155805,174.16601962684186,174.64883422851562,99625300,0.0,0.0,0.0
2023-06-01,175.0922027756249,177.47668683522244,174.33349851829678,177.44712829589844,68901800,0.0,0.0,0.0
2023-06-02,178.37336820267623,179.11236188910445,176.62933889294345,178.29454040527344,61996900,0.0,0.0,0.0
2023-06-05,179.9498694414483,182.23581511366768,175.42721727327233,176.9446258544922,121946500,0.0,0.0,0.0
2023-06-06,177.328904296753,177.4766970018392,174.82617090162998,176.58006286621094,64848400,0.0,0.0,0.0
2023-06-07,175.8213457350109,178.55069942371495,174.71778685793004,175.21044921875,61944600,0.0,0.0,0.0
2023-06-08,175.2892895872439,178.18614713091944,174.85575927069235,177.9201202392578,50214900,0.0,0.0,0.0
2023-06-09,178.83645110058313,179.55573399442156,177.9792233362159,178.30438232421875,48900000,0.0,0.0,0.0
2023-06-12,178.60984190485868,181.19138823156914,178.31424143935143,181.0928497314453,54274900,0.0,0.0,0.0
2023-06-13,180.11740849837264,181.4475881941565,179.76269090585708,180.6199188232422,54929100,0.0,0.0,0.0
2023-06-14,180.67901332162722,181.684048880549,179.34883379218707,181.25050354003906,57462900,0.0,0.0,0.0
2023-06-15,181.26035439367692,183.78278344228747,181.08298811392547,183.28025817871094,65433200,0.0,0.0,0.0
2023-06-16,183.98970387223915,184.245897953939,181.56581317602513,182.20626831054688,101256200,0.0,0.0,0.0
2023-06-20,181.70379689841008,183.3689986459994,181.70379689841008,182.29498291015625,49799100,0.0,0.0,0.0
2023-06-21,182.18653808363035,182.68906332243637,179.91044034391143,181.26034545898438,49515700,0.0,0.0,0.0
2023-06-22,181.04356888160584,184.304991288712,180.97458893469445,184.25572204589844,51245300,0.0,0.0,0.0
2023-06-23,182.8270228675936,184.8075203379306,182.29493904669715,183.9404296875,53117000,0.0,0.0,0.0
2023-06-26,184.0882365039062,185.29033397781694,182.51171079012911,182.55113220214844,48088700,0.0,0.0,0.0
2023-06-27,183.1620330683905,185.6253451571229,182.94526040179295,185.30018615722656,50730800,0.0,0.0,0.0
2023-06-28,185.1720661878379,187.11315707618536,184.84692226306757,186.4727020263672,51216800,0.0,0.0,0.0
2023-06-29,186.3052137668684,187.2806907250245,186.16726889716722,186.80772399902344,46347300,0.0,0.0,0.0
2023-06-30,188.8178174385461,191.6259844129726,188.4532369978983,191.12347412109375,85213200,0.0,0.0,0.0
2023-07-03,190.93624105216273,191.0347795474039,188.9458807202263,189.6356201171875,31458200,0.0,0.0,0.0
2023-07-05,188.75866963191964,190.14796610334872,187.82259909124357,188.52218627929688,46920300,0.0,0.0,0.0
2023-07-06,187.05405664400223,189.20207252866174,186.42344937265386,188.99514770507812,45094300,0.0,0.0,0.0
2023-07-07,188.601042385603,189.84254634486774,187.4482140588147,187.88174438476562,46815000,0.0,0.0,0.0
2023-07-10,186.4825877482977,187.20188576037833,184.29516523716504,185.84213256835938,59922200,0.0,0.0,0.0
2023-07-11,186.3840685065736,186.52201339622226,183.8616390759319,185.31991577148438,46638100,0.0,0.0,0.0
2023-07-12,186.89640150427806,188.88676181703667,185.70416691161034,186.98509216308594,60750200,0.0,0.0,0.0
2023-07-13,187.7043680387378,188.38424453327508,186.99493300399138,187.7437744140625,41342300,0.0,0.0,0.0
2023-07-14,187.4383150637318,188.37437052971225,186.8471292596261,187.89157104492188,41616200,0.0,0.0,0.0
2023-07-17,189.08383285312058,191.46833222271863,188.99515722491665,191.14317321777344,50520200,0.0,0.0,0.0
2023-07-18,190.51254970289233,191.4781637647375,189.5961898515042,190.886962890625,48288200,0.0,0.0,0.0
2023-07-19,190.26622781119138,195.32093388898534,189.82281961650222,192.23687744140625,80507300,0.0,0.0,0.0
2023-07-20,192.22700448393437,193.58675746858663,189.6750169550875,190.2957763671875,59581200,0.0,0.0,0.0
2023-07-21,191.25155042374644,192.10877819186132,188.4236580132484,189.1232452392578,71951700,0.0,0.0,0.0
2023-07-24,190.57167418096722,192.04966138875844,189.4286937985748,189.92135620117188,45377800,0.0,0.0,0.0
2023-07-25,190.49285737606127,191.58656857428397,190.08887057427083,190.77859497070312,37283200,0.0,0.0,0.0
2023-07-26,190.8278846495574,192.7689760383015,190.4830299318555,191.6457061767578,47471900,0.0,0.0,0.0
2023-07-27,193.1433729163405,194.30604897209747,189.72429463258098,190.38446044921875,47460200,0.0,0.0,0.0
2023-07-28,191.8131659299023,193.7444090416655,191.29094501886246,192.95614624023438,48291400,0.0,0.0,0.0
2023-07-31,193.1828015190956,193.60649905306556,192.39453857567588,193.56707763671875,38824100,0.0,0.0,0.0
2023-08-01,193.36013930235927,193.8429388199064,192.41422090280528,192.7393798828125,35175100,0.0,0.0,0.0
2023-08-02,192.17776662675897,192.31571151477112,189.03459274742033,189.75387573242188,50389300,0.0,0.0,0.0
2023-08-03,188.75868668614032,189.54693452970886,187.8915960163783,188.3645477294922,61235200,0.0,0.0,0.0
2023-08-04,182.79748597555601,184.63019095429203,179.25031019901363,179.3192901611328,115956800,0.0,0.0,0.0
2023-08-07,179.45720585194456,180.44253062568194,174.74735463626894,176.225341796875,97576100,0.0,0.0,0.0
2023-08-08,177.05300588853657,177.62449604499406,174.97397007455905,177.16139221191406,67823000,0.0,0.0,0.0
2023-08-09,178.2156906972674,178.27480777933516,174.41233639065635,175.5750274658203,60378500,0.0,0.0,0.0
2023-08-10,176.8460654118823,178.09743193733033,174.99366527850802,175.3582305908203,54686900,0.0,0.0,0.0
2023-08-11,174.95376621930987,176.2364063672045,174.19403724396824,175.41748046875,52036700,0.24,0.0,0.0
2023-08-14,175.595078706152,177.2921273528478,174.94388246971033,177.06520080566406,43675600,0.0,0.0,0.0
2023-08-15,176.4929258073929,177.08491002448199,174.68734458769583,175.08200073242188,43622600,0.0,0.0,0.0
2023-08-16,174.7662850202376,176.15745776554937,174.14468726786023,174.21376037597656,46964900,0.0,0.0,0.0
2023-08-17,174.7761369036864,175.1411945839284,171.1649745274817,171.67803955078125,66062900,0.0,0.0,0.0
2023-08-18,170.0007213782545,172.76335939467492,169.6652621694116,172.1614990234375,61172200,0.0,0.0,0.0
2023-08-21,172.7337554755455,173.77960771425435,171.4215020828672,173.49346923828125,46311900,0.0,0.0,0.0
2023-08-22,174.69719959083847,175.30892111024494,173.89801113995804,174.86492919921875,42038900,0.0,0.0,0.0
2023-08-23,176.13773826499084,179.1273031269572,175.95027131734813,178.70303344726562,52722800,0.0,0.0,0.0
2023-08-24,178.25900483655056,178.6832744289853,173.66118769058747,174.02626037597656,54945800,0.0,0.0,0.0
2023-08-25,175.0129348306344,176.7593040006282,173.4737548580186,176.2265167236328,51449600,0.0,0.0,0.0
2023-08-28,177.68678985123202,178.18011761364104,176.16734696728648,177.78546142578125,43820700,0.0,0.0,0.0
2023-08-29,177.30199404892278,182.43259974524452,177.10466595582741,181.6630096435547,53003900,0.0,0.0,0.0
2023-08-30,182.4720764804315,185.34324769153272,182.27474838508303,185.14590454101562,60813900,0.0,0.0,0.0
2023-08-31,185.33334709899387,186.59626480914432,184.97815055206615,185.36294555664062,60794500,0.0,0.0,0.0
2023-09-01,186.96134589549212,187.38560051082152,185.76748618147488,186.93174743652344,45766500,0.0,0.0,0.0
2023-09-05,185.76746926717502,187.44478036173828,185.10641198511868,187.16851806640625,45280000,0.0,0.0,0.0
2023-09-06,185.88587535630464,186.32988234003622,179.04836051297525,180.46914672851562,81755800,0.0,0.0,0.0
2023-09-07,172.84229174782251,175.8318715643951,171.22417743783686,175.19053649902344,112488800,0.0,0.0,0.0
2023-09-08,175.9699602080161,177.83473792603073,175.41742065198358,175.80221557617188,65551300,0.0,0.0,0.0
2023-09-11,177.6670082534011,177.89393473288615,174.9734287303741,176.9664764404297,58953100,0.0,0.0,0.0
2023-09-12,177.09477490699047,177.72623373133553,172.487096210491,173.9473419189453,90370200,0.0,0.0,0.0
2023-09-13,174.15454941477398,174.93401565723292,171.65831231126361,171.88525390625,84267900,0.0,0.0,0.0
2023-09-14,171.6780505009118,173.75003299454158,171.2636570132194,173.39483642578125,60895800,0.0,0.0,0.0
2023-09-15,174.12494522635322,174.14468255030425,171.5004532372104,172.674560546875,109259500,0.0,0.0,0.0
2023-09-18,174.12491003199494,176.98621921988467,173.81904932082622,175.59503173828125,67257600,0.0,0.0,0.0
2023-09-19,175.1510553991506,177.23289871202428,174.7662604292434,176.6803741455078,51826900,0.0,0.0,0.0
2023-09-20,176.8678428874874,177.3019736755132,173.0593524132158,173.14816284179688,58436200,0.0,0.0,0.0
2023-09-21,172.22069958579337,173.94734650075085,171.53990496478352,171.6089630126953,63149100,0.0,0.0,0.0
2023-09-22,172.33911043282527,174.71695374662696,171.7273888544839,172.45750427246094,56725400,0.0,0.0,0.0
2023-09-25,171.87535356826675,174.6083930174941,171.82601779128095,173.7302703857422,46172700,0.0,0.0,0.0
2023-09-26,172.48711848209095,172.86203732750283,169.36928354767613,169.665283203125,64588900,0.0,0.0,0.0
2023-09-27,170.31643241476104,170.730825832551,166.79408083596385,168.15565490722656,66921800,0.0,0.0,0.0
2023-09-28,167.08022534636603,169.7343308371659,165.38317681816312,168.41221618652344,56294400,0.0,0.0,0.0
2023-09-29,169.72448150635748,170.76047278128746,168.0668924554359,168.92529296875,51861100,0.0,0.0,0.0
2023-10-02,168.93514418826848,171.97404472395215,168.64900568223578,171.43138122558594,52164500,0.0,0.0,0.0
2023-10-03,169.96124934298015,171.31297744317223,168.54047825044546,170.09938049316406,49594600,0.0,0.0,0.0
2023-10-04,168.80687858022958,171.88525384459265,168.68848474300435,171.34259033203125,53020300,0.0,0.0,0.0
2023-10-05,171.47081778563683,173.10866919518492,170.3756298015613,172.5758819580078,48527900,0.0,0.0,0.0
2023-10-06,171.48071432556827,175.61480292776608,170.8689777300858,175.12147521972656,57266700,0.0,0.0,0.0
2023-10-09,174.45052401213385,176.6606373398207,173.45400756283908,176.6014404296875,42390800,0.0,0.0,0.0
2023-10-10,175.72333700059065,177.32171396949087,175.57532965392068,176.00946044921875,43698000,0.0,0.0,0.0
2023-10-11,175.82198018511957,177.4499705441094,175.22999600880442,177.400634765625,47551100,0.0,0.0,0.0
2023-10-12,177.6670336186698,179.906730392158,176.6507647716162,178.29849243164062,56743100,0.0,0.0,0.0
2023-10-13,178.9990143278533,179.50220314362676,175.7627859383901,176.46331787109375,51427100,0.0,0.0,0.0
2023-10-16,174.39132507709223,176.6902337432856,174.15452238414363,176.3350372314453,52517000,0.0,0.0,0.0
2023-10-17,174.29266779074965,176.03905203817294,172.467364361049,174.78599548339844,57549400,0.0,0.0,0.0
2023-10-18,173.23694427289632,175.21025492862336,172.77321506438722,173.49346923828125,54764400,0.0,0.0,0.0
2023-10-19,173.69083828526382,175.46682130559762,172.8521900917514,173.11859130859375,59302900,0.0,0.0,0.0
2023-10-20,172.97054807703984,173.07908076842247,170.33618008275127,170.57298278808594,64244000,0.0,0.0,0.0
2023-10-23,168.62926966195786,171.68789221712717,167.66233657820504,170.69137573242188,55980100,0.0,0.0,0.0
2023-10-24,170.74072378645857,171.35244533043914,169.16206908920728,171.12551879882812,43816600,0.0,0.0,0.0
2023-10-25,169.58633193718455,170.75057806188605,168.3727349771656,168.81674194335938,57157000,0.0,0.0,0.0
2023-10-26,168.09650580018277,169.09303756804977,163.4592276003002,164.66294860839844,70625300,0.0,0.0,0.0
2023-10-27,164.6826577744484,166.70530437202822,164.60372353518264,165.9751739501953,58499100,0.0,0.0,0.0
2023-10-30,166.76450604315932,168.88580920893756,166.61649869462795,168.01754760742188,51131000,0.0,0.0,0.0
2023-10-31,167.09008588386948,168.61938959873203,165.6594236135805,168.4911346435547,44846000,0.0,0.0,0.0
2023-11-01,168.71803982318505,171.9049319155105,167.84977842632566,171.64840698242188,56934900,0.0,0.0,0.0
2023-11-02,173.17774724497193,175.40758286457637,173.11855033416663,175.2003936767578,77334800,0.0,0.0,0.0
2023-11-03,171.91483559510309,174.46040823420765,171.03671292563865,174.29266357421875,79829200,0.0,0.0,0.0
2023-11-06,174.02628274488598,177.0355696443862,173.85855313497558,176.83824157714844,63841300,0.0,0.0,0.0
2023-11-07,176.7889073081916,180.00541354681909,176.58171810512866,179.39369201660156,70530000,0.0,0.0,0.0
2023-11-08,179.91662978825056,181.00194176498167,179.16676200069597,180.4494171142578,49340300,0.0,0.0,0.0
2023-11-09,180.51846299464347,181.66297171772456,179.38380034968415,179.97579956054688,53763500,0.0,0.0,0.0
2023-11-10,181.75412225306079,184.32281184408907,181.3194195461175,184.15484619140625,66133400,0.24,0.0,0.0
2023-11-13,183.58184574005094,183.78930789371245,181.99123723697815,182.57412719726562,43627500,0.0,0.0,0.0
2023-11-14,185.43920547847273,185.8442707665973,184.05607409829287,185.18234252929688,60108400,0.0,0.0,0.0
2023-11-15,185.5874067506803,187.21752694473682,185.51824264456812,185.74546813964844,53790500,0.0,0.0,0.0
2023-11-16,187.2866746678448,188.6599317940755,186.37774261703024,187.42498779296875,54412900,0.0,0.0,0.0
2023-11-17,187.9584954748911,188.08693448765234,186.29873780998344,187.40524291992188,50922700,0.0,0.0,0.0
2023-11-20,187.60281994734135,189.598493753426,187.59294582194016,189.14402770996094,46505100,0.0,0.0,0.0
2023-11-21,189.10451024981845,189.21318592585277,187.45462685911554,188.34378051757812,38134500,0.0,0.0,0.0
2023-11-22,189.18353128885676,190.60617399815436,188.53147729188777,189.0056915283203,39617700,0.0,0.0,0.0
2023-11-24,188.57102324664504,188.60066069963858,186.97054048498805,187.68186950683594,24048300,0.0,0.0,0.0
2023-11-27,187.6324520630897,188.37341847212542,186.62473352580105,187.50401306152344,40552600,0.0,0.0,0.0
2023-11-28,187.49414676130317,188.77849160556613,187.11871894105684,188.10667419433594,38415400,0.0,0.0,0.0
2023-11-29,188.60063575450744,189.77630481775705,186.69388951411068,187.0890655517578,43014200,0.0,0.0,0.0
2023-11-30,187.55341843722022,188.02764780463457,185.92329832735996,187.66209411621094,48794400,0.0,0.0,0.0
2023-12-01,188.03754149609296,189.25272234216075,186.95078459310412,188.93658447265625,45704800,0.0,0.0,0.0
2023-12-04,187.69169371505666,187.76085780364798,185.19216867735597,187.1483154296875,43389500,0.0,0.0,0.0
2023-12-05,187.91898862751913,192.05850876803487,187.88933609882633,191.09031677246094,66628400,0.0,0.0,0.0
2023-12-06,192.1078588115612,192.41412246881444,189.79604758423204,190.00352478027344,41089700,0.0,0.0,0.0
2023-12-07,191.29776300970337,192.6512567588297,191.25823636118906,191.9300537109375,47477700,0.0,0.0,0.0
2023-12-08,191.86091528323507,193.629363703371,191.33730018286,193.3527374267578,53406400,0.0,0.0,0.0
2023-12-11,190.7840614125706,191.1594892758114,189.1144144313186,190.85321044921875,60943700,0.0,0.0,0.0
2023-12-12,190.75440470261375,192.3746507369947,189.4107849369075,192.36477661132812,52696900,0.0,0.0,0.0
2023-12-13,192.74018081786602,195.61513413450965,192.50308121236986,195.57562255859375,70404200,0.0,0.0,0.0
2023-12-14,195.6349188149913,197.21563829918102,193.79732129680679,195.7238311767578,66831600,0.0,0.0,0.0
2023-12-15,195.1508114803035,196.01032777733312,194.62719637119332,195.19033813476562,128538400,0.0,0.0,0.0
2023-12-18,193.72813612536964,194.26164038796966,192.0486152607036,193.53054809570312,55751900,0.0,0.0,0.0
2023-12-19,193.79728255461077,194.57776047687184,193.5305304476359,194.56788635253906,40714100,0.0,0.0,0.0
2023-12-20,194.52836624027822,195.29897006409448,192.48330688476562,192.48330688476562,52242800,0.0,0.0,0.0
2023-12-21,193.73802319308166,194.70621508029078,191.16933361068988,192.33511352539062,46482500,0.0,0.0,0.0
2023-12-22,192.82909873139974,193.0563392932213,190.64572606781581,191.2681427001953,37149600,0.0,0.0,0.0
2023-12-26,191.27801448490152,191.55464074590694,190.5074106042434,190.72476196289062,28919300,0.0,0.0,0.0
2023-12-27,190.1715235726757,191.16935301152336,188.7883770898652,190.8235626220703,48087700,0.0,0.0,0.0
2023-12-28,191.80160450052028,192.31534537884878,190.84328683757997,191.24835205078125,34049900,0.0,0.0,0.0
2023-12-29,191.56450759639273,192.05848519728596,189.42064661751613,190.2110137939453,42672100,0.0,0.0,0.0
2024-01-02,184.89581391743906,186.17028459685415,181.6750853181039,183.4040069580078,82488700,0.0,0.0,0.0
2024-01-03,182.00113952243032,183.64114905512682,181.22064633789287,182.03077697753906,58414500,0.0,0.0,0.0
2024-01-04,179.95601742530297,180.88469764157387,178.70132528842504,179.7189178466797,71983600,0.0,0.0,0.0
2024-01-05,179.79798286255345,180.55869755734878,177.99989705667167,178.9977264404297,62379700,0.0,0.0,0.0
2024-01-08,179.89677561800764,183.36450834315934,179.313885613353,183.32498168945312,59144500,0.0,0.0,0.0
2024-01-09,181.70474272826013,182.9199235647891,180.52907347198328,182.91004943847656,42841800,0.0,0.0,0.0
2024-01-10,182.12955368013527,184.1548498527509,181.70472508990332,183.9473876953125,46792900,0.0,0.0,0.0
2024-01-11,184.293153408918,184.7970202008086,181.40832608034748,183.35459899902344,49128400,0.0,0.0,0.0
2024-01-12,183.81896194364214,184.49077939116623,182.95944565085554,183.68064880371094,40477800,0.0,0.0,0.0
2024-01-16,179.96593271976667,182.04062970854807,178.7507369031224,181.41822814941406,65603000,0.0,0.0,0.0
2024-01-17,179.08666971271487,180.72666412936158,178.1283518215105,180.47967529296875,47317400,0.0,0.0,0.0
2024-01-18,183.84860201119264,186.86186875433015,183.59173905481111,186.35801696777344,78005800,0.0,0.0,0.0
2024-01-19,187.0495648712278,189.63800274105876,186.5457131326349,189.25270080566406,68903000,0.0,0.0,0.0
2024-01-22,189.98379650311966,192.97729968749402,189.94426985134535,191.5546417236328,60133900,0.0,0.0,0.0
2024-01-23,192.67105542323813,193.392258603415,191.49538615178406,192.82911682128906,42355600,0.0,0.0,0.0
2024-01-24,193.06621990928542,194.01466361551059,191.99922639290756,192.1573028564453,53631300,0.0,0.0,0.0
2024-01-25,192.86862433386716,193.90598035718745,190.78403816176663,191.83126831054688,54822100,0.0,0.0,0.0
2024-01-26,191.93007928184088,192.41416772814074,189.6281416366758,190.10235595703125,44594000,0.0,0.0,0.0
2024-01-29,189.6972652775173,189.8849791703456,187.2965414692382,189.42063903808594,47145600,0.0,0.0,0.0
2024-01-30,188.6401800108733,189.4898221386195,185.21197404804863,185.7751007080078,55859400,0.0,0.0,0.0
2024-01-31,184.78712556686926,184.84641553917146,182.129538862794,182.17892456054688,55467800,0.0,0.0,0.0
2024-02-01,181.77391734166875,184.69825684937862,181.60596673463837,184.60934448242188,64885400,0.0,0.0,0.0
2024-02-02,177.6936236133024,185.07365019396582,177.09097033579843,183.61148071289062,102551700,0.0,0.0,0.0
2024-02-05,185.88375846902116,186.97051518171523,183.60158444736317,185.41941833496094,69668800,0.0,0.0,0.0
2024-02-06,184.60931480628852,187.02980210381148,184.5204024536245,187.01992797851562,43490800,0.0,0.0,0.0
2024-02-07,188.3437971267345,188.74886241631054,186.33824908078662,187.1286163330078,53439000,0.0,0.0,0.0
2024-02-08,187.1088468471974,187.25703410679802,185.09342474162452,186.05174255371094,40962000,0.0,0.0,0.0
2024-02-09,186.61559077121817,187.9411516715375,185.97260641439556,186.81344604492188,45155200,0.24,0.0,0.23655833333333331
2024-02-12,186.3880527684402,186.63535673641036,184.77562606711913,185.13174438476562,41781900,0.0,0.0,0.2250291666666667
2024-02-13,183.76663306878044,184.20189045877694,181.53099558275042,183.04449462890625,56529500,0.0,0.0,0.21574999999999997
2024-02-14,183.3215042025078,183.5292310959524,180.472557481369,182.1641082763672,54630500,0.0,0.0,0.1556681818181818
2024-02-15,181.57057328309747,182.50043860227981,179.3943014199978,181.87722778320312,65434500,0.0,0.0,0.20223214285714283
2024-02-16,181.44197861733377,182.8565652037317,179.7108507918506,180.3439483642578,49752500,0.0,0.0,0.18306578947368424
2024-02-20,179.82955095197704,180.46264852115328,178.0588611409836,179.60203552246094,53665600,0.0,0.0,0.026699999999999998
2024-02-21,179.97795967071906,180.91771184255438,178.71176441081158,180.35386657714844,41371400,0.0,0.0,0.30615000000000003
2024-02-22,181.50132758611662,182.9653779737103,180.49233824441416,182.38172912597656,52292200,0.0,0.0,0.2993
2024-02-23,183.0148347964746,183.04451006700117,180.2648157032703,180.55169677734375,45119700,0.0,0.0,0.08466562500000001
2024-02-26,180.27471486922383,180.78909628027105,178.7018500832812,179.20635986328125,40867400,0.0,0.0,0.14843095238095239
2024-02-27,179.14699293032547,181.9365737231629,177.62359209867634,180.66049194335938,54318900,0.0,0.0,0.09028999999999998
2024-02-28,180.54178846123017,181.14521076395337,178.1874648834917,179.4635467529297,48953900,0.0,0.0,0.2650241379310344
2024-02-29,179.31517776545977,180.6011615069905,177.59393659501978,178.80078125,136682600,0.0,0.0,0.23593611111111112
2024-03-01,177.6137198257161,178.5831471920378,175.46712311031385,177.7225341796875,73563100,0.0,0.0,0.2564025
2024-03-04,174.25038035125658,174.99229230011673,171.9158301484072,173.2117156982422,81510100,0.0,0.0,0.20284473684210527
2024-03-05,168.91851326517738,170.18470849670402,167.79080766540406,168.28541564941406,95132400,0.0,0.0,0.07090454545454544
2024-03-06,169.21530048524656,169.39336722891997,166.86096138113473,167.2962188720703,68587700,0.0,0.0,0.12862173913043481
2024-03-07,167.32586658446218,168.88882954707424,166.67299554984157,167.177490234375,71765100,0.0,0.0,0.2570277777777778
2024-03-08,167.1774852017091,171.82679686006907,167.11813466346086,168.88882446289062,76267000,0.0,0.0,0.1154125
2024-03-11,171.07500788792643,172.49948126334272,170.1946063009313,170.88705444335938,60139500,0.0,0.0,0.22112249999999997
2024-03-12,171.28272310113206,172.15323790323208,169.16580172767317,171.3618621826172,59825400,0.0,0.0,0.3404416666666667
2024-03-13,170.90681338658084,171.32228220007605,168.91848002185432,169.2845001220703,52488700,0.0,0.0,0.1828928571428571
2024-03-14,171.04532782778392,172.43022407386235,170.19460153541087,171.1343536376953,72913500,0.0,0.0,0.22374666666666668
2024-03-15,169.3240932528417,170.75845336914062,168.45357838204507,170.75845336914062,121752700,0.0,0.0,0.315671875
2024-03-18,173.67665901704393,175.79358063684148,171.6487632139381,171.8466033935547,75604200,0.0,0.0,0.2094195652173913
2024-03-19,172.45988088096897,174.70540499850514,171.1640105835326,174.18112182617188,55215200,0.0,0.0,0.16129782608695653
2024-03-20,173.82501083363408,176.74319458007812,173.20180001631465,176.74319458007812,53423100,0.0,0.0,0.13734374999999996
2024-03-21,175.1406653733646,175.57592275278003,168.9976284397713,169.52191162109375,106181300,0.0,0.0,0.21647272727272726
2024-03-22,169.90773784358905,171.18383495977668,168.22607363158104,170.42213439941406,71160100,0.0,0.0,0.29746176470588237
2024-03-25,168.7305586050563,170.08577952012527,167.6226265638577,169.00753784179688,54288300,0.0,0.0,0.189175
2024-03-26,168.16668772081567,169.5713723598813,167.7512188918725,167.87982177734375,57388400,0.0,0.0,0.28164
2024-03-27,168.5722893771007,171.72789059246503,168.27552158079686,171.44100952148438,60273300,0.0,0.0,0.06585833333333335
2024-03-28,169.89782982249778,170.37264922530974,168.67119667981044,169.6307373046875,65672700,0.0,0.0,0.244123076923077
2024-04-01,169.34384397207526,169.40319450105653,167.6522784249374,168.19635009765625,46240500,0.0,0.0,0.4234681818181818
2024-04-02,167.25661278755086,167.51380346702695,166.41577330219988,167.01919555664062,49329500,0.0,0.0,0.18280555555555555
2024-04-03,166.9697540235435,168.83937157047524,166.7620271262386,167.8204803466797,47691700,0.0,0.0,0.12715714285714286
2024-04-04,168.45355351894443,170.06598011820813,166.99942016601562,166.99942016601562,53704400,0.0,0.0,0.10423
2024-04-05,167.76113794678497,168.55251376624304,167.12804031006615,167.75125122070312,42104800,0.0,0.0,0.26945
2024-04-08,167.20716991074772,167.37533481002382,166.4256959559663,166.6334228515625,37425500,0.0,0.0,0.23479444444444444
2024-04-09,166.88071513080217,168.2458378687617,166.53449863101693,167.8402557373047,42373800,0.0,0.0,0.2781107142857143
2024-04-10,166.97966188332379,167.26652787853376,165.30788444762385,165.9706573486328,49709300,0.0,0.0,0.3001285714285714
2024-04-11,166.5246002673459,173.5678277091418,166.34654865134516,173.15234375,91070300,0.0,0.0,0.306565
2024-04-12,172.3807444342083,176.43653535919364,172.33129571828837,174.64605712890625,101670900,0.0,0.0,0.2782428571428572
2024-04-15,173.46890241983837,174.72521085075485,170.63974431610336,170.82769775390625,73531800,0.0,0.0,0.20255
2024-04-16,169.89781183493915,171.88613013777277,166.45534511410173,167.55337524414062,73711200,0.0,0.0,0.15518
2024-04-17,167.78091646807817,168.80969440593617,166.1882781982422,166.1882781982422,50901200,0.0,0.0,0.22295833333333334
2024-04-18,166.21794611620325,166.8213684176903,164.75391081370103,165.23861694335938,43122900,0.0,0.0,0.1991416666666667
2024-04-19,164.41758473594675,164.60552308162337,162.31054999578998,163.2206268310547,68149400,0.0,0.0,0.1826722222222222
2024-04-22,163.73504867138354,165.45627497853224,162.99313661644305,164.0515899658203,48116400,0.0,0.0,0.22201304347826087
2024-04-23,163.56685559955991,165.24851961582092,163.14148491226467,165.10012817382812,49537800,0.0,0.0,0.14824666666666664
2024-04-24,164.74401450706145,167.47426013692973,164.41758653276062,167.19728088378906,48251800,0.0,0.0,0.12835
2024-04-25,167.70175828470067,168.77011319134087,166.33663561051003,168.05787658691406,50558300,0.0,0.0,0.2782181818181818
2024-04-26,168.04799015720317,169.49223681731962,167.35552700029277,167.4742431640625,44838400,0.0,0.0,0.08987083333333334
2024-04-29,171.50033388681905,174.13165146794697,171.23325649572146,171.62893676757812,68169400,0.0,0.0,0.28386799999999995
2024-04-30,171.46079655206535,173.10289859543835,168.1667057400835,168.49314880371094,65934800,0.0,0.0,0.19047142857142857
2024-05-01,167.75122238913238,170.84747276952126,167.28628974114312,167.4742431640625,50383100,0.0,0.0,0.3096736842105264
2024-05-02,170.64966589582906,171.5498561795682,169.04714062596727,171.1640625,94214900,0.0,0.0,0.12612500000000001
2024-05-03,184.637145231003,184.98337684032407,180.69018337477516,181.4024200439453,163224100,0.0,0.0,0.24297499999999994
2024-05-06,180.38349419120223,182.21353423301102,178.4742999855442,179.75039672851562,78569700,0.0,0.0,0.2590975
2024-05-07,181.47164781905605,182.9060078076493,179.36462828599997,180.43296813964844,77305800,0.0,0.0,0.19142045454545453
2024-05-08,180.87814724687024,181.09577596912635,179.49323582394607,180.7693328857422,45057100,0.0,0.0,0.3095795454545454
2024-05-09,180.5912561815798,182.66861565405213,180.14611203583203,182.57958984375,48983000,0.0,0.0,0.19964444444444446
2024-05-10,183.15410154420678,183.34230991411323,180.4102677646858,181.3215789794922,50759500,0.25,0.0,0.331575
2024-05-13,183.68902280376187,185.33335221774516,182.8767582325011,184.52108764648438,72044800,0.0,0.0,0.13112
2024-05-14,185.7394637127145,186.52201273815805,184.53098214319476,185.66021728515625,52393600,0.0,0.0,0.31407083333333335
2024-05-15,186.13568203158255,188.849800179078,185.6007724639543,187.9285888671875,70400000,0.0,0.0,0.3057107142857142
2024-05-16,188.67151097089564,189.29556710780693,187.86916171755817,188.04745483398438,52845200,0.0,0.0,0.24921111111111108
2024-05-17,187.72056236134898,189.0082902438942,187.3936765447615,188.07716369628906,41282900,0.0,0.0,0.206865
2024-05-20,187.54226949481966,190.10781001398533,187.22528381236822,189.23611450195312,44361300,0.0,0.0,0.08417727272727273
2024-05-21,189.28564024416437,190.91015403566988,189.11724727296848,190.53375244140625,42309400,0.0,0.0,0.1088875
2024-05-22,190.45451683728567,190.99932654838926,188.47340160760692,189.09744262695312,34648500,0.0,0.0,0.26216666666666666
2024-05-23,189.1767103485156,189.19652573516206,184.86779330766728,185.1154327392578,51005900,0.0,0.0,0.2664041666666667
2024-05-24,187.0370913918068,188.7804673088457,186.26444256610336,188.18612670898438,36327000,0.0,0.0,0.34447727272727274
2024-05-28,189.70171236146703,191.17764887438426,187.31447963213384,188.19607543945312,52280100,0.0,0.0,0.3628454545454545
2024-05-29,187.81963788738682,190.43470949642946,187.72057607583483,188.4932098388672,53068000,0.0,0.0,0.3502045454545455
2024-05-30,188.95875509095092,190.365345015264,188.82999288588945,189.48374938964844,49889100,0.0,0.0,0.16590833333333335
2024-05-31,189.6323735603605,190.7517086279001,188.11682144814546,190.43472290039062,75158300,0.0,0.0,0.23319166666666669
2024-06-03,191.07857147290113,193.14884852262287,190.7021698304424,192.19790649414062,50080500,0.0,0.0,0.1311
2024-06-04,192.80213237542046,193.47571940906454,191.2073340206378,192.51487731933594,47471400,0.0,0.0,0.158475
2024-06-05,193.5549597642067,195.04079624688396,193.02996541617088,194.02052307128906,54156800,0.0,0.0,0.17767500000000003
2024-06-06,193.8422122853953,194.64456149457678,192.3365605546928,192.6436309814453,41181800,0.0,0.0,0.35026071428571426
2024-06-07,192.8120444256859,195.08042995429523,192.3068654552658,195.03089904785156,53103900,0.0,0.0,0.3146875
2024-06-10,195.04080033594326,195.43703247512377,190.33565137548777,191.29649353027344,97010200,0.0,0.0,0.3355642857142857
2024-06-11,191.82147267998263,205.20391549352811,191.8016724106265,205.19400024414062,172373300,0.0,0.0,0.29462045454545455
2024-06-12,205.4119153142898,218.12077055688877,204.94635205432962,211.05810546875,198134300,0.0,0.0,0.33979230769230767
2024-06-13,212.71235034689784,214.70336573665497,209.60200000148347,212.21707153320312,97862700,0.0,0.0,0.14456578947368423
2024-06-14,211.83075578674166,213.13828400218216,209.3048308005582,210.4835968017578,70122700,0.0,0.0,0.30918333333333337
2024-06-17,211.35528688913016,216.88260054537645,210.71143044440285,214.62413024902344,93728300,0.0,0.0,0.22565833333333338
2024-06-18,215.5354294813442,216.5656178731208,210.98877362098574,212.26658630371094,79943300,0.0,0.0,0.22111470588235296
2024-06-20,211.91002013114704,212.21710574149463,206.87799987381808,207.7001495361328,86172500,0.0,0.0,0.12707692307692306
2024-06-21,208.40340309586463,209.88923942625428,205.15437552925596,205.53079223632812,241805100,0.0,0.0,0.28982916666666675
2024-06-24,205.75863496180304,210.69160779538842,204.63929998769706,206.17466735839844,80727000,0.0,0.0,0.22057727272727276
2024-06-25,207.1751328027417,209.3840873125504,206.64023830581658,207.0959014892578,55549700,0.0,0.0,0.27605
2024-06-26,209.5029286499739,212.8312027309874,208.65104852463386,211.2364044189453,66213200,0.0,0.0,0.3452970588235294
2024-06-27,212.6628097453943,213.70289822966825,210.3449086305272,212.07838439941406,49772700,0.0,0.0,0.159434375
2024-06-28,213.73263728250333,214.02980761283354,208.3142855019514,208.63125610351562,82542700,0.0,0.0,0.3013708333333333
2024-07-01,210.08739675774382,215.45621813266328,209.91900374824795,214.70339965820312,60402900,0.0,0.0,0.29781875
2024-07-02,214.109001990837,218.29907118476316,213.06892868617263,218.1901092529297,58046200,0.0,0.0,0.3561031250000001
2024-07-03,217.92265588190668,219.45802307128906,216.96181387179615,219.45802307128906,37369800,0.0,0.0,0.2700578947368421
2024-07-05,219.55707203955853,224.31175124030364,219.55707203955853,224.20278930664062,60412400,0.0,0.0,0.25533055555555556
2024-07-08,224.94572057418634,225.69855401964364,221.14198303770854,225.66883850097656,59085900,0.0,0.0,0.2925441176470588
2024-07-09,225.77780318070188,227.23392416937492,224.23253562897796,226.52072143554688,48076100,0.0,0.0,0.2880181818181818
2024-07-10,227.13486087511765,230.8791673967792,227.0853299721382,230.7801055908203,62627700,0.0,0.0,0.3211636363636363
2024-07-11,229.2051413563895,230.19569903805672,223.63821202212716,225.4212188720703,64710600,0.0,0.0,0.30945
2024-07-12,226.7584454352943,230.44332094014862,226.5207061684713,228.36314392089844,53046500,0.0,0.0,0.19848125
2024-07-15,234.24705286947437,234.98997105632398,230.88906326950251,232.1866912841797,62631300,0.0,0.0,0.2704999999999999
2024-07-16,232.781045805997,234.03905824310993,230.1362587163494,232.60275268554688,43234300,0.0,0.0,0.22500000000000003
2024-07-17,227.2834515580279,229.2744821236097,224.49998695797876,226.71884155273438,57345900,0.0,0.0,0.3055454545454545
2024-07-18,228.1055781361207,228.26407096243142,220.17121806345065,222.06317138671875,66034600,0.0,0.0,0.0
2024-07-19,222.6971648700337,224.65846466815103,221.17169771561296,222.1919708251953,49151500,0.0,0.0,0.35293461538461546
2024-07-22,224.86647978572938,225.62921338494564,220.98349573063444,221.8452911376953,48201800,0.0,0.0,0.37312500000000004
2024-07-23,222.25145010286815,224.79719091943446,220.57740499231872,222.88540649414062,39960300,0.0,0.0,0.21484642857142858
2024-07-24,221.88490694575157,222.67735606492835,215.0797809310421,216.47645568847656,61777600,0.0,0.0,0.11239999999999997
2024-07-25,216.86276105080302,218.7646448818125,212.59346035218633,215.43637084960938,51391200,0.0,0.0,0.0
2024-07-26,216.6349499920164,217.41749898154802,213.9703475571551,215.90194702148438,41601300,0.0,0.0,0.47586666666666666
2024-07-29,214.91136311441508,217.2292640505173,213.71278188189444,216.1792755126953,36311800,0.0,0.0,0.502445
2024-07-30,217.1203409396055,218.24957609355639,214.07932159795172,216.73402404785156,41643800,0.0,0.0,0.5663500000000001
2024-07-31,219.34909118598728,221.70662325926872,218.54674189777583,219.98304748535156,50036300,0.0,0.0,0.24731250000000002
2024-08-01,222.25141811315143,222.36038006072013,214.97082835556836,216.2981719970703,62501000,0.0,0.0,0.31027499999999997
2024-08-02,217.0807092384795,223.46981835778237,215.6543188775265,217.7840118408203,105568600,0.0,0.0,0.1733583333333333
2024-08-05,197.21010696314244,211.484045462397,194.14928763761037,207.2939910888672,119548600,0.0,0.0,0.24481249999999996
2024-08-06,203.36148541473497,208.00720313955475,199.17143085232243,205.27325439453125,69660500,0.0,0.0,0.17119285714285715
2024-08-07,204.9463646139573,211.62272838414273,204.441185671316,207.83880615234375,63516400,0.0,0.0,0.43897
2024-08-08,211.097744151489,212.17744837655164,206.8581585633277,211.2958526611328,47161100,0.0,0.0,0.36161666666666664
2024-08-09,210.09728825409005,214.7330909034816,209.96851092003678,214.1981964111328,42201600,0.0,0.0,0.46303
2024-08-12,214.27752324509848,217.6889728146819,213.81142108338884,215.72540283203125,38028100,0.25,0.0,0.2342285714285714
2024-08-13,217.1930958793293,220.04920835060787,217.1930958793293,219.43435668945312,44155300,0.0,0.0,0.597
2024-08-14,218.7402072098891,221.17979111862692,217.8774142480331,219.8806610107422,41960600,0.0,0.0,0.3007125
2024-08-15,222.7367590108339,223.48053712623224,220.9120118672479,222.8557586669922,46414000,0.0,0.0,0.37784000000000006
2024-08-16,222.06239369045758,224.94825642777528,221.79462933024135,224.1747283935547,44340200,0.0,0.0,0.16421666666666668
2024-08-19,223.84746435464618,224.11522871504155,221.18968933533225,224.01605224609375,40687800,0.0,0.0,0.27973750000000003
2024-08-20,223.8970385443346,225.28541822928474,223.57968596937246,224.63088989257812,30299000,0.0,0.0,0.34608333333333335
2024-08-21,224.64086539349128,226.08874521756795,223.18305884166446,224.5218505859375,34765500,0.0,0.0,0.4568
2024-08-22,225.90027790842765,226.44571820828537,222.04254943445835,222.66732788085938,43695300,0.0,0.0,0.25601666666666667
2024-08-23,223.78797197411373,226.32673228874265,222.46900358067504,224.9581756591797,38677300,0.0,0.0,0.33416666666666667
2024-08-26,224.87883517993083,225.39452559231563,222.0326490158817,225.29534912109375,30602200,0.0,0.0,0.20743333333333333
2024-08-27,224.12514736512034,226.95151036486342,223.02435510684418,226.1383056640625,35934600,0.0,0.0,0.47680000000000006
2024-08-28,226.02922904592305,227.95313769677003,223.80780609600177,224.61109924316406,38052200,0.0,0.0,0.3403428571428572
2024-08-29,228.19113851748892,230.98773644426686,226.98125820388418,227.88369750976562,51906300,0.0,0.0,0.25251666666666667
2024-08-30,228.28039594132485,228.4886453526855,225.59287085733376,227.1002655029297,52990800,0.0,0.0,0.3609333333333334
2024-09-03,226.65401607692846,227.1002799762046,219.33523365285652,220.92196655273438,50190600,0.0,0.0,0.22222499999999998
2024-09-04,219.821176613538,219.9401762860646,215.6758448114514,219.0178985595703,43840200,0.0,0.0,0.034412499999999985
2024-09-05,219.79142381839864,223.60947620664672,219.68233574260833,220.5352020263672,36615400,0.0,0.0,0.5426
2024-09-06,222.09216799264019,223.3714749735505,217.94685141211724,218.98814392089844,48423000,0.0,0.0,0.2810083333333333
2024-09-09,218.9881123209545,219.43437615112032,214.91220775865924,219.07736206054688,67180000,0.0,0.0,0.18016666666666667
2024-09-10,217.10388142289187,219.6426417511051,214.9320468059923,218.2840118408203,51591000,0.0,0.0,0.3970857142857143
2024-09-11,219.62283934479092,221.23930705217748,216.08244775598524,220.81288146972656,44587100,0.0,0.0,-0.046466666666666656
2024-09-12,220.65420216028613,221.6954946800681,217.99644195502805,220.92196655273438,37455600,0.0,0.0,0.44275000000000003
2024-09-13,221.72521710949164,222.18139254741286,220.06907298412548,220.6541748046875,36766600,0.0,0.0,0.32326428571428567
2024-09-16,214.74362792854853,215.4179946756504,212.14536768072225,214.5254669189453,59357400,0.0,0.0,-0.24875000000000003
2024-09-17,213.96018092212807,215.1006346980314,212.72055067344832,214.99154663085938,45519300,0.0,0.0,0.2620125
2024-09-18,215.7452565018275,220.86245391858552,215.7353297749969,218.8592071533203,59894900,0.0,0.0,0.19141999999999998
2024-09-19,223.12354184254357,227.91347512552952,222.76652771175563,226.97134399414062,66781300,0.0,0.0,0.346125
2024-09-20,228.06222073119503,231.15633305592988,225.7317097608303,226.30690002441406,318679900,0.0,0.0,0.31966249999999996
2024-09-23,225.45404067299683,227.54653724680347,223.93673438033483,224.5912628173828,54146000,0.0,0.0,0.35126999999999997
2024-09-24,226.75316007712865,227.44736512534206,223.85738561877668,225.48377990722656,43556100,0.0,0.0,0.3963285714285715
2024-09-25,223.06400902085235,225.40443143928672,222.16156973744518,224.4920654296875,42308700,0.0,0.0,0.303425
2024-09-26,225.4143769570366,226.60441901953834,223.54005654723983,225.63255310058594,36636700,0.0,0.0,0.17403333333333335
2024-09-27,226.56475422029098,227.6159582791164,225.41437368594384,225.90029907226562,34026000,0.0,0.0,0.339425
2024-09-30,228.13164162372897,231.0670928955078,227.7448775670891,231.0670928955078,54541900,0.0,0.0,0.25985
2024-10-01,227.615942887257,227.74485413807125,221.88389405688537,224.33340454101562,63285000,0.0,0.0,0.07270999999999998
2024-10-02,224.016035092931,225.483752901305,221.1698492120793,224.89865112304688,32880600,0.0,0.0,-0.012249999999999983
2024-10-03,223.27228007150777,224.928424248049,221.46738631978812,223.79788208007812,34044200,0.0,0.0,0.27599166666666664
2024-10-04,226.00938361911108,226.10856009308668,222.27066963907552,224.91851806640625,37245100,0.0,0.0,0.08594999999999997
2024-10-07,222.63760820325265,223.81773870352313,219.4939074890314,219.85092163085938,39505400,0.0,0.0,0.21861250000000004
2024-10-08,222.4392426471427,224.10529834651464,221.39795026893304,223.8970489501953,31855700,0.0,0.0,0.42178125000000005
2024-10-09,223.36153007501719,227.84403724277382,222.96485445261254,227.63577270507812,33591100,0.0,0.0,0.39875
2024-10-10,225.89038125247495,227.59611368544336,225.28544108575701,227.13992309570312,28183500,0.0,0.0,0.44035
2024-10-11,227.39779019694814,227.5068782710055,225.45404318616428,225.6623077392578,31759200,0.0,0.0,0.41059999999999997
2024-10-14,226.80274288926017,229.8076053434174,226.70358155060512,229.3811798095703,39882100,0.0,0.0,0.1376375
2024-10-15,231.67201972311165,235.51983687729248,230.44230106244424,231.9100341796875,64751400,0.0,0.0,0.6846249999999999
2024-10-16,229.678723998596,230.1943993440451,227.93331473028562,229.8572235107422,34082200,0.0,0.0,0.38255
2024-10-17,231.49350124327563,231.91003031839952,228.60765355789445,230.22412109375,32993800,0.0,0.0,0.14299
2024-10-18,234.2206797118992,234.2206797118992,232.0686835146529,233.05047607421875,46431500,0.0,0.0,0.4042928571428572
2024-10-21,232.5050303027995,234.8851292946414,232.5050303027995,234.5181884765625,36254500,0.0,0.0,0.362825
2024-10-22,231.94969236544068,234.26036494372266,230.67040061866737,233.90335083007812,38846600,0.0,0.0,0.4022666666666667
2024-10-23,232.1381071008503,233.18931106897517,225.87052966736016,228.84564208984375,52287000,0.0,0.0,0.09564166666666667
2024-10-24,228.0721400698136,228.9051831435476,226.51517225997247,228.65725708007812,31109500,0.0,0.0,0.47965
2024-10-25,227.83410560105818,231.2852316353655,227.66551771976023,229.49024963378906,38802300,0.0,0.0,0.51806
2024-10-28,231.38442210065006,232.78271346714027,230.62080565968694,231.4637451171875,36087100,0.0,0.0,0.50528
2024-10-29,231.1662580738538,232.38605001867157,230.3927299983884,231.7315216064453,35417200,0.0,0.0,0.4614
2024-10-30,230.68030356750913,231.53316974412917,227.64569128136466,228.19113159179688,47070900,0.0,0.0,0.1307
2024-10-31,227.43745763164222,227.92339818004348,223.50039040024254,224.03591918945312,64370100,0.0,0.0,0.0007500000000000099
2024-11-01,219.13689753624155,223.48056715614828,218.44270756169647,221.06080627441406,65276700,0.0,0.0,0.343875
2024-11-04,219.15671602208408,220.94177147156717,217.88733586004025,220.16824340820312,44944500,0.0,0.0,0.16325833333333337
2024-11-05,219.9599923572388,222.09215031274817,219.3054639601429,221.59629821777344,28111300,0.0,0.0,0.2370857142857143
2024-11-06,220.76327216240406,224.19457534628128,219.35505401685137,220.8723602294922,54561100,0.0,0.0,0.387085
2024-11-07,222.7665321945981,225.9895710313294,222.70703236030374,225.59288024902344,42137700,0.0,0.0,0.5554400000000002
2024-11-08,225.53329235935942,227.01256271730918,224.77877343219782,225.32481384277344,38328800,0.25,0.0,0.46383
2024-11-11,223.3789433198207,224.07389700260043,219.90415975706793,222.61448669433594,42005600,0.0,0.0,0.3237125
2024-11-12,222.93218846295187,223.96468891324545,221.75075962779928,222.61448669433594,40398300,0.0,0.0,0.468475
2024-11-13,222.39607398240116,225.0170530189228,221.15507983350162,223.49807739257812,48566200,0.0,0.0,0.4662583333333334
2024-11-14,223.398802697962,227.22105551450989,223.3789425502784,226.57574462890625,44923900,0.0,0.0,0.27113
2024-11-15,224.76884409236825,225.28510187679902,222.65420045885568,223.37893676757812,47923700,0.0,0.0,0.49832
2024-11-18,223.62713486361545,228.08479108540536,223.54770942404784,226.37718200683594,44633700,0.0,0.0,0.30388333333333334
2024-11-19,225.34466282087314,228.50175961033486,225.02697621656037,226.6352996826172,36211800,0.0,0.0,0.37329166666666663
2024-11-20,226.41689814964724,228.27342054954684,224.26253412411586,227.35012817382812,35169600,0.0,0.0,0.058662500000000006
2024-11-21,227.230987838277,228.50176458087773,224.0838286281757,226.8735809326172,42108300,0.0,0.0,0.5628
2024-11-22,226.4168797117104,229.05771868234922,226.4168797117104,228.21383666992188,38168300,0.0,0.0,0.6273875
2024-11-25,229.79238523732437,231.56948199204686,228.0847762696763,231.1922149658203,90152800,0.0,0.0,0.31539
2024-11-26,231.6489234928732,233.87279036398945,231.6489234928732,233.366455078125,45986200,0.0,0.0,0.4246666666666667
2024-11-27,232.78070364946953,233.99191506726265,232.12545514826604,233.2373809814453,33498400,0.0,0.0,0.45527000000000006
2024-11-29,233.11825362062933,236.0966394139658,232.28430923421996,235.62010192871094,28481400,0.0,0.0,0.2663714285714286
2024-12-02,235.5605381566453,239.0551666028684,235.45133007089746,237.8638153076172,48137100,0.0,0.0,0.2904875
2024-12-03,238.08222901174219,241.01097200063165,237.17878168890522,240.90176391601562,38861000,0.0,0.0,0.49417500000000003
2024-12-04,241.12019505186365,242.35126670496282,239.5118714775545,241.25918579101562,44383900,0.0,0.0,0.4641666666666666
2024-12-05,242.2321233137982,242.77814859306412,240.38552350615552,241.28895568847656,40033900,0.0,0.0,0.2749666666666667
2024-12-06,241.15986547845873,242.86747429141045,240.33584371358134,241.09036254882812,36870600,0.0,0.0,0.48983333333333334
2024-12-09,240.08767817050534,245.45870413211114,240.0082527322972,244.97222900390625,44649200,0.0,0.0,0.6358
2024-12-10,245.11124429862218,246.4217414371147,243.57240847043047,245.9849090576172,36914800,0.0,0.0,0.08446666666666668
2024-12-11,246.17352158557497,248.9930565140259,244.48575750906295,244.714111328125,45205800,0.0,0.0,0.5828166666666666
2024-12-12,245.11120954102955,246.9478867446912,243.90992066775823,246.1735076904297,32777500,0.0,0.0,0.40338125
2024-12-13,246.03453629863122,247.4939314395242,244.46591792091505,246.34230041503906,33155300,0.0,0.0,0.34291
2024-12-16,246.2033097230519,249.56888515433104,245.86574781090837,249.2313232421875,51694800,0.0,0.0,0.34492307692307694
2024-12-17,248.2782345553336,252.0012166921119,247.98039295462073,251.6537322998047,51356400,0.0,0.0,0.11792500000000002
2024-12-18,250.34326772719038,252.4479889260113,245.95511429725673,246.26287841796875,56774100,0.0,0.0,0.24480000000000005
2024-12-19,245.71681628677703,250.18439476471843,245.30976661195103,247.9903106689453,60882300,0.0,0.0,0.4711
2024-12-20,246.25290739620831,253.1627684475662,243.9198478351204,252.6564483642578,147495300,0.0,0.0,0.0
2024-12-23,252.9344343151273,253.8080837794399,251.6239373953799,253.4308319091797,40858800,0.0,0.0,0.23662999999999998
2024-12-24,253.64924013847912,256.34962902881983,253.45066898797964,256.3397216796875,23234700,0.0,0.0,0.44472500000000004
2024-12-26,256.329771467171,258.2260137599804,255.77380863027113,257.1537780761719,27237100,0.0,0.0,0.5955333333333334
2024-12-27,255.97238682838486,256.836144148833,251.2367643772991,253.74853515625,42355300,0.0,0.0,0.09405000000000001
2024-12-30,250.4127477342041,251.67360197393796,248.9434149702759,250.38296508789062,35557500,0.0,0.0,0.0
2024-12-31,250.6212189481796,251.45516326793145,247.6328957457903,248.6157684326172,39480700,0.0,0.0,0.21177500000000002
2025-01-02,247.1365264348607,247.3053149666319,240.07776640397734,242.0931396484375,55740700,0.0,0.0,0.0
2025-01-03,241.60667419433594,242.42075849453866,240.147263834766,241.60667419433594,40244100,0.0,0.0,0.45883
2025-01-06,242.54980162717402,245.54804748087855,241.4477983095151,243.23483276367188,45045600,0.0,0.0,0.25770000000000004
2025-01-07,241.22939201717418,243.78088314896328,239.61114601786818,240.46495056152344,40856000,0.0,0.0,0.7257750000000001
2025-01-08,240.17702168463396,241.95413364050106,238.32049944087447,240.95140075683594,37628900,0.0,0.0,0.29969
2025-01-10,238.28079154222544,238.4297199246896,231.32130202918376,235.14356994628906,61710900,0.0,0.0,0.6150249999999999
2025-01-13,231.84746989306117,232.9792558543989,228.06492247356016,232.71119689941406,49630700,0.0,0.0,0.34400000000000003
2025-01-14,233.05868390458076,234.41880854341963,230.7951119565212,231.59927368164062,39435300,0.0,0.0,0.2981
2025-01-15,232.94947976770305,237.2383625727966,232.74098609709984,236.1562042236328,39832000,0.0,0.0,0.1211625
2025-01-16,235.6399687194268,236.29520209930612,226.3871093224655,226.61544799804688,71759100,0.0,0.0,0.3907285714285714
2025-01-17,230.44764042021458,230.6164138035219,226.833866130533,228.32305908203125,68488300,0.0,0.0,0.5183833333333333
2025-01-21,222.38615194982364,222.80312416686704,217.79944241349193,221.03594970703125,98070400,0.0,0.0,0.28352999999999995
2025-01-22,218.2064601780486,222.5052654056773,218.2064601780486,222.2173614501953,64126500,0.0,0.0,0.37683999999999995
2025-01-23,223.12080464680741,225.39429904989126,220.69838187044374,222.048583984375,60234800,0.0,0.0,0.35384000000000004
2025-01-24,223.16053267311034,224.00441476166836,219.8148172645265,221.17494201660156,54697900,0.0,0.0,0.42775
2025-01-27,222.4059977899183,230.47741293083342,222.36627749626697,228.20391845703125,94863400,0.0,0.0,0.2894285714285714
2025-01-28,229.18679454547646,238.4594987479956,229.147074251248,236.54339599609375,75707600,0.0,0.0,0.20250000000000004
2025-01-29,232.43324490532586,238.131895727024,232.32403680973889,237.635498046875,45486100,0.0,0.0,0.3895916666666666
2025-01-30,236.95045561956258,239.05517683623282,235.50098294542886,235.87823486328125,55658300,0.0,0.0,0.46082999999999996
2025-01-31,245.4090800423025,245.4090800423025,231.7581442550369,234.29969787597656,100959800,0.0,0.0,0.599425
2025-02-03,228.33299411580026,230.15973381299622,224.0738938399255,226.36724853515625,73063300,0.0,0.0,0.1981
2025-02-04,225.61271003037928,231.45035067549782,225.0170268486458,231.1227264404297,45067300,0.0,0.0,0.25398333333333334
2025-02-05,226.88350440739822,230.99367626573292,226.625383087866,230.7951202392578,39620300,0.0,0.0,0.0907
2025-02-06,229.62360070928509,232.11552641696264,228.76979621063217,231.53970336914062,29925300,0.0,0.0,0.416475
2025-02-07,230.92416830424466,232.3140755170278,225.6226304523949,225.98997497558594,39707200,0.0,0.0,0.42706875
2025-02-10,228.16660736242451,229.1803610121675,225.81108525741098,226.25833129882812,33115600,0.25,0.0,0.15385000000000001
2025-02-11,226.80497424991785,233.79199753404617,226.7354100570617,231.1979522705078,53718400,0.0,0.0,0.10163333333333335
2025-02-12,229.7866449882993,235.5114431570428,229.2698195612854,235.42198181152344,45243300,0.0,0.0,0.37346
2025-02-13,235.4617298072221,240.85852795215618,234.1299251101732,240.05348205566406,53614100,0.0,0.0,0.377425
2025-02-14,239.77517912233392,244.04889519264196,239.51677402617887,243.10470581054688,40896200,0.0,0.0,0.32848750000000004
2025-02-18,242.6574585849239,243.6811607859394,240.36158248040348,242.9755096435547,48822500,0.0,0.0,0.6289125
2025-02-19,243.16435439309654,244.50609250836237,241.6735241546838,243.37306213378906,32204200,0.0,0.0,0.3191
2025-02-20,243.4426355672204,245.27138364211797,242.7966000469895,244.3271942138672,32316900,0.0,0.0,0.17626
2025-02-21,244.44646835255205,247.16972378813352,243.72093519653038,244.04891967773438,53197400,0.0,0.0,0.42680625000000005
2025-02-24,243.43269920852308,247.33868242018207,242.92582237394555,245.58944702148438,51326400,0.0,0.0,0.15596250000000003
2025-02-25,246.48392314447185,248.4716967182176,243.41281661275679,245.52978515625,48013300,0.0,0.0,0.07220000000000001
2025-02-26,242.83637220684057,243.48239258336395,237.66816369812489,238.89064025878906,44433600,0.0,0.0,0.2365875
2025-02-27,237.94643641845556,240.97779411500133,235.61079643123784,235.84933471679688,41153600,0.0,0.0,0.8631
2025-02-28,235.5014815283524,240.61005923211764,228.7927454203557,240.36158752441406,56833400,0.0,0.0,0.3803583333333333
2025-03-03,240.31189930334125,242.53821134874983,234.66662916873,236.57489013671875,47184000,0.0,0.0,0.33697499999999997
2025-03-04,236.25683384188991,238.60240725621293,233.24534293735957,234.48770141601562,53798100,0.0,0.0,0.46421
2025-03-05,233.9808533299346,235.10395038542654,227.82869096216822,234.2989044189453,47227600,0.0,0.0,0.29236249999999997
2025-03-06,233.00682927336524,236.4059203890797,231.73465535282332,233.89138793945312,45170400,0.0,0.0,-0.07425
2025-03-07,233.67273718007357,239.89446338205195,233.32487071745646,237.60853576660156,46273600,0.0,0.0,0.4382625
2025-03-10,234.10009611136832,234.71631625547707,222.84930513729455,226.08937072753906,72071200,0.0,0.0,0.745425
2025-03-11,222.44183568691165,224.45942498066412,216.12071408301142,219.489990234375,76137400,0.0,0.0,-0.08499999999999999
2025-03-12,218.7942505386503,220.39440897367027,213.5962265598192,215.653564453125,62547500,0.0,0.0,0.4742125
2025-03-13,214.62986833256545,215.51442704761877,207.14590135231947,208.398193359375,61368300,0.0,0.0,0.34704999999999997
2025-03-14,209.95860913307365,212.6421007492463,208.29881981801313,212.18492126464844,60107600,0.0,0.0,0.22749999999999998
2025-03-17,212.00598815128762,213.904315554563,208.6864099217596,212.6917724609375,48073400,0.0,0.0,0.688675
2025-03-18,212.85081593904235,213.83475423543342,210.19713981325924,211.38980102539062,42432400,0.0,0.0,0.10647999999999999
2025-03-19,212.91044076829724,217.4226803637017,212.443312738742,213.92420959472656,54385400,0.0,0.0,0.18151250000000002
2025-03-20,212.6818400591608,216.16044383082547,210.9226561911479,212.79116821289062,48862900,0.0,0.0,0.4686
2025-03-21,210.26669685360034,217.5021918152461,209.9884097524224,216.93568420410156,94127800,0.0,0.0,-0.07590000000000001
2025-03-24,219.64899945464327,220.1260609084734,217.24379503613238,219.38064575195312,44299500,0.0,0.0,0.25045
2025-03-25,219.4204082670252,222.73005335992565,218.73462390108503,222.38218688964844,34493600,0.0,0.0,0.3825
2025-03-26,222.14365782695532,223.6444367672013,219.12224829293882,220.17576599121094,34466100,0.0,0.0,0.49450000000000005
2025-03-27,220.03662935170198,223.61462840697533,219.21170137047196,222.48159790039062,37094800,0.0,0.0,0.15675
2025-03-28,220.31490521146458,222.44182255065115,216.34929105853038,216.5679473876953,39818600,0.0,0.0,0.0
2025-03-31,215.683368745432,224.24073468961828,214.90813825561798,220.77207946777344,65299300,0.0,0.0,0.49451249999999997
2025-04-01,218.46626491168394,222.31260214779184,217.5618242432653,221.8256072998047,36412700,0.0,0.0,0.07301250000000001
2025-04-02,219.9670353213626,223.8133724100327,219.66886624627372,222.5213165283203,35905900,0.0,0.0,0.28945999999999994
2025-04-03,204.28348559152053,206.22157697816277,200.0197179050274,201.94786071777344,103419000,0.0,0.0,0.2589
2025-04-04,192.7047355778497,198.658123727335,186.19477317599058,187.22842407226562,125910900,0.0,0.0,-0.26042
2025-04-07,176.11672557211514,192.96310261722135,173.5524959881376,180.35069274902344,160466300,0.0,0.0,0.20223750000000004
2025-04-08,185.55866963100107,189.17641711488596,168.175598539417,171.365966796875,120859500,0.0,0.0,0.24119000000000002
2025-04-09,170.89883496621582,199.38363475051753,170.83920418374143,197.6343994140625,184395900,0.0,0.0,0.20703125
2025-04-10,187.9141974958541,193.5892830219747,181.88129692496375,189.2559356689453,121880000,0.0,0.0,-0.023566666666666663
2025-04-11,184.96235041538483,198.32017705332044,184.92258644836306,196.9386749267578,87435900,0.0,0.0,0.19393333333333337
2025-04-14,210.14743595954587,211.63826622013798,199.9302804535287,201.28196716308594,101352900,0.0,0.0,0.05845
2025-04-15,200.62597928160577,202.26588634734406,198.5785750100267,200.90426635742188,51343900,0.0,0.0,0.10939000000000002
2025-04-16,197.1473753495745,199.4730666932086,191.19398828729797,193.08238220214844,59732400,0.0,0.0,0.4678166666666667
2025-04-17,195.99447418061752,197.61451451967758,193.2314700862815,195.77581787109375,52164700,0.0,0.0,0.3693
2025-04-21,192.0885304389909,192.6152892965427,188.64967500212322,191.9792022705078,46742500,0.0,0.0,0.40402499999999997
2025-04-22,194.92107095045932,200.35763286451953,194.7719939992729,198.51895141601562,52976400,0.0,0.0,0.267575
2025-04-23,204.7406939661261,206.72846769395255,201.56025903470575,203.34925842285156,52929200,0.0,0.0,0.21455000000000002
2025-04-24,203.6374845300284,207.5534013078127,201.69940812530302,207.09620666503906,47311000,0.0,0.0,0.06417999999999999
2025-04-25,205.10841141990002,208.46775361357263,204.9394524859384,208.00062561035156,38222300,0.0,0.0,0.3060333333333333
2025-04-28,208.71621839949725,210.2070485309222,206.19175271644127,208.85536193847656,38743100,0.0,0.0,0.633
2025-04-29,207.4142395090872,210.94254069563792,207.09618845243054,209.91883850097656,36827600,0.0,0.0,0.35643749999999996
2025-04-30,208.0205233254963,212.2743578831654,205.4065960245207,211.20095825195312,52286500,0.0,0.0,0.08309166666666667
2025-05-01,207.80187477964563,213.2483707428857,207.62296725165953,212.01596069335938,57365700,0.0,0.0,0.03066
2025-05-02,204.83013207172814,205.72463931330321,200.92416412992952,204.09466552734375,101010600,0.0,0.0,0.19691428571428574
2025-05-05,201.85841873478097,202.85230555244996,196.99831280299983,197.6741485595703,69018500,0.0,0.0,0.27715
2025-05-06,196.99833957685834,199.4234110025321,195.8156116766073,197.29649353027344,51216500,0.0,0.0,0.046842857142857144
2025-05-07,197.9524407308952,198.2207944248892,192.0686324392914,195.05029296875,68536700,0.0,0.0,0.0934375
2025-05-08,196.51130456752412,198.82706269335065,193.48988012199126,196.28271484375,50478900,0.0,0.0,0.2923642857142857
2025-05-09,197.78345792922866,199.3140368102294,196.33237664044202,197.3163299560547,36453900,0.0,0.0,0.23895624999999998
2025-05-12,209.95526516858178,210.2538252478288,205.75556156059073,209.776123046875,63775800,0.26,0.0,0.1804
2025-05-13,209.4178625594749,212.3735786127325,207.99474788922345,211.9058380126953,51909300,0.0,0.0,0.33525
2025-05-14,211.40822571910564,212.9109724892217,209.56713314477625,211.3087158203125,49325800,0.0,0.0,0.3392
2025-05-15,209.93535780893234,211.93569971673273,208.53213606160298,210.43295288085938,45029500,0.0,0.0,0.5806666666666666
2025-05-16,211.33858120774948,211.54757782116647,208.7610423595207,210.24386596679688,54737900,0.0,0.0,0.5727166666666667
2025-05-19,206.90999202317107,208.47243269467637,203.2775387890809,207.7758026123047,46140500,0.0,0.0,0.2896166666666667
2025-05-20,206.67113760639387,207.46729276724128,204.04383620537516,205.8650360107422,42496600,0.0,0.0,0.265625
2025-05-21,204.18315305948536,206.04415370597744,199.74461367242378,201.1179656982422,59211800,0.0,0.0,0.201575
2025-05-22,199.7446272097534,201.77480849030061,198.7394754118135,200.39149475097656,46742400,0.0,0.0,0.44035
2025-05-23,192.7384848883374,196.74910019358438,192.5295034494263,194.33079528808594,78432900,0.0,0.0,-0.1961875
2025-05-27,197.34622283817185,199.77448939448533,196.4803970243206,199.24703979492188,56288500,0.0,0.0,0.007600000000000007
2025-05-28,199.6252199585869,201.7549266073183,198.93853621736156,199.45603942871094,45339700,0.0,0.0,0.628575
2025-05-29,202.60079553265004,202.8296849960031,197.55517460719432,198.98825073242188,51396800,0.0,0.0,0.10081250000000003
2025-05-30,198.4110493394953,200.98860329086406,195.83351057352263,199.88394165039062,70819900,0.0,0.0,0.42201000000000005
2025-06-02,199.31667499872813,201.15778278546435,199.15744093584797,200.72984313964844,35423300,0.0,0.0,0.24845000000000003
2025-06-03,200.38153417950807,202.78989241693247,199.99341064507593,202.29229736328125,46381600,0.0,0.0,0.46055
2025-06-04,201.93404589483336,205.24803106286797,201.12794426741362,201.844482421875,43604000,0.0,0.0,0.3586333333333333
2025-06-05,202.52119947175674,203.76518718349973,199.18730633012683,199.66500854492188,55126100,0.0,0.0,0.33876249999999997
2025-06-06,202.023590138985,204.71060036976428,201.0781625818177,202.9391632080078,46607700,0.0,0.0,0.046475000000000016
2025-06-09,203.40692547634254,205.0091823144686,199.05794913802782,200.48106384277344,72862600,0.0,0.0,0.2511666666666667
2025-06-10,199.63515466910712,203.36711781582227,199.60530017876516,201.6951904296875,54672600,0.0,0.0,0.5043333333333333
2025-06-11,202.52118145308685,203.51637153393742,197.4556675860525,197.82388305664062,60989900,0.0,0.0,0.197575
2025-06-12,198.12246436103902,198.71956936233477,196.4107360236097,198.24188232421875,43904600,0.0,0.0,0.13899999999999998
2025-06-13,198.76934984808122,199.4062710181849,194.7587342450942,195.505126953125,51447300,0.0,0.0,0.1887375
2025-06-16,196.3510290449251,197.73434281232372,195.61458283187793,197.46563720703125,43020700,0.0,0.0,0.547625
2025-06-17,196.25149936947125,197.4357781067605,194.27108064091922,194.69900512695312,38856200,0.0,0.0,0.1627
2025-06-18,194.99756984742208,196.61973472966923,194.13175923439314,195.63449096679688,45394700,0.0,0.0,0.29657999999999995
2025-06-20,197.28651411005004,200.72986375748766,195.9131467510872,200.03323364257812,96813500,0.0,0.0,0.26976666666666665
2025-06-23,200.6602023375907,201.3269779408771,198.00304635957568,200.53082275390625,55814300,0.0,0.0,0.487975
2025-06-24,201.61558786363426,202.4615056450935,199.2370837881713,199.33660888671875,54064000,0.0,0.0,0.0
2025-06-25,200.4810436177515,202.6903668657116,199.65503400834336,200.59051513671875,39525700,0.0,0.0,0.2923833333333333
2025-06-26,200.461158146952,201.66534499125092,198.5006473897771,200.03323364257812,50799100,0.0,0.0,0.1149125
2025-06-27,200.91894034324127,202.24254507531293,199.03803155248616,200.1128387451172,73188600,0.0,0.0,0.44538
2025-06-30,201.03837692831615,206.39250533244538,198.30160374091744,204.1831817626953,91912800,0.0,0.0,0.17134166666666664
2025-07-01,205.6759567295316,209.17903048404247,205.14850713857425,206.8204345703125,78788900,0.0,0.0,0.17215
2025-07-02,207.90519262679368,212.31387801499196,207.13889190503232,211.418212890625,67941800,0.0,0.0,0.3548916666666666
2025-07-03,211.12958235725722,213.61755770997246,210.7912213537831,212.52285766601562,34955800,0.0,0.0,0.13645000000000002
2025-07-07,211.65705062020388,215.18997897032483,207.7957228576545,208.940185546875,50229000,0.0,0.0,0.30021
2025-07-08,209.08945658408672,210.41304612040562,207.4473837253886,208.9998779296875,42848900,0.0,0.0,0.3715
2025-07-09,208.52219391164948,210.31353924447487,206.22330706177223,210.12445068359375,48749400,0.0,0.0,0.19753
2025-07-10,209.49748097232364,212.45319704499605,209.0197939340788,211.3883514404297,44443600,0.0,0.0,0.32868461538461546
2025-07-11,209.55718962168862,211.1096837700706,208.85059795908091,210.14434814453125,39765800,0.0,0.0,0.35947142857142855
2025-07-14,208.92027389637033,209.89557123752414,206.54176989733165,207.6165771484375,38840100,0.0,0.0,0.28368571428571426
2025-07-15,208.21368905566166,210.87084499335577,207.9151289669034,208.10421752929688,42296300,0.0,0.0,0.254375
2025-07-16,209.28851120731298,211.37840160704656,207.63649175890595,209.14918518066406,47490500,0.0,0.0,0.5298357142857143
2025-07-17,209.5571995447156,210.78127919114968,208.58190225319882,209.0098419189453,48068100,0.0,0.0,0.31088125
2025-07-18,209.85573909301036,210.77131219576944,208.69136845628208,210.16424560546875,48974600,0.0,0.0,0.49805
2025-07-21,211.07983063398711,214.74212298846783,210.61209006251647,211.45799255371094,51377400,0.0,0.0,0.5668375
2025-07-22,212.11484021935428,213.91613206526756,211.20921348603295,213.3687744140625,46404100,0.0,0.0,0.41379
2025-07-23,213.9658669821171,214.1151394198069,211.38832832203676,213.1199493408203,46989300,0.0,0.0,0.28102857142857146
2025-07-24,212.87115278650074,214.65255153978734,212.5029373149323,212.73182678222656,46022600,0.0,0.0,0.215175
2025-07-25,213.6673206036272,214.2047317845148,212.37357038101962,212.8512725830078,40268800,0.0,0.0,0.26070000000000004
2025-07-28,213.00055398053098,213.81661722083774,212.03521828670327,213.0204620361328,37858000,0.0,0.0,0.3247
2025-07-29,213.14983725799084,213.77681196541135,209.80601264614248,210.25384521484375,51411700,0.0,0.0,-0.05217999999999999
2025-07-30,210.88077731884883,211.36842593737322,206.72088996610802,208.04449462890625,45512500,0.0,0.0,0.17880000000000001
2025-07-31,207.48719786288635,208.83069544134486,206.16359315375274,206.57162475585938,80698400,0.0,0.0,0.3868428571428572
2025-08-01,209.8557561748323,212.5527283441607,200.530828701964,201.40660095214844,104434500,0.0,0.0,0.14612083333333334
2025-08-04,203.5263267271778,206.88012777005082,200.70993685491413,202.37191772460938,75109300,0.0,0.0,0.24795
2025-08-05,202.42167200915333,204.35234334482283,201.18764593221573,201.94398498535156,44155100,0.0,0.0,0.30147
2025-08-06,204.64094523363173,214.3440487139093,204.60112912578842,212.2242889404297,108483100,0.0,0.0,0.2936333333333334
2025-08-07,217.82723230897543,219.78775818606874,215.53829184895108,218.97169494628906,90224800,0.0,0.0,0.16926428571428573
2025-08-08,219.76783274169614,229.8889142887861,218.19543055331755,228.24685668945312,113854000,0.0,0.0,0.27649999999999997
2025-08-11,227.08116933177635,228.71513292468896,223.9327956372812,226.34388732910156,61806100,0.26,0.0,0.39997999999999995
2025-08-12,227.17081559543826,229.95055565919736,226.23428798669784,228.80477905273438,55626200,0.0,0.0,0.24080555555555552
2025-08-13,230.2195756343437,234.1351043372746,229.58191650034667,232.47125244140625,69878500,0.0,0.0,0.30442
2025-08-14,233.1985666998313,234.25466305951576,230.0003892485326,231.92327880859375,51916300,0.0,0.0,0.341125
2025-08-15,233.1387895567921,233.417757832359,228.49593650929467,230.73765563964844,56038700,0.0,0.0,0.30882000000000004
2025-08-18,230.8472538899505,232.26202593201924,229.26310933608104,230.0402374267578,37476200,0.0,0.0,0.5184785714285715
2025-08-19,230.42880766374827,232.0129522601839,228.50591803460907,229.71145629882812,39402600,0.0,0.0,0.41808125
2025-08-20,229.13358225147155,229.6217843388592,224.93908515924198,225.17819213867188,42263900,0.0,0.0,0.36102142857142855
2025-08-21,225.43723377620466,225.6863136691638,222.95639256938466,224.072265625,30621200,0.0,0.0,0.19369285714285717
2025-08-22,225.33760837029214,228.2468598588307,224.58041092619504,226.9217529296875,42477800,0.0,0.0,0.17303333333333334
2025-08-25,225.6464693442017,228.45609804536198,225.3973894325087,226.323974609375,30983100,0.0,0.0,0.1428857142857143
2025-08-26,226.03501179732243,228.64537936019502,223.8630424721864,228.46603393554688,54575100,0.0,0.0,0.181975
2025-08-27,227.7686378094015,230.05020313892598,227.41991984776428,229.6417236328125,31259500,0.0,0.0,0.23644166666666666
2025-08-28,229.9704999102399,232.55096405412047,228.4959359400532,231.70408630371094,38074700,0.0,0.0,0.30764285714285716
2025-08-29,231.65424737322112,232.52105569809,230.5184437223928,231.28561401367188,39418400,0.0,0.0,0.32532777777777777
2025-09-02,228.4062708029861,230.00038826150748,226.1346633063032,228.87454223632812,44075600,0.0,0.0,0.39715000000000006
2025-09-03,236.33698891571112,237.9709525201245,233.49747185558658,237.59234619140625,66427800,0.0,0.0,0.28256666666666663
2025-09-04,237.57239985348932,239.0170601981439,235.8687018920251,238.8975067138672,47549400,0.0,0.0,0.26264090909090904
2025-09-05,239.1167027112504,240.43185187342493,237.61226559630578,238.80784606933594,54870400,0.0,0.0,0.173535
2025-09-08,238.41928864081726,239.2661511981365,235.47017586985078,237.0045166015625,48999500,0.0,0.0,0.212
2025-09-09,236.12774389612645,237.90119155812317,232.5011411802574,233.4875030517578,66313900,0.0,0.0,0.422605
2025-09-10,231.33547301291114,231.56462228661692,225.11843262708078,225.95533752441406,83440800,0.0,0.0,0.41514999999999996
2025-09-11,226.04500979013486,229.60186307827533,225.81584532196928,229.18341064453125,50208600,0.0,0.0,0.5454333333333333
2025-09-12,228.37637066624734,233.6468944473401,228.17710979485463,233.20852661132812,55824200,0.0,0.0,0.2737
2025-09-15,236.12775635652346,237.31337916896246,234.16500543557729,235.828857421875,42699500,0.0,0.0,0.37060000000000004
2025-09-16,236.30708253667353,240.33222235518573,235.45026224943368,237.2735137939453,63421100,0.0,0.0,0.25222222222222224
2025-09-17,238.09051246512186,239.21635855568803,236.85507060288438,238.11044311523438,46508000,0.0,0.0,0.24351153846153845
2025-09-18,239.08682096339746,240.31228984200703,235.77903252032195,237.0045166015625,44249600,0.0,0.0,0.2096277777777778
2025-09-19,240.34217704154452,245.3935247988757,239.32594197772087,244.59646606445312,163741300,0.0,0.0,-0.24695
2025-09-22,247.38616206443075,255.69547916115815,247.2068166293636,255.13751220703125,105517400,0.0,0.0,0.048238888888888894
2025-09-23,254.9382669065294,256.3928850249964,252.64672876089196,253.49359130859375,60275200,0.0,0.0,0.35015
2025-09-24,254.28068708944184,254.7987775332095,250.11606329601622,251.3813934326172,42303700,0.0,0.0,0.0979125
2025-09-25,252.27808820484515,256.22352044118514,250.7836088309123,255.9246063232422,55202100,0.0,0.0,0.24841999999999995
2025-09-26,253.16481067495934,256.6519291955366,252.84598111295833,254.51980590820312,46076300,0.0,0.0,0.20165
2025-09-29,253.62311772285494,254.06150078407975,252.07881928540593,253.49359130859375,40127700,0.0,0.0,0.32299999999999995
2025-09-30,253.9220050782957,254.97810138533342,252.1784458386236,253.69285583496094,37704300,0.0,0.0,0.3188555555555556
2025-10-01,254.10134722927504,257.83756097799323,253.9917514638179,254.5098419189453,48713900,0.0,0.0,0.1017625
2025-10-02,255.63566078088252,257.229778167004,253.21461153357077,256.18365478515625,42630200,0.0,0.0,-0.009533333333333338
2025-10-03,253.73271197999827,258.2858846694617,253.01536064819075,257.07037353515625,49155600,0.0,0.0,0.049260000000000005
2025-10-06,257.0404883747525,258.1165305885388,254.1113214696764,255.7452850341797,44664100,0.0,0.0,0.40991666666666665
2025-10-07,255.86484387966763,256.45266881763376,254.48991791397023,255.53607177734375,31955800,0.0,0.0,0.31989285714285715
2025-10-08,255.5758888188916,257.56852798749276,255.16739414069707,257.1102294921875,36496900,0.0,0.0,0.3274142857142857
2025-10-09,256.8611554198282,257.0504585775582,252.2083446799687,253.1050262451172,38322000,0.0,0.0,0.43296666666666667
2025-10-10,254.00171816056968,255.436420799504,243.10197943699816,244.3673095703125,61999100,0.0,0.0,0.3522785714285714
2025-10-13,248.46219085423505,248.7710475029622,244.6562426215344,246.74851989746094,38142900,0.0,0.0,0.19656363636363636
2025-10-14,245.69241642712313,247.93413549962378,243.79940008876653,246.8581085205078,35478000,0.0,0.0,0.29488749999999997
2025-10-15,248.57178982967116,250.89321639065437,246.559219921403,248.42233276367188,33893600,0.0,0.0,0.44978999999999997
2025-10-16,247.33635013275978,248.1234359576197,244.22783772705108,246.53929138183594,39777000,0.0,0.0,0.2811
2025-10-17,247.1072067041429,252.4474806979352,246.3599669580113,251.36148071289062,49147000,0.0,0.0,0.35588333333333333
2025-10-20,254.94822099113512,263.4069798400544,254.68918336894043,261.27484130859375,90483000,0.0,0.0,0.3332636363636364
2025-10-21,260.91620875530236,264.3136625920602,260.86637452698056,261.80291748046875,46695900,0.0,0.0,0.28054545454545454
2025-10-22,261.68336485657886,261.882640960004,254.48993535873984,257.49884033203125,45015300,0.0,0.0,0.00626000000000001
2025-10-23,258.98332466328685,259.6608147081683,257.0604350924048,258.6246337890625,32754900,0.0,0.0,0.313265
2025-10-24,260.2287163700197,263.15789839957887,258.22610426270086,261.85272216796875,38253700,0.0,0.0,0.3391444444444444
2025-10-27,263.90517991319996,268.12956591820625,263.67601542509226,267.8207092285156,44888200,0.0,0.0,0.4020676470588236
2025-10-28,268.00000632210845,268.89671830922975,267.1631014853557,268.0099792480469,41534800,0.0,0.0,0.34853333333333336
2025-10-29,268.28892986747474,270.4110953948544,266.1269030442272,268.7073974609375,51086700,0.0,0.0,0.42177999999999993
2025-10-30,270.98897852374654,273.131090148023,267.49191714200913,270.4011535644531,69886500,0.0,0.0,0.26006250000000003
2025-10-31,275.9705701844509,276.29937269597025,268.16940070155243,269.37493896484375,86167100,0.0,0.0,0.12566666666666668
2025-11-03,269.424736694289,269.8531467885877,265.2700709373508,268.05975341796875,50194600,0.0,0.0,0.2525892857142857
2025-11-04,267.3424445625432,270.49081837885313,266.6350661079627,269.0461730957031,49274800,0.0,0.0,0.3692857142857143
2025-11-05,267.6214146886098,270.7000692568828,265.94760492323326,269.14581298828125,43683100,0.0,0.0,0.2325666666666667
2025-11-06,266.90407480138714,272.3937751745226,266.90407480138714,268.7771301269531,51204000,0.0,0.0,0.19058999999999998
2025-11-07,268.8069946610708,271.28785094446636,265.78814772800683,267.4819030761719,48227400,0.0,0.0,0.010075
2025-11-10,268.22988302493957,272.9869540449525,266.7339548671466,268.6986083984375,41312400,0.26,0.0,0.4662142857142858
2025-11-11,269.0776024957972,275.1610502271484,269.06761990152603,274.5028381347656,46208300,0.0,0.0,0.36493749999999997
2025-11-12,274.25347600982695,274.9815052844664,270.9624464716027,272.7276306152344,48398000,0.0,0.0,0.29675
2025-11-13,273.36590026791555,275.9488963676571,271.3513946141157,272.2090759277344,49602800,0.0,0.0,0.030450000000000005
2025-11-14,270.31420819279356,275.21088338895913,268.8681625557137,271.6705322265625,47431300,0.0,0.0,0.24180000000000001
2025-11-17,268.09027174019775,269.7557213346742,265.00866346949266,266.73394775390625,45018300,0.0,0.0,0.07855
2025-11-18,269.2570854665072,269.9751321987233,264.59977951795884,266.7140197753906,45677300,0.0,0.0,0.16899999999999998
2025-11-19,264.80918960656476,271.47104873805114,264.77927226211665,267.8309631347656,40424500,0.0,0.0,0.2295583333333333
2025-11-20,270.09480618650156,274.68232536305425,265.1981613886433,265.5272521972656,45823600,0.0,0.0,0.2607785714285714
2025-11-21,265.22808167538,272.5880228442522,264.9488429624803,270.7530212402344,59030800,0.0,0.0,0.3198666666666667
2025-11-24,270.164627965921,276.24807542504453,270.164627965921,275.1710205078125,65585800,0.0,0.0,0.3528375
2025-11-25,274.52274228722064,279.6188865292943,274.5028075356392,276.2181396484375,46914200,0.0,0.0,0.3152916666666667
2025-11-26,276.2081750495132,278.7712060098946,275.8790842359358,276.79656982421875,33431400,0.0,0.0,0.4995
2025-11-28,276.5073375714406,278.2426042891834,275.2407657367699,278.093017578125,20135600,0.0,0.0,0.48947499999999994
2025-12-01,277.255303275414,282.650620542313,275.390384584981,282.33148193359375,46587700,0.0,0.0,0.266425
2025-12-02,282.231773534172,286.619823290159,281.86278279875575,285.4131164550781,53669500,0.0,0.0,0.20841000000000004
2025-12-03,285.4231155973949,287.8365294074879,282.5309633672564,283.378662109375,43538700,0.0,0.0,0.15915833333333335
2025-12-04,283.32881389666403,283.9571086251454,277.8337611056945,279.93804931640625,43989100,0.0,0.0,0.2113083333333333
2025-12-05,279.77848663840757,280.37686403379615,277.29522501275557,278.02325439453125,47265800,0.0,0.0,0.1709
2025-12-08,277.374989388386,278.9108174051644,275.4003533668138,277.1356506347656,38211800,0.0,0.0,0.19742999999999997
2025-12-09,277.40493251311347,279.2698514894354,276.16830825817004,276.4275817871094,32193300,0.0,0.0,0.4188200000000001
2025-12-10,276.99605153243056,278.9906225605669,275.6896099437804,278.02325439453125,33038300,0.0,0.0,-0.010699999999999987
2025-12-11,278.342340640522,278.83100071126506,273.06669274298736,277.2752380371094,33248000,0.0,0.0,0.41333571428571425
2025-12-12,277.14562382282355,278.4620479370953,276.0685689150702,277.52459716796875,39532900,0.0,0.0,0.4006083333333334
2025-12-15,279.3894873363706,279.3894873363706,272.0993337942639,273.3658752441406,50409100,0.0,0.0,0.32606250000000003
2025-12-16,272.07941349564567,274.752131096348,271.0522107383373,273.8645324707031,37648600,0.0,0.0,0.3936444444444444
2025-12-17,274.2634587890498,275.41033087528734,270.9026119684932,271.10205078125,50138700,0.0,0.0,0.20985833333333334
2025-12-18,272.86723904028526,272.8872042261758,266.22534517191764,271.45111083984375,51630700,0.0,0.0,0.39108124999999994
2025-12-19,271.4112306527045,273.8545921928022,269.1673383776201,272.9271240234375,144632000,0.0,0.0,0.33785
2025-12-22,272.1193204151364,273.1365711538121,269.775723721713,270.2344665527344,36571800,0.0,0.0,0.531325
2025-12-23,270.1048034873943,271.7603010837797,268.8282792538215,271.62066650390625,29642000,0.0,0.0,0.3689125
2025-12-24,271.60073103225574,274.68233959340455,271.46112688748974,273.0667419433594,17910600,0.0,0.0,0.6985875
2025-12-26,273.4157529954652,274.6224597374741,272.11926379011726,272.6578063964844,21521800,0.0,0.0,0.3982
2025-12-29,271.9497734782625,273.61522314661676,271.6107000753325,273.0168762207031,23715200,0.0,0.0,0.6243722222222222
2025-12-30,272.06942798009953,273.3359694836473,271.54086793463244,272.33868408203125,22139600,0.0,0.0,0.39429999999999993
2025-12-31,272.3187639976345,272.9370761103812,271.0123224859311,271.12200927734375,27293600,0.0,0.0,0.4373214285714286
2026-01-02,271.52092924369913,277.0857683126949,268.2697691424855,270.2743225097656,37838100,0.0,0.0,0.26645833333333335
2026-01-05,269.9053450243044,270.7729784841199,265.41756056202854,266.5345153808594,45647200,0.0,0.0,0.4529714285714285
2026-01-06,266.27521573774703,266.82371056256306,261.40845786144683,261.6477966308594,52352100,0.0,0.0,0.34395454545454546
2026-01-07,262.48552563718374,262.964203143993,259.1047135716701,259.623291015625,48309800,0.0,0.0,0.37344499999999997
2026-01-08,256.32231677215987,258.5861744106298,255.00590778144198,258.33685302734375,50419300,0.0,0.0,0.3707500000000001
2026-01-09,258.3767027680543,259.5036402038468,255.52448097015204,258.6659240722656,39997000,0.0,0.0,0.44137777777777776
2026-01-12,258.45648066308013,260.5906555331263,256.1028713590674,259.54351806640625,45263800,0.0,0.0,0.30934285714285714
2026-01-13,258.0176775418968,261.0992857475004,257.6885867541948,260.3413391113281,45730800,0.0,0.0,0.20929375
2026-01-14,258.78560808748875,261.10930037675524,256.0131555781144,259.25433349609375,40019400,0.0,0.0,0.33809999999999996
2026-01-15,259.9424426175537,260.3313985459844,256.35220896361545,257.5090637207031,39388600,0.0,0.0,0.35578499999999996
2026-01-16,257.1999111311508,258.1971965798445,254.23797213114116,254.8363494873047,72142800,0.0,0.0,0.43185909090909097
2026-01-20,252.04394930256512,254.09835490933511,242.75922413209136,246.0303192138672,80267500,0.0,0.0,0.48728999999999995
2026-01-21,248.02490552393743,250.8771427168815,244.51445623630568,246.97775268554688,54641700,0.0,0.0,0.48025625000000005
2026-01-22,248.52352576906395,250.31864258405668,247.47637302553753,247.67584228515625,39708300,0.0,0.0,0.3012428571428571
2026-01-23,246.6486524137701,248.7329754164565,244.01580413580567,247.36668395996094,41689000,0.0,0.0,0.35607
2026-01-26,250.7973351598156,255.86354695988197,249.12190294519746,254.7166748046875,55969200,0.0,0.0,0.44023
2026-01-27,258.4664593428383,261.23891141767155,257.50904348719195,257.5688781738281,49648300,0.0,0.0,0.47666111111111115
2026-01-28,256.9505880888889,258.1572949521919,253.81911240916085,255.74388122558594,41288000,0.0,0.0,0.2944388888888889
2026-01-29,257.29964922744847,258.94516415300217,253.7193980705993,257.5788879394531,67253000,0.0,0.0,0.4675535714285714
2026-01-30,254.47732177254832,261.1890484668085,251.49543285360957,258.775634765625,92443400,0.0,0.0,0.3340333333333334
2026-02-02,259.3241487899344,269.7557466562268,258.50636737104884,269.2770690917969,73913400,0.0,0.0,0.34499
2026-02-03,268.4692659190308,271.1419837262723,266.88355520832346,268.7485046386719,64394700,0.0,0.0,0.4601375
2026-02-04,271.5508603406617,278.19278500760885,271.5508603406617,275.73944091796875,90545700,0.0,0.0,0.2764142857142857
2026-02-05,277.3749854862336,278.7412615768201,272.48829324857786,275.1610107421875,52977400,0.0,0.0,0.5340999999999999
2026-02-06,276.3677353153735,280.14745564173626,276.1782486476445,277.3650207519531,50453400,0.0,0.0,0.439075
2026-02-09,277.41494619870406,277.70443813431814,271.2160169672847,274.13079833984375,44623400,0.26,0.0,0.36918333333333325
2026-02-10,274.40031021957236,274.87943562430115,272.4537718732244,273.19244384765625,34376900,0.0,0.0,0.4750642857142857
2026-02-11,274.2106536370846,279.6808719096702,273.9610989943363,275.00921630859375,51931300,0.0,0.0,0.4026142857142857
2026-02-12,275.0990585104662,275.22883180172755,259.71650632997444,261.2637634277344,81077200,0.0,0.0,0.32998
2026-02-13,261.5432690161623,261.7628783299504,254.9949421084194,255.32435607910156,56290700,0.0,0.0,0.3290416666666667
2026-02-17,257.5903108294174,265.8156532326085,255.08478749757862,263.4099426269531,58469100,0.0,0.0,0.33510454545454543
2026-02-18,263.13045584681157,266.3447212846438,261.9825104325609,263.8791198730469,34203300,0.0,0.0,0.3556857142857143
2026-02-19,262.13220471573277,264.00886051677537,259.5867290635135,260.11578369140625,30845300,0.0,0.0,0.3307583333333333
2026-02-20,258.50868117461044,264.2783836675007,257.7001265171608,264.1086730957031,42070500,0.0,0.0,0.4772
2026-02-23,263.0206001676805,268.95002088588865,262.91081074777924,265.705810546875,37308200,0.0,0.0,0.3428583333333333
2026-02-24,267.38283777638213,274.4003442568012,267.233111068832,271.6552429199219,47014600,0.0,0.0,0.37509166666666666
2026-02-25,271.29586819299504,274.45024283739696,270.567157599074,273.74151611328125,33714300,0.0,0.0,0.059050000000000026
2026-02-26,274.4602128097023,275.61811956353745,270.31758130113775,272.4637756347656,32345100,0.0,0.0,0.4051772727272727
2026-02-27,272.3240439665745,272.3240439665745,262.4217314181026,263.70941162109375,72366500,0.0,0.0,0.16111
2026-03-02,261.94253069595567,266.05518620599753,259.73647625260065,264.2484130859375,41827900,0.0,0.0,0.2548416666666667
2026-03-03,263.0106738027697,265.08695529305965,259.6666350681776,263.2801818847656,38568900,0.0,0.0,0.31510000000000005
2026-03-04,264.17854815272653,265.67587606267574,260.95432154975975,262.0523376464844,39803100,0.0,0.0,0.2741944444444445
2026-03-05,260.3254337562426,261.09405110124777,256.79173142961054,259.8263244628906,49658600,0.0,0.0,0.3384916666666667
2026-03-06,258.16927189629365,258.3090066542827,253.916851068475,257.0013427734375,41120000,0.0,0.0,0.33381666666666665
2026-03-09,255.2345148744848,260.68477987096253,253.22808575123491,259.41705322265625,38218500,0.0,0.0,0.1551857142857143
2026-03-10,257.19102845716964,262.01244158439727,256.4922936817907,260.3653564453125,30590800,0.0,0.0,0.038883333333333325
2026-03-11,260.624897946549,261.6630538494394,259.08763272962494,260.34539794921875,26218900,0.0,0.0,0.3144
2026-03-12,258.1992408199258,258.48873275942157,253.7272102811576,255.3043975830078,40794000,0.0,0.0,0.3826375
2026-03-13,255.024890934378,255.87336762960538,249.07551643845036,249.6744384765625,36930000,0.0,0.0,0.39043750000000005
2026-03-16,251.66090222791988,253.43773019062647,249.4348789230203,252.36964416503906,32074200,0.0,0.0,0.4412166666666666
2026-03-17,252.5093881906664,254.67552076289968,251.7307636559193,253.77711486816406,32361600,0.0,0.0,0.3171625
2026-03-18,252.1799767808244,254.48585937367065,248.55643828829037,249.49476623535156,35757900,0.0,0.0,0.08415
2026-03-19,248.95572868612365,251.38140795985734,246.85947863088072,248.5165252685547,34864100,0.0,0.0,0.5477875
2026-03-20,247.53824109812177,248.75606899357115,245.56177255944445,247.54823303222656,88331100,0.0,0.0,0.4349375
2026-03-23,253.51758537106093,254.14646797882926,249.83415620831627,251.04200744628906,40546100,0.0,0.0,0.14224444444444445
2026-03-24,249.90403139868116,254.37604644028636,249.10545347620703,251.1917266845703,45152300,0.0,0.0,0.135575
2026-03-25,253.6473574345128,254.5457480998694,251.15181088451408,252.16998291015625,28476700,0.0,0.0,0.5363
2026-03-26,251.67088153367666,256.5421934269488,250.32329549316128,252.43951416015625,41796700,0.0,0.0,0.4305785714285714
2026-03-27,253.4477020992108,255.03488128462607,247.6281009352486,248.35679626464844,47900000,0.0,0.0,0.5304062500000001
2026-03-30,249.62453299565456,250.4230956915925,245.07264337813007,246.19065856933594,39446200,0.0,0.0,0.6442166666666668
2026-03-31,247.4683905467953,255.02489784868362,246.65983587287727,253.33790588378906,49598100,0.0,0.0,0.3352607142857143
2026-04-01,253.6273948962928,255.72364490973627,252.8787309132899,255.1746368408203,40059400,0.0,0.0,0.25627727272727274
2026-04-02,253.74717405681358,255.6737439434535,250.20349485503914,255.464111328125,31289400,0.0,0.0,0.39325
2026-04-06,256.0530752925303,261.6930045642991,256.0031460821725,258.39886474609375,29329900,0.0,0.0,-0.07469999999999999
2026-04-07,255.70368128016966,255.7436185540334,245.2623079794448,253.0484161376953,62148000,0.0,0.0,0.3940208333333333
2026-04-08,257.9896321241455,259.28730423338584,256.07303883918246,258.4388122558594,41032800,0.0,0.0,0.31611249999999996
2026-04-09,258.5386343954405,260.6548530924392,255.61386101634736,260.0259704589844,28121600,0.0,0.0,-0.008333333333333323
2026-04-10,259.5168819122501,261.7229364827484,258.5585701252562,260.0159912109375,31291500,0.0,0.0,0.6891833333333333
2026-04-13,259.2673359057164,259.71651601158027,256.2027973984465,258.73828125,36234700,0.0,0.0,0.5216999999999999
2026-04-14,258.7881922504944,261.4634109961452,256.7318642110386,258.3689270019531,48370700,0.0,0.0,0.5451857142857143
2026-04-15,257.7001261657452,266.08515659729386,257.35074355126085,265.95538330078125,49913500,0.0,0.0,0.35340999999999995
2026-04-16,266.3247234477873,266.68409800240715,260.80457553569033,262.9307861328125,43323100,0.0,0.0,0.38602142857142857
2026-04-17,266.4844323486072,271.8149160854778,266.24486962975914,269.7486267089844,61436200,0.0,0.0,0.39337
2026-04-20,269.84841238867654,273.7913879220191,269.80850557942483,272.5635681152344,36590200,0.0,0.0,0.39014166666666666
2026-04-21,271.0163536236942,272.3140256362382,264.9272139873882,265.69586181640625,50209800,0.0,0.0,0.25914000000000004
2026-04-22,267.3429346055621,273.2523721409737,266.39461467279705,272.68341064453125,43249200,0.0,0.0,0.39234
2026-04-23,274.56001085217736,275.2787294551341,271.1660737405759,272.9429016113281,33399600,0.0,0.0,0.1259142857142857
2026-04-24,272.2741016414235,272.5735550213531,269.16962610782736,270.5771179199219,38157100,0.0,0.0,0.3719625
2026-04-27,265.6159889280984,267.88193422863776,264.59781690250213,267.1332702636719,41466800,0.0,0.0,0.31344583333333337
2026-04-28,271.8548539018017,272.7432830913257,268.181416710472,270.2277526855469,40018900,0.0,0.0,0.4497
2026-04-29,267.07336249706583,270.55716597281076,266.56429174844374,269.688720703125,30047900,0.0,0.0,0.38144285714285714
2026-04-30,270.018146234023,275.50834883767226,267.6623648300734,270.86663818359375,91848200,0.0,0.0,0.51605
2026-05-01,278.3632420760759,286.70836594964845,277.8741246788477,279.6409912109375,79915400,0.0,0.0,0.20285454545454543
2026-05-04,279.16179801165765,280.13007120517506,274.3703307853319,276.3368225097656,46668400,0.0,0.0,0.45977142857142855
2026-05-05,276.43668191704,284.0630869835518,276.00745521106614,283.67376708984375,49311700,0.0,0.0,0.32136818181818183
2026-05-06,281.4178249779708,287.5169265187869,280.5693330033821,286.99786376953125,58336100,0.0,0.0,0.32295
2026-05-07,288.75470528792926,291.6096265406606,285.2709318587503,286.927978515625,45224300,0.0,0.0,0.07201999999999999
2026-05-08,289.49338424193445,294.2349225642168,289.48339230776435,292.7974853515625,52692800,0.0,0.0,0.52899
2026-05-11,291.72841688276577,293.6267735875138,289.979924827367,292.42779541015625,42247300,0.27,0.0,-0.07090000000000002
2026-05-12,292.3078994315659,295.0155556946294,292.3078994315659,294.54595947265625,45748100,0.0,0.0,0.1695227272727273
2026-05-13,293.24708951115105,300.6607090744109,293.24708951115105,298.6124572753906,52684300,0.0,0.0,0.1632625
2026-05-14,299.5616620172475,300.1911240450107,295.12548538387824,297.9530334472656,35324900,0.0,0.0,0.5005083333333333
2026-05-15,297.643304079477,302.93875555297063,296.26448829773227,299.9713134765625,54862800,0.0,0.0,0.10778750000000001
2026-05-18,299.98126929450746,300.4009207908792,294.6558756451712,297.5833435058594,34483000,0.0,0.0,0.01039375
2026-05-19,296.7140952726279,300.2510533099592,296.09463441963413,298.7123718261719,42243600,0.0,0.0,0.34611250000000005
2026-05-20,297.9230626302997,302.5390768782648,297.82314269813475,301.98956298828125,38229800,0.0,0.0,0.244125
2026-05-21,300.80056674721834,305.27671719779084,300.1411318265125,304.7271728515625,42965100,0.0,0.0,0.3527
2026-05-22,305.85620846339293,311.13165741506583,305.57645096183757,308.55389404296875,43670200,0.0,0.0,0.4045375
2026-05-26,309.29325163060713,311.5513139598484,307.4048960873393,308.0643005371094,48000500,0.0,0.0,0.4235333333333333
2026-05-27,308.0643052358437,312.9900803339556,308.0343323058515,310.5821533203125,50430900,0.0,0.0,0.10818333333333337
2026-05-28,310.412282475935,312.5304508120942,309.30325358892543,312.24072265625,48220400,0.0,0.0,-0.005707142857142847
2026-05-29,311.5113496628706,314.7285763294451,309.2632884033746,311.7911071777344,70026800,0.0,0.0,0.3353357142857143
2026-06-01,309.363197507879,310.67206624496237,304.7571540774977,306.0460510253906,48849900,0.0,0.0,0.3223642857142857
2026-06-02,307.1950545511415,315.1781903378333,306.42572903356995,314.92840576171875,44534700,0.0,0.0,0.5869
2026-06-03,313.9092501546009,316.6668815001487,308.5838566628498,309.9926452636719,50836700,0.0,0.0,0.4813875000000001
2026-06-04,312.96009909963743,313.26982953176514,309.38316692864953,310.9618225097656,44869100,0.0,0.0,0.5121166666666667
2026-06-05,312.5903972939029,314.8984348439246,306.8853260765596,307.0751647949219,65310500,0.0,0.0,0.3515111111111111
2026-06-08,308.4739595974908,317.1265012321255,300.9105055796523,301.2801818847656,77949100,0.0,0.0,0.3347708333333333
2026-06-09,300.0212482417878,300.4908444635933,287.5320194610898,290.29962158203125,70108800,0.0,0.0,0.33767777777777774
2026-06-10,290.4894628291428,294.4960172141002,287.1323727394638,291.3287353515625,52793300,0.0,0.0,0.39200714285714294
2026-06-11,293.4668864344149,296.7440586571729,289.3404406054596,295.375244140625,42572500,0.0,0.0,0.32477
2026-06-12,295.7749221682621,296.88398158337014,289.3704417369658,290.879150390625,38742100,0.0,0.0,0.36921428571428566
2026-06-15,293.8665449684006,297.5233947188816,291.4486474146935,296.1645812988281,45732600,0.0,0.0,0.5269285714285715
2026-06-16,294.99559499590845,300.2210994929347,293.71669913987887,298.9821472167969,39874400,0.0,0.0,0.3113166666666667
2026-06-17,300.59074812548096,301.8096980081642,294.10632015937927,295.6949768066406,42745100,0.0,0.0,0.3748857142857142
2026-06-18,297.8530937792582,300.31099586682666,295.3652492546472,297.7532043457031,85962200,0.0,0.0,0.39792222222222207
2026-06-22,297.05381866220307,302.1594314563154,296.5043047694293,296.75408935546875,44879900,0.0,0.0,0.45858333333333334
2026-06-23,297.2836155142734,301.3800886038737,293.9264950024863,294.04638671875,52010900,0.0,0.0,0.25305833333333333
2026-06-24,295.1054570720635,299.4417438827621,292.68755959702736,292.8274230957031,53081900,0.0,0.0,0.41637500000000005
2026-06-25,287.1523472601469,288.55113481081804,273.5141152813601,274.91290283203125,107013700,0.0,0.0,0.3639823529411765
2026-06-26,274.7630284991681,285.70360492137456,273.9737007161028,283.53546142578125,261775500,0.0,0.0,0.217505
2026-06-29,286.4829438934296,288.12151489662153,279.6088673150861,281.4972229003906,66427000,0.0,0.0,0.12054999999999998
2026-06-30,280.9277417485351,289.69017405322865,280.45814550695326,289.11065673828125,65100200,0.0,0.0,0.19150312500000005
2026-07-01,293.1871503157195,296.33442991747245,288.95081360688545,294.1263427734375,50164200,0.0,0.0,0.332715
2026-07-02,293.866538367699,309.15337194761725,293.4269150966668,308.3640441894531,75352800,0.0,0.0,0.23929999999999996
2026-07-06,307.0951430290638,313.9292760509671,306.7354678654279,312.3905944824219,53590000,0.0,0.0,0.3962611111111112
2026-07-07,315.0183186077797,315.20815732134815,309.88273318392555,310.3923034667969,42490000,0.0,0.0,0.33633749999999996
2026-07-08,311.6412289475945,314.5487250421545,306.7854009831778,313.1199645996094,41323500,0.0,0.0,0.4780875
2026-07-09,310.24243869469103,316.2572401947346,307.8944576262147,315.947509765625,48124500,0.0,0.0,0.6939
2026-07-10,314.4488202226986,316.6369356310425,311.9010296470402,315.0483093261719,34132300,0.0,0.0,0.35636666666666666
2026-07-13,316.7468014245228,323.171283634363,315.5078797345754,317.03656005859375,43257800,0.0,0.0,0.5055
2026-07-14,313.48965629761443,315.91755515351207,311.64124426456783,314.58868408203125,36336800,0.0,0.0,0.5735166666666667
2026-07-15,317.34631234952286,328.44675508114506,317.0465830462295,327.2178039550781,60957600,0.0,0.0,0.114475
2026-07-16,327.72736328456057,334.3915986652446,326.50841333986017,332.97283935546875,62970600,0.0,0.0,0.45924090909090914
2026-07-17,331.693929977533,334.7013154010385,328.71648699084636,333.452392578125,63407100,0.0,0.0,0.35145
2026-07-20,333.2226134619852,333.4224228207836,323.4010672140761,326.3085632324219,53468000,0.0,0.0,0.4511785714285715
2026-07-21,322.85156758462244,329.3159936819017,321.94234806189104,327.45758056640625,41338900,0.0,0.0,0.34861666666666663
2026-07-22,327.58746619388995,328.7164973399543,323.0613709608057,325.60919189453125,38755900,0.0,0.0,0.43801666666666667
2026-07-23,321.4527900194849,323.0214140443725,319.0748358849152,321.3828430175781,40840800,0.0,0.0,0.4061388888888889
2026-07-24,321.5127284115298,334.0818750563203,321.3428614810286,332.7330322265625,47489400,0.0,0.0,0.3662357142857143
2026-07-27,334.2517370375488,339.277401491225,333.73216560461384,336.61968994140625,49604300,0.0,0.0,0.17970833333333333
2026-07-28,339.73698155301014,342.59453283396704,335.31080637618777,339.78692626953125,51859000,0.0,0.0,0.37194000000000005
2026-07-29,339.43727163464206,344.2730974331505,337.0593175600121,337.8985900878906,56090800,0.0,0.0,0.4945555555555555
2026-07-30,332.8129674612056,334.4615395264105,329.30598233808786,333.1426696777344,74817800,0.0,0.0,0.6411875
2026-07-31,304.54735603914753,310.4222943774597,299.7415030462749,308.6438293457031,132489100,0.0,0.0,0.2873875
2026-08-03,309.313234694189,311.5313230344714,302.29929450581176,303.1585693359375,75052000,0.0,0.0,0.33368333333333333
2026-08-04,302.46913991298527,310.1525156602479,301.0603512911937,309.1134033203125,68001000,0.0,0.0,0.225275
2026-08-05,309.09342362565195,311.4414048335362,305.40663118634393,310.7320251464844,49438800,0.0,0.0,0.46849999999999997
2026-08-06,314.06913775686996,316.0174696892129,308.96355554648414,312.14080810546875,46139900,0.0,0.0,0.4798833333333334
2026-08-07,311.1816431226555,314.53873325457766,310.47223295908327,313.05999755859375,34437200,0.0,0.0,0.45852857142857145
2026-08-10,306.8299865722656,308.260009765625,304.6099853515625,308.260009765625,44812500,0.27,0.0,0.46965
2026-08-11,307.75,309.9700012207031,302.7900085449219,304.9100036621094,37476700,0.0,0.0,0.43549
2026-08-12,305.1000061035156,305.6600036621094,300.57000732421875,302.25,41657800,0.0,0.0,0.23227500000000004
2026-08-13,304.2099914550781,306.0,302.04998779296875,305.260009765625,40349300,0.0,0.0,0.39031666666666665
2026-08-14,306.0,307.489990234375,304.29998779296875,305.92999267578125,28229400,0.0,0.0,0.41912499999999997
2026-08-17,306.2099914550781,307.6600036621094,302.94000244140625,305.5899963378906,38169300,0.0,0.0,0.42405
2026-08-18,307.5799865722656,311.489990234375,305.739990234375,310.0299987792969,53424500,0.0,0.0,0.39402499999999996
2026-08-19,310.1400146484375,319.2799987792969,309.6000061035156,316.8299865722656,50505600,0.0,0.0,0.6891499999999999
2026-08-20,317.4599914550781,320.2799987792969,310.6499938964844,311.29998779296875,40959200,0.0,0.0,0.408575
2026-08-21,312.04998779296875,312.3800048828125,307.010009765625,309.3500061035156,46876800,0.0,0.0,0.482475
2026-08-24,311.4700012207031,313.3599853515625,309.9700012207031,310.3399963378906,34673600,0.0,0.0,0.08717000000000001
2026-08-25,310.7900085449219,313.5899963378906,308.2099914550781,309.8999938964844,25869800,0.0,0.0,0.5437062500000001
2026-08-26,310.29998779296875,315.42999267578125,308.79998779296875,313.45001220703125,34024500,0.0,0.0,0.5670333333333334
2026-08-27,310.54998779296875,315.3999938964844,309.3999938964844,314.5799865722656,32419200,0.0,0.0,0.47845000000000004
2026-08-28,316.8500061035156,322.3699951171875,315.45001220703125,319.70001220703125,38649400,0.0,0.0,0.32735
2026-08-31,319.6000061035156,321.239990234375,312.79998779296875,316.8500061035156,41242700,0.0,0.0,0.4069
2026-09-01,316.9800109863281,327.29998779296875,314.7300109863281,325.1300048828125,53167400,0.0,0.0,0.3031000000000001
2026-09-02,326.8699951171875,328.3999938964844,323.5299987792969,324.9599914550781,33746700,0.0,0.0,0.35939499999999996
2026-09-03,324.94769287109375,330.80999755859375,324.1099853515625,330.052001953125,16474749,0.0,0.0,0.48320625
