Date,Open,High,Low,Close,Volume,Dividends,Stock Splits,sent
2021-09-07,175.51033640061416,179.90245655796474,174.5698589034511,178.72927856445312,10702900,0.0,0.0,0.0
2021-09-08,178.72927410657925,181.75432130621766,178.32205934389643,179.51461791992188,8634000,0.0,0.0,0.0
2021-09-09,179.51461787198062,181.8706641057394,178.9522842434451,180.25149536132812,7190700,0.0,0.0,0.0
2021-09-10,180.68778745403287,181.40526950396705,178.40930815613078,178.51596069335938,5572200,0.0,0.0,0.0
2021-09-13,179.48551546324396,180.14482606109797,177.9148279830921,179.3497772216797,6818200,0.0,0.0,0.0
2021-09-14,179.33040646548187,179.49523042541236,176.60592159079198,176.8483123779297,6185900,0.0,0.0,0.0
2021-09-15,176.51867026639175,179.03954045331668,175.58789789799738,178.79714965820312,5933400,0.0,0.0,0.0
2021-09-16,178.37054942051535,179.02015501225605,176.57685151908677,177.7597198486328,5678200,0.0,0.0,0.0
2021-09-17,177.34280443372168,180.2417888674711,177.1682753686193,177.88575744628906,10035100,0.0,0.0,0.0
2021-09-20,174.26930199071015,175.37460349194674,171.17639288966046,173.17369079589844,8056600,0.0,0.0,0.0
2021-09-21,174.83165688778902,176.68351149973205,163.88527922578635,165.96014404296875,23216000,0.0,0.0,0.0
2021-09-22,167.6762425169841,170.00318800643234,166.43520295003057,168.3646240234375,14214500,0.0,0.0,0.0
2021-09-23,169.615372740546,171.7968897368891,169.0627146668468,170.885498046875,8052900,0.0,0.0,0.0
2021-09-24,169.96445134151014,171.3218340588805,169.7511462295859,170.6431427001953,5712800,0.0,0.0,0.0
2021-09-27,171.25397244832288,173.98813329374659,170.6043668049266,172.8343505859375,7755000,0.0,0.0,0.0
2021-09-28,172.33984514585248,172.58223592664834,168.56824518844337,169.20816040039062,9133100,0.0,0.0,0.0
2021-09-29,168.94636972379718,169.63476603247656,167.3368914314495,167.4241485595703,6240800,0.0,0.0,0.0
2021-09-30,167.83138696128916,168.3937205685107,163.95313436640652,164.02099609375,13978000,0.0,0.0,0.0
2021-10-01,167.0363650450853,171.9229723883928,166.7358027875554,170.65283203125,12165000,0.0,0.0,0.0
2021-10-04,170.21650897561156,170.60434312300157,167.41447198604382,168.18043518066406,7200600,0.0,0.0,0.0
2021-10-05,168.5391521366586,170.87580271239133,168.32584707530117,169.29541015625,6798200,0.0,0.0,0.0
2021-10-06,167.73443393482424,170.36195672158775,166.32857025088998,170.13894653320312,6005200,0.0,0.0,0.0
2021-10-07,172.29136606725575,174.16263061018435,171.9326324416327,172.3010711669922,7780000,0.0,0.0,0.0
2021-10-08,172.51436341928732,173.16398374596596,171.03093298986195,171.360595703125,4132200,0.0,0.0,0.0
2021-10-11,170.6625095560282,171.1472911303198,168.19981087378562,168.2386016845703,8046300,0.0,0.0,0.0
2021-10-12,168.3355501100142,169.17908011439292,167.29812522801325,167.8604736328125,5188400,0.0,0.0,0.0
2021-10-13,168.34525372566904,168.41311545280254,165.73712649658302,167.69564819335938,8914700,0.0,0.0,0.0
2021-10-14,168.77185356608425,170.66249862586216,168.703977048738,169.10150146484375,7450200,0.0,0.0,0.0
2021-10-15,170.34254359786408,173.4451425624851,168.80094181777469,171.089111328125,13943900,0.0,0.0,0.0
2021-10-18,167.11391382031718,168.06408161433149,164.63183439427797,165.93104553222656,20494800,0.0,0.0,0.0
2021-10-19,166.22192929248826,166.35766755844568,165.00027010450998,165.96983337402344,9669500,0.0,0.0,0.0
2021-10-20,165.76622356283733,165.81470468231635,164.7094032122531,165.3590087890625,9737600,0.0,0.0,0.0
2021-10-21,165.0196527734866,167.24965108009323,164.92270533063606,166.1249542236328,7509000,0.0,0.0,0.0
2021-10-22,165.37838842223593,165.6013837973379,163.4683478929508,164.2633819580078,7854300,0.0,0.0,0.0
2021-10-25,164.72878763369832,167.31753448900636,163.88527235382816,166.77456665039062,9798700,0.0,0.0,0.0
2021-10-26,167.68597132291833,167.8507953101153,165.51415897927643,166.8036651611328,5850200,0.0,0.0,0.0
2021-10-27,166.54185072945089,166.80362210335275,164.27306192846058,164.38941955566406,7054700,0.0,0.0,0.0
2021-10-28,164.32156273600566,165.1650927583148,163.46835720227725,164.51547241210938,7884500,0.0,0.0,0.0
2021-10-29,163.87559114233426,165.27176464468167,163.0320610212884,163.924072265625,7598800,0.0,0.0,0.0
2021-11-01,164.05979619214222,166.03769861798534,163.9434385475441,165.0099639892578,8182900,0.0,0.0,0.0
2021-11-02,164.85482886958965,165.64987779081773,163.83678455592258,164.66091918945312,6777200,0.0,0.0,0.0
2021-11-03,164.53488154112117,165.00997286240644,163.24536063565645,164.9033203125,6829300,0.0,0.0,0.0
2021-11-04,164.85482295505278,165.23295199577888,163.53621646532804,165.0972137451172,7505500,0.0,0.0,0.0
2021-11-05,168.2192038410132,171.60298450649344,167.08481674893585,170.2843780517578,16859200,0.0,0.0,0.0
2021-11-08,173.25126078889363,173.79421384580505,170.74009550349774,171.4866485595703,10584600,0.0,0.0,0.0
2021-11-09,171.56420513821115,171.72902910675063,167.93804824162245,169.78021240234375,7293300,0.0,0.0,0.0
2021-11-10,169.37300506942103,171.48664583515543,168.577956109888,169.1403045654297,11045800,0.0,0.0,0.0
2021-11-11,157.93213082789921,158.96957043345222,153.51092551328676,157.17587280273438,62366500,0.0,0.0,0.0
2021-11-12,158.5429934311589,158.6302505766715,154.09268668331418,154.77139282226562,25638400,0.0,0.0,0.0
2021-11-15,155.21737340435274,155.82820297134006,152.8613418648773,153.60789489746094,21285300,0.0,0.0,0.0
2021-11-16,154.21870765567783,155.36279983149873,153.7242357899483,153.99571228027344,15516200,0.0,0.0,0.0
2021-11-17,153.89874901968292,154.0538826686466,151.9790181954244,152.54136657714844,14695500,0.0,0.0,0.0
2021-11-18,152.3086546174697,152.51226936567394,149.0315415978175,150.84461975097656,14487700,0.0,0.0,0.0
2021-11-19,150.30170282215943,150.48592221124895,148.12018545646848,149.312744140625,16776500,0.0,0.0,0.0
2021-11-22,148.56616353004966,151.07734343702583,147.92626306806721,149.46786499023438,12790400,0.0,0.0,0.0
2021-11-23,149.1576063428439,149.55513082469395,145.61870640963122,146.43313598632812,17382900,0.0,0.0,0.0
2021-11-24,146.1034782041885,146.80156487849786,144.27100438271648,146.7336883544922,14123700,0.0,0.0,0.0
2021-11-26,142.33186446622497,144.31947175813536,141.4107824902739,143.60198974609375,12027700,0.0,0.0,0.0
2021-11-29,144.28068985813587,144.75578112718955,139.8594842651026,143.31112670898438,21231300,0.0,0.0,0.0
2021-11-30,142.25432787497368,142.79728095326288,138.75420378704297,140.48971557617188,26011100,0.0,0.0,0.0
2021-12-01,142.23491003221372,143.85407870471002,137.71674223795148,137.82339477539062,16469000,0.0,0.0,0.0
2021-12-02,138.49241482752845,143.1560118191468,138.4245530912596,142.71971130371094,18177700,0.0,0.0,0.0
2021-12-03,143.31113317607122,143.8056198728429,139.92736710122614,141.76953125,14975600,0.0,0.0,0.0
2021-12-06,142.79725122364027,146.1519460365861,142.20581714484538,145.79319763183594,14333900,0.0,0.0,0.0
2021-12-07,147.21846698868978,148.1104633225354,145.16299781914813,146.21981811523438,14661100,0.0,0.0,0.0
2021-12-08,146.31677449764842,148.983073086902,145.97742148672702,148.6728057861328,12886300,0.0,0.0,0.0
2021-12-09,147.63539806939517,149.59390515392664,147.08273992365213,148.28500366210938,11862300,0.0,0.0,0.0
2021-12-10,148.90551167375145,149.95264166036714,146.84033741172945,148.06199645996094,10247900,0.0,0.0,0.0
2021-12-13,147.4899435058151,147.8583822416616,144.7460779813516,145.85137939453125,10195800,0.0,0.0,0.0
2021-12-14,144.71697797778486,147.00514740646702,143.9995107769743,144.56185913085938,10872000,0.0,0.0,0.0
2021-12-15,144.23219802905732,146.3264578263211,142.8651253340054,145.82228088378906,12231500,0.0,0.0,0.0
2021-12-16,146.74338903490673,147.431770588276,144.057694960312,144.22251892089844,11145600,0.0,0.0,0.0
2021-12-17,143.98981746548847,145.27933822480352,142.10887738978482,144.23220825195312,13785000,0.0,0.0,0.0
2021-12-20,142.50638899948964,143.2335613689034,140.66422491471872,142.0119171142578,11201900,0.0,0.0,0.0
2021-12-21,143.0687488841381,146.8209538771199,142.90392490917196,146.45252990722656,10781400,0.0,0.0,0.0
2021-12-22,145.8416944055993,147.56751571375398,145.3084316880548,147.25726318359375,7820400,0.0,0.0,0.0
2021-12-23,147.6838542349083,149.49693244543434,147.3057104342274,148.9539794921875,6572400,0.0,0.0,0.0
2021-12-27,148.22681303996902,149.33211439395984,146.79184898475646,148.1492462158203,7762000,0.0,0.0,0.0
2021-12-28,147.97472161387037,151.73663132926373,147.77112163942,150.4761962890625,12198700,0.0,0.0,0.0
2021-12-29,149.8556725429479,151.17427896985208,149.48723382540794,150.15623474121094,8737000,0.0,0.0,0.0
2021-12-30,150.97068493705555,152.28929141580863,150.77676047112982,151.18397521972656,7228400,0.0,0.0,0.0
2021-12-31,151.12579636208545,151.80450237071298,150.03020011418,150.17562866210938,6410200,0.0,0.0,0.0
2022-01-03,151.08702190094235,152.76436194653004,150.63132605359948,151.98870849609375,10222800,0.0,0.0,0.0
2022-01-04,153.76301775335946,155.44037266947606,150.81555226108583,150.9900665283203,16582000,0.0,0.0,0.0
2022-01-05,151.7560277171953,154.52897890585098,150.37924982553545,150.4665069580078,12272100,0.0,0.0,0.0
2022-01-06,151.4845502551789,152.9679806751996,149.00245619057205,152.12445068359375,11095300,0.0,0.0,0.0
2022-01-07,152.1244521429195,154.45141257686853,151.53301803032292,153.02615356445312,9554600,0.0,0.0,0.0
2022-01-10,153.1716054531935,153.45278709404784,149.94295790021852,151.8336181640625,8672900,0.0,0.0,0.0
2022-01-11,151.85297076640768,153.404277672537,151.2033652528443,153.08432006835938,8042600,0.0,0.0,0.0
2022-01-12,153.6757615687582,154.15085284531884,151.5718112771779,152.9970703125,6995600,0.0,0.0,0.0
2022-01-13,152.9001156147963,153.70485485629678,150.44712187132308,150.7089080810547,9680600,0.0,0.0,0.0
2022-01-14,147.71296943584238,147.9747408656212,143.9025781088649,147.31544494628906,16832000,0.0,0.0,0.0
2022-01-18,146.51069438315,148.46921617138236,145.26965468222417,147.63539123535156,10419500,0.0,0.0,0.0
2022-01-19,146.24889938095026,148.20742105135963,145.395693884367,145.54112243652344,10413200,0.0,0.0,0.0
2022-01-20,146.31676279543402,148.0134981256201,142.6711962747594,143.12689208984375,11760400,0.0,0.0,0.0
2022-01-21,136.93140247063909,137.55192230818113,132.47142076154324,133.19859313964844,34491800,0.0,0.0,0.0
2022-01-24,130.7165224740285,133.48945912417918,125.32573845892668,133.2761688232422,31419500,0.0,0.0,0.0
2022-01-25,131.17218856758575,133.55732036271007,128.35077111978885,132.3550567626953,14694400,0.0,0.0,0.0
2022-01-26,133.51856658471664,133.99364312632335,128.23443484210492,129.53366088867188,14569900,0.0,0.0,0.0
2022-01-27,130.95892526305033,133.7124815523337,129.9408808140628,131.2982635498047,11913900,0.0,0.0,0.0
2022-01-28,131.09464856473426,134.46872440420924,129.49486038635692,134.41055297851562,10011700,0.0,0.0,0.0
2022-01-31,134.63354857558008,138.7929682568329,134.25541951364798,138.6184539794922,10185500,0.0,0.0,0.0386
2022-02-01,138.6669193970587,140.28608800682338,137.92035166390914,140.09217834472656,8573300,0.0,0.0,0.3432642857142857
2022-02-02,139.80131983230265,140.18913919360756,137.07684961408074,138.2790985107422,9529900,0.0,0.0,0.18147142857142856
2022-02-03,135.73885862121045,137.7167611944576,135.0116861643111,135.7679443359375,9820600,0.0,0.0,0.0759125
2022-02-04,135.77761156586124,138.83174424237268,135.28313970518064,137.69735717773438,8061100,0.0,0.0,0.34816
2022-02-07,139.02565988382744,139.7043511318941,137.29983865544673,138.1724395751953,10937500,0.0,0.0,0.102825
2022-02-08,137.47434018393116,138.54086547090216,136.4563108033368,138.14334106445312,9231700,0.0,0.0,0.18509166666666665
2022-02-09,139.9758430416827,142.86515220697126,138.88993692522385,142.74879455566406,22877400,0.0,0.0,0.2017075
2022-02-10,151.27126229252562,152.70621175901462,146.51070318799478,147.52874755859375,42500300,0.0,0.0,0.17726666666666668
2022-02-11,148.86672293797403,149.9817294625294,144.03830248323112,144.9206085205078,17975200,0.0,0.0,0.08142307692307692
2022-02-14,144.8236418542595,149.05093774713626,144.66852299517996,146.25860595703125,14694700,0.0,0.0,0.37669545454545456
2022-02-15,148.86671107763684,150.13685115918483,147.86806227346398,150.01080322265625,12726000,0.0,0.0,0.25911
2022-02-16,150.26290535476213,151.95964100852436,149.070346723396,151.59121704101562,10656400,0.0,0.0,0.26137727272727274
2022-02-17,149.98173833846408,150.63134392690583,147.9650450457806,148.29469299316406,8110300,0.0,0.0,0.18796363636363636
2022-02-18,148.2559081505523,149.002461140899,145.4829568874305,146.75308227539062,10785500,0.0,0.0,0.32079285714285716
2022-02-22,145.61869972664394,146.20042877143212,143.11722488928174,143.58261108398438,12227200,0.0,0.0,0.46307142857142863
2022-02-23,144.9496948451296,145.1823953333924,141.07144214024322,141.43017578125,9300700,0.0,0.0,-0.07928333333333333
2022-02-24,135.73883488620967,145.0175609150807,135.73883488620967,144.85272216796875,12475500,0.0,0.0,-0.030587499999999997
2022-02-25,145.0078454731917,145.70593204350823,142.7390715168419,144.978759765625,10149500,0.0,0.0,0.38901666666666673
2022-02-28,143.33053091795426,144.9303042945708,142.00223405622592,143.9413604736328,10834700,0.0,0.0,0.2625
2022-03-01,143.35961033121774,143.64077713986822,139.40379083820937,141.26535034179688,8944000,0.0,0.0,0.013990909090909097
2022-03-02,141.85678932070425,143.95104938181242,141.4786602647564,142.85543823242188,7851000,0.0,0.0,0.21577500000000002
2022-03-03,142.8263431316176,144.12555418261604,140.05339197215383,141.13931274414062,8048400,0.0,0.0,0.34065
2022-03-04,139.62680747605813,139.86919830447636,135.30256338191995,136.43695068359375,12913000,0.0,0.0,0.3713625
2022-03-07,136.01032880405208,136.6017629664883,129.37851985744183,129.4366912841797,14549700,0.0,0.0,0.17926874999999998
2022-03-08,128.9712783897073,131.3661002572944,125.35479763596261,127.73992919921875,16552000,0.0,0.0,0.10083500000000001
2022-03-09,131.36613043137726,131.37582073793402,129.30095596897652,129.58212280273438,14673100,0.0,0.0,0.30025625
2022-03-10,128.33139368245682,130.11538653016956,127.61391154410306,129.5724334716797,8447200,0.0,0.0,0.04737857142857144
2022-03-11,130.96857586435874,132.0157057120548,127.56541495511496,127.73992919921875,7058400,0.0,0.0,-0.040584999999999996
2022-03-14,126.99338269147793,129.0197810056059,124.47252726997118,125.10273742675781,9971500,0.0,0.0,0.06987727272727273
2022-03-15,125.79114309385024,130.46443032941795,125.56813289137354,130.11538696289062,9834800,0.0,0.0,0.1602625
2022-03-16,131.52123771002158,134.74988483204922,130.83285614616634,133.93545532226562,10638700,0.0,0.0,0.0821590909090909
2022-03-17,133.25677858443672,135.22499084472656,132.40355817015333,135.22499084472656,6816000,0.0,0.0,0.148435
2022-03-18,135.30255169863,136.44662920867978,134.09059766119037,136.02972412109375,11308800,0.0,0.0,0.25805
2022-03-21,134.67232490584735,135.06015906921272,132.7138178597045,134.40084838867188,9090300,0.0,0.0,0.2215111111111111
2022-03-22,134.8274604102676,137.8621980546684,134.6723267428054,135.8455047607422,8511600,0.0,0.0,-0.061750000000000006
2022-03-23,134.83715130095155,135.5061374319537,133.35370610442536,133.45066833496094,8761300,0.0,0.0,0.2707285714285714
2022-03-24,134.36204532633812,135.0310461784274,133.22765836623972,134.73048400878906,5858800,0.0,0.0,0.11446875000000001
2022-03-25,135.0407522852377,136.10727765168667,133.916055497775,134.90501403808594,5949400,0.0,0.0,0.31866874999999995
2022-03-28,134.6529669433943,135.38013947836617,132.13209623774642,134.49783325195312,8456100,0.0,0.0,0.21190833333333334
2022-03-29,136.66963922689914,140.0631105273449,136.66963922689914,138.04641723632812,11280700,0.0,0.0,0.33891111111111116
2022-03-30,137.0089701933879,138.90932053008453,135.81641162793667,136.6696319580078,7922400,0.0,0.0,0.2578863636363637
2022-03-31,135.87460027787412,136.5920824458848,132.93682466225772,132.9853057861328,12306500,0.0,0.0,0.19224000000000002
2022-04-01,133.15980234641896,133.8966798247246,131.40489537411295,132.8301544189453,10341000,0.0,0.0,0.12052777777777773
2022-04-04,132.8010633132894,135.02135637504318,132.7234964874415,134.362060546875,8174600,0.0,0.0,0.16201250000000003
2022-04-05,133.54764103491277,134.96319502780477,131.01708048088818,131.49215698242188,8694100,0.0,0.0,0.2073875
2022-04-06,129.67906577013085,129.85358002837967,126.82854786386194,128.5349884033203,11679700,0.0,0.0,0.313375
2022-04-07,128.96160186127054,129.15552634571395,126.06261722779071,127.8563003540039,9858700,0.0,0.0,0.34943846153846153
2022-04-08,127.98234831001992,129.06825440997,126.6540513988766,127.8563003540039,6702000,0.0,0.0,0.06548999999999999
2022-04-11,126.08197444695212,128.39922958023132,126.08197444695212,126.67340850830078,9915300,0.0,0.0,0.4045277777777778
2022-04-12,127.7981052252117,129.15550239276993,126.18862698673297,126.85762786865234,7885600,0.0,0.0,0.27432
2022-04-13,127.0612507668982,128.84524337013804,126.77037886989275,128.32168579101562,7694500,0.0,0.0,0.17169285714285717
2022-04-14,128.7676910483144,129.52394918909366,126.38257377181387,126.49891662597656,7283500,0.0,0.0,0.4066166666666666
2022-04-18,126.1110939989466,126.25652256290185,122.96000616494483,123.88108825683594,10571000,0.0,0.0,0.032593750000000005
2022-04-19,124.19134267256601,129.13612074846736,123.90047816039412,127.8853759765625,12767200,0.0,0.0,0.30544
2022-04-20,122.21344495743661,123.47387268571423,120.33248997251097,120.77848815917969,36465700,0.0,0.0,0.02098461538461538
2022-04-21,121.71895642571383,122.60125502891458,117.58861541398973,117.9570541381836,18688600,0.0,0.0,0.14962368421052635
2022-04-22,116.35728769034655,118.1800639371522,114.55389945377924,114.67024230957031,19472800,0.0,0.0,0.04106874999999999
2022-04-25,114.0788020828512,116.66753387952355,113.19649607882822,116.2990951538086,16491000,0.0,0.0,0.04616111111111111
2022-04-26,115.52345866549622,115.52345866549622,112.12028970613575,112.24633026123047,16116000,0.0,0.0,0.15950833333333334
2022-04-27,111.91668186021441,113.34194096544358,109.9387720200168,111.70337677001953,15553000,0.0,0.0,0.12667222222222219
2022-04-28,111.71306806975988,112.4693261482424,109.26007446748923,111.78093719482422,23192100,0.0,0.0,0.02401428571428571
2022-04-29,111.69367042553048,112.45962619143577,107.97055153003,108.23233032226562,16907000,0.0,0.0,0.26107
2022-05-02,108.30989885537234,110.20055144065826,107.63120760763677,110.04541778564453,14300700,0.0,0.0,0.06837142857142856
2022-05-03,110.57868418026851,111.33494228082921,109.26007765722625,110.09390258789062,11149500,0.0,0.0,0.053937499999999985
2022-05-04,109.91938129973504,112.89593999136503,108.42625310237426,112.65354919433594,11488300,0.0,0.0,-0.0037444444444444513
2022-05-05,111.2476772879882,111.76154459023664,108.08690664471442,109.18251037597656,12720200,0.0,0.0,0.09449999999999996
2022-05-06,108.36808551102106,108.67834546748284,105.00370711324331,106.93313598632812,12525200,0.0,0.0,0.2732423076923077
2022-05-09,104.81948073320562,107.36942934921397,103.23909534114908,103.723876953125,17941600,0.0,0.0,0.25666153846153844
2022-05-10,106.49681765447903,107.33064259290683,102.90943679635396,104.4025650024414,15657700,0.0,0.0,0.18451923076923077
2022-05-11,104.61586339761845,106.71981361824025,101.60052146603363,102.00773620605469,26933300,0.0,0.0,0.1970714285714286
2022-05-12,99.76805913984282,101.80414046980277,96.44245692194205,101.13513946533203,36298800,0.0,0.0,0.09650588235294119
2022-05-13,102.15318401754242,104.4122681522245,102.10470289645221,104.06322479248047,16782600,0.0,0.0,0.09142142857142857
2022-05-16,104.18925576428477,104.34438941975438,101.65869533758035,101.97865295410156,11993600,0.0,0.0,0.18807777777777776
2022-05-17,104.45104485672982,105.4787794626025,103.06456921051479,105.33334350585938,11847600,0.0,0.0,0.08511666666666667
2022-05-18,104.11169147364646,104.38317537733407,100.7182203479414,101.12544250488281,11794000,0.0,0.0,0.29155000000000003
2022-05-19,100.28192954667831,102.09501552880656,99.82623362516293,100.0007553100586,11285000,0.0,0.0,0.22111111111111115
2022-05-20,101.30965354676388,101.61022315950078,97.00479810269746,99.30265808105469,15650400,0.0,0.0,0.2373583333333333
2022-05-23,100.60188348578085,102.80278877777428,98.46883992727157,102.60887908935547,14402400,0.0,0.0,0.428975
2022-05-24,100.55340151150853,100.67944206819278,97.08236337914127,98.4979248046875,13970200,0.0,0.0,-0.21384166666666668
2022-05-25,98.3427860599663,100.65034358744317,98.08100727631157,100.1170883178711,11026600,0.0,0.0,0.16311
2022-05-26,101.04788413746898,102.89974611747495,100.79579561866659,102.39557647705078,11297800,0.0,0.0,0.03905000000000001
2022-05-27,103.63660646879337,106.04112638095931,103.28756313642768,105.99264526367188,13671300,0.0,0.0,-0.27812500000000007
2022-05-31,106.65195730855083,107.85421366518213,104.62557367033503,107.07856750488281,20274600,0.0,0.0,-0.07380999999999999
2022-06-01,108.60076775454522,109.4151972292896,104.97459633933678,105.8666000366211,11829700,0.0,0.0,0.11768333333333332
2022-06-02,106.09928731876703,107.57301993419713,104.62555470333692,107.4954605102539,8829900,0.0,0.0,0.21838000000000002
2022-06-03,105.84720833751773,106.50651158180405,104.63525438825465,105.3624267578125,6767600,0.0,0.0,0.34664999999999996
2022-06-06,106.40957152916327,106.83618174567192,104.37349009095715,104.54801177978516,7575900,0.0,0.0,0.1854642857142857
2022-06-07,103.53966068490055,104.63526449790469,102.77370482729957,104.50922393798828,7279100,0.0,0.0,0.2616928571428572
2022-06-08,104.16017866124353,106.03143600120724,103.70448275711645,104.07291412353516,7019500,0.0,0.0,0.3067611111111111
2022-06-09,103.2875609856749,103.80142827062973,100.10739504339006,100.15587615966797,8261200,0.0,0.0,-0.04241
2022-06-10,98.34279243088726,99.01179338393722,96.35518497751909,96.37458038330078,15369700,0.0,0.0,0.09972916666666669
2022-06-13,94.63905398326783,94.63905398326783,91.94366977158703,92.79688262939453,15239700,0.0,0.0,-0.05993333333333334
2022-06-14,93.33984154269349,93.33984154269349,90.26632812109212,91.35224151611328,12443700,0.0,0.0,0.16556
2022-06-15,91.7303737056218,94.33850104551563,91.22619670600615,92.96171569824219,11751600,0.0,0.0,0.011561111111111121
2022-06-16,91.14864445248158,92.47694138898419,90.56690797394768,91.4104232788086,15298500,0.0,0.0,0.131375
2022-06-17,91.14863954491518,93.04898255097189,90.62507452326992,91.46858978271484,15403800,0.0,0.0,-0.05441666666666665
2022-06-21,92.0115590347489,92.54481441367342,90.43116611493495,90.4505615234375,16649800,0.0,0.0,-0.07311000000000001
2022-06-22,89.36463870965491,91.73037529377923,89.20951244359671,90.65415954589844,11403500,0.0,0.0,0.334575
2022-06-23,91.10015424713112,91.76915519919045,89.26768045401025,91.4298095703125,11348800,0.0,0.0,0.08766
2022-06-24,92.54480243226516,95.56984221227823,92.49632871164643,94.80388641357422,11681200,0.0,0.0,0.22798
2022-06-27,95.23049961731573,95.24019732062087,92.88415842573087,93.66950225830078,10793700,0.0,0.0,0.3207375
2022-06-28,96.70423479445088,97.34415007891879,92.86476527918474,93.00050354003906,16812400,0.0,0.0,0.11078999999999999
2022-06-29,93.02958063013722,93.27197141593453,91.65280274213161,92.73871612548828,8653200,0.0,0.0,0.003911111111111117
2022-06-30,91.54615955549522,92.5351182049851,89.72338332309852,91.52677154541016,10983500,0.0,0.0,-0.015095454545454553
2022-07-01,91.37162710053457,93.37862247936631,91.11954601325418,93.21379852294922,10543400,0.0,0.0,0.16804545454545455
2022-07-05,91.39102252196007,94.27062619584116,89.50036998393914,94.2221450805664,10660600,0.0,0.0,0.24504166666666669
2022-07-06,94.56148792526848,95.20140312168327,92.49632118599959,93.15562438964844,8640200,0.0,0.0,0.36997142857142856
2022-07-07,93.95067128514599,94.56149341037175,93.01019384038423,94.46453857421875,7813100,0.0,0.0,0.285825
2022-07-08,93.63071839450565,94.16398111603401,92.44785010106473,92.94232940673828,7717300,0.0,0.0,0.3317785714285714
2022-07-11,92.10850059909161,92.43814852427359,90.58628672718329,90.7898941040039,7643700,0.0,0.0,0.11571666666666668
2022-07-12,90.73171825462808,92.35088688452447,90.4699320706451,90.75110626220703,8665300,0.0,0.0,0.1374357142857143
2022-07-13,89.31616452763707,90.41176827918822,88.23994878530074,90.1112060546875,12006400,0.0,0.0,0.240475
2022-07-14,88.69563420006284,89.23858716013392,87.48368034477612,89.04467010498047,11146400,0.0,0.0,0.05058125
2022-07-15,90.08212071571086,92.41876418774142,89.87850593362029,92.30241394042969,14946700,0.0,0.0,0.20868666666666666
2022-07-18,93.42710854731186,94.30940719392414,92.40906425019458,92.78719329833984,10430400,0.0,0.0,0.07545000000000003
2022-07-19,93.7373731126327,96.81088676789571,93.7373731126327,96.57819366455078,13683400,0.0,0.0,0.14207222222222224
2022-07-20,97.19870894918765,101.08665937836555,96.90783703585421,100.20435333251953,15112700,0.0,0.0,0.05896
2022-07-21,99.58384267577085,101.0769710007579,98.51732455711748,101.00910186767578,8611300,0.0,0.0,0.19382142857142856
2022-07-22,100.13648941978828,101.38722687675963,99.00210221364465,99.59353637695312,7803500,0.0,0.0,0.1919666666666667
2022-07-25,99.65170263131182,100.24313676392165,98.71122516151652,99.56444549560547,6726700,0.0,0.0,0.19506428571428572
2022-07-26,99.03117332722653,99.24447839037362,96.52969878206775,96.74300384521484,6346600,0.0,0.0,0.012216666666666667
2022-07-27,97.89679873671724,100.49522844176056,97.74166507209125,100.34979248046875,9684800,0.0,0.0,0.15208888888888888
2022-07-28,100.10739552693478,101.77504533330513,99.58383053675945,101.7071762084961,7970300,0.0,0.0,-0.02965
2022-07-29,101.93987148607218,103.10334433558344,100.22374792346606,102.87065124511719,10320000,0.0,0.0,0.047612500000000016
2022-08-01,101.67809073185299,103.40391196427242,100.69882987405394,102.98699951171875,7769700,0.0,0.0,0.104025
2022-08-02,102.52161341648238,103.12274527941408,101.4357073378708,101.52296447753906,9093000,0.0,0.0,0.28683333333333333
2022-08-03,102.5119182454422,106.3610778552576,102.5119182454422,105.70177459716797,11243000,0.0,0.0,0.1672142857142857
2022-08-04,105.60481630715998,106.11868359206251,104.38317206662254,104.82917022705078,7322400,0.0,0.0,0.12220000000000002
2022-08-05,103.55903551421036,104.42194610785276,102.1628696375508,103.38451385498047,10100000,0.0,0.0,0.13064
2022-08-08,104.91641613374068,107.8445006698827,104.61585395711155,105.78902435302734,13025900,0.0,0.0,0.28210555555555555
2022-08-09,105.8956872261592,105.8956872261592,103.77234158463104,104.83885955810547,8776500,0.0,0.0,0.13216666666666668
2022-08-10,109.0564614608707,109.24067342100169,106.56468457335009,109.00798034667969,26398700,0.0,0.0,0.14515384615384616
2022-08-11,118.49031728835756,119.51805190895797,113.75885155514756,114.10789489746094,50375000,0.0,0.0,0.17817857142857146
2022-08-12,115.37801964966036,117.90858016820462,115.30045281911048,117.86979675292969,21964800,0.0,0.0,0.22885
2022-08-15,117.31714255418444,122.12617494808282,117.30744485135803,120.47792053222656,24628300,0.0,0.0,0.08238529411764707
2022-08-16,120.93362081804565,122.63035641281637,119.69257371223918,121.1566162109375,14607300,0.0,0.0,0.1727076923076923
2022-08-17,119.6925641774407,120.69122040444051,118.83935129502271,119.0720443725586,9140900,0.0,0.0,0.23858499999999996
2022-08-18,119.26595748138828,119.38230031770992,118.00552250858898,118.9363021850586,7343900,0.0,0.0,0.12680714285714284
2022-08-19,117.55954558617233,117.69528385115719,115.84342186618936,116.48332977294922,8702500,0.0,0.0,0.15648333333333334
2022-08-22,114.11758929007378,114.61206860892203,112.16877252241257,112.41116333007812,11575800,0.0,0.0,0.1054625
2022-08-23,112.44994236972026,112.828071423185,111.1313358355735,111.36402893066406,7180700,0.0,0.0,0.29208
2022-08-24,111.17980657030745,113.59402418179737,110.62715586107554,112.86685180664062,7840500,0.0,0.0,0.1540214285714286
2022-08-25,113.45826993771404,114.18544225778201,112.57597136923148,113.88488006591797,6920900,0.0,0.0,0.220125
2022-08-26,113.89459228391729,114.76720065864859,110.42355419175297,110.59807586669922,7807400,0.0,0.0,-0.05132857142857144
2022-08-29,109.11464317234308,110.98590044005749,108.988602619609,110.07450866699219,6882700,0.0,0.0,-0.2782
2022-08-30,110.80167061405484,111.2573664576042,108.05780524766406,109.00798034667969,8060000,0.0,0.0,0.148
2022-08-31,109.43460359964148,110.28781657255855,108.44564497015227,108.66864776611328,7353000,0.0,0.0,0.06743333333333333
2022-09-01,108.38746764728488,109.16311374487188,106.68103439710556,109.10494232177734,7718700,0.0,0.0,0.20963333333333334
2022-09-02,109.60912760520654,110.42355717886703,107.46638632816537,107.8154296875,8465100,0.0,0.0,-0.15231
2022-09-06,108.36806306061418,108.37776076270167,105.21698302549775,106.73919677734375,9537300,0.0,0.0,0.12281666666666664
2022-09-07,106.52590308723559,109.52184958947858,106.52590308723559,109.26007080078125,8193900,0.0,0.0,0.06209
2022-09-08,107.6893894979079,109.5509491559517,107.00100048052234,108.91104125976562,8443300,0.0,0.0,0.20914999999999997
2022-09-09,109.82241668876159,112.01363151773975,109.74485725724603,111.67428588867188,9563100,0.0,0.0,0.26040625
2022-09-12,112.60505947782691,113.91396820240307,111.76153690559006,112.84745025634766,7923400,0.0,0.0,0.114825
2022-09-13,109.60911285239274,110.35567319443173,107.78632946627552,108.3583755493164,10504600,0.0,0.0,0.42193333333333327
2022-09-14,108.44564151576255,109.30855216462942,106.53560084450214,109.07585906982422,8610400,0.0,0.0,0.20337222222222223
2022-09-15,108.96920886118137,110.92773069285377,107.34034236829295,107.39851379394531,9739800,0.0,0.0,0.0834
2022-09-16,105.88600292710606,106.24474399693538,103.70448558818813,104.9552230834961,15978800,0.0,0.0,0.21608333333333332
2022-09-19,104.25713067422309,105.89569486443649,103.7820467730509,105.84721374511719,7979500,0.0,0.0,0.21278333333333335
2022-09-20,104.98430268437761,105.11035063525959,103.60752470820053,104.29591369628906,6957400,0.0,0.0,0.44605
2022-09-21,104.121388926975,104.75160647110219,101.30965423583984,101.30965423583984,9776400,0.0,0.0,0.19705
2022-09-22,101.03818306408378,101.47449095482735,98.91483722846746,99.05058288574219,10953400,0.0,0.0,0.38135
2022-09-23,97.55746356521361,98.1004166553334,95.03659302467216,96.47154998779297,11976900,0.0,0.0,0.327775
2022-09-26,95.93826907117918,97.59622853846776,95.07535847440636,95.13353729248047,9760500,0.0,0.0,0.264125
2022-09-27,96.50062536446806,96.6072779096262,92.52541767232903,92.93263244628906,13360200,0.0,0.0,0.23301666666666665
2022-09-28,92.87445675487697,96.83027625583163,92.54480143120745,96.37458038330078,12895500,0.0,0.0,0.09278
2022-09-29,95.53106254432767,95.59893167359982,93.30107158454273,94.48393249511719,9435100,0.0,0.0,0.05713571428571429
2022-09-30,93.5628508668134,94.51302607856216,91.41041933171714,91.45890045166016,12094900,0.0,0.0,0.1267772727272727
2022-10-03,92.81628538935276,94.80388544677149,91.62371943715756,94.17366790771484,9468400,0.0,0.0,0.050575
2022-10-04,95.67648936353066,98.43004508479476,95.24018891664207,98.35248565673828,10229000,0.0,0.0,0.14891666666666667
2022-10-05,96.99510165091893,98.1391865019905,95.6958831400234,97.73197174072266,7562800,0.0,0.0,0.09644000000000003
2022-10-06,97.37322332000251,98.37187213859299,96.83027034613107,96.9950942993164,6728200,0.0,0.0,0.3941333333333333
2022-10-07,95.51167529175402,95.79284951444721,93.51437001972315,94.20276641845703,7051000,0.0,0.0,0.274095
2022-10-10,94.61966510226048,94.76510105549436,91.54615166465493,92.26363372802734,9532300,0.0,0.0,-0.1366
2022-10-11,91.92427898694876,92.16666977208232,89.83002644992838,90.26632690429688,8900900,0.0,0.0,0.4815666666666667
2022-10-12,90.32450375140682,91.20680234350262,89.39371664729103,90.56689453125,6156200,0.0,0.0,0.23016999999999999
2022-10-13,88.78290046324703,94.01854313629804,87.94907553323024,93.6985855102539,11025400,0.0,0.0,0.2188357142857143
2022-10-14,94.50331034245733,95.10443469083718,91.45888299990341,91.57522583007812,8202100,0.0,0.0,0.2018318181818182
2022-10-17,93.44650234225206,94.98811173929771,93.33015948772969,94.36759185791016,7083800,0.0,0.0,0.060200000000000004
2022-10-18,96.83027427654815,97.31505585066232,94.66814520123987,95.48258209228516,8533500,0.0,0.0,0.18298125
2022-10-19,97.38292947890199,98.76940514087721,95.50197451725137,95.97705841064453,11731000,0.0,0.0,0.31107499999999993
2022-10-20,95.24020504950525,97.6835012808778,95.12385479194242,95.58924102783203,8212400,0.0,0.0,0.09279000000000001
2022-10-21,95.35653651684008,99.186315485756,94.91053834524101,98.9342269897461,10193400,0.0,0.0,0.05858333333333333
2022-10-24,99.01180445113752,100.04923686102117,97.07267789829474,98.62397766113281,8221500,0.0,0.0,0.22694166666666668
2022-10-25,99.05057307807265,101.54235003047722,98.92452513676564,101.18360900878906,7687500,0.0,0.0,0.19768750000000002
2022-10-26,100.37887081813302,104.16016854799453,100.37887081813302,101.44538879394531,9203700,0.0,0.0,0.060564285714285716
2022-10-27,102.5894892941874,103.61723141113328,101.13514435994746,101.26119232177734,8673500,0.0,0.0,0.23505555555555555
2022-10-28,100.91212625824159,102.86094270601072,100.37886361003858,102.72520446777344,7250900,0.0,0.0,0.2622
2022-10-31,102.44404358069116,103.64629978732732,101.62960670722953,103.29725646972656,8814800,0.0,0.0,0.023125
2022-11-01,104.42195134364587,105.52725277512931,102.42465356345298,102.77369689941406,7955800,0.0,0.0,0.150175
2022-11-02,102.2404282165637,102.85125771738285,98.69183103794683,98.72091674804688,9583200,0.0,0.0,-0.02991666666666666
2022-11-03,97.15022325555861,97.6350048234949,95.560140304502,96.22914123535156,8978400,0.0,0.0,-0.007160000000000005
2022-11-04,98.07131667271834,98.08101437568288,95.12384373179349,96.54910278320312,11035800,0.0,0.0,0.14925714285714284
2022-11-07,97.80952278685379,98.4688259902141,95.9770491210925,97.37322235107422,11355200,0.0,0.0,-0.1417875
2022-11-08,97.67379692655132,98.86636294453528,95.06567688909396,96.85936737060547,27130300,0.0,0.0,0.19199999999999998
2022-11-09,87.79393887424422,88.32719412399254,83.6539004263723,84.1095962524414,62029800,0.0,0.0,0.12064464285714287
2022-11-10,87.01829892922804,87.74547134367842,84.94343423177074,87.7066879272461,36968100,0.0,0.0,-0.007357692307692313
2022-11-11,88.79259276534643,92.67084526545665,88.32719921057418,92.11819458007812,22373300,0.0,0.0,-0.005091666666666675
2022-11-14,92.93263730627628,93.67920516142566,91.34255414626598,91.4104232788086,20598000,0.0,0.0,0.15812777777777776
2022-11-15,93.078065455267,94.22215030570852,90.84806717819588,92.60298156738281,15801900,0.0,0.0,0.18159999999999998
2022-11-16,92.32180343255953,92.32180343255953,90.86745872164254,91.0904541015625,11137700,0.0,0.0,0.281675
2022-11-17,89.31616263383208,89.46159119281003,88.08481325516534,88.66654968261719,12306400,0.0,0.0,0.31835
2022-11-18,90.03363978126347,90.32451170154894,88.14299449094857,89.00590515136719,10011700,0.0,0.0,0.24552727272727273
2022-11-21,97.07266128097119,97.81922162125666,93.38831850239954,94.60997009277344,70273500,0.0,0.0,0.25801111111111114
2022-11-22,94.04761769952937,94.69722318048146,91.79823167518036,93.28166198730469,25753700,0.0,0.0,0.1624970588235294
2022-11-23,93.07806032823527,96.31639762650889,92.86475525643431,95.87039947509766,15503200,0.0,0.0,0.2013642857142857
2022-11-25,95.80253895042856,96.77210216586755,95.09476194557907,95.8607177734375,6664300,0.0,0.0,0.1369375
2022-11-28,95.22079211967046,96.112788405306,92.52540785814858,92.77749633789062,13660000,0.0,0.0,0.29808500000000004
2022-11-29,93.0780707244613,93.49498321213517,91.06137741677466,91.80794525146484,13205300,0.0,0.0,0.12812916666666666
2022-11-30,92.06002871242971,94.95902819002897,91.0129060119594,94.89115905761719,15368100,0.0,0.0,0.04195833333333334
2022-12-01,94.89116167399763,95.83163184986896,93.64042414462543,95.58924102783203,13855700,0.0,0.0,0.1882
2022-12-02,94.49363053761714,96.65575977306982,94.05733004747044,96.40367126464844,12608100,0.0,0.0,0.15387499999999998
2022-12-05,95.24988137076082,96.14188508674013,92.75810438197918,93.01019287109375,10764500,0.0,0.0,0.345425
2022-12-06,92.81628728416081,93.07806609028049,89.18042532750923,89.48098754882812,11492400,0.0,0.0,0.07382000000000001
2022-12-07,89.83973230849591,89.96577286522303,88.48234230908369,89.34525299072266,10353400,0.0,0.0,0.13438
2022-12-08,89.68458925830747,90.5862832624133,88.87985008747738,89.73307037353516,9351200,0.0,0.0,0.36825833333333335
2022-12-09,89.55855020123033,92.0212414726436,89.1028543403732,90.53780364990234,10111900,0.0,0.0,0.27072
2022-12-12,90.87716031485846,91.77885437011719,89.79124688789935,91.77885437011719,14140700,0.0,0.0,0.01089166666666667
2022-12-13,93.55315364546198,94.42576202867052,90.72203079965682,91.81763458251953,22882100,0.0,0.0,0.1169357142857143
2022-12-14,91.6624994523387,92.5641934616292,89.80094001289366,91.28437042236328,11505400,0.0,0.0,0.02960555555555556
2022-12-15,89.65550955425697,90.28572710853847,87.37703753232861,87.73577117919922,15957700,0.0,0.0,0.17584285714285716
2022-12-16,87.44490174344872,88.30781234410092,86.10689987942375,87.33824920654297,26383900,0.0,0.0,0.0905
2022-12-19,86.71773320831619,86.7371212171619,82.81039477547287,83.16912841796875,19225300,0.0,0.0,-0.010977777777777788
2022-12-20,83.46000686567801,85.16643287055166,83.14974691959367,84.37139129638672,14918400,0.0,0.0,0.13700833333333337
2022-12-21,84.5362231738229,85.41852189563534,83.84783414552204,84.2744369506836,11004800,0.0,0.0,0.31334999999999996
2022-12-22,83.41151600789738,84.09021464629836,82.1123049469368,84.03203582763672,15487400,0.0,0.0,0.18197000000000002
2022-12-23,83.4406005119608,85.38942447239846,83.15942631689828,85.33125305175781,11171600,0.0,0.0,0.22212142857142858
2022-12-27,84.75921739234394,85.26339442388867,83.34365593746621,83.74118041992188,11561400,0.0,0.0,0.10115
2022-12-28,83.4600006404768,84.05143477439508,81.51117656974317,81.6081314086914,12399500,0.0,0.0,0.35103333333333336
2022-12-29,82.65526251006729,85.55425439668795,82.38378599856838,84.52651977539062,13045100,0.0,0.0,0.053522727272727284
2022-12-30,83.12064980557093,84.46834195502635,82.6358682439775,84.23564147949219,23231000,0.0,0.0,0.31803
2023-01-03,86.27173688779168,87.2316023856608,85.15673772710157,86.26203918457031,14997100,0.0,0.0,0.17987500000000003
2023-01-04,87.26068167036787,89.92698027696244,86.64016185915295,89.180419921875,14957200,0.0,0.0,0.090695
2023-01-05,88.87016468757895,89.6652061998118,87.7551655504136,89.12224578857422,11622600,0.0,0.0,0.1878388888888889
2023-01-06,89.8397265854233,91.80793863045857,88.54050809539092,91.06137084960938,9828100,0.0,0.0,0.17068333333333338
2023-01-09,91.55585772289012,92.78719979199275,90.60568248593793,91.88550567626953,11675800,0.0,0.0,0.07624166666666667
2023-01-10,91.41040395040487,92.72901030143011,90.9644058312609,92.65144348144531,6914600,0.0,0.0,0.2358611111111111
2023-01-11,93.00050864407073,93.61133824861903,92.15699331920817,93.39803314208984,8757300,0.0,0.0,0.2107
2023-01-12,95.50196937907535,97.56713620621684,94.60027536214714,96.7720947265625,19764300,0.0,0.0,0.166375
2023-01-13,96.35518497751909,96.5684900580382,95.02688817148994,96.37458038330078,12230200,0.0,0.0,0.08973333333333333
2023-01-17,97.26657374184391,97.91617926920499,95.98675069512937,96.86905670166016,14914200,0.0,0.0,0.19926874999999997
2023-01-18,97.22779182229013,98.05191902309912,95.7152756703499,96.0255355834961,11384500,0.0,0.0,0.133555
2023-01-19,95.13355119842318,96.4230647322133,94.16398792350024,96.0643310546875,10973600,0.0,0.0,0.19850555555555555
2023-01-20,97.28597084458124,100.43705133874599,96.27763159596728,100.33040618896484,14549900,0.0,0.0,0.2882625
2023-01-23,100.14617628793586,102.72521035954294,99.78743526791662,102.47312927246094,11479100,0.0,0.0,0.3667333333333333
2023-01-24,101.5132618087568,105.13943342155478,98.89544418622863,102.77369689941406,8606700,0.0,0.0,0.40157499999999996
2023-01-25,101.76534712865708,104.8679536406332,101.00908905674922,104.82917022705078,10008000,0.0,0.0,0.058887499999999995
2023-01-26,104.87764589449831,106.4192551750248,104.29590947431431,106.36107635498047,9204400,0.0,0.0,0.32995
2023-01-27,105.93447137870801,107.2142944352453,105.83751654356637,106.20594787597656,10249700,0.0,0.0,0.298775
2023-01-30,104.96491294649113,105.65330192324343,104.20865484237397,104.31529998779297,8548500,0.0,0.0,0.020599999999999997
2023-01-31,104.30559817014748,105.41089949220563,104.17955023525253,105.18789672851562,8251700,0.0,0.0,-0.05538571428571428
2023-02-01,105.19760571339059,106.5937790687581,103.64630609474895,106.06051635742188,9975500,0.0,0.0,0.35020000000000007
2023-02-02,107.3015453157521,110.07449634287906,106.35137763067407,109.76423645019531,13093200,0.0,0.0,0.49038333333333334
2023-02-03,108.07720975476809,109.69637850347766,107.01069172735615,107.34033966064453,12472500,0.0,0.0,0.10810624999999999
2023-02-06,106.81678159022215,107.06887010669949,105.22669845031379,106.52591705322266,11956500,0.0,0.0,0.03490882352941177
2023-02-07,105.97325383487168,108.70742158537352,105.54664368748654,108.23233032226562,10844000,0.0,0.0,0.27921250000000003
2023-02-08,108.78498422445492,109.88059533580835,106.93312242464128,108.37776947021484,27719900,0.0,0.0,0.17145625
2023-02-09,114.4472454083724,114.58298366980789,106.46773671134385,107.0009994506836,46137200,0.0,0.0,0.19581093750000003
2023-02-10,105.6435967524931,106.39985480315252,103.94686129112864,104.77098846435547,15566000,0.0,0.0,0.1275153846153846
2023-02-13,104.80978149313924,104.99400087008695,103.30696295635495,104.3831787109375,12341500,0.0,0.0,0.24295454545454548
2023-02-14,103.56874176822465,105.13943683098357,102.5991785584876,104.3831787109375,10768100,0.0,0.0,0.29855
2023-02-15,103.83051494228981,105.94416292063663,103.45238590279848,105.91507720947266,8156000,0.0,0.0,0.177675
2023-02-16,104.27652903960693,104.7322175471092,102.48283113442082,102.60887908935547,9479900,0.0,0.0,-0.08649
2023-02-17,101.83323665256273,102.57980456851375,100.71823732954341,102.0174560546875,9492200,0.0,0.0,0.4140750000000001
2023-02-21,100.39826521455412,100.57278687409193,98.73061544501046,98.98269653320312,10648200,0.0,0.0,0.349525
2023-02-22,98.24584416724953,99.43840280132183,98.01314366537848,98.58518981933594,9885100,0.0,0.0,0.15023
2023-02-23,98.36217547580866,98.94391926502405,96.57818288727483,98.63365936279297,10974800,0.0,0.0,0.29551666666666665
2023-02-24,96.50060943118277,97.37321765786321,95.94795878714832,97.24717712402344,8523000,0.0,0.0,0.34559999999999996
2023-02-27,97.66410016987089,98.38157483565233,97.01448723208921,97.39261627197266,6641200,0.0,0.0,0.07492499999999999
2023-02-28,97.3926232248482,97.68349515191464,96.53941024779657,96.57819366455078,8233700,0.0,0.0,0.12759444444444445
2023-03-01,96.17097376925626,96.59757653650172,95.11414606116048,95.54075622558594,7898300,0.0,0.0,0.23321666666666666
2023-03-02,94.76510247664,96.2679283539606,94.45484255710555,95.90918731689453,7776600,0.0,0.0,0.06393333333333333
2023-03-03,96.6363635151708,98.10040603575065,95.87040769042189,98.0616226196289,7434300,0.0,0.0,0.249525
2023-03-06,98.51731158046687,99.57413185599592,97.43139819700843,97.59622955322266,6773300,0.0,0.0,-0.49135
2023-03-07,97.34414805623616,97.86771307887261,95.88010553352201,96.04492950439453,6951300,0.0,0.0,0.20889285714285713
2023-03-08,95.98674652048143,96.58787830308923,95.30805531203664,96.27761840820312,5668700,0.0,0.0,0.25942999999999994
2023-03-09,96.42305010914626,97.00479390362008,93.00049345126611,93.21379852294922,8275600,0.0,0.0,0.59075
2023-03-10,92.69023500733427,92.98110690915627,90.00454835552061,90.7220230102539,13978800,0.0,0.0,0.3092625
2023-03-13,89.09315101640895,91.15831771815866,87.70667551321193,89.78153991699219,11915300,0.0,0.0,0.29424
2023-03-14,91.13894487174102,91.42981680360815,89.52946633718916,90.51842498779297,10323600,0.0,0.0,0.0
2023-03-15,88.84106790416287,90.5184153920461,88.62777022687631,90.26632690429688,9543800,0.0,0.0,0.3750875
2023-03-16,89.84941760421259,91.68189141221507,89.093159511663,91.42011260986328,9931700,0.0,0.0,-0.058666666666666666
2023-03-17,91.18742353171524,91.40072122585651,90.08212205594005,90.36328887939453,12943200,0.0,0.0,0.16760999999999998
2023-03-20,90.58628573710457,92.03093276476412,90.16937328516768,91.35224151611328,6657200,0.0,0.0,0.233875
2023-03-21,92.27331941135675,93.9021857321848,92.27331941135675,93.60162353515625,7285800,0.0,0.0,0.2895875
2023-03-22,94.48393267187097,94.9493262714508,91.93398407052695,92.01155090332031,8811100,0.0,0.0,0.2508
2023-03-23,92.37998341913428,94.06702136900552,91.87581379403015,92.91324615478516,9527000,0.0,0.0,0.18175000000000002
2023-03-24,91.9242762577691,92.10849561609874,90.1887574000779,91.21649932861328,9534600,0.0,0.0,0.18922499999999998
2023-03-27,91.89519596512267,93.09745222335259,91.50736921812529,92.70963287353516,7487900,0.0,0.0,-0.006033333333333335
2023-03-28,92.60298382801011,93.07806772749205,91.71098005709801,91.9339828491211,5426100,0.0,0.0,0.027786363636363644
2023-03-29,93.15563687337247,93.9603761292472,92.44785246101968,93.92159271240234,5889100,0.0,0.0,0.13264
2023-03-30,95.72496521083296,95.90917716415692,94.6972233259609,95.1141357421875,7669500,0.0,0.0,0.32315555555555553
2023-03-31,95.88011056743257,97.15023607593959,95.50198148631704,97.08236694335938,8920000,0.0,0.0,0.23299375000000005
2023-04-03,97.15993332028353,97.37323842086414,96.24854148950477,96.7236328125,7313200,0.0,0.0,0.08321250000000002
2023-04-04,97.24719788634013,97.36354074328408,95.75406957905433,96.53941345214844,6794200,0.0,0.0,0.22292500000000004
2023-04-05,96.66544193309174,97.13083549425144,95.62800967096086,96.86905670166016,7747200,0.0,0.0,-0.002066666666666661
2023-04-06,96.41336354081393,97.26657646343727,95.55045291532558,96.92723083496094,7042500,0.0,0.0,0.1510142857142857
2023-04-10,96.27762600698507,97.74166107177734,95.8897992584731,97.74166107177734,8016600,0.0,0.0,0.374925
2023-04-11,98.08102278671956,98.80819523064062,97.23750008878609,97.36354064941406,7504600,0.0,0.0,0.15198124999999998
2023-04-12,98.16828224583695,99.10875981238303,94.72632963785132,94.95903015136719,9289200,0.0,0.0,0.24008333333333334
2023-04-13,95.51167526316347,97.99375474939436,95.51167526316347,97.770751953125,8745000,0.0,0.0,0.20575
2023-04-14,97.4411038244497,97.7901471761923,95.9188898615868,96.85936737060547,7337300,0.0,0.0,0.24180000000000001
2023-04-17,96.539392840944,97.50895589343804,96.13217813421949,97.24717712402344,6705300,0.0,0.0,0.06515000000000001
2023-04-18,97.54774942527375,98.07131441560992,96.56848856943131,97.8580093383789,8180100,0.0,0.0,0.18788999999999997
2023-04-19,96.74301074689278,96.79149186367735,95.3662328374973,95.7443618774414,11523300,0.0,0.0,0.279125
2023-04-20,94.77480780452754,95.57954707834458,94.4257644423221,95.08506774902344,7762700,0.0,0.0,0.20343499999999998
2023-04-21,95.17233310279273,96.684849420509,94.74572290151661,96.53941345214844,9468000,0.0,0.0,0.006774999999999989
2023-04-24,97.10175300257863,97.67379172251293,95.6667962555154,96.64605712890625,8540600,0.0,0.0,0.2611875
2023-04-25,96.35519049785191,96.67514813696143,95.02689361572266,95.02689361572266,6511400,0.0,0.0,0.5334500000000001
2023-04-26,94.86206086352323,95.48258812298741,93.5240662974448,93.66950225830078,8634500,0.0,0.0,0.23273636363636363
2023-04-27,94.17367071067262,97.02418887843487,93.76645594304377,96.8884506225586,8166500,0.0,0.0,0.21082857142857142
2023-04-28,96.3454960391817,99.43839755906474,96.06432182879597,99.3802261352539,11329700,0.0,0.0,0.26955
2023-05-01,99.29296950485558,99.48687918333188,98.51731599659026,99.09905242919922,6909500,0.0,0.0,0.06914000000000001
2023-05-02,98.24583980327486,98.60457344932576,96.58788763628536,97.53805541992188,6955900,0.0,0.0,-0.18793749999999998
2023-05-03,97.98404791247299,99.45778801793485,97.57683317169261,97.7901382446289,7772100,0.0,0.0,0.20631666666666668
2023-05-04,96.51032346426601,96.51032346426601,93.66950294385147,94.48393249511719,13260700,0.0,0.0,0.46918333333333334
2023-05-05,95.58922265400244,97.78043733523911,95.12383650756775,97.46047973632812,9300100,0.0,0.0,0.2712833333333333
2023-05-08,98.60456531979989,100.74730630223686,98.59487501466994,99.8359146118164,10810100,0.0,0.0,0.13312142857142858
2023-05-09,99.7777612598035,99.84563039390014,98.98271226441304,99.06997680664062,6829900,0.0,0.0,0.1459409090909091
2023-05-10,99.86501078479873,100.10740158767445,96.99510456641177,98.0616226196289,19525200,0.0,0.0,0.08476874999999999
2023-05-11,91.91460712957522,92.21516939636876,89.08347656912623,89.5003890991211,57127200,0.0,0.0,0.07047173913043478
2023-05-12,89.5294625235941,90.05302754034484,88.46294448081154,89.19011688232422,21837500,0.0,0.0,-0.06231249999999999
2023-05-15,88.75381489147023,90.04333570355405,87.9393779690878,90.03363800048828,16792000,0.0,0.0,0.13344999999999999
2023-05-16,89.23859580783346,89.60702715255907,88.01694413210963,88.21086120605469,17013300,0.0,0.0,0.038668749999999995
2023-05-17,88.24964490571094,90.21786454238988,88.08482092639487,89.94638061523438,12461600,0.0,0.0,0.27247999999999994
2023-05-18,90.02394391506164,91.37163620533731,89.64581484928243,90.90625,15014800,0.0,0.0,0.17045
2023-05-19,90.16937606919055,90.16937606919055,88.54050962495667,88.56959533691406,16429000,0.0,0.0,-0.009224999999999987
2023-05-22,88.55019996426002,89.14163404881059,87.15402672896957,89.02528381347656,14150600,0.0,0.0,0.015149999999999997
2023-05-23,88.32719835693388,89.22889235038224,87.07646105007457,87.0861587524414,14778700,0.0,0.0,0.2641
2023-05-24,86.71773457560565,86.76620829707423,85.71908566775505,86.35899353027344,15350800,0.0,0.0,0.08665
2023-05-25,86.83408397438154,86.83408397438154,85.11796024360713,85.45730590820312,13605800,0.0,0.0,0.2372
2023-05-26,85.79664711153524,86.52381952522107,85.41851804819304,85.60273742675781,12892700,0.0,0.0,0.12773333333333334
2023-05-30,86.26202503987138,86.26202503987138,84.36168236500176,85.14702606201172,14800700,0.0,0.0,0.0932125
2023-05-31,84.91435213228553,85.4863909053498,84.49743963437164,85.28278350830078,11440600,0.0,0.0,0.08752500000000002
2023-06-01,85.70938848567839,86.34929635208722,84.45865106817453,85.89360046386719,11993200,0.0,0.0,0.40118
2023-06-02,86.90193894108786,88.5598909725713,86.87285323131826,88.00724029541016,14350200,0.0,0.0,0.69605
2023-06-05,88.42415717054942,88.96711756984747,86.71773133612658,88.2302474975586,18506700,0.0,0.0,0.2484666666666667
2023-06-06,88.32720790736792,89.69429559890794,88.2496410744053,89.35494995117188,12109100,0.0,0.0,0.20204
2023-06-07,89.95607563353886,90.24694756250292,89.06407923391367,89.70398712158203,11082400,0.0,0.0,-0.04161
2023-06-08,89.70397874999483,89.859112403546,88.52111792897601,89.71367645263672,9030200,0.0,0.0,0.1424388888888889
2023-06-09,89.95606226632358,90.09180050708838,88.76350380857863,89.1319351196289,9625400,0.0,0.0,0.14813333333333334
2023-06-12,89.44220410047603,90.39237927955469,88.9768105154379,90.30511474609375,12341600,0.0,0.0,0.363175
2023-06-13,91.25529359899582,91.56555353578523,90.59599030867079,90.9935073852539,12964400,0.0,0.0,0.1546833333333333
2023-06-14,91.39102269360056,91.64310378139976,89.1222411231504,89.6361083984375,15877400,0.0,0.0,0.12201249999999997
2023-06-15,89.2579857056323,90.67354708807915,88.82168522508736,90.1112060546875,13354600,0.0,0.0,0.200825
2023-06-16,90.05302056648324,90.14028509444054,88.09450630483911,88.5405044555664,22683400,0.0,0.0,0.11893333333333334
2023-06-20,87.54186796754259,88.01695189554721,87.00860521363283,87.01830291748047,14939200,0.0,0.0,0.054599999999999996
2023-06-21,86.82439136787318,86.94073422283545,85.42821793088193,85.94208526611328,17873000,0.0,0.0,0.11081250000000001
2023-06-22,85.7481723961211,86.47534480138758,85.43791246576127,85.79664611816406,10915300,0.0,0.0,-0.13374285714285714
2023-06-23,85.34095123360662,85.70938999081473,84.94343416057403,85.41851806640625,13538000,0.0,0.0,0.5356
2023-06-26,85.3603514854467,86.76621527313038,85.09856525918403,86.00025939941406,13132700,0.0,0.0,0.17605
2023-06-27,86.19417030373826,86.93104040989213,85.79664583950387,86.34929656982422,10032700,0.0,0.0,0.19863999999999998
2023-06-28,86.66924999780096,86.67894770057967,85.83542509114756,86.12629699707031,12118300,0.0,0.0,0.09545
2023-06-29,85.12763841944088,86.407461344601,84.6816329086493,86.24263000488281,13402600,0.0,0.0,-0.11629999999999999
2023-06-30,86.46563672310182,86.87285144586613,85.91298605729902,86.56259155273438,12837500,0.0,0.0,0.18493750000000003
2023-07-03,86.40747360890161,88.181768613515,86.20386622795188,87.74546813964844,7979500,0.0,0.0,0.1052357142857143
2023-07-05,87.36733541037127,87.63881190687142,86.53351051558953,87.05707550048828,11028800,0.0,0.0,0.24023
2023-07-06,85.97117048108866,86.12630414971234,85.10825979161571,86.0390396118164,12084600,0.0,0.0,-0.37185
2023-07-07,85.62212762060604,86.99891304749707,85.39913221714136,85.94208526611328,9705100,0.0,0.0,0.264175
2023-07-10,85.56395402861048,85.98086650843314,85.18582496518765,85.41851806640625,13642600,0.0,0.0,0.04451250000000001
2023-07-11,85.5154674740052,86.86315967023194,85.46699375447135,86.76620483398438,13735500,0.0,0.0,0.28203
2023-07-12,87.36734451226421,87.94908097925241,86.84377947282069,87.4061279296875,14912100,0.0,0.0,0.145625
2023-07-13,87.79394408376184,88.04602517074085,86.3686851039283,87.71637725830078,15325500,0.0,0.0,0.2187818181818182
2023-07-14,87.65821031842363,87.7357697506695,85.72877427165018,85.92269134521484,17770000,0.0,0.0,0.24665
2023-07-17,85.72877717553688,85.79664630428844,82.70374469726126,82.95582580566406,34503400,0.0,0.0,0.1088375
2023-07-18,82.90735108064959,84.6428700916523,82.71343400286204,83.33395385742188,21885100,0.0,0.0,-0.03455
2023-07-19,83.57634069415823,85.21490478716784,83.56665038861341,84.39077758789062,17177000,0.0,0.0,0.28318000000000004
2023-07-20,84.19685879201243,84.52651410326838,83.41151502256508,83.5860366821289,15277500,0.0,0.0,0.03402499999999998
2023-07-21,83.67330682536833,85.22460646049075,83.26608466093982,84.52651977539062,19901000,0.0,0.0,0.15496000000000001
2023-07-24,84.8270753191315,85.28277116919595,83.91569101618215,83.96416473388672,13911900,0.0,0.0,0.15753333333333333
2023-07-25,83.1206515020609,83.68299250313015,82.56800080645196,83.02368927001953,15335400,0.0,0.0,0.23123749999999998
2023-07-26,83.06246948560276,83.6442058695561,82.84916441881133,83.24668884277344,14983700,0.0,0.0,-0.05056666666666668
2023-07-27,83.96417343676661,84.23564995502535,82.59709314205506,82.76191711425781,16691400,0.0,0.0,0.0
2023-07-28,83.24668984102438,83.94477646901126,82.84916541229535,83.50846862792969,13638300,0.0,0.0,0.0856722222222222
2023-07-31,84.35199729808369,86.64016701196704,84.23564705261875,86.1844711303711,20837800,0.0,0.0,0.31056000000000006
2023-08-01,86.40747021813351,86.99890432885583,85.76755499124846,86.32020568847656,13717500,0.0,0.0,0.10487142857142857
2023-08-02,85.57365236064126,85.64152149054443,83.63452590948715,83.67330932617188,15162700,0.0,0.0,0.7096
2023-08-03,83.20791233866355,83.82843218601886,82.84917129680684,82.88795471191406,14145400,0.0,0.0,0.21601250000000002
2023-08-04,83.32426597318971,84.45865317179157,82.84917466668709,83.67330932617188,11533900,0.0,0.0,0.41240000000000004
2023-08-07,84.02234797224374,84.57499868397609,83.37273502564118,84.18717193603516,10818400,0.0,0.0,0.18614
2023-08-08,83.86722346906754,85.64152604148218,83.47939667879176,85.4476089477539,16767900,0.0,0.0,0.004990909090909087
2023-08-09,86.48503190795894,86.83407524134834,84.39077930480244,84.82707977294922,32517900,0.0,0.0,0.1139344827586207
2023-08-10,87.23160585237903,89.7136853787147,85.07917427686836,88.96712493896484,56716800,0.0,0.0,0.14316000000000004
2023-08-11,88.5405069414534,88.56959265252925,86.15538246989622,86.31050872802734,21998900,0.0,0.0,0.17425000000000002
2023-08-14,86.28142474329867,86.58199435718258,85.31186156974536,86.10690307617188,13676400,0.0,0.0,0.16905625
2023-08-15,85.31187330955798,85.5445738292024,84.2453551513212,84.4101791381836,13677900,0.0,0.0,0.2768857142857143
2023-08-16,83.9059905942077,84.41016014563557,83.45999246101168,83.72177124023438,12182700,0.0,0.0,0.15262
2023-08-17,84.27443383150218,84.31321724820516,83.18852775254018,83.30487060546875,14206000,0.0,0.0,0.04884285714285714
2023-08-18,82.77161208715104,84.08052091253667,82.77161208715104,83.3436508178711,12364400,0.0,0.0,-0.037924999999999986
2023-08-21,83.1982212605195,83.62483146348902,82.8104018729261,83.2660903930664,11215000,0.0,0.0,0.21613333333333337
2023-08-22,83.10125854936753,83.46968989158717,82.77161062167312,83.17882537841797,9835300,0.0,0.0,0.13471666666666668
2023-08-23,83.19820255809768,83.7023794841224,83.03337861570378,83.21759796142578,7576000,0.0,0.0,0.3186875
2023-08-24,82.90734998288225,83.33395275400594,79.95017931110415,79.95987701416016,27531000,0.0,0.0,0.03433749999999999
2023-08-25,80.54161022389093,81.10395862376531,79.95017611319197,80.82278442382812,16050900,0.0,0.0,0.36847142857142856
2023-08-28,81.27848444782315,82.11230938766329,80.98761253032352,81.59844207763672,12166400,0.0,0.0,0.046683333333333334
2023-08-29,81.23969687075831,81.97656693274503,81.18152544911032,81.83113098144531,11210700,0.0,0.0,0.28075000000000006
2023-08-30,81.83114059838769,82.1026171275557,81.27848983624409,81.71479034423828,11816600,0.0,0.0,0.2544
2023-08-31,81.88930712498049,82.0347430846663,81.09426559550224,81.13304901123047,10448000,0.0,0.0,0.34933
2023-09-01,79.61083197897663,79.72718222162848,78.07892040470352,79.15513610839844,27701900,0.0,0.0,0.018124999999999995
2023-09-05,78.94182930374141,79.8823067357143,78.70913622070246,78.71883392333984,12741700,0.0,0.0,0.15966
2023-09-06,78.33100890323618,79.5914365780641,78.07892040939863,78.51522827148438,15518500,0.0,0.0,-0.050449999999999995
2023-09-07,78.36008944442838,78.38917515387905,77.32265722333786,78.1176986694336,14768000,0.0,0.0,-0.09416666666666666
2023-09-08,78.08861543154292,79.18421910621142,77.72987441021164,79.09696197509766,16220900,0.0,0.0,0.03296428571428572
2023-09-11,79.44600556179101,81.29786730107482,78.69943780623989,80.00834655761719,26579100,0.0,0.0,0.1430722222222222
2023-09-12,80.50283145071205,82.09291450966856,80.0568332656077,81.13304901123047,16594600,0.0,0.0,-0.0008571428571428579
2023-09-13,80.8130923678706,81.49179105564625,80.5900969711808,80.93914031982422,9772700,0.0,0.0,0.11695555555555555
2023-09-14,81.44331304999393,82.1607877842238,80.51253321708424,81.90870666503906,22371900,0.0,0.0,0.22644999999999998
2023-09-15,82.62617638575273,83.56665386531348,82.03474224700173,82.9752197265625,21631200,0.0,0.0,0.15963888888888889
2023-09-18,82.64557133901133,83.30487466069573,82.39349021394136,82.43226623535156,11894200,0.0,0.0,0.10522000000000001
2023-09-19,81.36575329449003,82.20927605889015,79.22301921189096,79.4460220336914,21478900,0.0,0.0,0.13247
2023-09-20,79.53327467396326,80.6676619362272,79.15514558654193,80.0471420288086,12715200,0.0,0.0,0.10236818181818184
2023-09-21,79.56234692931157,81.12334413779588,79.42660868485028,80.21195983886719,14378000,0.0,0.0,0.031011111111111114
2023-09-22,80.38647869431341,80.81308142039137,78.7285193142653,78.7770004272461,11495300,0.0,0.0,0.140875
2023-09-25,79.07756680860489,79.28117417899749,78.10800367501363,78.5443115234375,11034400,0.0,0.0,0.17703750000000001
2023-09-26,78.0498258058232,78.28251886745029,77.36143692550786,77.613525390625,14867900,0.0,0.0,-0.016288888888888877
2023-09-27,77.68139893955369,78.10800167734097,76.80879066220326,77.46809387207031,14662500,0.0,0.0,0.2370722222222222
2023-09-28,77.8365293984418,78.45704922984221,77.22570726986385,77.69109344482422,12229800,0.0,0.0,0.13381666666666667
2023-09-29,78.20496272091441,78.8545682186397,77.9625719473889,78.58309173583984,11261400,0.0,0.0,0.1789214285714286
2023-10-02,78.45705456934935,79.28118183302958,78.33101401279885,79.1842269897461,9128100,0.0,0.0,0.09638000000000001
2023-10-03,78.77700886204906,79.3975287093111,77.04148987145739,77.11905670166016,12586200,0.0,0.0,0.21412
2023-10-04,77.18693596728218,77.36145765957178,76.33372291452251,76.90576171875,12010500,0.0,0.0,0.03549999999999999
2023-10-05,76.69245805201074,78.47645842873284,76.47915293550449,78.35041046142578,15466600,0.0,0.0,-0.0671
2023-10-06,78.58309928793203,80.98761184996607,78.04013887297266,80.41557312011719,15391100,0.0,0.0,0.2751142857142857
2023-10-09,81.73416709156432,82.29650803194987,80.59977271484178,82.12198638916016,13604400,0.0,0.0,-0.21552222222222225
2023-10-10,82.20925805894699,82.69403962028255,81.37543318167543,82.40316772460938,9450600,0.0,0.0,0.2221666666666667
2023-10-11,82.7716101553111,83.11095578401982,81.6953944491349,82.2674331665039,9499200,0.0,0.0,0.17694000000000001
2023-10-12,82.24804739575673,82.48074049074816,80.96822427753368,81.78265380859375,9554900,0.0,0.0,0.04019
2023-10-13,81.38513674619922,82.00565659762978,80.8421763283124,81.78265380859375,10808000,0.0,0.0,0.049792857142857146
2023-10-16,81.74386742456772,83.31456240237274,81.74386742456772,83.10125732421875,10275100,0.0,0.0,0.26655
2023-10-17,82.75221253199187,83.66360425082625,82.71342911872448,83.57633972167969,9985700,0.0,0.0,0.18956250000000002
2023-10-18,83.0818762988316,83.63452704905347,82.02504852201896,82.10261535644531,10047000,0.0,0.0,0.39612500000000006
2023-10-19,82.66495714163725,82.67464744727346,80.6385662895068,80.71613311767578,14316800,0.0,0.0,0.13955999999999996
2023-10-20,80.3767825599409,80.90034752219198,80.09560837296277,80.13439178466797,10437000,0.0,0.0,0.05153333333333333
2023-10-23,79.58174283991102,81.47238796919643,78.44735576233977,80.57069396972656,10772500,0.0,0.0,0.17
2023-10-24,80.87127673454403,81.63722521621638,79.2521004351047,80.0471420288086,11499500,0.0,0.0,0.1085875
2023-10-25,79.63022854015131,80.03745073458037,78.06923108685183,78.13710021972656,9372500,0.0,0.0,0.017438888888888903
2023-10-26,77.6426251624685,78.15649249034804,77.00270988060917,77.35175323486328,11651000,0.0,0.0,0.25630000000000003
2023-10-27,77.32267349154284,78.56371333707446,76.81850382823849,76.91545867919922,10300600,0.0,0.0,0.205875
2023-10-30,77.29357784047636,78.46674839981529,77.10935846930428,78.22435760498047,10291200,0.0,0.0,0.20173750000000001
2023-10-31,78.23405796228025,79.18422576784887,77.8850146141015,79.10665893554688,8672200,0.0,0.0,0.3548
2023-11-01,79.04849149860348,79.0969726205336,77.7395825754773,78.60249328613281,9093000,0.0,0.0,0.20194
2023-11-02,79.35874006710985,80.76461103250973,79.32965435699461,80.75491333007812,11518500,0.0,0.0,0.296
2023-11-03,81.60813502464478,83.31456837502772,81.59844471834663,82.48074340820312,11331800,0.0,0.0,0.13766666666666666
2023-11-06,82.49044967673593,83.18853645606556,81.04579499283057,81.46270751953125,14160900,0.0,0.0,0.2133409090909091
2023-11-07,81.59843766222178,82.10260724180227,81.39482289268186,82.01534271240234,10540200,0.0,0.0,0.19745625000000003
2023-11-08,81.57904960187676,82.33530773792675,81.39483022103059,81.92809295654297,26942600,0.0,0.0,0.26456666666666667
2023-11-09,85.16641672108003,88.43384693774983,84.93372365493576,87.59032440185547,51062700,0.0,0.0,0.28327
2023-11-10,87.38672392472587,87.41581703281636,84.29382251061867,85.58333587646484,25175700,0.0,0.0,0.20109166666666667
2023-11-13,85.72877668050917,87.163733476488,84.74952317091693,86.71773529052734,12834400,0.0,0.0,0.21333749999999999
2023-11-14,87.28976445321253,88.75380680112507,87.25098104166484,88.29811096191406,13152000,0.0,0.0,0.12244000000000002
2023-11-15,90.15966852056458,91.69157995859331,89.91727775114911,91.07106018066406,20593100,0.0,0.0,0.06883333333333333
2023-11-16,91.03228340720364,91.73037005756744,90.7801949174212,91.63341522216797,12923900,0.0,0.0,0.361025
2023-11-17,91.86610682254239,92.47692893315352,91.06136764708513,91.28437042236328,12189300,0.0,0.0,0.3002666666666667
2023-11-20,91.11955159267036,92.68054151873987,91.01289905029827,92.13758850097656,14105300,0.0,0.0,0.25096999999999997
2023-11-21,91.84670969390329,92.06970504985746,91.1001420134472,91.57522583007812,7654800,0.0,0.0,0.05318749999999999
2023-11-22,92.02124245534227,92.79688853988506,91.87580650287181,92.1763687133789,7328200,0.0,0.0,0.0193
2023-11-24,92.0115335645114,93.57253064371429,92.0115335645114,93.13622283935547,5440500,0.0,0.0,0.41913333333333336
2023-11-27,92.8259737577899,92.8259737577899,91.64310553317803,92.27332305908203,11049500,0.0,0.0,0.09266666666666666
2023-11-28,92.1085011250264,92.2442393770152,89.63611208332476,89.6845932006836,18660300,0.0,0.0,0.0
2023-11-29,89.78154803822132,90.40206787507869,88.65685860785983,89.6845932006836,13857000,0.0,0.0,0.08810000000000003
2023-11-30,90.70263747870001,91.00319969419085,89.39372128194196,89.86881256103516,13396700,0.0,0.0,-0.057164285714285716
2023-12-01,89.91728751762473,90.01424235648594,88.97681004659296,89.76216125488281,11898200,0.0,0.0,0.06641666666666664
2023-12-04,89.10285826100241,89.59733755700717,88.82168404943815,89.20951080322266,12602800,0.0,0.0,-0.12157499999999999
2023-12-05,88.8216910543255,88.98651503359918,87.19282447771471,88.02664947509766,12357000,0.0,0.0,0.057009999999999984
2023-12-06,88.33690542145632,89.7330788230699,87.86182151564404,88.71503448486328,10462000,0.0,0.0,-0.03305833333333332
2023-12-07,89.00591393461784,90.5475160315901,88.86047796012325,89.53916931152344,10264700,0.0,0.0,0.315075
2023-12-08,89.54888299464426,90.98851639630033,89.54888299464426,90.28815460205078,9498200,0.3,0.0,0.1128375
2023-12-11,90.20061569641473,90.54106729477184,89.46134406763339,89.68506622314453,10811000,0.0,0.0,0.24462499999999998
2023-12-12,89.60724622175897,89.68505842226654,88.38161315299166,88.58588409423828,13218400,0.0,0.0,0.41390000000000005
2023-12-13,88.68317324852303,90.33680715781045,88.30381179043768,90.29789733886719,10173200,0.0,0.0,0.24817999999999998
2023-12-14,90.66751813338973,92.24333220746513,90.66751813338973,91.37760925292969,12439300,0.0,0.0,-0.024349999999999993
2023-12-15,90.51188533428717,91.3873301670492,90.39515589331778,90.91069793701172,17551600,0.0,0.0,0.13698000000000002
2023-12-18,90.17142526136175,91.15387763610961,90.17142526136175,90.32706451416016,9083600,0.0,0.0,0.3751
2023-12-19,90.11305302657185,91.42622751799847,90.08387252562925,91.36786651611328,8804000,0.0,0.0,0.526
2023-12-20,90.69670713426376,91.69861082125254,88.76099008596631,88.78044128417969,13060600,0.0,0.0,0.2895
2023-12-21,89.42243772847655,89.5683476823823,88.57616593285408,89.50997924804688,13037200,0.0,0.0,0.22606111111111116
2023-12-22,89.12089413736176,89.72397771679998,88.27462235878725,88.5372543334961,9419800,0.0,0.0,0.071825
2023-12-26,88.362161853798,88.7804330789728,88.12871039036895,88.46916198730469,8086900,0.0,0.0,0.381825
2023-12-27,88.43025280065034,88.4594333036761,87.58398110646522,87.91470336914062,11123500,0.0,0.0,0.1153875
2023-12-28,87.63261676004097,88.49834710951303,87.51589474266927,87.93416595458984,8479600,0.0,0.0,0.17787499999999998
2023-12-29,87.66179494646421,88.1286978066542,87.4088849014438,87.82715606689453,9211000,0.0,0.0,0.11320000000000001
2024-01-02,87.6423484685286,88.98471107536552,87.2824456767265,88.23571014404297,10587600,0.0,0.0,0.2130454545454545
2024-01-03,87.7688127335412,89.56834906947765,87.54508314458248,89.15007781982422,11929800,0.0,0.0,-0.026868750000000004
2024-01-04,89.43216829224372,89.43216829224372,87.54508301684601,88.08980560302734,12087400,0.0,0.0,0.11664999999999999
2024-01-05,87.94389239212165,88.82906648720767,87.89525327227932,88.42052459716797,9092100,0.0,0.0,0.24532000000000004
2024-01-08,89.05279541015625,89.43215679408557,88.51779478087764,89.05279541015625,11103700,0.0,0.0,-0.05918333333333333
2024-01-09,88.56644564136121,88.61507734601406,87.15599262323242,87.22408294677734,11255100,0.0,0.0,0.0
2024-01-10,87.36998079158086,87.36998079158086,86.4556187839128,86.85443878173828,15091600,0.0,0.0,0.14282999999999998
2024-01-11,86.95171741891849,87.33107883466752,86.27081421662237,87.01007843017578,9642200,0.0,0.0,0.19709999999999997
2024-01-12,87.20462537874484,88.35243890700177,87.20462537874484,87.88552856445312,11919400,0.0,0.0,0.12432499999999999
2024-01-16,87.82716878724415,90.5507889895906,87.01980684051028,90.51188659667969,16780900,0.0,0.0,0.022400000000000003
2024-01-17,90.054698350094,91.20251180260982,87.64234201180582,87.87579345703125,15735200,0.0,0.0,0.0
2024-01-18,88.18707739028379,89.98661359168601,87.94389662195137,89.69479370117188,12203200,0.0,0.0,0.27055
2024-01-19,89.8017934520622,91.0274265972199,89.13061215949925,90.5216064453125,19790100,0.0,0.0,-0.07655
2024-01-22,90.3367941373981,92.63242117515341,90.3367941373981,92.48651123046875,15119400,0.0,0.0,0.07417500000000002
2024-01-23,92.82696604007964,93.27441777702043,90.63833905776524,91.21224212646484,11559400,0.0,0.0,0.29730000000000006
2024-01-24,91.84451130032414,92.65187323667148,90.71615638821771,90.9496078491211,10454900,0.0,0.0,0.4155125
2024-01-25,91.3581522496577,92.35033397277873,91.19279110290032,92.27251434326172,8661600,0.0,0.0,0.0824625
2024-01-26,92.40869208528729,92.92423412740963,92.11687219439744,92.75887298583984,7812800,0.0,0.0,0.16219999999999996
2024-01-29,92.8172358912438,94.84050170880755,92.40869397268428,94.83077239990234,13422200,0.0,0.0,0.241475
2024-01-30,93.88723463573892,94.87941639898679,93.39115117540362,94.29578399658203,9139600,0.0,0.0,0.0
2024-01-31,93.7899564967082,94.90858950989643,93.19659483113762,93.4300537109375,9592300,0.0,0.0,0.043769999999999996
2024-02-01,93.74131702945175,95.25876251598821,93.28413603766514,94.41249084472656,8484800,0.0,0.0,0.31868
2024-02-02,93.653777680168,94.75295951870353,93.2063259504579,94.4805908203125,9321300,0.0,0.0,0.33127
2024-02-05,94.06231883499937,94.71404893855329,93.85804787882451,94.01368713378906,11679300,0.0,0.0,0.1626
2024-02-06,94.27631636487044,96.61085317259429,94.14986503984633,96.58167266845703,16455500,0.0,0.0,0.26758000000000004
2024-02-07,94.7334951973553,96.57194112839917,94.00395292563034,96.43576049804688,28886300,0.0,0.0,0.18092
2024-02-08,104.15918980482337,109.69397911635014,103.88682852821529,107.52481079101562,60558400,0.0,0.0,0.2863190476190476
2024-02-09,106.61045048363906,107.14545115819766,104.75255321808596,105.43345642089844,21509100,0.0,0.0,0.22129999999999997
2024-02-12,104.93737097787775,108.0306308984366,104.88873927304552,106.30891418457031,13424000,0.0,0.0,0.22941875
2024-02-13,105.32645434685078,107.63181072756687,105.25836402782312,107.44699096679688,14594500,0.0,0.0,0.6206
2024-02-14,107.56372614440085,108.63372010958807,106.67854452855062,108.5169906616211,11405500,0.0,0.0,0.39008333333333334
2024-02-15,108.05007983907842,109.83988671642321,108.05007983907842,109.38270568847656,9961900,0.0,0.0,0.1587875
2024-02-16,108.96444251004375,109.48971389442735,108.12790744004977,108.55590057373047,8782200,0.0,0.0,0.26363000000000003
2024-02-20,107.82635444121074,108.09871572253832,106.36726978728018,106.45481872558594,9770900,0.0,0.0,-0.20040000000000002
2024-02-21,105.52099632387164,106.24080927968039,104.31481443747163,104.73308563232422,10427500,0.0,0.0,0.39891666666666664
2024-02-22,105.04436241842062,105.53072395419422,104.48018867710219,104.70391082763672,9266200,0.0,0.0,0.3938833333333333
2024-02-23,104.63581684325565,105.0540880462171,102.9432808360272,104.80117797851562,11724000,0.0,0.0,0.36422999999999994
2024-02-26,104.58718148593361,105.79336343911606,104.45100084949173,104.7428207397461,8694200,0.0,0.0,0.16202500000000003
2024-02-27,104.84009842005165,106.59100303352369,104.84009842005165,106.43536376953125,7595000,0.0,0.0,0.189925
2024-02-28,105.81281286098054,108.01116904584826,105.69609084386641,107.77771759033203,10773000,0.0,0.0,0.28595
2024-02-29,108.1084374782195,109.67452215772238,107.94307634343666,108.53643798828125,11658300,0.0,0.0,0.31749
2024-03-01,108.40026361292091,109.09089611683022,108.00144358347693,108.89634704589844,7242400,0.0,0.0,-0.02635
2024-03-04,109.59670837156193,111.01688318725479,108.75044403595673,110.5888900756836,11558900,0.0,0.0,-0.23679999999999995
2024-03-05,110.51106510747498,112.04796929094088,109.20761237552038,109.79125213623047,14929600,0.0,0.0,0.21338
2024-03-06,109.99552732342976,110.20952758776644,106.26999615757452,107.05789947509766,14743900,0.0,0.0,0.12523
2024-03-07,107.68044194747104,108.05008146735808,106.22135732801323,107.17462921142578,8609300,0.0,0.0,0.0
2024-03-08,107.17463326121641,108.27380771107856,106.3575419843749,107.3108139038086,10009200,0.0,0.0,0.3150833333333333
2024-03-11,107.087082163212,109.83016842059192,107.02872115221695,109.24652862548828,8794300,0.0,0.0,0.48552500000000004
2024-03-12,109.45080180807874,109.86907304504388,108.59480813718451,109.39244079589844,8085000,0.0,0.0,0.27904999999999996
2024-03-13,109.66480217822414,111.01688671771333,109.37298969577584,109.43135070800781,7267900,0.0,0.0,0.0
2024-03-14,108.69207059832158,109.28543224744372,106.52290237131716,109.00334167480469,10520500,0.0,0.0,0.05491666666666666
2024-03-15,108.55589544837811,109.87879944556131,108.36135379873456,108.89634704589844,15364200,0.0,0.0,0.2272
2024-03-18,109.22706892726434,111.3086955986656,109.22706892726434,110.74451446533203,11820800,0.0,0.0,0.11344999999999998
2024-03-19,110.31652649720651,112.02851375034838,110.15115793577772,111.38652038574219,10999700,0.0,0.0,0.29635
2024-03-20,111.48378904210783,113.3319643161915,111.2406082802886,113.2833251953125,11699600,0.0,0.0,0.028558333333333342
2024-03-21,113.79887526216159,114.15878548674314,112.69970081275234,113.51678466796875,10353500,0.0,0.0,0.050575
2024-03-22,113.73077397099404,114.4505943507269,112.68023132594152,112.70941925048828,7144800,0.0,0.0,0.0
2024-03-25,113.77943258977919,116.15287954543966,113.68216175514978,116.10424041748047,12103600,0.0,0.0,0.18821875000000002
2024-03-26,116.36686387309452,117.11586482947968,114.96614763039192,116.65868377685547,11870000,0.0,0.0,0.0025499999999999967
2024-03-27,117.66057220699537,118.70138551145321,116.74621021981815,117.6800308227539,10782800,0.0,0.0,0.15363000000000002
2024-03-28,117.94267666045018,120.36475511761951,117.89403753661094,119.02239990234375,15367400,0.0,0.0,0.34075
2024-04-01,118.73057652880995,119.06130623440798,117.4854921763452,118.21503448486328,8419700,0.0,0.0,0.008329999999999999
2024-04-02,116.94077757179001,120.16048880396743,116.88241655795603,119.46985626220703,15517100,0.0,0.0,0.3696625
2024-04-03,118.93484084022735,120.31611317403441,115.15094887180753,115.73458862304688,22480400,0.0,0.0,0.38686000000000004
2024-04-04,115.96804594730398,116.91158851549434,113.76968972442326,113.8961410522461,13815400,0.0,0.0,0.03402499999999999
2024-04-05,113.41950179561526,115.61785788225944,113.12768934458029,115.15094757080078,9653900,0.0,0.0,0.445125
2024-04-08,114.80077051063236,115.28713203315395,113.63350582509567,114.1490478515625,6266000,0.0,0.0,0.3236
2024-04-09,114.17823337896796,115.27741521785134,113.70160114388717,114.75214385986328,7451100,0.0,0.0,0.27502777777777776
2024-04-10,113.4195129688191,114.35332626244079,113.1957908097817,113.99342346191406,6746300,0.0,0.0,0.0675
2024-04-11,114.38250667071094,115.05368798982734,113.19579071321486,113.95451354980469,6559400,0.0,0.0,0.17781666666666665
2024-04-12,113.21524002933894,113.51678181290065,110.62780046494211,110.90016174316406,12155200,0.0,0.0,0.400325
2024-04-15,111.74642009393692,112.39815017050977,109.69397388711224,109.86906433105469,9637100,0.0,0.0,0.049512499999999994
2024-04-16,109.74261285391232,111.3767878546575,109.4507929739876,110.77369689941406,9291400,0.0,0.0,0.11457500000000001
2024-04-17,110.89043624949943,111.09470721519389,109.81071298705123,109.8593521118164,7379000,0.0,0.0,0.3058
2024-04-18,110.09279300607373,111.13360635296553,109.12979928281386,109.36325073242188,8235600,0.0,0.0,0.16876666666666665
2024-04-19,108.67262239965663,109.64534546815155,108.05008022952295,109.53834533691406,9436000,0.0,0.0,0.25515
2024-04-22,110.01498018346304,110.54025154351868,108.70180549396805,108.93525695800781,6901700,0.0,0.0,0.154825
2024-04-23,109.75234378786062,111.12387943273063,109.72316328369351,110.60833740234375,6839300,0.0,0.0,0.6123000000000001
2024-04-24,110.05388402857965,111.06551687960064,110.05388402857965,110.81260681152344,6157200,0.0,0.0,0.13435
2024-04-25,108.18626104999038,109.81070679603927,107.378899120653,109.69397735595703,8045900,0.0,0.0,0.230625
2024-04-26,108.79907402102818,109.93715823313481,108.28353198073823,109.65507507324219,6304800,0.0,0.0,-0.023900000000000015
2024-04-29,109.95662521843889,110.7737090981473,107.33026827375764,109.02281188964844,7151200,0.0,0.0,0.21075
2024-04-30,108.94498657096068,108.98389638529062,107.7777218262157,108.06953430175781,8156600,0.0,0.0,0.21968333333333334
2024-05-01,108.25434921922484,108.93525238630198,107.20380654320186,107.46644592285156,6338400,0.0,0.0,0.14206000000000002
2024-05-02,108.39053000796358,109.79125357800143,107.54425828085105,109.5480728149414,6799800,0.0,0.0,0.3268785714285714
2024-05-03,110.44297820159784,110.99743005436139,109.7231652081284,110.55970764160156,7411100,0.0,0.0,0.2579333333333333
2024-05-06,111.6686145117426,113.75024134576174,111.03634301439178,113.29306030273438,16303200,0.0,0.0,0.170425
2024-05-07,104.32454714450417,104.9373599945285,101.36746818104245,102.5152816772461,55084600,0.0,0.0,0.2850409090909091
2024-05-08,102.03864773853174,103.57555191317515,101.59119603350031,102.56391906738281,15238100,0.0,0.0,0.0022624999999999867
2024-05-09,101.76628716240299,103.23509361013879,101.54255759773535,102.91410064697266,15096000,0.0,0.0,0.26986666666666664
2024-05-10,104.00355526341666,104.10082609214486,102.54447056862814,102.90438079833984,15884600,0.0,0.0,0.3172
2024-05-13,102.70983181573679,103.73119407156021,102.70983181573679,102.94329071044922,9666400,0.0,0.0,0.08045
2024-05-14,102.42775531698956,103.09892927450588,102.08729626199096,102.47638702392578,11278400,0.0,0.0,0.19513750000000002
2024-05-15,102.7390100678782,102.99191271473289,98.62438834685933,99.96674346923828,20745600,0.0,0.0,0.5999
2024-05-16,100.22939173836654,101.19238555461514,100.03484266050064,100.5503921508789,9476700,0.0,0.0,0.0
2024-05-17,100.80329452949738,100.98811429761491,100.22939144934699,100.43366241455078,7356000,0.0,0.0,0.0258
2024-05-20,100.51147188088952,100.84219414692967,99.7235611847398,100.09320068359375,7667400,0.0,0.0,-0.030949999999999978
2024-05-21,100.18075195298653,100.87138447695733,99.91811997620998,100.20021057128906,7333300,0.0,0.0,-0.09507499999999999
2024-05-22,100.17102040025263,100.99783348741335,99.9472908390905,100.20992279052734,7190300,0.0,0.0,0.26516666666666666
2024-05-23,100.17102383971927,100.20020434407111,97.5349378201871,97.914306640625,10504000,0.0,0.0,0.1254
2024-05-24,98.09911717674173,99.30529166932789,97.94348534928925,98.98429870605469,6451600,0.0,0.0,0.2899375
2024-05-28,98.59521682342978,100.05430151506938,98.19639677882981,99.64575958251953,7813100,0.0,0.0,0.11918333333333335
2024-05-29,98.98430460433556,99.29557569907641,98.0213033932691,98.12830352783203,7376300,0.0,0.0,0.050575
2024-05-30,98.38121129026834,99.28584404759141,98.21585014849558,98.92593383789062,7300600,0.0,0.0,0.148
2024-05-31,98.75083076524169,101.24100656741392,98.64383806816701,101.07564544677734,14735800,0.0,0.0,-0.005774999999999978
2024-06-03,101.32855720832164,101.37719632879484,99.6846603186148,99.96674346923828,6908600,0.0,0.0,0.53715
2024-06-04,99.3247513001216,100.66710643841641,98.85784097042155,100.511474609375,7269100,0.0,0.0,-0.14400000000000002
2024-06-05,100.19048425834167,100.2683038913021,98.27421846910119,98.73139953613281,10796900,0.0,0.0,0.06108333333333336
2024-06-06,98.2936632212688,99.14965679920866,98.06020435532261,98.44929504394531,10294700,0.0,0.0,0.07192499999999999
2024-06-07,98.10884983171408,99.48038550690558,97.80730805360358,98.77030181884766,6047800,0.0,0.0,0.10733333333333334
2024-06-10,98.48821333150953,100.04456879866339,97.89485165008082,99.93756866455078,7621900,0.0,0.0,0.0
2024-06-11,99.84030033435711,100.07375180494209,97.99212492411235,98.11858367919922,9134200,0.0,0.0,0.0
2024-06-12,98.43957463551882,98.9162142972849,97.51549066012275,98.05049133300781,9041800,0.0,0.0,0.0
2024-06-13,97.86567584126014,98.31312759570974,96.89295269994659,97.35985565185547,10164600,0.0,0.0,0.0
2024-06-14,97.08748666303701,97.64193851277976,96.54276412189692,97.24312591552734,7087600,0.0,0.0,0.0
2024-06-17,98.22557532530848,99.13992993159913,97.87539443905665,98.75083923339844,10389000,0.0,0.0,0.40104999999999996
2024-06-18,98.36176741150382,98.98430963260984,97.86567652799198,98.73139953613281,7044700,0.0,0.0,-0.09775
2024-06-20,97.826763438831,99.15939677886396,97.64194367205509,99.06211853027344,7886900,0.0,0.0,0.36669999999999997
2024-06-21,99.02321121891454,99.7430242107505,98.81893284404958,99.48038482666016,14137300,0.0,0.0,0.21005
2024-06-24,99.46093518957488,100.26829712919111,99.13021290373007,99.19830322265625,7393600,0.0,0.0,0.28518333333333334
2024-06-25,99.85975927676205,100.85193359593471,98.99402887050977,99.41230010986328,10296100,0.0,0.0,0.31646250000000004
2024-06-26,99.12049148581603,99.57767255841097,98.6633104132211,99.39285278320312,10122300,0.0,0.0,0.3427
2024-06-27,99.2566663440253,99.4901178108395,99.0329367649158,99.38311767578125,8365200,0.0,0.0,0.0
2024-06-28,99.23720244297867,99.78193239826327,95.69649112942453,96.58167266845703,21439400,0.0,0.0,0.05135
2024-07-01,96.68868010566565,97.01940240593488,95.21013679979903,95.36577606201172,15299000,0.0,0.0,-0.148
2024-07-02,95.26849934201293,95.31713104248047,94.3054981645266,95.31713104248047,13340300,0.0,0.0,0.3691399999999999
2024-07-03,95.17121852581117,96.37740043689348,95.16149663875329,95.92021942138672,5030000,0.0,0.0,0.40071666666666667
2024-07-05,95.62840212636719,95.62840212636719,94.91831844497936,95.31713104248047,8550800,0.0,0.0,0.13039
2024-07-08,95.46372338641093,96.05004836270643,94.68195178099923,95.15101623535156,8167600,0.45,0.0,0.0
2024-07-09,95.2487293221504,95.30735957912091,93.95881148011668,94.83830261230469,9044400,0.0,0.0,0.0
2024-07-10,94.74056818933182,95.06304948857655,94.05652372626012,94.76011657714844,7761100,0.0,0.0,0.40951249999999995
2024-07-11,94.7992119057726,95.35622170544238,94.10539320481732,94.39855194091797,7422600,0.0,0.0,0.2965499999999999
2024-07-12,94.88715063327643,95.60051767324211,94.7698901292728,94.91646575927734,6465700,0.0,0.0,0.021916666666666657
2024-07-15,95.11191530080471,95.2682651294881,94.39854823877083,94.66239929199219,7417700,0.0,0.0,0.031087500000000018
2024-07-16,94.80898444683477,96.47024720850717,94.3399274581583,96.22594451904297,10755500,0.0,0.0,0.2841
2024-07-17,96.05982072976173,96.362753679718,94.33015350875476,95.09237670898438,9456100,0.0,0.0,0.20755
2024-07-18,95.14123833977143,95.82528287625782,94.47673473767338,94.584228515625,7529400,0.0,0.0,0.25045
2024-07-19,94.61354831621982,94.61354831621982,93.26500011105502,93.55815887451172,9301000,0.0,0.0,0.3443416666666667
2024-07-22,92.94251786713698,92.99138138833968,91.3594337198047,91.98484802246094,13377000,0.0,0.0,0.26744999999999997
2024-07-23,88.63300252934344,89.60044643598157,87.78283403963336,88.86753845214844,22534700,0.0,0.0,0.20811666666666664
2024-07-24,88.16395148933456,88.68187197298684,87.53853723109113,87.75352478027344,11768500,0.0,0.0,0.0
2024-07-25,88.02713207733846,88.43755873740147,87.17695617675781,87.17695617675781,10765300,0.0,0.0,0.0
2024-07-26,87.94897391727795,88.48644285120541,87.304011196565,87.88056945800781,11301900,0.0,0.0,0.5326500000000001
2024-07-29,88.33008044124166,90.44085927203948,88.13464127047585,90.04019927978516,13024800,0.0,0.0,0.39865
2024-07-30,89.58089862564165,91.89689055347809,89.58089862564165,91.652587890625,9896100,0.0,0.0,-0.203075
2024-07-31,91.65259018194786,92.6786569182672,91.5060070894663,91.55487060546875,10241800,0.0,0.0,0.0
2024-08-01,91.72099689940406,91.8089422837525,90.48970932984386,90.92945861816406,9263600,0.0,0.0,0.0129
2024-08-02,90.05974242797761,90.09882429543472,86.97175301204358,87.52876281738281,15433600,0.0,0.0,0.47795
2024-08-05,84.90983932533445,87.51899017257328,84.45054909155678,85.77955627441406,19103200,0.0,0.0,0.0
2024-08-06,86.21930269901337,89.81543834643969,85.95545163688477,87.91964721679688,21717500,0.0,0.0,0.0
2024-08-07,85.99454066935068,87.20627983668973,83.7958166181457,84.00102996826172,30581900,0.0,0.0,0.4745
2024-08-08,83.20949169559621,84.36260060733808,81.99775252825715,84.00102996826172,21890500,0.0,0.0,0.57035
2024-08-09,84.16715979007954,84.28442776487235,82.77952230490015,84.2453384399414,16008400,0.0,0.0,0.502575
2024-08-12,83.90331132948711,84.41145761324371,83.53197394733907,83.99125671386719,11754600,0.0,0.0,0.29383333333333334
2024-08-13,84.48964042663748,84.48964042663748,83.36584657467752,83.64923858642578,14615200,0.0,0.0,0.0
2024-08-14,84.04989808997462,84.56781859086192,83.61014878232456,84.33329010009766,9475100,0.0,0.0,0.41355
2024-08-15,85.26163512728216,86.90334943139243,85.22254580390738,86.76654052734375,12401000,0.0,0.0,0.0
2024-08-16,86.93266756330212,87.62648630224008,86.32679421335109,87.26492309570312,10277700,0.0,0.0,0.28905
2024-08-19,87.37240394982275,88.87730172372848,87.37240394982275,88.7502670288086,9723600,0.0,0.0,0.0
2024-08-20,88.33007369366247,88.60369149404339,87.27468435888528,87.69488525390625,8863400,0.0,0.0,0.45699999999999996
2024-08-21,88.16395201491106,88.71118763025483,87.39195465439333,88.65255737304688,7637600,0.0,0.0,0.6778
2024-08-22,88.91640377520802,89.29751537006689,87.65580101701092,87.87078857421875,7613000,0.0,0.0,0.0
2024-08-23,88.09554804254466,88.6818729843941,87.63625781051266,88.49620056152344,7369200,0.0,0.0,0.61025
2024-08-26,88.84799843810913,89.70794865839365,88.84799843810913,89.68840026855469,8043800,0.0,0.0,0.08680000000000002
2024-08-27,89.34638120979521,89.62977322842598,88.68187758640877,88.82846069335938,7237400,0.0,0.0,0.0
2024-08-28,88.2714529864781,88.55484501196356,86.73723233507526,87.45059204101562,8569700,0.0,0.0,-0.146
2024-08-29,88.38869697181472,88.63299962508732,87.58738456730163,87.7632827758789,6181800,0.0,0.0,0.0
2024-08-30,87.92942653516111,88.38870932486087,87.3626425110299,88.32030487060547,8403600,0.0,0.0,0.0
2024-09-03,87.56785747865182,88.42780027012645,86.52224225556984,87.09879302978516,8465500,0.0,0.0,0.47082500000000005
2024-09-04,86.92288302155656,87.96849810303233,86.79584832296574,87.21604919433594,6317200,0.0,0.0,-0.1986
2024-09-05,87.62648186023179,87.62648186023179,86.3267898372275,86.62973022460938,6234100,0.0,0.0,0.17
2024-09-06,86.43428518506225,87.05969944929912,85.72092553469493,85.9359130859375,7791500,0.0,0.0,0.3454
2024-09-09,86.20952934322659,86.8642587243915,85.80886937666162,86.32678985595703,8750200,0.0,0.0,0.1627
2024-09-10,86.31702492995267,86.86426054892506,85.97500266809493,86.38542938232422,6858300,0.0,0.0,0.0
2024-09-11,86.04341496718449,86.41475239170465,84.61668062099366,86.30725860595703,10779000,0.0,0.0,0.0
2024-09-12,86.20953369470186,87.29423822536543,86.17044436997666,87.26492309570312,7173300,0.0,0.0,0.2671
2024-09-13,87.4114971648165,88.65255897195952,87.3528669065511,88.48643493652344,7084200,0.0,0.0,0.0
2024-09-16,89.0238897942157,90.26495150973113,88.87730670384823,89.75679779052734,9028600,0.0,0.0,0.0
2024-09-17,90.26495849906529,91.12490126400154,90.06951187826643,90.74378967285156,8193100,0.0,0.0,0.0
2024-09-18,91.38873472903552,91.92620355710974,90.57765557329454,91.44737243652344,10289800,0.0,0.0,0.0
2024-09-19,92.65912444977215,93.1184147022594,91.19330830210299,91.32034301757812,10912400,0.0,0.0,0.0
2024-09-20,91.07604122351854,91.86758702081566,90.70470381310706,91.61351013183594,19251500,0.0,0.0,0.45595
2024-09-23,91.56464753949649,91.56464753949649,90.05974949199887,90.85128784179688,7338700,0.0,0.0,0.46365
2024-09-24,91.21284090450318,91.65259018194786,90.3528981937509,91.55487060546875,7860300,0.0,0.0,-0.0703
2024-09-25,91.506014749104,92.28778633742773,91.22262273472481,91.77963256835938,8408200,0.0,0.0,0.70385
2024-09-26,92.30733027572603,93.60702241500603,92.03371244756742,93.03046417236328,10061600,0.0,0.0,0.0
2024-09-27,93.31385246032578,94.69172319692692,93.10863909742214,93.82200622558594,10155400,0.0,0.0,0.0
2024-09-30,94.64286479913872,95.34645777032942,93.26500144349592,93.99790954589844,7982300,0.0,0.0,0.0
2024-10-01,93.02069694375929,93.66565218452675,91.19331009311941,91.90667724609375,10099200,0.0,0.0,0.0
2024-10-02,91.45715143597444,92.42459545620778,91.45715143597444,92.00439453125,6144200,0.0,0.0,0.3749
2024-10-03,91.47669777416903,91.94575475328124,91.00763333953056,91.4962387084961,6180300,0.0,0.0,0.2245
2024-10-04,92.15097031164406,93.16726286024698,91.75031035329847,92.98159790039062,6308900,0.0,0.0,0.29725
2024-10-07,92.92295044629746,92.97181395749317,89.6688448820508,90.28448486328125,11043600,0.0,0.0,0.60615
2024-10-08,90.41153828525263,91.60373663237526,89.60045900225788,90.40177154541016,10209100,0.0,0.0,-0.132425
2024-10-09,89.76658192256949,91.86758656903265,89.37569612349063,91.46692657470703,8654500,0.0,0.0,0.0
2024-10-10,91.58419385827837,91.74054370341126,90.57766796574481,90.8708267211914,6698000,0.0,0.0,0.3715
2024-10-11,90.73401941714847,92.45391247721639,90.68516335147235,91.98484802246094,8089100,0.0,0.0,0.0
2024-10-14,92.03370485484211,93.02068975829711,91.66236746948007,92.80570220947266,6262000,0.0,0.0,0.0
2024-10-15,93.0793178671964,93.47020363280947,91.54509738797387,92.07279205322266,6535800,0.0,0.0,0.0
2024-10-16,91.59396245595529,94.58422482082288,91.49623542125228,94.54513549804688,9936300,0.0,0.0,0.18145
2024-10-17,94.72103161311564,95.11191737664376,93.4311138123409,94.33992004394531,9542500,0.0,0.0,0.0
2024-10-18,94.79921333378319,95.3171338186694,93.86109194418299,95.06305694580078,8609700,0.0,0.0,0.5817749999999999
2024-10-21,94.98488265228428,95.22918534167341,93.76336920533862,94.41810607910156,8189900,0.0,0.0,0.443
2024-10-22,94.00766756421717,95.04351598926817,94.00766756421717,94.53536224365234,5344300,0.0,0.0,0.40331249999999996
2024-10-23,94.72103836282817,94.92625172581039,93.80245787140895,94.04676055908203,5388500,0.0,0.0,0.0
2024-10-24,94.39854855608274,94.59399516200104,93.07931565211848,93.22589874267578,5015300,0.0,0.0,0.0
2024-10-25,93.6265495878871,94.64284955417736,92.84478554456612,92.86432647705078,6638100,0.0,0.0,0.2787
2024-10-28,93.05000521853988,94.48650615851199,93.04023102386952,94.0076675415039,8146400,0.0,0.0,0.6144999999999999
2024-10-29,94.06631219303912,94.41810867186207,93.49952814876588,93.93927001953125,6834400,0.0,0.0,0.33830000000000005
2024-10-30,93.51905859586107,94.50604346495324,92.77638385099392,92.91319274902344,7718200,0.0,0.0,0.84735
2024-10-31,93.09886128083947,94.42786844601598,92.83501766894867,94.0076675415039,8147700,0.0,0.0,0.0
2024-11-01,93.5190626211878,94.19334040158881,92.66889406905725,93.62655639648438,7944900,0.0,0.0,0.455
2024-11-04,93.64609920870478,93.83176416409272,92.8643276995666,93.60700988769531,6088000,0.0,0.0,0.0
2024-11-05,93.42134582858327,94.4669610286056,93.0793235585809,94.42787170410156,6561700,0.0,0.0,0.0
2024-11-06,95.97186420801236,97.28133045366292,95.97186420801236,96.63636779785156,11325100,0.0,0.0,0.0
2024-11-07,96.52887009245175,97.25200391046383,95.89368165727421,96.67545318603516,7805100,0.0,0.0,0.0
2024-11-08,96.48001268349475,96.99793314546349,95.38553404962772,96.76339721679688,7982100,0.0,0.0,0.1909
2024-11-11,96.74386505457444,98.60056698612107,96.74386505457444,98.56147766113281,9137900,0.0,0.0,0.443
2024-11-12,98.25854703548691,98.98168092605408,97.23247273297851,98.68851470947266,9366200,0.0,0.0,0.44885
2024-11-13,98.49307231120225,100.84814634001224,98.06309719576542,100.37908935546875,17701300,0.0,0.0,0.0
2024-11-14,107.8156638591757,112.19356384498845,105.92964681306368,106.63323974609375,47436100,0.0,0.0,0.45005
2024-11-15,107.73747579019722,112.5648988598981,107.73747579019722,112.45740509033203,32048000,0.0,0.0,0.0
2024-11-18,110.7472936607017,112.80920889447374,110.31731855435267,110.95250701904297,14226200,0.0,0.0,0.14037499999999997
2024-11-19,109.49646141137488,109.93620324213303,108.29448897549615,109.85802459716797,12166800,0.0,0.0,0.30667500000000003
2024-11-20,109.70167599911161,111.76359118626634,108.92967864631437,111.65609741210938,9319300,0.0,0.0,0.6056
2024-11-21,111.54861149417782,113.60075263124993,111.23590434429566,112.10562133789062,10261000,0.0,0.0,-0.18284999999999998
2024-11-22,111.25544481461525,113.68869754745644,111.01114212180515,113.0144271850586,10098000,0.0,0.0,0.2732
2024-11-25,113.04373817537622,113.9232293283888,112.31083012378679,113.3564453125,10397800,0.0,0.0,0.33525
2024-11-26,113.35643858135684,113.76686527654935,112.80920298776681,112.8189697265625,6808100,0.0,0.0,0.8147
2024-11-27,112.81897081296,115.50630020175791,112.81897081296,114.91997528076172,8142400,0.0,0.0,0.0
2024-11-29,114.58773250279371,115.05678947898095,114.06981200780412,114.7929458618164,5095200,0.0,0.0,0.0
2024-12-02,115.09587900582909,115.92650663824996,113.8939139786448,114.4900131225586,8390500,0.0,0.0,0.29295
2024-12-03,114.33364958140862,114.55841131828207,112.81897004491466,113.79618072509766,9194000,0.0,0.0,0.2669
2024-12-04,113.32713893929322,114.61705691153227,113.20009676233195,114.32389068603516,7996200,0.0,0.0,0.0
2024-12-05,113.89391814714173,114.59750363841411,113.41507950219298,113.84505462646484,9823600,0.0,0.0,0.568
2024-12-06,113.89391835233884,114.58773710514706,113.57143700855394,114.06981658935547,6677900,0.0,0.0,0.0
2024-12-09,113.73755708799773,114.50955446492489,111.31407863522568,111.99812316894531,8666100,0.0,0.0,0.0
2024-12-10,112.03721594158908,112.33037469840966,111.128409629945,112.11539459228516,7526400,0.0,0.0,0.0
2024-12-11,112.02743829817241,112.42809827901266,111.38248308859765,111.99812316894531,6426800,0.0,0.0,0.0
2024-12-12,112.08607040486143,112.38901080809794,111.55838315902002,112.2815170288086,5285100,0.0,0.0,0.0
2024-12-13,111.71472695663736,112.34014120836804,110.71797532279346,110.7570571899414,6864500,0.0,0.0,0.7292000000000001
2024-12-16,110.9141133385988,110.98282089687669,109.66755978453945,110.04054260253906,10528500,0.5,0.0,0.0
2024-12-17,108.9804745994282,111.93491452519767,108.75472440742044,110.9337387084961,12238600,0.0,0.0,0.0
2024-12-18,111.24783509562684,113.9765249183871,109.18660083147864,109.29457092285156,12292800,0.0,0.0,0.49060000000000004
2024-12-19,109.59884908499103,110.82577508233209,109.1964137633534,109.31420135498047,9468500,0.0,0.0,0.58355
2024-12-20,108.56822712339074,110.8846639813796,108.39154948206746,109.9620132446289,17955300,0.0,0.0,0.0
2024-12-23,109.54977349516133,109.7853411994127,108.27376741072199,109.3436508178711,6037200,0.0,0.0,0.0
2024-12-24,109.19640753520665,110.65890114382475,109.13751748703298,110.48222351074219,2475000,0.0,0.0,0.0
2024-12-26,110.05035689636043,111.22820285777271,109.79515419224836,110.47241973876953,4781400,0.0,0.0,0.0
2024-12-27,109.75589560337359,110.05036084858274,108.81361730269147,109.49088287353516,4523800,0.0,0.0,0.0
2024-12-30,108.39154980680617,109.48106068347026,107.80262683015147,108.75472259521484,5716300,0.0,0.0,0.0
2024-12-31,108.73509294417474,109.53013862740963,108.62712285280182,109.29457092285156,4757500,0.0,0.0,0.0
2025-01-02,109.63810625031772,110.12887665875883,108.13634999865789,108.77435302734375,5688100,0.0,0.0,0.7853
2025-01-03,109.31420067056501,109.4810608079038,108.14616473206955,109.10807800292969,5393100,0.0,0.0,0.44785
2025-01-06,109.41235980086341,110.76688347863949,108.82343678828957,109.00011444091797,6274400,0.0,0.0,0.452325
2025-01-07,110.07980491015248,111.64045122581453,109.23567920242107,109.33383178710938,7878800,0.0,0.0,0.21889999999999998
2025-01-08,108.95102569686517,109.05899578087494,106.63458887575679,107.73391723632812,7805300,0.0,0.0,0.0
2025-01-10,107.9694954832089,108.49952845057216,105.63343091318198,106.64441680908203,8835500,0.0,0.0,0.36713333333333337
2025-01-13,105.93769780365471,106.6051458406455,104.7500343459403,106.08493041992188,6690200,0.0,0.0,0.4357666666666667
2025-01-14,106.67385939072582,106.94868962930163,105.62361098556123,106.12419891357422,5501600,0.0,0.0,0.0
2025-01-15,107.15480586238077,107.57686870010812,105.99658743479607,106.1830825805664,6296900,0.0,0.0,0.0
2025-01-16,106.29105639949908,106.59533165765424,104.20037714675411,104.49483489990234,7872800,0.0,0.0,0.0
2025-01-17,104.85800696645146,105.75120521322073,104.57335923173801,105.04449462890625,7144300,0.0,0.0,0.0
2025-01-21,105.12301767066813,107.42963704172972,104.82855992523842,106.6934814453125,8643700,0.0,0.0,0.36345
2025-01-22,107.52780590574356,107.52780590574356,106.23217224963459,106.80146026611328,8781700,0.0,0.0,0.42839999999999995
2025-01-23,106.49718078621102,109.01974043708846,106.48736328104619,108.99029541015625,7608300,0.0,0.0,0.4088
2025-01-24,109.10807411144461,111.29690580533445,108.58785121999148,110.08961486816406,8304500,0.0,0.0,0.406825
2025-01-27,109.61847186264619,111.9741711733192,109.40253169828826,111.2478256225586,10176900,0.0,0.0,0.0
2025-01-28,110.76687750365468,110.87484759046805,109.50068897621233,110.06998443603516,6516800,0.0,0.0,0.0
2025-01-29,111.40488408631953,112.26863731991696,110.67854596969073,111.1006088256836,7607100,0.0,0.0,0.0
2025-01-30,111.98397937585864,113.0538626759734,111.03189114892842,111.33616638183594,6236200,0.0,0.0,0.48005
2025-01-31,111.2085747546528,111.90546781850595,110.67854182822322,110.9729995727539,7793400,0.0,0.0,0.1806
2025-02-03,109.2945681167649,112.48457576155207,108.81361521480977,111.8956527709961,8870700,0.0,0.0,0.261775
2025-02-04,111.69935043642641,112.54347615677028,110.43316185591061,111.20858001708984,13521100,0.0,0.0,0.5113500000000001
2025-02-05,113.56426590822214,116.40091817976415,108.19524410092227,108.49951934814453,23310000,0.0,0.0,0.4588
2025-02-06,109.81478187189875,110.60001750634952,107.13517968481737,110.02090454101562,12470800,0.0,0.0,0.0
2025-02-07,109.54977717399477,110.47242798875979,108.76454148203783,108.8136215209961,8669300,0.0,0.0,0.0
2025-02-10,109.08844575373207,109.32401345290981,106.68367374857746,107.26277923583984,8239500,0.0,0.0,0.0
2025-02-11,106.37939046841228,107.03702850351056,105.70213240061085,107.00757598876953,7456700,0.0,0.0,0.3045
2025-02-12,106.25179367248505,107.50816472282116,105.76102326291237,107.21370697021484,6521200,0.0,0.0,0.0
2025-02-13,106.90942419712833,107.73392237905507,106.55606890324003,107.56705474853516,6553200,0.0,0.0,0.0
2025-02-14,107.83207794613473,108.47008099377969,107.56705772410632,108.34247589111328,5964500,0.0,0.0,0.0
2025-02-18,107.75354545506339,107.89096056495507,106.70329712171318,107.53760528564453,8362900,0.0,0.0,0.0
2025-02-19,107.12536656733045,109.6970062613438,107.12536656733045,109.29457092285156,8452100,0.0,0.0,0.0
2025-02-20,109.18659643833132,109.46142666401825,107.36092995219728,108.50933837890625,5970100,0.0,0.0,0.0
2025-02-21,108.95103011567527,109.69700322948088,105.92788261791333,106.65422821044922,9082100,0.0,0.0,0.0
2025-02-24,106.83089440857859,109.50068651605021,106.64440675345969,109.14733123779297,7093300,0.0,0.0,-0.01815
2025-02-25,109.37308850978438,109.8344138707364,107.05665168906998,108.48970031738281,7289000,0.0,0.0,0.0
2025-02-26,108.0283850308983,111.15950278152587,108.0283850308983,109.76571655273438,7831600,0.0,0.0,0.0
2025-02-27,110.24666071927473,111.03189634303865,109.00991723284324,109.25530242919922,7854700,0.0,0.0,0.608125
2025-02-28,109.40253903401128,111.88583611351562,108.95103115487979,111.69934844970703,14609400,0.0,0.0,0.68885
2025-03-03,111.96435591829902,113.41703956044257,109.93256681334486,110.7079849243164,7884700,0.0,0.0,0.0
2025-03-04,109.63810424428327,110.17795467911577,106.27141900443462,106.99776458740234,12658000,0.0,0.0,0.0
2025-03-05,107.32166609478665,108.89213734540273,106.2223452056297,107.29222106933594,9956100,0.0,0.0,0.0
2025-03-06,106.37939098470963,106.82108884522341,103.0814132425467,103.48384857177734,11618800,0.0,0.0,0.15935
2025-03-07,103.06178240325129,103.81756551257456,101.40297608061152,103.56237030029297,12715900,0.0,0.0,0.3276
2025-03-10,102.50230946143265,102.86548226542479,100.22513502904384,101.17723083496094,10947100,0.0,0.0,0.0
2025-03-11,97.94796131991656,99.17488736988761,95.65115186031834,96.09284973144531,16906000,0.0,0.0,0.60605
2025-03-12,96.85844850884807,97.65349417746093,94.60090162528576,96.93697357177734,11891800,0.0,0.0,0.0
2025-03-13,95.96523646388825,96.82899712225037,94.15920506651594,95.08185577392578,11059500,0.0,0.0,0.0
2025-03-14,95.64133739188703,97.270691216355,95.62170238240654,96.81918334960938,10199800,0.0,0.0,0.0
2025-03-17,96.9173361751663,98.27186726737311,96.8388186027327,97.52589416503906,8332100,0.0,0.0,0.0
2025-03-18,97.43755007451057,97.88906542388855,96.66213944713982,97.51607513427734,6727000,0.0,0.0,0.0
2025-03-19,97.82036790208946,99.09636655564917,97.63387273815519,98.43873596191406,8614600,0.0,0.0,0.0
2025-03-20,97.73201112942321,98.2031539793356,96.81917794217424,97.03511810302734,7836500,0.0,0.0,0.436
2025-03-21,96.56398801905374,98.04611682838991,95.9456199673208,97.62405395507812,15089900,0.0,0.0,0.0
2025-03-24,98.3700196715401,98.58595984460666,97.0351235912759,98.33075714111328,8224400,0.0,0.0,0.3825
2025-03-25,98.79208904375653,99.88159999729865,98.55652133418492,99.73436737060547,7365200,0.0,0.0,0.0
2025-03-26,99.82270114576625,100.38217912902098,98.40928741829038,98.91968536376953,6314000,0.0,0.0,0.2918
2025-03-27,98.8509744980365,99.16506725903352,97.74183607388879,98.59577178955078,6598800,0.0,0.0,0.0
2025-03-28,98.20315864121952,98.53687891397188,95.93579433318747,96.25970458984375,7679700,0.0,0.0,0.0
2025-03-31,95.04259812976541,97.0253072647441,93.93345222528421,96.8780746459961,10554000,0.0,0.0,0.0
2025-04-01,96.5050928727196,96.77010559846535,95.05240916791756,95.87690734863281,8762700,0.0,0.0,0.0
2025-04-02,94.83648317377512,96.4952821801619,94.66961553171981,96.0732192993164,7959900,0.0,0.0,0.0539
2025-04-03,92.76542288574755,93.03043560615448,86.97433068170983,87.20008087158203,19353400,0.0,0.0,0.0
2025-04-04,84.4125128648418,85.92408666825831,81.54641538808121,81.98810577392578,22580900,0.0,0.0,0.0
2025-04-07,79.49498763969818,85.03087717660328,78.62141692299748,81.7623519897461,20456000,0.0,0.0,0.0
2025-04-08,84.36343082583369,85.34497164981575,79.35757412123759,80.21151733398438,14845600,0.0,0.0,0.0
2025-04-09,79.78945013545436,90.5471360818955,79.69129755611317,89.75209045410156,24970900,0.0,0.0,0.180175
2025-04-10,87.27861132693226,87.36695389823595,81.53659880331665,83.65673065185547,16377000,0.0,0.0,-0.01554999999999998
2025-04-11,83.53893822139209,84.08859867393595,81.81142431381737,83.322998046875,10204400,0.0,0.0,0.0
2025-04-14,84.24565288845841,84.85420342231403,82.47887636438186,83.09725189208984,10841300,0.0,0.0,0.1809
2025-04-15,83.18558555579119,84.39288407475414,82.95982786934495,83.44078826904297,7840500,0.0,0.0,0.0
2025-04-16,82.72426289706092,83.23466834041292,80.49616842866612,81.24213409423828,10144300,0.0,0.0,0.0
2025-04-17,81.83106259972021,84.19657213217913,81.821245094514,83.24447631835938,14810900,0.0,0.0,0.56435
2025-04-21,83.34263043955157,83.65672318665159,81.44825645244661,82.44942474365234,14166800,0.0,0.0,0.7002999999999999
2025-04-22,83.44078845264964,84.9621722532609,83.03835311592236,84.50084686279297,9578500,0.0,0.0,0.6382
2025-04-23,87.38657454098505,88.21107269114067,85.42349297883398,85.67869567871094,12089100,0.0,0.0,0.0
2025-04-24,85.83574577313684,88.57424568908037,85.1682976844277,88.34849548339844,10310000,0.0,0.0,0.2312
2025-04-25,88.40738744407334,88.6724001887502,87.42584655650127,88.61351013183594,7749600,0.0,0.0,-0.4868
2025-04-28,88.78036779854989,89.6833910811283,87.98532209822741,88.4957275390625,8491800,0.0,0.0,0.3454
2025-04-29,88.17180716877711,89.96802853443761,88.10309961597618,89.48706817626953,6359900,0.0,0.0,0.5391
2025-04-30,88.23070256351937,89.50670860835332,86.92525149263822,89.27113342285156,8474800,0.0,0.0,0.0
2025-05-01,89.58522828123314,89.91895605756783,88.69203001976516,89.13372039794922,7790600,0.0,0.0,-0.08399999999999999
2025-05-02,90.144704191589,91.46979027293553,90.144704191589,90.78270721435547,7594000,0.0,0.0,-0.10015
2025-05-05,88.044211942285,91.36182483406708,87.95587685959995,90.40972900390625,10231000,0.0,0.0,0.0
2025-05-06,89.51651690796658,91.02809062075215,89.32021174570848,90.46861267089844,11839400,0.0,0.0,0.45405
2025-05-07,100.5294080063941,101.4029787285867,98.29149615679681,100.20549774169922,36155300,0.0,0.0,0.29652
2025-05-08,102.05079207938884,104.22981372342102,101.94282199875218,103.1795654296875,19265400,0.0,0.0,0.0
2025-05-09,103.31698798335404,104.22982123819291,102.82621757728072,103.98443603515625,10438200,0.0,0.0,0.3062
2025-05-12,107.84189654448018,108.89214496085648,106.65423300734902,108.45044708251953,18366600,0.0,0.0,0.3592
2025-05-13,108.2148667845896,110.12886823569514,108.11671420812088,109.32400512695312,14076700,0.0,0.0,0.0
2025-05-14,109.32401581029647,111.31655000127726,108.78417284268328,110.855224609375,15352200,0.0,0.0,0.0
2025-05-15,110.15833129910096,110.7668818246298,109.52032825810518,110.14851379394531,8322400,0.0,0.0,0.55095
2025-05-16,109.85404379049709,111.34598998992973,109.36327339383988,111.32635498046875,10961000,0.0,0.0,0.0
2025-05-19,110.05036558850243,110.9043013569763,109.8344253978567,110.58039855957031,7209700,0.0,0.0,0.0
2025-05-20,110.36445188147798,111.30673016735544,109.74607637396686,110.28592681884766,6433300,0.0,0.0,-0.05135
2025-05-21,109.6282884037358,110.41351650801951,108.09707974654356,108.42098999023438,10150600,0.0,0.0,0.0
2025-05-22,107.94986258882716,109.73626658019961,107.94986258882716,109.07862854003906,7903700,0.0,0.0,0.0
2025-05-23,107.57687640277162,108.3130320453388,106.772013199774,107.69466400146484,8086100,0.0,0.0,0.53445
2025-05-27,108.98047573472655,110.8061422537898,108.11672251147942,110.28592681884766,10201100,0.0,0.0,0.0
2025-05-28,110.1288738190621,110.39389402638149,109.11788800191185,109.46142578125,5787900,0.0,0.0,0.0
2025-05-29,109.94238419789122,110.18776939140317,108.47988305279549,109.95219421386719,9682100,0.0,0.0,0.27115
2025-05-30,109.9423833493287,111.25764438189157,109.31419785787153,110.953369140625,12881100,0.0,0.0,0.0
2025-06-02,110.60001566505566,111.50303138764703,110.17795282906333,110.86502838134766,7546800,0.0,0.0,0.5524
2025-06-03,110.64910077183389,112.5729198949811,110.44297060813757,111.50303649902344,9738800,0.0,0.0,0.0
2025-06-04,111.75823810606043,111.94473325776941,110.89448488233857,111.39506530761719,5614900,0.0,0.0,0.0
2025-06-05,111.63064280542781,112.2293758271558,109.77552373205205,110.45278930664062,8547200,0.0,0.0,0.0
2025-06-06,111.267467670277,112.11159337240737,111.12023504994038,111.79750061035156,5790700,0.0,0.0,0.0
2025-06-09,111.87602036064119,113.96669950674776,111.87602036064119,113.52500915527344,7960400,0.0,0.0,0.22965000000000002
2025-06-10,113.39741020674964,118.27566930055232,113.39741020674964,116.53834533691406,18948400,0.0,0.0,0.0
2025-06-11,116.19480288253794,117.34321136592807,115.47828225714109,117.31375885009766,10439200,0.0,0.0,0.7891
2025-06-12,116.6757578200425,117.18615574207331,115.48809434834747,116.4205551147461,7980300,0.0,0.0,0.0
2025-06-13,115.14455628711917,116.1359146559335,115.13474627025035,115.76293182373047,13204900,0.0,0.0,0.0
2025-06-16,115.84144182904326,118.11861618369248,115.69421670000979,117.27449798583984,9592100,0.0,0.0,0.46685
2025-06-17,116.79353515357865,117.12726291236841,115.4782741047107,115.94940948486328,9241200,0.0,0.0,0.4666
2025-06-18,115.70402998739235,116.55797320273902,114.68322662871563,115.68440246582031,8181200,0.0,0.0,0.3182
2025-06-20,116.06719904119853,116.85243467284285,114.74212046529048,115.4586410522461,17180400,0.0,0.0,0.0
2025-06-23,114.50655537772124,115.81199897384477,112.89682154735202,115.57643127441406,8348000,0.0,0.0,0.0
2025-06-24,116.06929605670585,117.38031411432493,116.06929605670585,116.95645141601562,8350200,0.5,0.0,0.35035000000000005
2025-06-25,117.07473797515513,118.01118270147997,116.93673686104356,117.71546173095703,6976300,0.0,0.0,0.3404
2025-06-26,118.26747022124617,119.93334291262333,117.97174925944141,119.7263412475586,10439600,0.0,0.0,0.0
2025-06-27,120.11077662182598,121.18522245416874,119.74606261749128,120.59378051757812,13435600,0.0,0.0,0.0
2025-06-30,122.53565789350199,122.91023877382277,121.42178966419762,122.23994445800781,13456200,0.0,0.0,0.41695
2025-07-01,121.73722295718154,121.9935139533567,120.70220712222152,121.72736358642578,9815700,0.0,0.0,-0.28075
2025-07-02,121.55979092004144,121.93436428032354,120.781066087445,121.22464752197266,7317100,0.0,0.0,0.5517
2025-07-03,121.31335375267747,122.46665189285142,121.14578206130095,122.2300796508789,4252300,0.0,0.0,0.0
2025-07-07,121.45135853282652,122.83137710704507,120.83035355865147,121.4020767211914,7023500,0.0,0.0,0.2005
2025-07-08,121.46122594093058,121.94422984169572,120.08120727539062,120.08120727539062,6622900,0.0,0.0,0.0
2025-07-09,120.10091289165454,120.60363551131145,118.88847351074219,118.88847351074219,6724900,0.0,0.0,0.0
2025-07-10,118.89833521266709,120.20934576497264,118.89833521266709,119.82491302490234,6888700,0.0,0.0,0.0
2025-07-11,118.91804080228853,119.49962333055525,118.02103362477034,118.1590347290039,6112400,0.0,0.0,0.0
2025-07-14,118.07031606938475,118.78004033524819,117.89288500291889,118.25760650634766,6853300,0.0,0.0,0.0
2025-07-15,118.51389636424958,118.51389636424958,117.18315961821314,117.28173828125,7943600,0.0,0.0,0.0
2025-07-16,117.65631555313269,118.84904371477589,117.18316352447022,118.10974884033203,6747500,0.0,0.0,0.42775
2025-07-17,118.04074339245172,120.64306064096714,118.04074339245172,120.46562957763672,9933700,0.0,0.0,0.0
2025-07-18,120.22906513210226,120.41635557790421,118.5730442737648,119.6869125366211,9486800,0.0,0.0,0.0
2025-07-21,119.34190900635987,120.22906437497113,119.05604741422422,119.11518859863281,6392500,0.0,0.0,0.6067
2025-07-22,119.02647370335582,119.6967680175776,118.83918326364058,119.33204650878906,5614500,0.0,0.0,0.0
2025-07-23,119.78548145974652,121.42179106626146,119.7657702386845,121.18521881103516,8258900,0.0,0.0,0.51865
2025-07-24,121.09649830540047,121.6386508853957,120.07134184899806,120.20934295654297,6702200,0.0,0.0,0.6225499999999999
2025-07-25,120.51492325798543,120.7022061779014,119.1447640330128,119.73619842529297,5656600,0.0,0.0,0.0
2025-07-28,119.30247682299367,119.66719833455083,118.17874921716457,118.65190124511719,6042200,0.0,0.0,0.0
2025-07-29,118.85889836328663,119.0856112376309,117.65631087869022,118.1984634399414,6283700,0.0,0.0,0.0
2025-07-30,118.23789182206016,118.78004441055589,117.4788857186626,117.83374786376953,5281500,0.0,0.0,0.0
2025-07-31,117.75488435557233,118.19846578370895,116.88744776086601,117.40988159179688,7235000,0.0,0.0,0.1366
2025-08-01,115.91157642217914,116.20729738266621,113.9204121857883,114.92584991455078,8637800,0.0,0.0,0.0
2025-08-04,116.04958177329885,117.81402555406507,116.04958177329885,117.64645385742188,8845000,0.0,0.0,0.41395000000000004
2025-08-05,117.54789053882213,117.86332273252991,115.65529737657539,116.63116455078125,15365700,0.0,0.0,0.0
2025-08-06,114.12740916408553,114.46256007357668,110.59850660674665,113.52611541748047,22153700,0.0,0.0,0.14592500000000003
2025-08-07,114.09784426680524,114.73856800652807,110.2239387567539,111.26880645751953,15484400,0.0,0.0,0.0
2025-08-08,111.68281824323698,112.65868539683322,110.42108197455606,110.82523345947266,9491000,0.0,0.0,0.0
2025-08-11,111.29838173075534,111.53495398290336,109.94793373043844,110.94351959228516,8532600,0.0,0.0,0.46505
2025-08-12,111.69267315002052,112.76711900187266,110.88437767856615,112.0968246459961,7274000,0.0,0.0,0.43674999999999997
2025-08-13,112.59954637343186,115.55672600394259,112.52068644503237,114.97514343261719,9025700,0.0,0.0,0.350825
2025-08-14,113.83169406841819,115.04413339377851,112.98396871744457,114.64984130859375,6800900,0.0,0.0,0.463
2025-08-15,114.9061385352515,115.1722813829264,113.54583866397552,113.74298095703125,6768600,0.0,0.0,0.0
2025-08-18,113.5458401651155,115.33986212942779,113.51626957281583,114.88642883300781,5798400,0.0,0.0,0.3048
2025-08-19,114.83713299327069,115.32013685462793,114.06826755505004,114.61041259765625,5914000,0.0,0.0,0.6414500000000001
2025-08-20,114.4231340037994,116.20729656347052,114.3442740788259,115.36943054199219,7046700,0.0,0.0,0.0
2025-08-21,114.90613165389593,114.99485094480538,113.88097524630726,114.55126953125,6337100,0.0,0.0,0.0
2025-08-22,115.91157528455813,118.07031872163594,115.4581419979589,117.1634521484375,7161700,0.0,0.0,0.5922499999999999
2025-08-25,116.79872689065964,117.35073882574632,116.02000207979303,116.02986145019531,5424900,0.0,0.0,0.0
2025-08-26,115.753864976568,116.69030215777553,115.48772212649209,115.9707260131836,5787400,0.0,0.0,0.452275
2025-08-27,115.85242979233693,116.76915570215809,115.61585754736583,116.40443420410156,4378000,0.0,0.0,0.63795
2025-08-28,116.41430213854098,116.68045251414705,114.94557170890717,115.96086883544922,5687700,0.0,0.0,0.28908333333333336
2025-08-29,115.7144328616666,116.95645035341602,115.57643175374959,116.69029998779297,5212600,0.0,0.0,0.4055
2025-09-02,115.34971289517222,116.59173040355418,114.34427516395587,116.58187103271484,6015900,0.0,0.0,0.0
2025-09-03,116.14815602502803,116.92688086734914,114.68927748690189,115.70457458496094,6288700,0.0,0.0,0.0
2025-09-04,115.4088560613263,117.97174336032462,115.09342389407261,117.1141586303711,6949300,0.0,0.0,0.0
2025-09-05,117.21273911230668,118.07031633507464,116.02000345585452,116.22701263427734,6669100,0.0,0.0,0.0
2025-09-08,116.2763011496704,117.18316775682275,115.07371357386128,117.14373779296875,6450700,0.0,0.0,0.36655
2025-09-09,116.8381638958523,117.35074590072908,115.54686455365677,115.6947250366211,5444300,0.0,0.0,0.7930999999999999
2025-09-10,115.18213571074813,115.83271878624136,112.86568002652992,114.13726806640625,7484900,0.0,0.0,0.0
2025-09-11,113.80212026112862,115.49757102719055,112.9938248401568,115.40885925292969,8399100,0.0,0.0,0.0
2025-09-12,114.60056868500367,115.33986358380332,113.45712229835515,114.30484771728516,7640900,0.0,0.0,0.3289
2025-09-15,114.45270756644797,115.08357194161883,113.35855052065239,113.9697036743164,7150900,0.0,0.0,0.0
2025-09-16,113.80212726660581,114.196419390973,113.0726917248494,113.58527374267578,6844900,0.0,0.0,0.4895
2025-09-17,113.59511521838203,114.99485250806744,113.5754039981875,114.44284057617188,7333900,0.0,0.0,0.24805
2025-09-18,113.68383555173823,114.1274094548904,112.42210687384247,113.22054290771484,9460500,0.0,0.0,0.0
2025-09-19,112.96425235541462,112.96425235541462,110.33236447617224,112.13624572753906,23398400,0.0,0.0,0.0
2025-09-22,110.16479247632579,112.00809616350351,109.92821270858948,110.953369140625,15479800,0.0,0.0,0.714
2025-09-23,111.11109693794157,111.99825232920553,110.00708050431346,110.6478042602539,13145000,0.0,0.0,0.0
2025-09-24,110.80552112633755,112.52068315616218,110.59851194021539,111.81095886230469,8755200,0.0,0.0,0.0
2025-09-25,111.10123319517494,112.42211061919328,111.04209201158332,111.37723541259766,6365500,0.0,0.0,0.0
2025-09-26,111.51523665134067,111.94895871950861,111.15052265810526,111.85038757324219,6145700,0.0,0.0,0.0
2025-09-29,111.85038618859359,113.36840588789269,111.7123850814297,113.14168548583984,9304100,0.0,0.0,0.47685
2025-09-30,112.89525510106586,113.24025787275913,111.72223815681234,112.86568450927734,9303700,0.0,0.0,0.0
2025-10-01,112.45168247513328,114.40341676056116,111.18009437014412,111.33780670166016,9736300,0.0,0.0,0.0
2025-10-02,111.36738183570839,111.55466475434368,109.19877905151543,110.53936767578125,8695100,0.0,0.0,0.183775
2025-10-03,110.44079946880906,111.94895983110008,109.96764743333713,110.86466217041016,7148400,0.0,0.0,0.3862
2025-10-06,111.08152196338676,111.49552528948075,109.85921568563828,111.14066314697266,6141200,0.0,0.0,-0.05229999999999996
2025-10-07,111.02237638573415,111.7813900254436,110.20422908126997,110.9238052368164,5409800,0.0,0.0,0.09905
2025-10-08,111.1998048136618,111.58423754963299,110.05636597655416,110.29293823242188,7074400,0.0,0.0,0.3599
2025-10-09,110.22393173893275,111.3870892549816,109.29734646600515,109.40577697753906,6502400,0.0,0.0,0.0
2025-10-10,109.93807372213854,111.07166068453807,107.55261743219965,107.63147735595703,9635200,0.0,0.0,0.0
2025-10-13,108.8143500705835,109.37621388683192,107.81876417846033,108.69606018066406,7435100,0.0,0.0,0.0
2025-10-14,108.08491282688409,110.24364875988587,107.64133138713296,109.58321380615234,7898000,0.0,0.0,0.0
2025-10-15,109.87892916030833,111.07165726859614,109.55363762518547,110.1155014038086,7012600,0.0,0.0,-0.2294
2025-10-16,110.1943638011324,110.49007723202818,106.96118215882947,108.3116226196289,7531200,0.0,0.0,0.0
2025-10-17,108.1736213665725,109.86907210851032,107.87790793608096,109.09034729003906,10090500,0.0,0.0,0.0
2025-10-20,109.44521252709589,110.64780006515922,109.0213498295899,110.3619384765625,8047500,0.0,0.0,0.64215
2025-10-21,110.6477986393913,112.90511320674356,110.44079697869476,112.66854095458984,8163200,0.0,0.0,0.64215
2025-10-22,112.37281655138689,112.64881875718109,111.36737887020854,111.46595001220703,7569200,0.0,0.0,0.1366
2025-10-23,111.55466523069624,112.20524832488108,110.3027958955931,111.41666412353516,6945400,0.0,0.0,0.0
2025-10-24,111.61381660650383,112.02781993789965,109.99721820298862,110.0859375,6235200,0.0,0.0,0.33825
2025-10-27,110.34222664747004,110.992802225815,109.72121414030401,110.73651123046875,6029600,0.0,0.0,0.429475
2025-10-28,110.31265696425376,110.87452077220003,109.86907552398264,110.05636596679688,6839400,0.0,0.0,0.0
2025-10-29,109.59307397589942,109.93807675122338,108.43977576103224,108.66648864746094,7097100,0.0,0.0,0.0
2025-10-30,108.55806086709089,111.95882193375118,107.98634519092047,110.24365234375,8311300,0.0,0.0,0.21945
2025-10-31,109.98737094492012,111.48567200131468,108.95235505271887,111.01252746582031,8700600,0.0,0.0,0.0
2025-11-03,110.94352365727146,111.19980713961529,109.4452151242777,110.51966094970703,8542300,0.0,0.0,0.0
2025-11-04,109.38607350587408,110.19436895424884,109.06078194823024,109.87893676757812,7950100,0.0,0.0,0.0
2025-11-05,109.76064081267712,110.37179393080024,109.02134596097005,109.77050018310547,5746000,0.0,0.0,0.17435
2025-11-06,109.58321240678778,110.11550561539397,107.6216187917271,108.91291809082031,10291800,0.0,0.0,0.0
2025-11-07,108.68621063485668,109.83950888416446,108.46934959232085,109.15935516357422,8782100,0.0,0.0,0.1818875
2025-11-10,109.56350118574332,111.18009203239778,109.44521129922117,110.637939453125,9158700,0.0,0.0,0.57301
2025-11-11,111.04209046290711,113.32897561601033,110.81537006147396,113.21068572998047,9713300,0.0,0.0,0.765
2025-11-12,112.93468763405644,115.4187151672819,112.75725655879059,114.98500061035156,15248700,0.0,0.0,0.35015
2025-11-13,107.33575671697092,107.79904936978424,103.4125695047362,106.07402801513672,44045400,0.0,0.0,0.21555999999999997
2025-11-14,105.98530679845808,107.178042445792,103.79700035117897,104.28986358642578,16691400,0.0,0.0,0.13474999999999998
2025-11-17,104.24057581390313,106.13316886064071,103.61957083558194,104.18143463134766,12296400,0.0,0.0,0.32515
2025-11-18,103.59985058126385,105.55159230254684,103.501279438279,104.76300811767578,11796200,0.0,0.0,-0.1333
2025-11-19,104.56586516856152,106.0543067153343,102.59441223938273,103.17598724365234,12790000,0.0,0.0,0.47592500000000004
2025-11-20,103.86600342693386,104.2898661203646,101.03696568050115,101.2341079711914,12609900,0.0,0.0,0.0
2025-11-21,102.00298063125011,103.28442055767384,101.22425580064441,102.79155731201172,10785400,0.0,0.0,0.8975500000000001
2025-11-24,102.60426843562375,102.85070006221002,100.43567312986309,100.4849624633789,15024800,0.0,0.0,0.55575
2025-11-25,101.02710043536432,102.43668954127516,100.54409658691114,101.83539581298828,10574500,0.0,0.0,0.0
2025-11-26,101.84526668262318,102.76199267347984,101.41154459475649,101.95369720458984,10130200,0.0,0.0,0.32455
2025-11-28,101.8255530884873,103.2449941712158,101.76640438302186,102.97885131835938,6525500,0.0,0.0,0.0
2025-12-01,103.42242489426108,105.30516616131858,102.97885096751278,105.24601745605469,12628900,0.0,0.0,0.449225
2025-12-02,105.00944949415181,105.04887945910929,103.32385797482782,103.3337173461914,8548200,0.0,0.0,0.0
2025-12-03,103.40271384987265,104.33915103927637,102.97885114382227,104.23072052001953,10177800,0.0,0.0,-0.13125
2025-12-04,104.32929071855652,104.70387160730532,103.01828016942518,103.9645767211914,11471400,0.0,0.0,0.44515000000000005
2025-12-05,103.67871481091348,104.65458195184677,103.06756166622483,103.79700469970703,10680100,0.0,0.0,0.0
2025-12-08,103.79700530041951,106.5077532235307,103.33371263391743,106.09374237060547,13727700,0.0,0.0,0.23517500000000002
2025-12-09,106.05431070454455,106.21203055464959,105.0291617608474,105.49244689941406,8549400,0.0,0.0,-0.26335
2025-12-10,105.59102751107764,108.10462562433456,105.05873428791234,107.27661895751953,11237900,0.0,0.0,0.3062
2025-12-11,107.64132802203332,109.96764310381356,107.55261624915427,109.86907196044922,13281400,0.0,0.0,0.20772500000000002
2025-12-12,110.13522170283247,111.72223439924535,109.5634985458288,110.00707244873047,13059100,0.0,0.0,0.0
2025-12-15,109.85821300229183,110.7017554968497,107.72456807053958,109.64981079101562,14318000,0.75,0.0,0.0
2025-12-16,110.3742651303662,111.99186760326596,110.01700202680637,110.77122497558594,15580200,0.0,0.0,0.0
2025-12-17,110.21548021137211,111.27734346351971,109.6200442181698,109.78874969482422,12142500,0.0,0.0,0.61815
2025-12-18,109.6895108947102,111.9422536896534,109.58034674668848,111.01932525634766,12913900,0.0,0.0,0.0
2025-12-19,111.46590096259969,112.61708377659764,110.07654526588401,110.39411163330078,21138400,0.0,0.0,0.0
2025-12-22,110.56281884289479,111.94224838833786,110.30479381693752,111.52543640136719,8803300,0.0,0.0,0.28635
2025-12-23,111.43612616136247,112.44836655386564,111.18802720942375,112.35905456542969,7634500,0.0,0.0,0.0
2025-12-24,112.0811837460467,113.6590894291559,111.9422489401646,113.6094741821289,4606700,0.0,0.0,0.0
2025-12-26,113.2819819972415,113.86749188452968,112.40866884822985,112.69646453857422,5428900,0.0,0.0,0.0
2025-12-29,112.45829109497764,113.61939235705125,112.44836501704958,113.3216781616211,7966000,0.0,0.0,0.36634999999999995
2025-12-30,113.23235873617357,114.40338607755221,113.23235873617357,113.9171142578125,6883900,0.0,0.0,0.357
2025-12-31,113.89726489932262,114.01635512338707,112.68654835920721,112.90486907958984,6608000,0.0,0.0,0.0
2026-01-02,112.57738689992571,112.57738689992571,110.7712267677642,110.99947357177734,8906200,0.0,0.0,0.0
2026-01-05,110.5727405037633,115.1476858420111,110.53304376237752,113.20259094238281,12029000,0.0,0.0,0.26835
2026-01-06,112.92472395728144,113.8873491370408,112.24989448074557,113.69879150390625,7388300,0.0,0.0,0.0
2026-01-07,113.58962345171003,114.09574743456305,111.65445465165313,112.0514144897461,8296300,0.0,0.0,0.4888
2026-01-08,111.69415012945518,114.11559072881793,111.69415012945518,113.30182647705078,9778200,0.0,0.0,0.0
2026-01-09,113.44076393629469,115.09807071249863,113.03388558658445,114.99882507324219,8935200,0.0,0.0,0.47505
2026-01-12,113.75833119630794,114.06597905195413,111.69415362544264,111.96209716796875,10833800,0.0,0.0,0.0
2026-01-13,111.9819377501375,112.35905299750453,110.76129516360488,112.12088012695312,8945700,0.0,0.0,0.39844999999999997
2026-01-14,111.9521684493894,112.72623596663055,111.4063552989297,112.66669464111328,8950900,0.0,0.0,0.23775000000000002
2026-01-15,112.8453292583326,113.24228910579605,111.31703876699491,112.54761505126953,7958500,0.0,0.0,0.28595
2026-01-16,112.33919983417296,112.98425860870292,110.27502235560766,110.35440826416016,12049600,0.0,0.0,0.0
2026-01-20,108.8261317696502,110.24525055651173,107.97267073902252,109.5009536743164,9818200,0.0,0.0,0.299575
2026-01-21,109.7292049082389,112.3888259939984,109.65973750407791,112.32928466796875,10041400,0.0,0.0,0.4746
2026-01-22,112.30943198218553,113.4209180149001,111.31703617234797,112.34912872314453,12437700,0.0,0.0,-0.22165
2026-01-23,111.83308910954834,112.09110657534877,109.7093626275885,110.13609313964844,10819800,0.0,0.0,0.0
2026-01-26,110.83076645282586,111.55521873918869,110.28494571848542,110.46357727050781,8859800,0.0,0.0,0.0
2026-01-27,110.65213734096461,110.94985912469389,109.19331422917422,109.76890563964844,8956900,0.0,0.0,0.0
2026-01-28,109.44140913191045,110.58266583202987,108.17114370169651,108.72688293457031,9016600,0.0,0.0,0.36675
2026-01-29,108.79635281215113,110.82084122684826,107.93297328021896,110.73152923583984,11079000,0.0,0.0,0.1806
2026-01-30,110.51320068887615,112.09110643080152,110.14601150456994,111.94225311279297,17895200,0.0,0.0,0.0
2026-02-02,103.21908982479103,107.78410901469849,102.96106479543799,103.6557388305664,37778500,0.0,0.0,0.3806
2026-02-03,103.98322945280078,104.19163165971047,101.56178130729583,103.427490234375,24827100,0.0,0.0,0.387675
2026-02-04,103.40764298579708,107.77418617438326,102.84197766266205,106.23597717285156,19070400,0.0,0.0,0.09675
2026-02-05,106.23597621206973,107.50624165805122,104.01300411022284,104.17179107666016,11859500,0.0,0.0,-0.09509999999999999
2026-02-06,105.32296380547531,108.1314457439972,104.56874844688343,107.87342071533203,12105600,0.0,0.0,0.0
2026-02-09,107.86350364416408,108.09175044183,105.95809792354419,106.31536102294922,10515400,0.0,0.0,0.319925
2026-02-10,106.78178565822519,110.26509700660796,106.78178565822519,109.12384033203125,9815500,0.0,0.0,0.6964
2026-02-11,108.10167447648739,109.03452894856412,106.98026995150724,107.29783630371094,9374900,0.0,0.0,0.31205
2026-02-12,107.10927825717582,107.33753262100633,100.25181969227036,101.60147857666016,25319600,0.0,0.0,0.62305
2026-02-13,100.62893394453575,104.71759972619711,100.43045024504119,104.64813232421875,12845300,0.0,0.0,0.561175
2026-02-17,105.75961862394723,106.46421872352691,103.57635092303495,104.63821411132812,10467400,0.0,0.0,0.41535
2026-02-18,105.15426049301625,106.9108053396402,105.00539960529535,106.28559112548828,8791600,0.0,0.0,0.69135
2026-02-19,106.29551440800479,106.9504916968191,104.64813375094563,105.19395446777344,7492900,0.0,0.0,0.0
2026-02-20,104.80692367846447,105.39243358092172,103.85422459507994,104.77715301513672,9043600,0.0,0.0,0.0
2026-02-23,104.18171603213789,104.39011824480646,102.17707224505678,103.61605072021484,10626500,0.0,0.0,0.37839999999999996
2026-02-24,103.65573673636953,106.41460337920466,103.18931707728036,105.24357604980469,13594800,0.0,0.0,0.5363
2026-02-25,105.19395554427105,105.90848173674713,103.71528791179529,104.25118255615234,8556500,0.0,0.0,0.0
2026-02-26,104.66798963396843,105.95809967300593,104.51912874486197,104.74738311767578,9578500,0.0,0.0,0.0
2026-02-27,103.98322939537309,105.5313644009208,103.13969449033436,105.23365020751953,13954000,0.0,0.0,0.4383
2026-03-02,103.81452886298935,103.81452886298935,102.07783615244315,103.53665924072266,14178600,0.0,0.0,0.0
2026-03-03,102.0579794936243,103.51680251754973,101.37323154649653,102.51448822021484,13608400,0.0,0.0,0.29828333333333334
2026-03-04,102.38547846191342,103.05038186710433,101.85950987060183,102.2564697265625,9672300,0.0,0.0,0.0
2026-03-05,102.31600404748632,103.75498248036759,100.81748429027168,101.63125610351562,11751500,0.0,0.0,0.0
2026-03-06,100.61901477938359,101.03581921988877,99.18996233036073,100.76787567138672,10448600,0.0,0.0,-0.11530000000000004
2026-03-09,99.78540292258373,101.09536510466263,97.70136563944882,100.886962890625,11715100,0.0,0.0,0.0
2026-03-10,100.97627579824574,101.4625476354206,99.47775597353863,100.54954528808594,7833100,0.0,0.0,0.0
2026-03-11,100.62893433522194,101.11520615095836,99.63653854803313,100.12281036376953,8152800,0.0,0.0,0.08650000000000002
2026-03-12,99.3388230801665,100.11289063181937,98.61437834957015,98.67391967773438,10309400,0.0,0.0,0.0
2026-03-13,99.07087541929553,100.00372233112067,98.4059720444657,98.53498077392578,9551500,0.0,0.0,-0.07675000000000001
2026-03-16,98.71361296789499,98.93194125870065,97.71129107436866,97.90977478027344,11578500,0.0,0.0,0.4091666666666667
2026-03-17,98.41588802886785,99.94417844396594,98.26702714707265,99.53730010986328,11785600,0.0,0.0,0.0
2026-03-18,99.0807982763556,100.25182568512552,98.24718939454284,98.66399383544922,12615100,0.0,0.0,0.6913
2026-03-19,98.2769579779315,100.01365068298418,97.69144807163296,98.44566345214844,14793800,0.0,0.0,0.40149999999999997
2026-03-20,98.257113242257,99.269353657388,97.64182510199821,98.75331115722656,27544200,0.0,0.0,0.0
2026-03-23,99.45791247863863,99.83502017283372,97.11585768623267,97.20516967773438,11373000,0.0,0.0,0.0
2026-03-24,96.99676871718921,97.30441658068045,95.5181010136908,95.65703582763672,9155700,0.0,0.0,0.0
2026-03-25,96.08376214252051,96.4410252402814,94.33714339473161,95.22037506103516,8467500,0.0,0.0,0.4687
2026-03-26,94.3966920435457,95.66695746718439,93.87071590500793,94.02950286865234,8548800,0.0,0.0,0.0258
2026-03-27,93.47376126842354,93.47376126842354,91.48896970147202,91.71721649169922,12475900,0.0,0.0,0.0
2026-03-30,92.18364921591858,94.46616268251262,92.18364921591858,93.60277557373047,10592600,0.0,0.0,0.0
2026-03-31,94.61501738536155,96.15323399247868,93.47376820675542,95.64710998535156,11180200,0.0,0.0,0.0
2026-04-01,96.52041860940267,97.61205248622655,95.75626959566054,95.82573699951172,8518600,0.0,0.0,-0.04044999999999999
2026-04-02,95.26999653948798,96.431097805182,94.36691272969546,95.87535858154297,6379100,0.0,0.0,0.3065
2026-04-06,95.76619510964362,96.4211799747073,95.389087429727,95.54786682128906,5882200,0.0,0.0,0.0
2026-04-07,95.07152604625539,96.05399582384246,94.60509878245135,95.05167388916016,7913000,0.0,0.0,0.0
2026-04-08,97.3540300760944,98.43574547532691,96.94715172012246,98.42581939697266,10821000,0.0,0.0,0.6616
2026-04-09,97.9097767670043,99.46783792592092,96.93722551678441,99.03118133544922,8918300,0.0,0.0,0.0
2026-04-10,99.08079694980933,99.39837088687223,98.06855652524918,98.4158935546875,6359600,0.0,0.0,0.0
2026-04-13,97.78075602521236,100.4999183711592,97.78075602521236,100.41060638427734,6790300,0.0,0.0,0.5624
2026-04-14,100.56938834781593,102.31600710376478,100.13273933736312,101.80988311767578,9997400,0.0,0.0,0.29869999999999997
2026-04-15,101.8198131278678,102.59388068273239,101.01597490879759,102.2564697265625,7035300,0.0,0.0,0.10335
2026-04-16,102.83205470603097,103.73513093975063,101.9984383035261,103.10992431640625,8145900,0.0,0.0,0.0
2026-04-17,103.89391872259145,105.52144722884589,103.89391872259145,105.48175048828125,10506200,0.0,0.0,0.0
2026-04-20,105.10464257514987,106.29551450391168,105.10464257514987,105.4916763305664,6423400,0.0,0.0,0.0
2026-04-21,105.3825171192469,106.06726510321214,103.1793971336853,103.49696350097656,7784500,0.0,0.0,0.0
2026-04-22,104.2313285377519,105.47182327436494,103.43741644914698,104.0229263305664,6886600,0.0,0.0,0.0
2026-04-23,104.14202322381671,104.40004069417164,101.7701977411496,102.86183166503906,6147000,0.0,0.0,0.0
2026-04-24,102.81220477355,102.85190151465905,101.19460232309635,101.81980895996094,5974500,0.0,0.0,0.0
2026-04-27,101.83965978533895,103.02060563953918,101.28391298845388,101.57170867919922,6524300,0.0,0.0,0.08895
2026-04-28,101.87935582220716,102.50456244658284,99.84494141643668,100.69840240478516,6409300,0.0,0.0,0.0
2026-04-29,100.17243812617741,100.70833278627653,99.83501960476121,100.52970123291016,5533700,0.0,0.0,0.8896999999999999
2026-04-30,100.14266668122531,103.32825638192301,99.65638727390106,102.96106719970703,9203500,0.0,0.0,0.3458
2026-05-01,103.60612767816932,104.03285819415163,102.18700131770525,102.2961654663086,5956900,0.0,0.0,0.0
2026-05-04,101.95874579023288,102.26639364708471,100.49992270390443,100.53961944580078,8400100,0.0,0.0,0.656
2026-05-05,100.75794581561743,100.95642952130724,99.29912275715898,99.71593475341797,14314700,0.0,0.0,-0.41509999999999997
2026-05-06,105.70999842237963,108.31007817206148,104.50920040002059,107.23828887939453,23219500,0.0,0.0,0.5060800000000001
2026-05-07,108.22076636608939,109.63989268061516,106.27566391105587,107.83373260498047,14309200,0.0,0.0,0.47255
2026-05-08,108.20091503778465,108.37954658823092,106.72224738604457,107.19859313964844,8370000,0.0,0.0,0.0
2026-05-11,107.17874785259357,107.56578161412871,103.58627228220827,103.92369079589844,10562300,0.0,0.0,0.0
2026-05-12,104.19163617960176,105.4619016318964,103.42749472111741,105.35274505615234,8178500,0.0,0.0,0.43920000000000003
2026-05-13,104.54890054022766,105.07486912556905,103.07023285422235,104.10232543945312,7605900,0.0,0.0,0.0
2026-05-14,104.73745264732493,105.48174949026665,104.05269712897726,104.61836242675781,6144600,0.0,0.0,0.0
2026-05-15,104.23132801819175,104.61836176837545,101.52209176690585,101.93889617919922,9258600,0.0,0.0,0.0
2026-05-18,101.90912608364066,103.90383616986786,101.77019127877047,103.1198501586914,9037200,0.0,0.0,0.0
2026-05-19,102.9213691252704,103.13969741611875,101.19460252614681,101.51216888427734,7032600,0.0,0.0,0.0
2026-05-20,102.12745766547482,104.06262648961834,100.8274139902545,103.28855895996094,7941400,0.0,0.0,0.0
2026-05-21,102.82212906090601,103.82445093516053,101.80988110870229,102.7923583984375,8611200,0.0,0.0,0.0
2026-05-22,103.24885888746034,103.7053600422387,102.19692177303108,102.21676635742188,5693300,0.0,0.0,0.0
2026-05-26,102.31600498962058,103.0106865892155,101.571708143084,102.49463653564453,6714400,0.0,0.0,0.0
2026-05-27,102.51448891845591,104.4496576951832,102.47479217798725,103.3877944946289,7360100,0.0,0.0,0.1618
2026-05-28,103.02060905696617,103.61605261419375,102.31600892371814,102.94122314453125,6511100,0.0,0.0,0.0
2026-05-29,102.84197968736177,102.97099599414373,101.05567169189453,101.05567169189453,13340300,0.0,0.0,0.41355
2026-06-01,100.88696335573167,102.2266962072239,99.53730442598828,102.06790924072266,8219000,0.0,0.0,0.0
2026-06-02,101.5717095216456,101.71064432917443,99.32889287365569,100.63886260986328,8397400,0.0,0.0,0.0
2026-06-03,99.67623490973834,100.49991765573053,98.495281504625,98.63421630859375,7471600,0.0,0.0,0.8641000000000001
2026-06-04,99.77547422442305,100.69840261742887,98.25710986817649,98.5845947265625,9568000,0.0,0.0,-0.04765
2026-06-05,98.92201919170897,99.43806170522778,98.33650169977196,98.95178985595703,9501600,0.0,0.0,0.21075
2026-06-08,98.76323055949389,99.08079692509821,97.66167814394407,98.11817932128906,7559200,0.0,0.0,0.7683
2026-06-09,98.29680690142362,99.32889186938023,97.7609122614967,98.57467651367188,8616300,0.0,0.0,-0.4733
2026-06-10,98.7334588011272,99.00140991464168,97.20516831754395,97.86015319824219,7041400,0.0,0.0,0.0
2026-06-11,98.07848356908464,99.97395570346617,97.35403126794252,99.57699584960938,9264400,0.0,0.0,0.0
2026-06-12,100.29152205051567,100.99612219455338,98.78308369184245,99.27928161621094,8257200,0.0,0.0,-0.63595
2026-06-15,100.11288702989278,101.62133290773681,99.82509133515438,100.91673278808594,10265100,0.0,0.0,0.38335
2026-06-16,100.65871043874095,101.15490835915841,99.28920690408536,100.50984954833984,10694600,0.0,0.0,-0.5233
2026-06-17,99.90448284246082,101.58163415846502,99.67623604963576,100.0930404663086,11168700,0.0,0.0,0.4989
2026-06-18,101.02589489809478,103.42749090340284,100.03349910369847,103.0999984741211,22943600,0.0,0.0,0.406
2026-06-22,102.62365852244403,103.51680873068582,100.73810489243905,101.67095184326172,17396300,0.0,0.0,-0.29955
2026-06-23,101.24421702596689,103.24886079859846,101.02589630811102,102.74273681640625,14457400,0.0,0.0,0.447
2026-06-24,102.31600604449831,103.73513234938109,100.27167310777538,100.35106658935547,12215500,0.0,0.0,0.0
2026-06-25,100.34114161761468,100.80756886281634,97.24486394426569,97.30441284179688,12054400,0.0,0.0,0.0
2026-06-26,97.30440945370802,98.69375749140566,97.15554857213215,98.03878021240234,13921400,0.0,0.0,0.0
2026-06-29,98.95178655891404,99.27927899748993,97.75098852218167,97.87999725341797,10418100,0.0,0.0,0.0
2026-06-30,97.41000366210938,97.5999984741211,95.98999786376953,96.25,12717800,0.75,0.0,0.06
2026-07-01,96.55000305175781,97.76000213623047,95.6500015258789,95.70999908447266,11590400,0.0,0.0,0.8264
2026-07-02,96.4000015258789,99.5199966430664,95.7699966430664,99.5,11297800,0.0,0.0,0.0
2026-07-06,98.8499984741211,99.44000244140625,97.0199966430664,97.41000366210938,10171900,0.0,0.0,0.0
2026-07-07,98.13999938964844,99.04000091552734,96.91999816894531,97.4800033569336,9936400,0.0,0.0,0.0
2026-07-08,97.30000305175781,97.66000366210938,96.63999938964844,96.69999694824219,8720800,0.0,0.0,0.0
2026-07-09,96.33999633789062,96.55000305175781,94.77999877929688,96.16999816894531,11448100,0.0,0.0,0.0
2026-07-10,96.88999938964844,97.05000305175781,95.5199966430664,95.62000274658203,10678900,0.0,0.0,0.0
2026-07-13,96.0999984741211,97.54000091552734,95.83000183105469,96.0,9304200,0.0,0.0,0.1366
2026-07-14,95.51000213623047,96.69000244140625,95.12999725341797,95.87000274658203,7651600,0.0,0.0,0.0
2026-07-15,96.0999984741211,97.9000015258789,96.0999984741211,97.1500015258789,10219200,0.0,0.0,0.0
2026-07-16,97.27999877929688,99.8499984741211,97.27999877929688,99.70999908447266,7480000,0.0,0.0,0.8358
2026-07-17,99.01000213623047,99.79000091552734,97.05000305175781,97.66999816894531,10496500,0.0,0.0,0.0
2026-07-20,97.8499984741211,98.38999938964844,96.0,96.41000366210938,9861700,0.0,0.0,0.0
2026-07-21,96.0,96.88999938964844,95.83999633789062,96.13999938964844,9745400,0.0,0.0,0.0
2026-07-22,97.12000274658203,97.30000305175781,95.6500015258789,95.87000274658203,9119200,0.0,0.0,0.3454
2026-07-23,94.80999755859375,94.81999969482422,92.48999786376953,92.83000183105469,13562500,0.0,0.0,0.50065
2026-07-24,93.26000213623047,96.29000091552734,93.0,94.8499984741211,12153100,0.0,0.0,0.41275
2026-07-27,95.51000213623047,97.19000244140625,95.51000213623047,96.6500015258789,10593900,0.0,0.0,0.0
2026-07-28,97.0,99.2300033569336,96.97000122070312,98.88999938964844,11389300,0.0,0.0,0.0
2026-07-29,98.33999633789062,99.41000366210938,97.98999786376953,98.4800033569336,11070100,0.0,0.0,0.0
2026-07-30,97.41000366210938,97.4800033569336,94.45999908447266,96.16000366210938,21112400,0.0,0.0,0.0
2026-07-31,96.08000183105469,96.58999633789062,95.5999984741211,96.19000244140625,11193000,0.0,0.0,0.25775000000000003
2026-08-03,97.62000274658203,99.05000305175781,97.20999908447266,98.13999938964844,11480300,0.0,0.0,0.0
2026-08-04,97.87000274658203,98.56999969482422,97.37999725341797,98.18000030517578,16796800,0.0,0.0,0.0
2026-08-05,101.98999786376953,103.20999908447266,99.69000244140625,101.76000213623047,20809000,0.0,0.0,0.5414
2026-08-06,102.54000091552734,104.7300033569336,102.5199966430664,104.68000030517578,14047200,0.0,0.0,0.0
2026-08-07,104.41999816894531,105.25,103.69999694824219,104.91000366210938,10929700,0.0,0.0,0.0
2026-08-10,104.61000061035156,104.80000305175781,102.80000305175781,103.18000030517578,8631900,0.0,0.0,-0.17469999999999997
2026-08-11,102.94999694824219,104.08999633789062,102.79000091552734,103.52999877929688,6781600,0.0,0.0,0.58265
2026-08-12,103.29000091552734,103.68000030517578,102.02999877929688,103.22000122070312,6717500,0.0,0.0,0.0
2026-08-13,103.80000305175781,104.94000244140625,103.45999908447266,104.80000305175781,7100000,0.0,0.0,0.0
2026-08-14,104.98999786376953,107.11000061035156,104.91000366210938,106.8499984741211,8176900,0.0,0.0,0.62195
2026-08-17,106.33000183105469,106.63999938964844,103.45999908447266,103.5,7635000,0.0,0.0,0.0
2026-08-18,104.19000244140625,105.20999908447266,103.62999725341797,103.94999694824219,6149900,0.0,0.0,0.0
2026-08-19,104.05999755859375,107.05999755859375,103.95999908447266,106.93000030517578,8046100,0.0,0.0,0.0
2026-08-20,106.87999725341797,108.69000244140625,106.41999816894531,107.31999969482422,7971500,0.0,0.0,0.0
2026-08-21,107.56999969482422,108.41000366210938,106.97000122070312,107.77999877929688,6840800,0.0,0.0,0.07604999999999999
2026-08-24,108.38999938964844,111.87000274658203,108.08000183105469,110.61000061035156,12658400,0.0,0.0,0.0
2026-08-25,110.5,111.5999984741211,109.76000213623047,111.25,6747100,0.0,0.0,0.0
2026-08-26,111.30000305175781,111.5199966430664,109.44999694824219,109.62999725341797,8524600,0.0,0.0,0.6012500000000001
2026-08-27,108.77999877929688,108.87000274658203,106.73999786376953,106.81999969482422,8699500,0.0,0.0,0.0
2026-08-31,107.77999877929688,108.08999633789062,106.97000122070312,107.55000305175781,8728700,0.0,0.0,0.22061666666666666
2026-09-01,107.23999786376953,108.94999694824219,106.13999938964844,106.22000122070312,7033700,0.0,0.0,0.0
2026-09-02,106.70999908447266,108.98999786376953,106.33000183105469,107.9800033569336,7555300,0.0,0.0,0.0
2026-09-03,108.62000274658203,109.19000244140625,107.30999755859375,107.62000274658203,2170696,0.0,0.0,0.1591
