Date,Open,High,Low,Close,Volume,Dividends,Stock Splits,sent
2021-09-07,110.26065207734742,110.37118215515314,108.76840151373538,109.00526428222656,3436110,0.0,0.0,0.0
2021-09-08,109.06844869591875,109.81853109941842,108.64209309702079,109.4869155883789,3122728,0.0,0.0,0.020125000000000004
2021-09-09,108.83948351961085,109.71588601075894,108.61050941234141,108.75263214111328,3669682,0.0,0.0,0.1806
2021-09-10,109.60534786669412,110.03960477723481,108.16836831042725,108.18415832519531,4157955,0.0,0.0,0.2202
2021-09-13,109.27372614555996,109.7395504036871,108.57101390138457,109.07633209228516,4334729,0.0,0.0,0.55505
2021-09-14,109.27373803925563,109.40795945717358,106.85770210966557,107.5525131225586,4659198,0.0,0.0,0.04801666666666667
2021-09-15,107.55251757277055,108.80000432272152,107.11826067174411,108.32627868652344,3403579,0.0,0.0,0.02939999999999998
2021-09-16,108.38941946547915,108.91841635894802,107.14982164233722,107.71829986572266,2765624,0.0,0.0,0.7362500000000001
2021-09-17,107.18141664986456,107.31563805244646,106.62872842580704,106.7708511352539,5890340,0.0,0.0,0.0
2021-09-20,105.72076516360765,106.7313891210759,104.83646762560198,106.04447937011719,4990152,0.0,0.0,-0.156225
2021-09-21,106.67611168820936,107.10246726764741,104.96278806261252,104.9864730834961,4261927,0.0,0.0,0.0
2021-09-22,105.57865218183083,106.88141043651316,105.38126437654914,106.2971420288086,3767901,0.0,0.0,0.433375
2021-09-23,106.78664573334206,108.49996922008955,106.61294299250602,107.95516967773438,3151807,0.0,0.0,0.2150875
2021-09-24,108.19202347876046,109.33686847659209,107.97095074411622,108.55520629882812,3100762,0.0,0.0,0.13986666666666667
2021-09-27,108.92632932897756,109.80273177531737,108.54734380614053,109.40005493164062,3459017,0.0,0.0,0.31220000000000003
2021-09-28,109.88167560741044,110.29224113356163,108.33415357725644,108.53943634033203,4513072,0.0,0.0,0.3648
2021-09-29,108.74472193207923,110.48173675808367,107.72620939729477,109.88957977294922,3947499,0.0,0.0,0.41960000000000003
2021-09-30,110.53702220860595,110.9870565340271,109.35269548544827,109.69219970703125,6090230,0.0,0.0,0.0
2021-10-01,111.32658512384185,113.67154749486896,110.82916809957739,113.15834045410156,6907889,0.0,0.0,0.0
2021-10-04,112.70037345526471,115.2743095408116,112.39244928193794,113.78205871582031,7689251,0.0,0.0,0.085
2021-10-05,114.28737027504758,114.48475173788707,112.62141679312326,113.02409362792969,7297524,0.0,0.0,0.09182500000000002
2021-10-06,112.49508492707879,113.19778461506826,111.23970957795534,112.40034484863281,5573506,0.0,0.0,0.5885
2021-10-07,112.6924706667278,113.22146757004778,111.74500694344147,111.96607971191406,3999695,0.0,0.0,0.13965000000000002
2021-10-08,111.96608809991918,113.41887011838266,111.36602979717833,113.07935333251953,3902940,0.0,0.0,0.0
2021-10-11,113.30044224660709,113.75837784402297,112.43192849075517,112.45561981201172,2921792,0.0,0.0,0.013000000000000003
2021-10-12,112.28192341462677,112.35298478065101,110.77388251894413,110.9081039428711,3293436,0.0,0.0,0.2282
2021-10-13,110.94758455730168,111.65028430307827,110.26856353220073,111.13707733154297,3013003,0.0,0.0,0.0
2021-10-14,111.35815369378999,113.63205445559718,111.33446237058988,113.2136001586914,4410668,0.0,0.0,0.50905
2021-10-15,113.21362311411525,114.3663574427433,112.73988476643052,114.17686462402344,3371049,0.0,0.0,0.1421
2021-10-18,113.6952112361256,114.43739232103512,111.92662880670814,112.3687744140625,6437189,0.0,0.0,-0.0035249999999999934
2021-10-19,111.3897179328676,112.8582773206667,110.94757237544054,112.1003189086914,4539117,0.0,0.0,0.0
2021-10-20,111.86344477921428,112.27401031600097,111.08968374409338,112.03714752197266,6474008,0.0,0.0,0.20210555555555557
2021-10-21,105.41282377865686,105.57862520813241,101.14135452790255,101.32295227050781,32913959,0.0,0.0,0.1216
2021-10-22,101.10190199109944,102.8389108397302,99.96495154665365,100.9676742553711,12114981,0.0,0.0,0.27115
2021-10-25,100.69132397713594,101.57562145874752,100.2254870651654,100.7781753540039,6667204,0.0,0.0,0.13612500000000002
2021-10-26,100.68343536102884,101.29928374421934,100.08337699265599,100.3755111694336,8912861,0.0,0.0,0.14013333333333333
2021-10-27,100.62024444299182,100.96764358684317,98.70163839412183,98.82796478271484,7294176,0.0,0.0,0.24785
2021-10-28,98.82798999286913,99.72807755535304,98.39373937706087,99.35698699951172,6802138,0.0,0.0,-0.3385
2021-10-29,99.03326052438243,99.73596021067337,98.62269498190979,98.77271270751953,6188973,0.0,0.0,-0.14713333333333334
2021-11-01,98.7332274487576,99.72806123931574,97.77787499010333,99.70437622070312,6177153,0.0,0.0,-0.23695
2021-11-02,99.72018126510382,100.40709101459542,98.62270592757285,99.62543487548828,4722062,0.0,0.0,0.5313
2021-11-03,99.6649163964535,100.50183758885846,99.23065948454959,100.3755111694336,5670784,0.0,0.0,0.0
2021-11-04,101.62322119559602,101.86271775090708,99.02173160687809,99.80630493164062,7208700,0.0,1.046,-0.1993
2021-11-05,100.28532071746481,102.21785207407598,100.28532071746481,102.0857162475586,6790500,0.0,0.0,0.4725
2021-11-08,102.39954433762766,103.0519819146102,102.01964517271695,102.85377502441406,5625300,0.0,0.0,0.20095
2021-11-09,102.56922644225031,102.85377233492677,100.64438345928815,101.13814544677734,7236600,1.64,0.0,0.05360000000000001
2021-11-10,101.26366627497957,102.46041894999146,100.36819444017783,100.61089324951172,6270300,0.0,0.0,-0.21075
2021-11-11,101.17997750641962,101.92480891327514,100.49372812982365,100.6527328491211,4643300,0.0,0.0,0.233975
2021-11-12,100.42678561407615,100.96239462655417,99.40577893873895,99.5564193725586,5418300,0.0,0.0,0.0
2021-11-15,100.04183201980717,100.56070612178421,99.0124545036977,99.48111724853516,5046300,0.0,0.0,0.14080000000000004
2021-11-16,99.52294619105633,100.34310110916014,99.10450123762777,99.13797760009766,4750800,0.0,0.0,0.20115
2021-11-17,99.07103482734259,99.86608414970152,98.56890210977922,98.80323028564453,4043300,0.0,0.0,0.0
2021-11-18,99.05427904058539,99.05427904058539,97.3386523653933,97.6315689086914,5046900,0.0,0.0,0.5106
2021-11-19,97.4893057169703,97.54788775640681,96.46829898539413,97.12107849121094,5380200,0.0,0.0,0.0
2021-11-22,97.07922543468617,99.43088393866583,96.40134667958041,97.47256469726562,6416200,0.0,0.0,0.0
2021-11-23,97.7403793334961,98.70280406585655,97.1127118626041,97.7403793334961,4912800,0.0,0.0,-0.148
2021-11-24,97.21315084647097,98.14209292373002,97.14619811037312,97.69017791748047,3220800,0.0,0.0,0.0
2021-11-26,96.24234820660145,97.3637777209218,95.87411457027471,96.92022705078125,3322000,0.0,0.0,0.0
2021-11-29,99.27188447214915,100.10040370401737,98.3596711404256,99.17145538330078,8949800,0.0,0.0,-0.09660000000000002
2021-11-30,98.33456651323831,99.79075319977224,97.45582953509208,97.99980926513672,9252700,0.0,0.0,0.0
2021-12-01,98.9622319842338,99.53131737916112,97.79058483174069,97.84916687011719,5958300,0.0,0.0,0.46609999999999996
2021-12-02,98.22579022282872,98.73629367844813,97.54790492153475,97.83245086669922,5267100,0.0,0.0,-0.42579999999999996
2021-12-03,98.21740016345545,99.89117998030376,98.21740016345545,99.45599365234375,6630100,0.0,0.0,-0.148
2021-12-06,99.9246553105887,101.3892126352017,99.9246553105887,100.35147094726562,4785600,0.0,0.0,-0.0189
2021-12-07,100.82849921877423,102.16752179847998,100.48537129071288,101.74907684326172,5194000,0.0,0.0,0.20065
2021-12-08,102.10059092149159,103.25549694644249,101.69888086913733,102.95421600341797,5483900,0.0,0.0,0.16052499999999997
2021-12-09,102.22611510407727,103.73251327791877,101.92483419231617,103.41449737548828,4601100,0.0,0.0,0.0
2021-12-10,104.02543056001879,104.88742624676094,103.23875190922233,103.84967803955078,4966900,0.0,0.0,0.76945
2021-12-13,103.5734983794583,104.07563105491393,101.0879342932451,102.58596801757812,6847500,0.0,0.0,0.0
2021-12-14,102.39346861239049,104.636333594422,102.35162795219955,103.573486328125,5716100,0.0,0.0,0.0
2021-12-15,103.6069818851496,104.46060685377671,102.251217821486,103.02952575683594,4990000,0.0,0.0,0.2255
2021-12-16,103.36427715495098,105.98374034012427,103.33917147861771,105.3895492553711,7280500,0.0,0.0,0.238425
2021-12-17,105.33932580964348,107.65750784276109,104.78697545386831,106.61976623535156,10379000,0.0,0.0,0.26234999999999997
2021-12-20,105.2137910233762,106.45238440295645,104.36015981653857,106.33522033691406,4941400,0.0,0.0,0.0
2021-12-21,106.83736163910467,108.24333046179522,106.83736163910467,107.93368530273438,4856000,0.0,0.0,0.0
2021-12-22,108.00900026838616,108.61992627352491,106.78714187314594,108.58645629882812,3923200,0.0,0.0,0.0
2021-12-23,108.79569226283756,109.59911222446951,108.39398866698512,109.32293701171875,3649000,0.0,0.0,0.07585000000000001
2021-12-27,109.3229382332571,110.1765567877407,108.75384642700749,110.15145111083984,4293900,0.0,0.0,-0.148
2021-12-28,110.13473886437404,111.49049669809834,110.12636179087805,110.99673461914062,3445200,0.0,0.0,0.23102500000000004
2021-12-29,110.804218057788,112.31899950907327,110.72053672943744,111.59927368164062,4239900,0.0,0.0,0.40869999999999995
2021-12-30,111.93401905679241,112.45288668492238,111.58252684709863,112.06792449951172,3158100,0.0,0.0,0.0
2021-12-31,112.14325075443442,112.97177638330132,111.81686419214023,111.85871124267578,3362100,0.0,0.0,0.0
2022-01-03,112.20183305895074,114.05971685610407,111.83359946620686,113.85049438476562,4605900,0.0,0.0,0.13235000000000002
2022-01-04,113.90071842482894,117.12273681922812,113.73333023193446,115.5075454711914,7300000,0.0,0.0,0.39253333333333335
2022-01-05,115.75025142083926,119.00575294152989,115.39039485797791,115.67493438720703,8956900,0.0,0.0,-0.019799999999999998
2022-01-06,115.65816127044009,115.8339137372757,110.89625653433632,113.26465606689453,9908100,0.0,0.0,0.19685
2022-01-07,112.89644338996723,113.53248789228608,111.73316692958466,112.8378677368164,5238100,0.0,0.0,0.4707333333333333
2022-01-10,112.53658509647168,113.9844010378815,111.62437817656138,113.00524139404297,5432800,0.0,0.0,-0.106775
2022-01-11,109.23087945789526,111.51558543762305,107.09680753906225,111.19756317138672,11105300,0.0,0.0,0.17685
2022-01-12,111.5155856044475,112.5365923629079,109.94222841535888,111.80012512207031,5352000,0.0,0.0,0.3671625
2022-01-13,112.0595633511278,113.8588844722858,111.77502382236233,112.77928924560547,4868300,0.0,0.0,0.0
2022-01-14,112.6035320995402,113.09729404725805,111.55741978492152,112.3189926147461,5310300,0.0,0.0,-0.148
2022-01-18,111.26450596414696,112.05118448726778,110.28534634598364,111.25614166259766,5246700,0.0,0.0,0.026475
2022-01-19,111.22264593090462,112.05953570546349,110.051005354492,110.11795806884766,4103700,0.0,0.0,0.12085000000000001
2022-01-20,109.85015439188841,111.20592459884372,109.27271113643425,109.48193359375,5278200,0.0,0.0,0.21536666666666668
2022-01-21,110.17653769001166,110.36065446865508,108.18474863820786,108.25170135498047,5907000,0.0,0.0,0.1779
2022-01-24,107.11353994728204,108.08432894222477,103.93336205630312,107.80816650390625,13484000,0.0,0.0,-0.045525
2022-01-25,108.07597393717893,114.93846937354027,107.3729894029505,113.9007339477539,19715700,0.0,0.0,0.08443846153846153
2022-01-26,114.2103722479674,114.71251132483857,111.41516288587158,112.36083984375,8336000,0.0,0.0,0.2363666666666667
2022-01-27,111.85871714684134,112.77092415500084,110.53642945367153,110.9046630859375,5497300,0.0,0.0,0.12988333333333335
2022-01-28,111.46537511604302,112.58680459062248,110.29372151743978,112.56169891357422,5471500,0.0,0.0,0.11755
2022-01-31,112.21855211006857,112.21855211006857,110.72052496156752,111.78337860107422,5859000,0.0,0.0,0.20095
2022-02-01,111.94237698987162,113.78354479770391,110.88790042077915,113.42367553710938,6206400,0.0,0.0,0.0
2022-02-02,113.56593933409819,115.12255481845328,113.197705791789,114.86312103271484,5357200,0.0,0.0,0.16438333333333335
2022-02-03,114.65390573173634,116.12682722279577,113.6747461713819,115.30667877197266,6100800,0.0,0.0,0.0
2022-02-04,115.37363926654315,116.17705916940696,114.00114037534235,114.7794418334961,4142000,0.0,0.0,0.0
2022-02-07,115.03052184401008,115.34017981113473,114.04299782596053,114.85478210449219,3759000,0.0,0.0,0.10730000000000003
2022-02-08,114.84640930171527,115.08911454902301,113.63292137495989,114.67066955566406,4181800,0.0,0.0,0.0
2022-02-09,115.35691052909483,115.78373258702604,114.51165625562295,115.3150634765625,5393500,0.0,0.0,0.0
2022-02-10,114.73912233189792,115.66231729777677,112.79108712748805,113.08753204345703,5978600,1.64,0.0,0.31245
2022-02-11,113.40935628543748,114.09541331598041,112.12197029993304,112.38452911376953,4176200,0.0,0.0,0.0
2022-02-14,112.29983337835661,112.35064954865061,109.31850604864137,110.23322296142578,5345300,0.0,0.0,0.55925
2022-02-15,110.64825871758826,111.5291026147576,109.77587987540441,110.05538177490234,4394000,0.0,0.0,0.4177
2022-02-16,109.64036021902649,110.47886590808203,108.6324629659314,109.41167449951172,4875600,0.0,0.0,0.29836666666666667
2022-02-17,108.45457992533142,108.83571408250563,105.74427032786544,105.84590911865234,6797000,0.0,0.0,0.16457500000000003
2022-02-18,105.82052449880268,106.24400986150079,104.694051883176,105.32080841064453,4609200,0.0,0.0,0.27092499999999997
2022-02-22,105.19375475789653,105.87133387947453,103.90636218114642,104.95660400390625,5349700,0.0,0.0,0.5606
2022-02-23,105.34620965339379,105.6172400094348,103.22031792333316,103.38970947265625,4086400,0.0,0.0,-0.017116666666666665
2022-02-24,101.63648978548122,103.41512706435235,100.62859252730885,103.30502319335938,6563200,0.0,0.0,0.06705
2022-02-25,103.3727811318359,105.2445856869236,102.86459351966366,105.17682647705078,4460900,0.0,0.0,0.1909
2022-02-28,103.5082887119846,104.50771439878082,102.51733454153268,103.76238250732422,6757300,0.0,0.0,0.0
2022-03-01,103.89790844517856,104.50772846658269,102.22937490380187,102.7799072265625,4873300,0.0,0.0,-0.04283333333333333
2022-03-02,103.83013582029787,105.56642835357573,103.16103464853333,104.90579223632812,4891400,0.0,0.0,0.205675
2022-03-03,105.83747200657534,107.285791321237,105.22765198737581,106.6590347290039,5206600,0.0,0.0,0.0
2022-03-04,105.36314763002731,107.86170840296357,105.20222114258038,107.24342346191406,4402400,0.0,0.0,0.139725
2022-03-07,107.11639274482017,108.33603270353255,106.39646889325348,106.77760314941406,5047400,0.0,0.0,0.0
2022-03-08,107.24344311885275,108.70870542007113,105.71889312116164,106.4472885131836,4887600,0.0,0.0,0.512625
2022-03-09,107.91253737413356,108.49694921077366,106.64208135491488,106.9046401977539,4403500,0.0,0.0,0.7161500000000001
2022-03-10,106.50656871857399,106.74371948778513,104.28750309176134,105.32080841064453,5326800,0.0,0.0,0.1101
2022-03-11,105.87132874621831,107.3704639180406,104.94813386125037,104.990478515625,4119600,0.0,0.0,0.0
2022-03-14,105.40551460804183,106.00686956895403,103.91485063657123,104.97356414794922,3289200,0.0,0.0,0.07129999999999999
2022-03-15,105.02434471552694,106.66746959581093,104.36370874234497,106.41337585449219,4021200,0.0,0.0,0.2202
2022-03-16,107.14180188112859,107.80243804459853,105.62572343481658,107.59916687011719,4292800,0.0,0.0,0.0
2022-03-17,107.64996928055675,108.65785996895173,107.16719626423568,108.37836456298828,3671900,0.0,0.0,0.0
2022-03-18,107.88712907103167,109.19992982309424,107.03169328778809,109.05594635009766,7466000,0.0,0.0,0.53505
2022-03-21,109.25923204340785,109.88599508132265,107.90408007012805,108.49696350097656,3384600,0.0,0.0,0.2814
2022-03-22,108.83574178099133,109.51332096826852,108.28520949906287,109.31004333496094,2690200,0.0,0.0,0.0
2022-03-23,109.32696445129899,109.5302420438544,108.62397731625855,108.66632843017578,2924500,0.0,0.0,0.0
2022-03-24,108.6917434593823,109.572587235919,108.2428500554146,109.47095489501953,2971100,0.0,0.0,0.38365
2022-03-25,109.68270987600826,111.29194909851236,109.52178336900829,111.2496109008789,3530200,0.0,0.0,0.43745
2022-03-28,110.8006934895662,111.37662725983164,109.76738838527122,111.3512191772461,2483500,0.0,0.0,0.030575000000000005
2022-03-29,111.83400266806781,112.51158179540742,110.47037935915512,111.74931335449219,5791000,0.0,0.0,0.265
2022-03-30,111.80860252597572,112.71486741948166,111.28348480375604,111.91024780273438,2622900,0.0,0.0,0.35052500000000003
2022-03-31,110.71601535664702,111.69850450955813,110.10619539440894,110.12313842773438,4274000,0.0,0.0,0.134775
2022-04-01,109.81821562152732,110.33486822576003,108.46305743620493,110.23322296142578,4012400,0.0,0.0,0.2106
2022-04-04,110.32637614951346,110.48730261737703,109.19990379821316,110.33485412597656,2809800,0.0,0.0,0.17801666666666668
2022-04-05,109.97915133612624,111.14796212217863,108.97125412825514,109.16605377197266,3107200,0.0,0.0,0.33247499999999997
2022-04-06,108.22593029647803,109.69118619576187,107.77703679598211,109.58955383300781,3958100,0.0,0.0,0.07613333333333333
2022-04-07,109.14909852121103,109.47095148904056,107.33658839220753,108.8780746459961,3538300,0.0,0.0,0.21472500000000003
2022-04-08,108.42071516315568,109.07288622386486,107.79395865153957,108.1835708618164,3143300,0.0,0.0,0.0
2022-04-11,108.36990905989646,108.5647087212646,106.87077361776728,107.03170013427734,3202500,0.0,0.0,0.12765
2022-04-12,107.07404060436996,107.85325214308516,106.3625882764667,106.70137786865234,2691000,0.0,0.0,0.36107500000000003
2022-04-13,106.41340579421784,107.28578464332104,105.79512075792341,106.8368911743164,3064900,0.0,0.0,0.3342
2022-04-14,109.19992815463007,110.59743758956381,107.04015670705896,107.19261169433594,6384200,0.0,0.0,0.08102500000000001
2022-04-18,107.2265177021388,107.8956255076244,106.32025907179764,106.86231994628906,4884200,0.0,0.0,0.0010999999999999899
2022-04-19,106.78606020367624,109.59799601765066,106.71830100139722,109.3862533569336,7971400,0.0,0.0,0.11402222222222222
2022-04-20,114.34102845688994,118.20321223919007,112.9689402510058,117.1529769897461,17859200,0.0,0.0,0.25397250000000005
2022-04-21,117.07675127512859,120.16820195321577,116.33142587889868,118.4488525390625,9922300,0.0,0.0,0.028316666666666674
2022-04-22,118.3218014963724,118.9485644525722,116.33142815118867,117.09369659423828,6508600,0.0,0.0,-0.04973333333333333
2022-04-25,116.53468757984326,118.27944503529392,114.50196320769125,117.8136215209961,5748300,0.0,0.0,0.191
2022-04-26,117.72890015044791,118.4657603539209,115.33197207135568,115.34891510009766,4956200,0.0,0.0,0.0
2022-04-27,115.00166556121438,116.13660304897968,114.02765455318735,114.391845703125,4369100,0.0,0.0,-0.03416666666666666
2022-04-28,115.90794961206375,116.02652499735687,114.18012208493798,114.96781158447266,4474300,0.0,0.0,0.0
2022-04-29,114.45115740442037,114.80688355558284,111.8001349181114,111.9780044555664,5078700,0.0,0.0,0.20929999999999999
2022-05-02,112.64710372593635,113.29927478720944,110.85999502205618,112.68097686767578,4213500,0.0,0.0,0.00959999999999997
2022-05-03,112.6471047623149,113.15529235931304,111.79166899524039,112.24056243896484,3688600,0.0,0.0,0.0
2022-05-04,112.53700272063894,116.77185659496115,111.91871767363745,116.373779296875,5932600,0.0,0.0,0.0
2022-05-05,115.57761060662166,116.25517672912426,114.13775028694022,115.1202392578125,5957400,0.0,0.0,0.2553
2022-05-06,114.7391296846569,116.87349961466614,114.7391296846569,116.60246276855469,7306400,0.0,0.0,0.28583333333333333
2022-05-09,115.22230005465242,116.88535739651813,114.28790617264175,115.24801635742188,7647900,1.65,0.0,0.0
2022-05-10,115.7280606319712,116.07953417765954,110.09595540256615,110.69603729248047,8642400,0.0,0.0,0.0
2022-05-11,111.32183034553498,113.97929493743165,111.32183034553498,112.08477783203125,5301100,0.0,0.0,0.0
2022-05-12,112.53054090398118,114.54505855667819,111.79330977188074,113.92784118652344,5384800,0.0,0.0,0.49434999999999996
2022-05-13,114.01357141307116,114.6993699474491,112.34194647838183,114.52792358398438,4195100,0.0,0.0,0.5624
2022-05-16,114.09927762877098,117.02247218699465,113.50777667823525,115.75375366210938,4250400,0.0,0.0,0.0
2022-05-17,117.60541603427988,118.61695861816406,116.27668398010387,118.61695861816406,4372900,0.0,0.0,0.0934
2022-05-18,117.52828498799374,117.97404293306131,113.30206068651728,113.96214294433594,6003000,0.0,0.0,0.138725
2022-05-19,113.15634079985425,113.43066548044324,110.33601048534761,111.150390625,5819700,0.0,0.0,0.0625
2022-05-20,111.59613822142279,111.75901685029464,107.84141433917254,110.13882446289062,6914500,0.0,0.0,0.31488333333333335
2022-05-23,111.01320405260043,113.1134512428974,110.94462289742316,112.4448013305664,3591500,0.0,0.0,0.4283333333333334
2022-05-24,111.9304739468383,115.18799413371433,111.80187936229159,114.69937133789062,4189700,0.0,0.0,0.5883
2022-05-25,113.8935555372357,115.57376126125851,113.8935555372357,115.20513916015625,3299300,0.0,0.0,-0.1858
2022-05-26,115.72806656349975,117.91404377024757,115.3165926560417,117.34825897216797,3929300,0.0,0.0,0.37095
2022-05-27,117.77687186172452,119.79140253322609,117.64829036376425,119.38849639892578,4608000,0.0,0.0,0.2233
2022-05-31,118.47128394470874,119.86859780554235,117.27971364072614,119.0199203491211,7978100,0.0,0.0,0.27416250000000003
2022-06-01,119.73138586669477,120.41718435842729,118.74555952768556,119.52564239501953,3796500,0.0,0.0,0.10115
2022-06-02,119.54279922540292,120.26288180531004,117.31397032371142,120.14286804199219,3734800,0.0,0.0,-0.2239
2022-06-03,120.2371769423773,122.22599158714121,119.79141896794711,121.02584075927734,4352200,0.0,0.0,0.0
2022-06-06,122.5688785724569,124.06905722619345,121.72878218890996,122.48316192626953,4766900,0.0,0.0,0.2344
2022-06-07,122.2431554700463,122.56889971056746,120.83727404102277,122.39745330810547,2887100,0.0,0.0,0.0
2022-06-08,121.78881102401118,122.41459625049252,120.14288901050507,120.72582244873047,3005700,0.0,0.0,0.0
2022-06-09,120.14287362754607,120.90582110421953,118.23978880608733,118.26551818847656,3591000,0.0,0.0,0.0
2022-06-10,118.12832584786972,118.12832584786972,115.9423491806706,116.74816131591797,4659500,0.0,0.0,0.38448333333333334
2022-06-13,114.84510609503288,117.9311931229781,114.66507890151951,115.8223648071289,6486000,0.0,0.0,0.0
2022-06-14,115.72808887603706,117.39971421036427,115.60807508486799,116.34530639648438,4607800,0.0,0.0,0.033079999999999984
2022-06-15,116.59389338621311,118.68557338037061,116.22528429701583,117.49400329589844,4606900,0.0,0.0,0.0
2022-06-16,115.98523751339464,116.79104981177254,115.20514151555908,116.30241394042969,5386400,0.0,0.0,0.0
2022-06-17,116.57676038280589,117.42542462041307,113.88501141844834,115.74523162841797,12968500,0.0,0.0,0.26535
2022-06-21,116.49958079359786,118.72842284454809,116.49958079359786,118.17121887207031,4089300,0.0,0.0,-0.148
2022-06-22,116.6710425304183,118.45410050949677,116.61102910547287,117.51113891601562,3791500,0.0,0.0,0.0813
2022-06-23,117.56256570217107,118.83128449852595,117.01392948640795,118.67698669433594,4547900,0.0,0.0,0.3982
2022-06-24,119.32849138456892,122.04595623719202,119.26849104146747,121.78021240234375,11493000,0.0,0.0,0.0
2022-06-27,121.95166930195082,123.29755023403229,121.68592544415655,122.41458892822266,3936000,0.0,0.0,0.2064
2022-06-28,122.51741910985855,123.58040731760343,121.14583534686705,121.6087417602539,4064800,0.0,0.0,0.054799999999999995
2022-06-29,122.36312300954471,123.03177288277853,119.5856452496001,120.62291717529297,4161500,0.0,0.0,0.06738749999999999
2022-06-30,119.65422868320805,122.12309785025325,119.39705263155462,121.03439331054688,4878000,0.0,0.0,-0.05134999999999998
2022-07-01,120.8715381729243,121.4458907208212,119.37992724818616,120.97440338134766,4011900,0.0,0.0,0.3502875
2022-07-05,119.98856788719128,119.98856788719128,115.95951953414793,117.97403717041016,6273400,0.0,0.0,0.19440000000000002
2022-07-06,118.29981939861939,119.27707825303929,117.55402037513416,118.36840057373047,3237000,0.0,0.0,0.08582500000000001
2022-07-07,119.0799135157458,121.14587723391462,119.01133234180625,120.72582244873047,3897100,0.0,0.0,0.16185000000000002
2022-07-08,120.66581639461121,121.14588464154241,119.86001698272315,120.41722106933594,2820800,0.0,0.0,0.26335
2022-07-11,120.54577899268492,121.61733516515727,120.12573734460834,120.87153625488281,3904700,0.0,0.0,0.2121
2022-07-12,120.73435458161467,121.34300414549077,118.78841830215386,119.31132507324219,3235400,0.0,0.0,0.0
2022-07-13,117.59685516357422,119.07131751400053,117.27111097954034,117.59685516357422,4123200,0.0,0.0,0.0
2022-07-14,116.24242062855244,119.52565728117575,115.74521698713578,119.20848083496094,5298400,0.0,0.0,0.38815
2022-07-15,120.59719532570534,120.59719532570534,118.82270534536673,119.94569396972656,4519300,0.0,0.0,0.50415
2022-07-18,120.14285712508067,120.28001943655742,118.11119107333823,118.4112319946289,8231700,0.0,0.0,0.09787727272727272
2022-07-19,112.79628156143593,113.63637787146966,109.48731584009809,112.19621276855469,29690500,0.0,0.0,0.14299285714285717
2022-07-20,112.04191525125623,112.05906381324601,109.77878904785247,110.73889923095703,9882000,0.0,0.0,0.20430500000000001
2022-07-21,110.37027824338519,110.42171084327579,107.26704942488361,108.99868774414062,11975400,0.0,0.0,0.04105000000000001
2022-07-22,108.895825756249,110.00167907500679,107.76426267550285,109.94166564941406,6467200,0.0,0.0,-0.0545
2022-07-25,110.10453756933208,110.69603864601108,109.6416245363128,110.19025421142578,4702400,0.0,0.0,0.15111666666666668
2022-07-26,109.95024967961159,110.84179189137267,109.41018763160422,109.79595184326172,3645300,0.0,0.0,-0.2545
2022-07-27,109.70165053259204,110.95322098549315,109.36732548497912,110.6874771118164,4175600,0.0,0.0,-0.17510000000000003
2022-07-28,110.37030239018146,111.2789800684327,110.25028860400718,110.77320861816406,3913700,0.0,0.0,-0.0683
2022-07-29,111.03036507734872,112.29908388927758,110.85033788973129,112.11905670166016,5786800,0.0,0.0,0.0903
2022-08-01,112.08475749860776,113.7563822409921,112.04189264254302,113.19059753417969,4142100,0.0,0.0,0.08207500000000001
2022-08-02,113.3278019403476,113.82500567826098,111.8790555985956,112.99347686767578,4403600,0.0,0.0,0.09795000000000002
2022-08-03,113.00202650363605,113.89355542453903,112.57340406309217,113.44778442382812,3088500,0.0,0.0,0.0
2022-08-04,113.28491513091505,113.40492890092798,112.31623723028206,112.84772491455078,3179800,0.0,0.0,0.0
2022-08-05,112.51338729003183,113.73067341524083,112.35908949468292,113.56779479980469,2586500,0.0,0.0,0.0
2022-08-08,114.09930735634502,114.31361859249104,113.17348124653188,113.67925262451172,3821200,0.0,0.0,0.0
2022-08-09,112.77649743836842,113.53169297013946,112.08205821893486,112.38587951660156,3496000,1.65,0.0,0.0
2022-08-10,113.4969683890107,114.3910543461394,113.14106649472538,114.14800262451172,3664000,0.0,0.0,-0.148
2022-08-11,114.89452413010918,115.64971961608562,114.58202716258002,115.05076599121094,3501900,0.0,0.0,0.22365
2022-08-12,115.12020696268415,116.3962350956456,114.56465829050076,116.32678985595703,2766900,0.0,0.0,0.3389
2022-08-15,115.41534389614115,117.35108179313693,114.79035003109176,117.12538146972656,2791200,0.0,0.0,0.350775
2022-08-16,116.83896667694626,119.24344393837383,116.70875186342872,118.54032897949219,4313600,0.0,0.0,0.45625000000000004
2022-08-17,118.4535202309941,120.15488235948563,118.31462974224858,119.6080093383789,3667600,0.0,0.0,0.0
2022-08-18,119.60800558120204,120.76250789764717,119.57328958276919,120.7191162109375,3177700,0.0,0.0,0.0
2022-08-19,120.44131171996786,120.95345538011577,119.4951453148831,120.1114501953125,3155800,0.0,0.0,0.42375
2022-08-22,119.48647737940173,119.66009710414372,117.59414423670735,117.66358947753906,3093600,0.0,0.0,-0.08274999999999996
2022-08-23,117.50732417798304,118.14100697858954,116.94309985750655,116.96046447753906,4141800,0.0,0.0,0.0
2022-08-24,117.09067048413318,117.281641575808,115.54555037536399,115.64971160888672,2855400,0.0,0.0,0.212075
2022-08-25,116.01429408278305,116.69136861999289,115.51083926922725,116.30075073242188,2706000,0.0,0.0,0.10895
2022-08-26,116.40492739849225,116.47435939486552,113.1410672652769,113.17579650878906,4185300,0.0,0.0,-0.148
2022-08-29,112.8372606563762,114.07855959841159,112.47268306685548,113.11502838134766,2783000,0.0,0.0,0.0
2022-08-30,113.332034764201,113.51433017352828,112.22961311094821,112.48135375976562,2407900,0.0,0.0,0.67735
2022-08-31,112.77647045727865,112.84591568714029,111.45703758055387,111.50044250488281,3490400,0.0,0.0,0.119175
2022-09-01,111.45704301242385,112.68967934588666,110.88413639479869,112.55078887939453,3396200,0.0,0.0,0.0
2022-09-02,113.1063476437279,113.33203473802493,110.45012352647494,110.92755126953125,3040600,0.0,0.0,0.25730000000000003
2022-09-06,110.93623969589225,111.1619268026311,109.63417118595298,109.99874877929688,3347100,0.0,0.0,0.23165
2022-09-07,109.97268973972119,110.99698372466993,109.61678789540512,110.85809326171875,2401500,0.0,0.0,-0.011712499999999997
2022-09-08,110.4154006155343,111.57857857167643,109.88589225560018,111.517822265625,2964600,0.0,0.0,0.0
2022-09-09,111.89108921612275,112.40324626289228,111.16193398234039,112.14282989501953,3291900,0.0,0.0,0.3243
2022-09-12,113.13238948066883,113.70530278007334,112.75044728106583,113.4188461303711,3741100,0.0,0.0,0.31312500000000004
2022-09-13,112.09940690395727,112.76780571659738,110.0421364725785,110.45880126953125,4565600,0.0,0.0,0.10115
2022-09-14,110.67582085448261,111.97788933512358,110.11158985500563,110.84075164794922,3819100,0.0,0.0,0.1101
2022-09-15,110.58032582819831,110.64977106398813,108.41889418987202,108.93103790283203,5141700,0.0,0.0,0.4136
2022-09-16,107.95016385592942,110.70186713737954,107.49010069423964,110.4761734008789,9839700,0.0,0.0,0.142975
2022-09-19,109.799084100252,111.16191540265295,109.6167953222743,110.8754653930664,3981600,0.0,0.0,-0.1858
2022-09-20,110.15498894292551,110.23310986874145,108.95708176578184,109.63416290283203,2837500,0.0,0.0,-0.1351
2022-09-21,110.14629951675242,110.97094014173788,108.43624872041177,108.44493103027344,3389500,0.0,0.0,0.35639999999999994
2022-09-22,108.29738200630278,109.81646196194501,107.99356733970694,108.7748031616211,4046600,0.0,0.0,0.04550000000000001
2022-09-23,108.09772615423356,108.50570867849075,105.6758779418101,106.51788330078125,5195600,0.0,0.0,0.05135
2022-09-26,106.16198182690255,107.86335044500858,105.68455408750386,105.91024780273438,3987800,0.0,0.0,0.29000000000000004
2022-09-27,106.42239257195176,107.59425284415867,105.10296613255741,105.67587280273438,4117200,0.0,0.0,0.074
2022-09-28,105.59774815480063,106.96926178691795,104.00054081321355,106.561279296875,4996400,0.0,0.0,0.0
2022-09-29,105.7713467480497,106.4397455163701,104.66024952673258,105.58037567138672,3817700,0.0,0.0,0.337675
2022-09-30,105.60643505077871,106.27482727523692,102.9588932170244,103.13249969482422,5346100,0.0,0.0,0.0
2022-10-03,104.30437407029305,106.08386377451977,103.81826397684227,105.47623443603516,4261700,0.0,0.0,0.4030375
2022-10-04,106.5960146703162,109.0699435922051,106.35295631113951,108.93973541259766,4566100,0.0,0.0,0.27225
2022-10-05,108.25397008798156,109.77304994560906,107.83731189286621,109.14805603027344,3212900,0.0,0.0,0.17
2022-10-06,108.40153477494917,108.76611896902169,105.7019123636113,106.1012191772461,5074600,0.0,0.0,0.25098750000000003
2022-10-07,105.46753670787322,105.72795302782171,102.49014013919715,103.14117431640625,4499700,0.0,0.0,0.10115
2022-10-10,103.98317016377914,104.13073630781345,101.59604506347932,102.21235656738281,5990000,0.0,0.0,0.0
2022-10-11,101.96064410800956,103.49708866020352,101.50926327134768,102.25578308105469,4043100,0.0,0.0,0.20473333333333335
2022-10-12,102.42937404506839,103.13248881544797,101.73493496179977,102.05611419677734,3338800,0.0,0.0,0.11315
2022-10-13,100.78009475108715,106.03177337997556,100.30267363560978,105.71927642822266,5837500,0.0,0.0,0.0
2022-10-14,105.7279651742727,106.37031711523623,104.02658983442947,104.20020294189453,3762400,0.0,0.0,0.205475
2022-10-17,105.7279597662412,106.6654440079483,105.40678050085646,105.48490142822266,5458600,0.0,0.0,0.030900000000000007
2022-10-18,106.76960991416652,107.58557490593327,105.74531583057127,106.717529296875,5120300,0.0,0.0,0.1542857142857143
2022-10-19,106.21406825375064,107.58558199588522,105.8928889730747,106.34427642822266,5906600,0.0,0.0,0.15575624999999998
2022-10-20,109.59075836536628,111.9431677986173,108.63590951800252,111.37025451660156,13623100,0.0,0.0,0.1755588235294117
2022-10-21,111.44836550987681,113.58376335010709,110.7539264340518,112.75910949707031,7201300,0.0,0.0,0.32884166666666664
2022-10-24,113.62715271824878,115.54553913607799,112.7157155229323,115.18096160888672,5610900,0.0,0.0,0.7112
2022-10-25,114.5820138434519,115.71047571976284,113.97438460092266,115.38928985595703,5957600,0.0,0.0,0.25061
2022-10-26,116.07505129405702,117.93266822985642,115.28512666952172,117.19482421875,5139000,0.0,0.0,-0.1806
2022-10-27,117.66358575047461,118.40141657595541,116.70873027594072,116.98651123046875,3993200,0.0,0.0,0.4111
2022-10-28,117.6722696160956,120.53682299344824,117.37713726539268,120.23300170898438,5965500,0.0,0.0,0.0
2022-10-31,119.84238353830196,120.45870179429735,118.57504427264784,120.04203033447266,4915300,0.0,0.0,-0.148
2022-11-01,120.00731789788647,120.3545308793882,118.66184441524636,119.96391296386719,3590600,0.0,0.0,0.0
2022-11-02,119.57327377353987,121.67394240211891,118.7486331552009,118.77467346191406,5360500,0.0,0.0,0.0814
2022-11-03,118.41876795893417,118.47084857075485,116.29205908920753,116.72608184814453,4442400,0.0,0.0,0.0
2022-11-04,117.75041442160199,119.5559513816057,117.13410928461066,118.88756561279297,4178000,0.0,0.0,0.10115
2022-11-07,118.6097514448182,120.39792327951632,118.49690127718148,120.0854263305664,4043100,0.0,0.0,0.0
2022-11-08,120.65834219633958,122.33366389929527,120.41529048031828,121.56110382080078,5042800,0.0,0.0,0.509525
2022-11-09,121.1746155386491,122.00908830061175,120.28744120904103,120.6827163696289,4720000,1.65,0.0,0.15198333333333333
2022-11-10,123.20371116276428,124.17873041233071,121.47327147296397,124.05575561523438,5389000,0.0,0.0,0.0
2022-11-11,124.29293105173738,126.60311490732147,123.81860350204335,125.75984954833984,5871300,0.0,0.0,0.0
2022-11-14,125.28550784654843,128.3159685135357,124.89021929599849,126.66458129882812,5293500,0.0,0.0,0.0
2022-11-15,126.55917396759037,128.38623747566854,124.7321104595122,126.78755187988281,4727100,0.0,0.0,0.156225
2022-11-16,126.6031127261084,127.32338986741924,126.49769618102178,126.94568634033203,3445200,0.0,0.0,0.18683333333333332
2022-11-17,125.97066008212742,128.40380515961186,125.83011363197207,128.3247528076172,3954000,0.0,0.0,0.0
2022-11-18,128.7375956338405,130.27478720119947,128.19299491044373,129.68626403808594,4661700,0.0,0.0,0.1496
2022-11-21,129.60719991309495,129.94098093747374,128.64095994010108,128.84298706054688,3476200,0.0,0.0,0.0
2022-11-22,129.6511418903064,131.18833354969502,129.1416710462336,130.96873474121094,7062100,0.0,0.0,0.336575
2022-11-23,130.96871378558586,132.1633316487246,130.26599503022564,130.66127014160156,3658200,0.0,0.0,0.31845
2022-11-25,130.239622160786,131.3112650652274,130.09029662862525,130.32745361328125,2075200,0.0,0.0,0.0
2022-11-28,129.98490724548654,130.21329855676834,128.19298708238816,128.40379333496094,3538100,0.0,0.0,-0.148
2022-11-29,128.1666461218593,129.27341924241307,127.98217723347683,128.67611694335938,2754700,0.0,0.0,-0.04554999999999999
2022-11-30,128.41261644556175,131.4430776772082,127.9558471174653,130.79306030273438,6377600,0.0,0.0,0.0
2022-12-01,131.74171573334942,131.76806651856785,129.42275281139342,131.0214385986328,4495900,0.0,0.0,0.45625000000000004
2022-12-02,130.11666073801922,131.02140655121465,129.76529468230356,130.5909881591797,2900000,0.0,0.0,0.07705000000000001
2022-12-05,129.94980136117798,130.81940412029306,128.94843126659958,129.4842529296875,2784600,0.0,0.0,0.033716666666666666
2022-12-06,129.38761709570505,129.82681470064415,128.86057460847925,129.56329345703125,2847600,0.0,0.0,0.1101
2022-12-07,129.41393812822298,130.0903060372453,128.50039981414844,129.36123657226562,3971300,0.0,0.0,0.5758
2022-12-08,129.91465301962538,131.01264708978195,129.44910460613883,129.8092498779297,2665700,0.0,0.0,0.10115
2022-12-09,129.47544479891076,130.30113841663646,129.0977413032366,129.1680145263672,3047600,0.0,0.0,0.08268333333333332
2022-12-12,129.84438460444085,131.0653533935547,129.0713925411468,131.0653533935547,4032800,0.0,0.0,0.211025
2022-12-13,132.08425899837982,134.57891111964844,131.7153346868336,132.25994873046875,8811500,0.0,0.0,-0.03316666666666667
2022-12-14,132.1721130562535,133.43700415708935,130.39775118406732,131.63629150390625,4205900,0.0,0.0,0.105375
2022-12-15,130.45923355492255,130.86328776273967,124.36316990470739,125.0483169555664,6687000,0.0,0.0,0.6361
2022-12-16,124.07333817900032,124.66186143135333,122.07059793410538,123.11589050292969,9834400,0.0,0.0,0.21206666666666663
2022-12-19,123.1158796714573,123.36182926563092,120.51582387173205,121.98274230957031,5282900,0.0,0.0,0.0
2022-12-20,121.95640651151912,124.23144723882092,121.51720883891647,124.09969329833984,5156500,0.0,0.0,0.34730000000000005
2022-12-21,124.59156605210113,125.68956000011369,123.83614567973864,124.85508728027344,3793700,0.0,0.0,-0.23835
2022-12-22,123.80979459505909,124.24021304679819,121.76313227256948,123.7483139038086,3337100,0.0,0.0,0.0
2022-12-23,123.49358579060095,124.60915151832631,122.62398306547665,124.4246826171875,2092500,0.0,0.0,0.07638333333333334
2022-12-27,124.49495645659947,125.36457258923656,124.05575882656521,125.1010513305664,2742400,0.0,0.0,-0.06854999999999999
2022-12-28,125.0834762099704,125.44362147340868,122.93141056302434,122.99290466308594,2539500,0.0,0.0,0.0
2022-12-29,123.4848071340056,124.96050473575058,123.37061146128202,123.90643310546875,2337200,0.0,0.0,0.54625
2022-12-30,123.44965166519191,123.76587446347165,122.49220414379509,123.75709533691406,2858000,0.0,0.0,0.1907833333333333
2023-01-03,123.9415474163199,124.64425273655903,123.3969333689163,124.33682250976562,3338600,0.0,0.0,0.24714999999999998
2023-01-04,124.7936221126169,126.15512405491981,124.17873470264361,125.25917053222656,3869200,0.0,0.0,0.24975
2023-01-05,125.11863053391251,125.1713321081751,122.98412295353636,123.95036315917969,2866600,0.0,0.0,0.50935
2023-01-06,125.0659204381159,126.70851527254035,124.36320155491497,126.22539520263672,3574000,0.0,0.0,-0.074
2023-01-09,126.55918394990528,127.78015276035164,125.96186823512903,126.09363555908203,3987700,0.0,0.0,0.261625
2023-01-10,126.1463350710577,127.2355499430431,125.52266858230668,127.1916275024414,2152100,0.0,0.0,0.17153333333333332
2023-01-11,127.36730231301024,127.83285069058425,126.0057870903942,127.5956802368164,3268700,0.0,0.0,0.0
2023-01-12,127.26187975404876,128.82542187841892,126.94565699837587,127.85040283203125,2715900,0.0,0.0,0.0
2023-01-13,126.54159843750897,128.33353198238908,126.49767600100044,128.14906311035156,2455700,0.0,0.0,0.26335
2023-01-17,128.61463262418113,129.2822081979789,127.37609208826538,127.53421020507812,2986500,0.0,0.0,0.0915
2023-01-18,126.84027603680161,127.08622564869316,123.17736924193603,123.33548736572266,6445600,0.0,0.0,0.3999333333333333
2023-01-19,122.9753348426463,124.9341524947305,122.75573603042729,123.51993560791016,4833900,0.0,0.0,0.35465833333333335
2023-01-20,124.442250516521,124.60914775459416,123.42330883383565,124.02940368652344,7153300,0.0,0.0,0.03515
2023-01-23,124.20507081594127,125.60172931302964,123.90641967699015,124.60913848876953,5898400,0.0,0.0,-0.02595
2023-01-24,124.07332186758339,125.3909146661772,122.97532786875522,124.28414154052734,4407600,0.0,0.0,0.25571428571428567
2023-01-25,123.38816224555607,123.88006136292219,122.41314313676048,123.64289093017578,7347500,0.0,0.0,0.03875
2023-01-26,120.80569387906132,121.45571116888522,116.8089929360072,118.10023498535156,17548500,0.0,0.0,0.21041176470588238
2023-01-27,118.09145356885297,119.01377121525329,117.50293038957301,118.04753112792969,8143100,0.0,0.0,0.08040999999999998
2023-01-30,117.98605447381951,119.55837604804084,117.68738990726132,118.84687805175781,5375700,0.0,0.0,0.22588
2023-01-31,119.0225441735332,119.15429808622746,117.49413177004752,118.34617614746094,7206400,0.0,0.0,-0.1591
2023-02-01,118.13536264090135,119.2772655561995,116.650872767119,118.66239166259766,5428900,0.0,0.0,0.0
2023-02-02,119.42663299573674,120.09420861036352,118.45161365937788,119.80433654785156,6107800,0.0,0.0,-0.029524999999999996
2023-02-03,119.76917990584121,120.29620893559687,119.04888947428888,120.28742980957031,3755700,0.0,0.0,0.281525
2023-02-06,119.31239705576162,119.74281544029945,118.53940514989587,119.61982727050781,4841300,0.0,0.0,0.09649999999999999
2023-02-07,119.17187193821182,119.81309666388327,118.1002287510641,119.32119750976562,3737600,0.0,0.0,0.0
2023-02-08,119.20701105195472,120.11175697924673,118.72389104144777,119.44416809082031,4593700,0.0,0.0,0.149125
2023-02-09,120.03103773104827,120.68902567184712,118.56387495518462,118.9284439086914,3918800,1.65,0.0,-0.14415
2023-02-10,118.95512554900965,120.72460794878961,118.7061549237387,120.57344818115234,5049600,0.0,0.0,0.0
2023-02-13,120.92910434744934,122.16507038593232,120.79573208598286,122.12950897216797,4403000,0.0,0.0,0.454025
2023-02-14,121.86277089373273,122.03171816458828,120.08440142010768,120.9380111694336,3202200,0.0,0.0,0.0
2023-02-15,120.21775596709796,121.32923672413082,120.10217119452517,121.28477478027344,2506700,0.0,0.0,-0.1591
2023-02-16,120.54677403306381,120.90244247924743,119.67536327451536,120.03993225097656,2965500,0.0,0.0,0.16975
2023-02-17,119.5953517483021,120.5556729295199,119.05294849505545,120.05773162841797,3466200,0.0,0.0,0.2349
2023-02-21,119.15075186981268,119.49753336612147,117.07006289195986,117.1145248413086,4257200,0.0,0.0,0.45625000000000004
2023-02-22,117.28345533071878,117.36349226450903,115.85186743531077,116.4565200805664,3200200,0.0,0.0,0.0
2023-02-23,116.92778245998664,117.1056166779085,114.58033550692726,116.29645538330078,3725600,0.0,0.0,0.0
2023-02-24,115.25610907184796,116.1897556604762,114.90044064183763,116.10084533691406,3015800,0.0,0.0,-0.1460375
2023-02-27,116.85664406709037,117.25677444256347,115.70960184835003,116.02970886230469,2761300,0.0,0.0,0.41125
2023-02-28,116.08305363934085,116.13640254512146,114.82930008197464,114.97157287597656,5143100,0.0,0.0,0.0
2023-03-01,114.61589448904871,115.12273624563645,113.58444383591579,113.98458099365234,3760700,0.0,0.0,0.3818
2023-03-02,114.16240915668202,114.90043399575137,113.55776336312182,114.64256286621094,3340100,0.0,0.0,-0.022499999999999992
2023-03-03,115.01603769000461,115.51397891355572,114.5003089747893,115.27389526367188,2860300,0.0,0.0,0.0
2023-03-06,115.27390042834332,116.35870681448883,115.22943848113118,115.76295471191406,3131200,0.0,0.0,0.17
2023-03-07,115.84297713513175,115.96746244558567,113.98458444054073,114.03793334960938,3530400,0.0,0.0,-0.023700000000000016
2023-03-08,114.24243503327014,114.47363171559586,113.41549985754314,113.86009216308594,2778800,0.0,0.0,-0.11315
2023-03-09,114.08240497375431,114.28691366515909,112.01949664617499,112.17955017089844,5478300,0.0,0.0,-0.1591
2023-03-10,112.14398434769078,113.18432888850619,111.26368655105497,111.54822540283203,5990900,0.0,0.0,0.10115
2023-03-13,111.28146865980882,113.98459101284445,111.0147105312032,111.663818359375,8188400,0.0,0.0,0.17
2023-03-14,112.4729647903708,112.60634384502815,109.5475464696991,110.83686828613281,8114800,0.0,0.0,0.6835
2023-03-15,109.36082610950922,109.68093314936446,108.22267076066433,109.61869049072266,5989300,0.0,0.0,0.0
2023-03-16,109.33413783093444,110.98802173311381,108.40938503092467,110.88131713867188,6438700,0.0,0.0,0.0
2023-03-17,110.33003495593596,110.72127159579176,109.30747123352116,109.9832534790039,37400200,0.0,0.0,0.0
2023-03-20,110.53454944259163,112.17954658790778,110.42785161881136,111.98392486572266,4588300,0.0,0.0,0.289175
2023-03-21,112.83754575384275,113.05984194059818,111.73495856703937,112.54411315917969,3856300,0.0,0.0,0.09905000000000001
2023-03-22,112.92645202350235,113.12207373448537,110.2677917848146,110.30335998535156,3549000,0.0,0.0,0.0
2023-03-23,110.08995185178772,111.08584112467727,109.0140392148679,109.69871520996094,4651900,0.0,0.0,0.0
2023-03-24,109.68981819050515,111.50375567774185,109.26300657659162,111.40594482421875,3812300,0.0,0.0,0.0
2023-03-27,112.45518751618835,115.82519148205682,112.45518751618835,114.98046875,6524100,0.0,0.0,0.0
2023-03-28,114.86487593079542,115.29169436643647,114.52699496243224,115.00714874267578,2888900,0.0,0.0,0.043725000000000014
2023-03-29,115.70070653123801,115.90522877706306,114.86487075892768,115.33615112304688,3279600,0.0,0.0,0.7008
2023-03-30,115.73628747550156,116.91000426139333,114.79375383449761,114.90045166015625,3561800,0.0,0.0,0.486075
2023-03-31,115.1227498494442,116.68771011388012,115.07828789868381,116.56322479248047,4524700,0.0,0.0,0.1654
2023-04-03,116.45651222321435,117.91477447553588,116.2786780105665,117.42572021484375,3840100,0.0,0.0,0.25005000000000005
2023-04-04,117.36348220171472,117.50574142850547,116.38537369820064,117.0167007446289,3382800,0.0,0.0,0.44255
2023-04-05,116.8121731391048,117.91476689524912,116.8121731391048,117.4968490600586,2898700,0.0,0.0,0.31845
2023-04-06,117.51464688581132,117.90589030362287,115.87855038212761,116.0385971069336,3050600,0.0,0.0,0.2438
2023-04-10,115.44285348921039,116.55433438597024,114.91823776223144,116.50987243652344,2614400,0.0,0.0,0.17
2023-04-11,116.1097334328702,116.57211325070409,115.75405143150526,115.96746063232422,3132400,0.0,0.0,0.08214999999999997
2023-04-12,115.94967565654207,116.38538102971408,113.96679763947031,114.29579162597656,3957500,0.0,0.0,0.23835
2023-04-13,113.82452679153778,114.16242131400256,112.03727045678359,113.72672271728516,5621500,0.0,0.0,0.13222142857142857
2023-04-14,114.22467012229951,115.45173575625498,113.20209959814157,113.94012451171875,4180600,0.0,0.0,-0.12785
2023-04-17,114.08239021865488,114.4558461333941,112.74861327978023,113.65557861328125,3662700,0.0,0.0,0.123475
2023-04-18,113.94010973302491,114.42026342874937,113.23765311188302,113.62000274658203,3193800,0.0,0.0,0.12496249999999998
2023-04-19,112.4818537339007,112.90866533379308,111.4148349100801,112.3218002319336,7014400,0.0,0.0,0.12289642857142856
2023-04-20,115.72738790593003,116.46541286459039,111.8950038665293,112.35738372802734,9749600,0.0,0.0,0.05004166666666667
2023-04-21,112.03726467311296,112.65969120772074,111.38815690078732,111.79718780517578,6725400,0.0,0.0,-0.148
2023-04-24,111.63712507452186,112.0817173579187,110.75682746895943,111.50374603271484,4043900,0.0,0.0,0.2192666666666667
2023-04-25,111.05915466671134,112.20620358142305,110.93466936904711,111.93944549560547,4275400,0.0,0.0,0.10115
2023-04-26,111.86833194218393,112.52633354583043,111.25479907383964,111.90390014648438,4070200,0.0,0.0,0.294675
2023-04-27,112.36627082048473,112.94423543721813,111.55710950275278,112.8997802734375,3204900,0.0,0.0,0.17
2023-04-28,112.55299997950617,113.14875209520152,111.71716419788291,112.40184020996094,5061200,0.0,0.0,0.285625
2023-05-01,112.34847658531203,112.70415179391522,112.09061222867322,112.1172866821289,2725000,0.0,0.0,-0.28609999999999997
2023-05-02,112.30402180608056,112.43739407381246,109.6097866709096,111.29035186767578,4445300,0.0,0.0,0.46993333333333337
2023-05-03,111.5571071292858,111.65491798503922,109.60090358209854,109.76984405517578,4554200,0.0,0.0,0.25079999999999997
2023-05-04,109.39638986050672,109.8320884532695,108.26712830426092,108.98736572265625,4468200,0.0,0.0,0.26335
2023-05-05,109.46753990042582,110.34783094190287,109.20078175018838,109.94770050048828,4971900,0.0,0.0,0.0772
2023-05-08,110.04547928783896,110.18774528493289,108.96956682104643,109.72537231445312,3663800,0.0,0.0,0.0
2023-05-09,109.86961352852362,109.93270490933725,108.75199183563439,109.21165466308594,4540000,1.66,0.0,0.0416
2023-05-10,109.9507145080256,110.40136913723057,109.14854981815625,109.97775268554688,4189200,0.0,0.0,-0.07168749999999999
2023-05-11,109.97774651882564,110.1760356447883,108.65282775946734,108.9682846069336,3446500,0.0,0.0,0.16611666666666666
2023-05-12,109.4279617382547,110.73485742878131,109.15756620675897,110.71682739257812,4564800,0.0,0.0,0.0
2023-05-15,110.86104445767411,111.4829500782647,110.26617701598846,111.18551635742188,2915700,0.0,0.0,0.10115
2023-05-16,111.17649020194247,111.63615982661207,110.36531053383244,111.275634765625,2748400,0.0,0.0,-0.003999999999999999
2023-05-17,111.70827446576476,113.42977161638731,111.28465800354653,113.3035888671875,4515100,0.0,0.0,0.030599999999999995
2023-05-18,112.93404571939945,114.0246290282428,112.83490115710066,113.70015716552734,3797900,0.0,0.0,0.3601
2023-05-19,114.27699848941312,115.62895546261336,114.06068619887432,114.70061492919922,4306700,0.0,0.0,0.28147500000000003
2023-05-22,114.91692352294922,115.53882907424122,114.60146667680237,114.91692352294922,2806800,0.0,0.0,0.45625000000000004
2023-05-23,114.68259720911337,116.350018094111,114.5834526327105,115.52982330322266,4592300,0.0,0.0,0.085
2023-05-24,115.20533607846686,115.27744246131425,113.08726093653766,113.27653503417969,3915500,0.0,0.0,0.0
2023-05-25,113.21344728552492,114.67357064084203,112.67266314977749,114.24995422363281,4102900,0.0,0.0,0.352525
2023-05-26,114.52034885350018,116.86375835859269,114.29502154542926,116.16974639892578,5612600,0.0,0.0,0.19437500000000002
2023-05-30,116.77363685468539,117.23331342373211,115.60193195242731,116.70153045654297,3741100,0.0,0.0,0.0
2023-05-31,115.82723901242984,116.66546371031667,114.88086848915073,115.89934539794922,11590200,0.0,0.0,0.193575
2023-06-01,115.76415401071223,117.30538501662858,115.16928664746285,117.00796508789062,4136100,0.0,0.0,-0.125
2023-06-02,117.51269939556394,119.98227783321084,117.3053883748415,119.35136413574219,5375800,0.0,0.0,0.09150000000000001
2023-06-05,119.98229198011738,120.3969003175609,119.21618731174934,119.54966735839844,3993500,0.0,0.0,0.135575
2023-06-06,119.36036974124742,119.82004623119244,118.86466068776555,119.59471893310547,3298000,0.0,0.0,0.02175
2023-06-07,119.423507090261,121.17204969642253,119.14410334960678,121.11797332763672,5772000,0.0,0.0,0.08945
2023-06-08,121.39733158720175,122.56001433917552,120.78443421383604,121.14496612548828,4128500,0.0,0.0,0.0
2023-06-09,121.09991824062288,122.66820137550825,120.92866727295919,121.94715118408203,3981500,0.0,0.0,0.5906
2023-06-12,122.57807859383803,123.13688602179688,122.4158495029687,122.95662689208984,4494500,0.0,0.0,0.13531666666666667
2023-06-13,123.0377269060279,124.53390363637999,122.57806411663037,124.0201644897461,3927300,0.0,0.0,0.0
2023-06-14,124.2003978998391,125.21886784046521,123.4252715164264,123.65960693359375,4514900,0.0,0.0,0.0
2023-06-15,123.72274827148354,125.10175058761155,123.64161997126574,124.74121856689453,3812600,0.0,0.0,0.0
2023-06-16,125.48928616097727,125.70560533741975,123.90298679239662,123.91199493408203,7473700,0.0,0.0,0.21075
2023-06-20,122.90251032899431,123.68664485083146,122.47889394865146,122.5419921875,4271300,0.0,0.0,0.043800000000000006
2023-06-21,121.7758824559472,122.02824792320672,120.13549316587384,120.49602508544922,5501300,0.0,0.0,0.283925
2023-06-22,118.68437888888703,119.83806722066976,117.78306976456842,118.22471618652344,6012800,0.0,0.0,0.0
2023-06-23,117.53073480067661,117.7290239596992,116.43113628351115,116.65646362304688,11324700,0.0,0.0,-0.6978
2023-06-26,116.62040982000596,118.44105845748794,116.54830342563268,118.37796020507812,4845600,0.0,0.0,-0.0339357142857143
2023-06-27,118.34188805276777,119.82904257254744,117.91827167384669,119.27924346923828,3219900,0.0,0.0,0.1007
2023-06-28,119.02691105964136,119.12605563867267,117.99041080395081,118.75651550292969,2753800,0.0,0.0,0.2979833333333333
2023-06-29,118.74749142247974,121.09090092893604,118.69341506897325,120.82951354980469,3639800,0.0,0.0,0.0863
2023-06-30,121.39733586300919,121.70377768404232,120.26167749241266,120.60417938232422,4236700,0.0,0.0,0.10809999999999999
2023-07-03,120.25266191532465,121.09088655382929,119.75693914555157,120.47798919677734,1477100,0.0,0.0,0.01100000000000001
2023-07-05,120.16254980629742,121.05483711735747,119.50458418459989,120.99175262451172,2955100,0.0,0.0,0.413925
2023-07-06,120.09045056170174,120.6853042201572,118.56723571427167,119.11703491210938,3507700,0.0,0.0,0.38044999999999995
2023-07-07,118.7745339740152,120.64025075603347,118.74749579626607,119.04492950439453,2982700,0.0,0.0,0.1864125
2023-07-10,118.75649699953684,119.91919358637104,118.70242064719797,119.78398895263672,2369200,0.0,0.0,0.0
2023-07-11,120.46899983103249,121.28017266952496,120.08142969503243,121.1720199584961,2924000,0.0,0.0,0.2469
2023-07-12,121.73982572373578,121.97416113674393,119.48655299251584,119.72989654541016,3732200,0.0,0.0,-0.10826249999999998
2023-07-13,120.33378330090085,121.73983716980396,120.19859242547103,120.70332336425781,3221400,0.0,0.0,0.0
2023-07-14,120.69431086504896,120.70331900545678,119.82003989447661,120.23463439941406,2861500,0.0,0.0,0.2642333333333334
2023-07-17,120.10845970157486,121.32523262942208,119.96426068097584,120.99175262451172,3167400,0.0,0.0,0.1553
2023-07-18,121.41536759867105,122.53298219760126,121.03680563457684,122.00121307373047,3852100,0.0,0.0,0.37795833333333334
2023-07-19,122.15442031705933,122.98362303256499,121.84797852602395,122.1093521118164,5520000,0.0,0.0,0.41968571428571433
2023-07-20,123.65060730603616,126.4717094107316,123.082778127676,124.7231674194336,10896300,0.0,0.0,0.05841666666666666
2023-07-21,124.56996857202218,125.9850170688636,124.16436837114117,125.22792053222656,5858600,0.0,0.0,0.07544999999999999
2023-07-24,125.59745480428003,126.29145305407276,125.08370190865051,125.76869201660156,3475200,0.0,0.0,0.34692500000000004
2023-07-25,125.66054859464964,126.57086609194866,125.31804663890439,126.48074340820312,3770800,0.0,0.0,0.178925
2023-07-26,126.57986824285989,127.3099265059008,126.07513728336924,127.14769744873047,4046400,0.0,0.0,-0.07655
2023-07-27,128.25633854724663,129.2297544116512,127.89580651252778,128.86021423339844,6331600,0.0,0.0,0.10115
2023-07-28,129.28380802016125,129.7434708115088,128.7520388345632,129.29281616210938,6686400,0.0,0.0,0.053575
2023-07-31,129.61726464950513,130.3293065685712,129.36489919165248,129.95074462890625,6138100,0.0,0.0,-0.09697499999999999
2023-08-01,130.013834046166,130.22113128257217,128.13910952014544,129.18463134765625,4797700,0.0,0.0,0.31472500000000003
2023-08-02,128.68889251847952,130.0588859917861,128.26527620602872,129.94171142578125,4957400,0.0,0.0,0.0
2023-08-03,129.590231561184,130.88811896843703,129.16661515040317,130.19410705566406,3951900,0.0,0.0,0.06275
2023-08-04,130.7709876097271,131.67229707909382,129.7795554451583,130.0048828125,4223100,0.0,0.0,-0.34504999999999997
2023-08-07,130.68981880265366,132.04178244543974,130.62672056460536,131.75335693359375,3438700,0.0,0.0,0.5326500000000001
2023-08-08,131.32071357274023,131.72629985679288,129.88763561774195,131.50999450683594,4654600,0.0,0.0,0.078725
2023-08-09,132.13910369742408,132.13910369742408,129.7322653696069,129.90548706054688,4072900,1.66,0.0,0.0
2023-08-10,130.40689894290117,131.81089606339253,130.08781880544691,130.59835815429688,4735800,0.0,0.0,-0.11315
2023-08-11,130.4798126220703,130.78066909600813,129.6501932788313,130.4798126220703,2526400,0.0,0.0,0.6486
2023-08-14,130.41604059060845,130.70777143509258,129.27643872230735,129.37672424316406,4226400,0.0,0.0,0.22102499999999997
2023-08-15,129.00290758080155,129.74136722880118,128.72940040087315,129.34022521972656,3656600,0.0,0.0,0.26865
2023-08-16,129.18525213252812,129.54080732355376,128.14593588867208,128.2188720703125,3285300,0.0,0.0,0.0
2023-08-17,128.55620175648946,130.06048456003998,128.18242291847588,128.23712158203125,3742100,0.0,0.0,0.0
2023-08-18,127.63534850917934,129.30372651974434,127.41654004657853,128.9208221435547,3915500,0.0,0.0,0.0
2023-08-21,128.9299732675534,129.8143052791077,128.6473542783016,129.71401977539062,2937800,0.0,0.0,0.433025
2023-08-22,130.06045510407063,130.58010620131213,128.8205680033869,128.99378967285156,3557500,0.0,0.0,0.0
2023-08-23,129.20345823666412,130.80801210910312,129.07582342761955,130.74420166015625,2559100,0.0,0.0,0.19868333333333335
2023-08-24,130.8353969008264,131.7106171937955,130.57101540725762,130.8718719482422,2900200,0.0,0.0,0.21265
2023-08-25,131.44618395220843,132.62226044762778,130.82624743613513,132.5128631591797,3660100,0.0,0.0,0.0
2023-08-28,132.56756167647762,133.78009929650187,132.38522822552187,133.12368774414062,3561100,0.0,0.0,0.3428166666666666
2023-08-29,133.37900041573812,133.77101676628806,132.75904978897245,133.5157470703125,2778100,0.0,0.0,0.30255
2023-08-30,133.48835391301913,133.94419449348067,132.87752920453875,133.88949584960938,2245400,0.0,0.0,0.0734166666666667
2023-08-31,133.96245285815175,134.68267496645083,133.59777199034303,133.86216735839844,3885900,0.0,0.0,-0.054099999999999995
2023-09-01,134.25419493595803,135.02001786720814,133.94422660560772,134.8741455078125,2727800,0.0,0.0,0.1590125
2023-09-05,134.84677703455634,135.84050625844162,134.53680874821353,135.04734802246094,3731300,0.0,0.0,0.17
2023-09-06,134.6188687983264,135.22969362132153,134.12655308888648,134.98353576660156,2932200,0.0,0.0,0.4037
2023-09-07,135.04735233302063,135.63993960001142,134.38181498320668,134.49122619628906,3332900,0.0,0.0,0.44962500000000005
2023-09-08,134.33622715519328,135.4667029128814,134.25416527669108,134.63706970214844,3722800,0.0,0.0,0.0
2023-09-11,135.4484902182639,135.63993549084168,134.5459207712272,135.2752685546875,3273600,0.0,0.0,0.12462499999999999
2023-09-12,134.85588643232143,134.9288226003625,132.92312666826314,133.37896728515625,4457700,0.0,0.0,0.0
2023-09-13,133.05987351173422,133.9989040712147,133.03252418756696,133.6068878173828,2627800,0.0,0.0,0.40514999999999995
2023-09-14,134.36360726328712,134.68268740203442,133.54308566832125,134.3362579345703,2723100,0.0,0.0,-0.007349999999999995
2023-09-15,134.11740711531064,134.79205613701194,132.67694930864005,133.09632873535156,6234000,0.0,0.0,0.2063
2023-09-18,132.89576830168474,133.5430541433856,132.2484685488332,132.27581787109375,2508100,0.0,0.0,0.13486666666666666
2023-09-19,132.19376953626383,133.76186226020675,131.8838012774067,133.57952880859375,3945400,0.0,0.0,0.2656
2023-09-20,135.25702598372118,138.5117206963728,135.04734319882016,136.59719848632812,9632400,0.0,0.0,0.18837
2023-09-21,135.84052101857228,136.06844135585177,134.29977731277842,134.3636016845703,4944600,0.0,0.0,0.0
2023-09-22,134.3909756458092,135.02003811779127,133.85308688991225,133.9351348876953,2562000,0.0,0.0,0.0
2023-09-25,133.62515272078275,134.409185389117,133.333407988343,133.5430908203125,2694200,0.0,0.0,0.04359999999999999
2023-09-26,132.65872441661622,133.2604373382782,130.3886471657611,130.58921813964844,4824700,0.0,0.0,0.36995
2023-09-27,130.9812618313115,131.11802238462383,129.23994706167306,130.52542114257812,4439800,0.0,0.0,0.27429166666666666
2023-09-28,129.58637546826543,129.71401028992162,127.82683729035121,129.07583618164062,5783200,0.0,0.0,0.145175
2023-09-29,129.45875292736545,129.5772759555582,127.27983503665381,127.90889739990234,5704000,0.0,0.0,0.3006875
2023-10-02,127.67185931478195,128.95733344940533,127.50776333733441,128.36474609375,3275300,0.0,0.0,0.17
2023-10-03,128.42852409423617,129.13052250188963,127.63536591476273,127.99092102050781,3284400,0.0,0.0,0.0
2023-10-04,127.97269759135874,128.72939472764602,127.62626816245972,128.6108856201172,2637600,0.0,0.0,0.0
2023-10-05,128.45591197640607,129.1852599256541,127.80862593092533,129.0211639404297,3223900,0.0,0.0,-0.049199999999999994
2023-10-06,128.91170516679946,130.31570188579974,127.7356426395914,129.48606872558594,3511100,0.0,0.0,0.50755
2023-10-09,129.73225646142842,129.82341624803183,128.25532324246058,129.64108276367188,2354400,0.0,0.0,0.056575
2023-10-10,130.00574980971967,130.75332118939286,129.20346587052262,129.55902099609375,3015800,0.0,0.0,0.16621999999999998
2023-10-11,129.92369699399404,130.68039414197716,129.58637936472124,130.58010864257812,2511500,0.0,0.0,0.369825
2023-10-12,129.9236943515028,130.3065988201969,128.50147377888112,128.765869140625,3921100,0.0,0.0,0.22876666666666665
2023-10-13,127.42570752076583,127.74478764991954,126.05818548142645,126.23140716552734,4582800,0.0,0.0,0.119175
2023-10-16,126.97895632417514,127.43479692381997,126.28608362072937,126.91514587402344,3361500,0.0,0.0,0.2832125
2023-10-17,125.00973279540308,128.2006172788074,124.2712731835996,127.9271240234375,4172800,0.0,0.0,0.28969999999999996
2023-10-18,127.63539681463378,128.02741314178184,127.25249229352839,127.60804748535156,3330000,0.0,0.0,0.36587499999999995
2023-10-19,126.39550016923364,127.0974986947574,125.74820029821636,125.82113647460938,5314200,0.0,0.0,0.0
2023-10-20,125.94875914782163,126.96985160760583,125.00972857302901,125.04620361328125,4865600,0.0,0.0,-0.1368625
2023-10-23,124.5630185881572,125.52027280976894,123.8701319074905,124.33509826660156,3457500,0.0,0.0,0.39273749999999996
2023-10-24,124.6633054602195,125.79378136445887,124.03424314000756,125.62055969238281,3698000,0.0,0.0,0.32921666666666666
2023-10-25,125.35617870748887,126.25874820219774,124.28951325618891,124.97327423095703,6472500,0.0,0.0,0.183555
2023-10-26,129.64107291149205,131.6558946251073,129.07583497958598,131.06329345703125,11130200,0.0,0.0,0.18776666666666667
2023-10-27,130.93567195590478,131.92028949016503,129.19437113764008,129.93283081054688,5469200,0.0,0.0,0.12376250000000001
2023-10-30,130.54365088744441,131.7379511949847,129.98752472387758,130.03311157226562,4204100,0.0,0.0,0.4317666666666667
2023-10-31,130.37041343575206,131.97496736233143,129.99662079981238,131.86557006835938,6591800,0.0,0.0,0.0
2023-11-01,132.1938046795161,133.57043860299066,131.69237712091464,132.5584716796875,4750100,0.0,0.0,0.0
2023-11-02,132.895799618531,134.10833753203585,132.04792869520105,134.02627563476562,3902700,0.0,0.0,-0.148
2023-11-03,134.42739271878935,135.3390739361581,134.27240858117483,134.837646484375,3510500,0.0,0.0,0.0
2023-11-06,134.8285387143729,136.05018824352322,134.79207758549384,135.8131561279297,4597200,0.0,0.0,0.45625000000000004
2023-11-07,135.8678650967592,136.09578542523275,134.95618378286503,135.68553161621094,3549900,0.0,0.0,0.0
2023-11-08,136.0684136312125,136.46042985410426,134.55501956136175,134.95616149902344,3618600,0.0,0.0,0.13985
2023-11-09,135.12215714111124,135.52784856241522,133.95118673306055,135.1866912841797,3412700,1.66,0.0,0.1909
2023-11-10,135.94274165923974,137.53783361777315,135.3987527931677,137.3995361328125,3179000,0.0,0.0,0.29396666666666665
2023-11-13,136.8832281334733,136.91088763478353,135.85978437822757,136.55130004882812,2647200,0.0,0.0,-0.1931
2023-11-14,137.79602134401983,139.04997033671728,137.42721860984162,138.68116760253906,4321900,0.0,0.0,0.6486
2023-11-15,138.67191795088084,141.27202327105854,138.67191795088084,140.6819305419922,4632500,0.0,0.0,0.17735
2023-11-16,141.0691774649235,141.3918903612023,140.26702389904025,141.12449645996094,3519200,0.0,0.0,0.09734999999999999
2023-11-17,141.33657616626638,141.5302067436682,140.57131120752226,140.9677734375,4426500,0.0,0.0,-0.2769833333333333
2023-11-20,140.6174051446074,142.61818884847125,140.46989249010318,142.31393432617188,3658500,0.0,0.0,0.02775833333333334
2023-11-21,142.54441495847948,142.59973395298817,141.53940163886404,141.90821838378906,2859500,0.0,0.0,0.20631666666666668
2023-11-22,142.45223388350087,143.56788540068155,142.13875014340556,143.03311157226562,3044700,0.0,0.0,0.0
2023-11-24,143.03308807259174,143.2820235535152,141.9174367387074,143.0791778564453,1799200,0.0,0.0,0.0
2023-11-27,142.9040079892573,143.96432627525186,142.6827179337892,143.43878173828125,4053100,0.0,0.0,0.0
2023-11-28,143.3189262205911,143.60475043913746,142.78415242795643,143.51254272460938,2666200,0.0,0.0,0.75735
2023-11-29,143.97353769028035,145.2274865009544,143.8536845569777,144.21327209472656,3568900,0.0,0.0,0.37832499999999997
2023-11-30,144.7111636059472,146.23250638685104,144.65584460826364,146.19561767578125,6740600,0.0,0.0,-0.0003333333333332966
2023-12-01,146.05733240326254,148.067331188203,145.67930046223057,148.03045654296875,4871900,0.0,0.0,-0.1591
2023-12-04,147.790718419325,150.09577058430176,147.790718419325,148.53756713867188,5779000,0.0,0.0,0.25193333333333334
2023-12-05,148.22406925217552,149.80073112228501,148.18719460788634,148.80494689941406,4556700,0.0,0.0,0.22812500000000002
2023-12-06,148.98935453288644,149.69009942418765,147.53255981598218,147.78150939941406,3555900,0.0,0.0,0.0
2023-12-07,148.44535616443835,148.87870708745075,147.49567581883798,147.72618103027344,3665500,0.0,0.0,0.4247
2023-12-08,147.52333828675538,149.4042546595859,147.52333828675538,149.33050537109375,4561300,0.0,0.0,0.0
2023-12-11,149.99433409959056,150.8886953838643,149.3212628678627,150.75961303710938,6077200,0.0,0.0,0.20596666666666666
2023-12-12,150.53836121784056,153.36895815780468,150.21564826469114,151.86607360839844,5292300,0.0,0.0,0.10023333333333333
2023-12-13,151.55256913405418,152.1057872954289,150.0496846507488,150.86105346679688,4989100,0.0,0.0,0.16169999999999998
2023-12-14,150.224851185918,150.75040982646888,147.66163433395417,150.2064208984375,6129800,0.0,0.0,0.3633
2023-12-15,149.6439549371332,151.29436571723903,149.40422056301867,149.57940673828125,11016100,0.0,0.0,0.11037499999999999
2023-12-18,149.5794277547456,150.59365624407462,148.98011987309158,150.04966735839844,3677300,0.0,0.0,0.08111666666666668
2023-12-19,149.1829446849367,149.6255106597195,148.74037871015386,148.96165466308594,3766600,0.0,0.0,0.2342
2023-12-20,148.71273962132514,149.1829792681529,147.5325540357042,147.56944274902344,4865800,0.0,0.0,0.24050833333333332
2023-12-21,148.06732172582792,148.51911699737826,147.0899818969717,148.2425079345703,2982900,0.0,0.0,0.20776666666666666
2023-12-22,148.53754930695771,149.74539424537804,148.44534160385928,149.49644470214844,2442700,0.0,0.0,0.1702
2023-12-26,149.5794416452782,150.57522587211346,149.41348464193328,150.4830322265625,1772400,0.0,0.0,0.0
2023-12-27,150.41846284569584,150.87947321534293,149.99432711529573,150.71351623535156,3234600,0.0,0.0,0.23835
2023-12-28,151.1745265415891,151.1745265415891,150.65818310990815,150.98089599609375,2071300,0.0,0.0,0.0577
2023-12-29,150.98087958543863,151.37734170699434,150.1326222861143,150.79647827148438,2526200,0.0,0.0,0.33664999999999995
2024-01-02,150.13264614412412,150.55676782672543,147.94746138522945,148.90635681152344,3825000,0.0,0.0,0.23875
2024-01-03,148.44533732025175,149.11840851290316,147.5970799381207,147.6155242919922,4086100,0.0,0.0,0.0
2024-01-04,147.72619135990783,149.19220123060575,147.68008750061264,148.3162841796875,3212000,0.0,0.0,0.0
2024-01-05,147.44035596231913,148.0304487374079,146.29704505543143,146.74884033203125,4199400,0.0,0.0,-0.14375
2024-01-08,146.31546918143204,148.6481804595603,145.5778497973266,148.5744171142578,3321700,0.0,0.0,0.19513750000000002
2024-01-09,147.5233435735363,147.96590966495862,147.07154826903027,147.59710693359375,2617200,0.0,0.0,0.38665
2024-01-10,147.78152305937874,148.75886305714047,147.28363791541622,148.65744018554688,2967800,0.0,0.0,0.07517000000000001
2024-01-11,148.46380460659728,149.57944198205283,147.79071924105787,149.51490783691406,3778200,0.0,0.0,0.5194
2024-01-12,150.2617274807642,153.03700496077272,149.69007909983262,152.8710479736328,4958300,0.0,0.0,0.38105
2024-01-16,152.87105003953334,154.20797737338088,152.44691428513192,153.9405975341797,4869600,0.0,0.0,0.09789999999999999
2024-01-17,153.78385361900015,154.7335480517278,152.5944528955178,153.1292266845703,4288600,0.0,0.0,0.07089166666666667
2024-01-18,153.50722674326667,153.9682370792582,152.1702855137561,153.82992553710938,3776900,0.0,0.0,0.19123333333333334
2024-01-19,157.28755618439172,158.20036202278607,155.98750322123348,158.108154296875,6929100,0.0,0.0,0.2895428571428571
2024-01-22,159.34365961161822,160.8465441204332,158.95639845072927,159.35287475585938,4926000,0.0,0.0,0.15580000000000002
2024-01-23,159.41740267319832,160.45007561367345,159.0301555963659,160.37631225585938,3983500,0.0,0.0,0.09734999999999999
2024-01-24,161.13234435541958,161.22455205979034,159.41738516413432,160.3670654296875,9097800,0.0,0.0,0.2389153846153846
2024-01-25,170.53698781695772,181.5459052844329,170.41712060074033,175.58042907714844,29596200,0.0,0.0,0.34329117647058816
2024-01-26,176.39179021625023,177.38757433024156,171.64338890635312,172.8051300048828,9895900,0.0,0.0,0.26242499999999996
2024-01-29,172.84203523746987,174.68607694286987,171.54198245862165,172.54698181152344,6107900,0.0,0.0,0.17
2024-01-30,173.07251911241667,173.93920678920594,172.20581736670744,173.22003173828125,4575100,0.0,0.0,0.029570000000000013
2024-01-31,172.46401396850246,173.01721807295394,168.8589088351316,169.33836364746094,8876100,0.0,0.0,0.3670333333333333
2024-02-01,169.31070066942928,172.88813215864997,168.4624431382152,172.32569885253906,4669400,0.0,0.0,0.0
2024-02-02,172.51007448225005,172.77745428854703,171.14547374918135,171.30221557617188,4055400,0.0,0.0,0.1620125
2024-02-05,171.044085661676,171.29303523461198,168.9695387146942,169.1170654296875,4379600,0.0,0.0,0.21873333333333334
2024-02-06,169.23690093772072,170.27877475347643,168.76666138039414,169.10781860351562,3337600,0.0,0.0,0.4860500000000001
2024-02-07,169.04329260816527,169.67027407732377,168.38866570903042,169.412109375,4841200,0.0,0.0,-0.148
2024-02-08,169.9238434660388,171.71026113888664,168.86315752912333,171.53347778320312,5161200,1.66,0.0,0.18575
2024-02-09,171.60789691400626,174.15725689807687,171.05894858722155,173.37570190429688,5064600,0.0,0.0,0.0
2024-02-12,172.96631666779277,173.505965853763,171.22642329379522,173.20823669433594,4724000,0.0,0.0,0.1216875
2024-02-13,171.4590523325346,171.91496658287204,169.67263455139584,170.91940307617188,4290500,0.0,0.0,0.0
2024-02-14,172.1289501035872,172.1289501035872,169.57957567755264,170.79844665527344,3173400,0.0,0.0,0.345875
2024-02-15,170.84496362304984,173.97119822338615,170.84496362304984,173.8688507080078,4714300,0.0,0.0,0.21315
2024-02-16,173.64555543019353,175.8041381888884,173.0128578338475,174.5852813720703,4842800,0.0,0.0,0.0
2024-02-20,174.58526424995708,175.6366509570093,170.3239082888566,170.67747497558594,4247200,0.0,0.0,-0.306175
2024-02-21,169.8587140830108,170.29601581413323,166.31379025184984,167.19769287109375,4723700,0.0,0.0,0.600375
2024-02-22,169.75634559024815,171.71024730476094,169.27251973954492,171.39390563964844,5078400,0.0,0.0,0.0
2024-02-23,172.03590188632026,173.48737955452896,171.728873549684,172.79885864257812,3433800,0.0,0.0,0.10809999999999999
2024-02-26,172.68723241620398,173.18035752057332,171.254367088756,171.3195037841797,4620800,0.0,0.0,0.64205
2024-02-27,171.34738533679734,172.24990037608856,169.9145202612034,172.0079803466797,3641400,0.0,0.0,0.0
2024-02-28,171.7846968306422,172.47320354519505,170.77983422858557,172.4080810546875,3216300,0.0,0.0,0.45595
2024-02-29,173.19894911921992,173.85025925944942,171.8405338947575,172.15687561035156,6458500,0.0,0.0,0.22893333333333332
2024-03-01,172.58485949211183,175.27379217756126,172.29641527978612,175.10630798339844,4018400,0.0,0.0,0.17
2024-03-04,174.696924390024,180.4097441626575,174.54806689739604,179.62818908691406,7938300,0.0,0.0,0.3175
2024-03-05,178.64193738530568,180.44696756585276,177.31143393713714,178.5954132080078,5653600,0.0,0.0,0.005733333333333331
2024-03-06,180.03757367834044,184.34545401539694,179.53514948692987,182.51251220703125,6945800,0.0,0.0,0.37797500000000006
2024-03-07,183.83372541274224,184.90371053387514,182.49390857422682,182.86607360839844,4604500,0.0,0.0,0.3028
2024-03-08,182.41947092605005,184.01050695536767,180.8563607613462,182.31712341308594,3943100,0.0,0.0,0.0
2024-03-11,181.51698204863638,181.78681380234335,177.5998927169375,178.3907470703125,4725100,0.0,0.0,-0.07435
2024-03-12,179.0699428616066,185.32239771067964,178.78149863652848,184.01980590820312,5880100,0.0,0.0,0.12293749999999998
2024-03-13,183.8057914438441,184.31752895163035,181.7309439455663,183.01492309570312,3993300,0.0,0.0,0.30683333333333335
2024-03-14,183.24753328373401,183.99187747325234,178.75357067895527,179.97242736816406,4109600,0.0,0.0,0.194225
2024-03-15,178.63264806460046,179.6281973671011,177.43238953128028,177.7766571044922,8828200,0.0,0.0,0.45625000000000004
2024-03-18,178.36279952243152,179.78635126935706,177.07882030192488,178.35350036621094,5410600,0.0,0.0,0.24345
2024-03-19,178.1674365557421,180.11202519875698,177.0416138587834,179.8887176513672,5317300,0.0,0.0,0.184925
2024-03-20,179.4514002385909,180.48417448464326,177.9999368002871,180.465576171875,3238600,0.0,0.0,0.255675
2024-03-21,179.57236427270917,179.91661763002895,176.79038315563218,178.54888916015625,6013600,0.0,0.0,0.10115
2024-03-22,178.64193576500634,179.56306335728144,177.2555947983432,177.56263732910156,3988400,0.0,0.0,0.6597999999999999
2024-03-25,177.02298662369412,177.54403752426634,175.6180473558342,175.65525817871094,3718300,0.0,0.0,0.208225
2024-03-26,175.8692628821353,176.7810770940401,175.38543701171875,175.38543701171875,4229500,0.0,0.0,0.0
2024-03-27,176.40892708003759,177.67430809679414,175.47850027939853,177.5254364013672,3693300,0.0,0.0,0.6124
2024-03-28,177.655688636964,178.5768020473701,177.0974268995412,177.67430114746094,3742200,0.0,0.0,0.10115
2024-04-01,176.7810956603001,177.209098243924,175.40406794300054,176.6229248046875,2364300,0.0,0.0,0.22701249999999998
2024-04-02,175.9809348019976,176.59501993367547,174.54808369193628,175.73902893066406,2693500,0.0,0.0,0.69755
2024-04-03,175.4784989705223,178.0371726531948,175.37615145532794,177.61846923828125,2826200,0.0,0.0,0.48457500000000003
2024-04-04,178.64192524768538,179.8328702802285,174.3061334463287,174.86439514160156,2983900,0.0,0.0,0.2929333333333333
2024-04-05,175.46917371362423,177.07882217950893,174.93883785972733,175.9809112548828,2014300,0.0,0.0,0.21265
2024-04-08,176.0739524989539,177.00437919197847,175.76690998659365,176.6136016845703,2678300,0.0,0.0,-0.01516666666666667
2024-04-09,177.2835201351211,177.94412942445243,173.67347372559036,176.13909912109375,2794200,0.0,0.0,0.17
2024-04-10,174.3805816063025,174.84579498617117,172.61277644167592,173.09658813476562,3081700,0.0,0.0,0.36043749999999997
2024-04-11,173.09655248661068,173.80368576458017,171.73813764757526,172.96629333496094,2861700,0.0,0.0,-0.1366
2024-04-12,171.19853210235,172.2871297604254,169.0492484545714,169.58889770507812,3547400,0.0,0.0,0.6772
2024-04-15,172.65931275989473,174.4364172060916,168.2956086783368,168.63986206054688,3528100,0.0,0.0,0.12765
2024-04-16,172.67787823180612,172.789539083675,170.13781745743614,170.9658966064453,4473700,0.0,0.0,0.42505000000000004
2024-04-17,171.34737976405222,171.8218922570077,169.13295973589126,170.3611297607422,3003000,0.0,0.0,0.23785
2024-04-18,169.6633235401246,170.6960978005044,167.63498584260304,168.84454345703125,2886700,0.0,0.0,0.0
2024-04-19,169.7377536727848,170.08202124158038,168.0071734605738,168.9468994140625,3038000,0.0,0.0,0.28376666666666667
2024-04-22,169.75635117974832,170.56583207525196,167.89549775120148,169.24461364746094,3076500,0.0,0.0,0.0
2024-04-23,170.01687426620242,171.83120357020516,166.54638650037302,169.5144500732422,5950200,0.0,0.0,0.287925
2024-04-24,170.4262910721258,171.46836464175647,168.7794315080442,171.29159545898438,7616600,0.0,0.0,0.21839285714285714
2024-04-25,156.49777698918675,160.4520906887804,154.13449928372066,157.15838623046875,16702200,0.0,0.0,-0.015785
2024-04-26,155.84648113873857,156.190734494274,154.19962181059785,155.50222778320312,8983800,0.0,0.0,0.230275
2024-04-29,155.75341463038146,156.51637129361748,154.66481715983903,155.7813262939453,5242200,0.0,0.0,0.3484833333333333
2024-04-30,154.9067640973077,155.15796911304332,153.7623289035444,154.63693237304688,6011600,0.0,0.0,0.0
2024-05-01,154.16242871700084,154.70207799950546,152.8691359493872,152.99008178710938,4029900,0.0,0.0,0.0
2024-05-02,152.9156224641527,153.4087474427449,151.30597417075646,153.23196411132812,3829900,0.0,0.0,0.0
2024-05-03,153.52042100296583,155.01840870912466,153.4459851557869,154.1810302734375,3400400,0.0,0.0,0.2773333333333333
2024-05-06,154.91602602709042,156.93505000798575,154.80437938025955,156.8792266845703,4222300,0.0,0.0,-0.1366
2024-05-07,157.24211269790752,157.511930194829,156.25586266496134,156.66525268554688,3155300,0.0,0.0,0.2352
2024-05-08,156.32097722186802,158.4144371959703,156.21862972191343,158.07948303222656,3522000,0.0,0.0,0.0
2024-05-09,157.39354386307525,157.4405298781208,155.87129447480646,156.23776245117188,4266600,1.67,0.0,0.0
2024-05-10,157.04588381124975,157.92916933678353,156.28475906549568,157.06466674804688,2255400,0.0,0.0,0.017424999999999996
2024-05-13,157.39354317173732,157.9197521264513,156.69818743122605,157.44992065429688,2414900,0.0,0.0,0.148
2024-05-14,157.73184019212803,157.98555323037505,156.43510059455463,157.2620086669922,2601000,0.0,0.0,0.48675
2024-05-15,157.80699658914716,158.19226183606537,157.24319308935864,158.10768127441406,4468800,0.0,0.0,0.43110000000000004
2024-05-16,158.10765914636596,159.39500694515056,157.66601647890297,158.7748260498047,3492300,0.0,0.0,0.27648333333333336
2024-05-17,158.7748450529673,158.90639728850232,157.23379843464906,158.8312225341797,2956400,0.0,0.0,0.6287
2024-05-20,158.80303805438942,159.8930505141361,158.22045161540564,159.6675262451172,2726300,0.0,0.0,0.58345
2024-05-21,159.68631748524498,164.41282078336127,159.68631748524498,163.00332641601562,6459800,0.0,0.0,0.54745
2024-05-22,162.9281659831528,164.4316325090499,162.33617370863644,163.21006774902344,3294900,0.0,0.0,0.10057500000000001
2024-05-23,164.80749448258996,164.8732777754805,160.15616545827152,160.37228393554688,3341300,0.0,0.0,-0.31845
2024-05-24,161.1334077403891,161.63142798493143,159.94004605002056,160.57901000976562,2587400,0.0,0.0,0.144925
2024-05-28,160.1561537192749,160.7669288947665,158.4741490280471,159.4232177734375,2629500,0.0,0.0,0.0
2024-05-29,157.86338008523913,158.4553723487569,156.1813896657224,156.970703125,4206600,0.0,0.0,0.0
2024-05-30,155.5705997661276,156.6700037257325,154.3208462894522,155.63638305664062,3842400,0.0,0.0,0.199575
2024-05-31,155.70213968210945,156.89551557993371,153.9543661143632,156.7827606201172,4905000,0.0,0.0,0.31845
2024-06-03,156.4914653021063,156.71698957747523,153.66308491351847,155.3074951171875,2776100,0.0,0.0,0.36550000000000005
2024-06-04,154.6685424816814,156.35992448714873,153.99198394424644,155.80552673339844,2594200,0.0,0.0,0.0
2024-06-05,156.3693483506686,157.66607374872447,155.7773559775228,157.28082275390625,3049400,0.0,0.0,-0.1858
2024-06-06,157.2808142801608,158.27685487214984,156.7358079615379,158.05133056640625,2207100,0.0,0.0,0.48845
2024-06-07,158.03250556208474,160.97365513750418,157.9197505980569,159.75209045410156,3475500,0.0,0.0,-0.37395
2024-06-10,159.31985525644183,160.45683939100257,158.6902828036129,160.0997772216797,3440000,0.0,0.0,0.0
2024-06-11,159.723926502146,159.7427237784408,156.7451962557931,159.103759765625,2951300,0.0,0.0,0.0787
2024-06-12,161.01125323244497,162.06367115487933,157.95734862569918,158.80303955078125,3522700,0.0,0.0,0.28185
2024-06-13,158.81245374727303,159.35746006028123,158.18288119727757,158.9158172607422,3525700,0.0,0.0,0.22812500000000002
2024-06-14,158.13587889799393,159.24468868636094,157.13983841878996,159.00038146972656,2777700,0.0,0.0,0.1252
2024-06-17,158.57751716742192,159.47959992461796,157.3935469905887,159.2728729248047,3239800,0.0,0.0,0.00645
2024-06-18,159.74267356704496,160.44742065631132,158.22042444242678,160.25949096679688,3386400,0.0,0.0,0.2553
2024-06-20,163.57652749114442,163.76445721287106,160.88909088990923,163.42617797851562,4723100,0.0,0.0,0.2553
2024-06-21,163.4731613778654,164.40343284198795,161.0582207610557,162.0542755126953,10181500,0.0,0.0,0.0
2024-06-24,164.44101746770008,167.69225760754804,163.642298219038,164.45040893554688,4864700,0.0,0.0,0.3373
2024-06-25,164.57255897951126,165.14575391941344,161.0770118604549,162.18582153320312,4069800,0.0,0.0,0.4721
2024-06-26,160.94544977872334,162.26097201694733,160.1279476976925,161.49984741210938,2779000,0.0,0.0,0.16365000000000002
2024-06-27,160.7951110133129,162.0918504047486,160.19372733026347,160.54141235351562,2894000,0.0,0.0,0.607375
2024-06-28,160.54142581814364,162.99394676870298,160.24072678234026,162.51470947265625,4193300,0.0,0.0,0.0
2024-07-01,162.9845359317893,165.81293058980097,162.91876698106188,164.5349884033203,3321000,0.0,0.0,0.0
2024-07-02,164.29068695406747,166.78080268086634,163.80207248338525,166.60226440429688,2883300,0.0,0.0,0.457125
2024-07-03,167.14728324696753,167.24124095770983,164.60078983922136,165.1269989013672,1649000,0.0,0.0,0.305725
2024-07-05,165.1363858554112,165.46525931264387,163.45438100438597,165.3994903564453,2086000,0.0,0.0,0.42159
2024-07-08,165.7659561753229,167.814414668914,165.390082365866,166.92173767089844,2503000,0.0,0.0,0.3970666666666667
2024-07-09,166.8841737641938,166.97813147214822,164.98605027081229,165.8317413330078,2512700,0.0,0.0,0.0
2024-07-10,165.94449197033373,167.46674144612663,163.9242079121651,167.1096649169922,3462200,0.0,0.0,0.05814999999999999
2024-07-11,166.93110385197238,168.61310842599102,165.96325223867933,167.55128479003906,2806800,0.0,0.0,0.037025
2024-07-12,167.78621905373365,173.04833746566064,167.729841569154,171.798583984375,4785600,0.0,0.0,0.3592
2024-07-15,172.31539727339106,173.74367464152306,171.58246131555208,171.84556579589844,2925700,0.0,0.0,0.23102499999999998
2024-07-16,173.52757011916208,175.34112722382127,173.38662639983727,174.59878540039062,3374500,0.0,0.0,0.6122
2024-07-17,174.25109892525626,176.60025628924402,173.90342822358403,176.1398162841797,4225300,0.0,0.0,0.33925
2024-07-18,175.378722977125,178.03797130961735,173.93164809072044,174.04440307617188,3487800,0.0,0.0,0.0
2024-07-19,175.08741645537708,175.71698897337035,170.97168774042268,172.19325256347656,3816000,0.0,0.0,-0.16299999999999998
2024-07-22,172.33419316048466,173.80947099298015,171.82678143543137,173.0389404296875,2488500,0.0,0.0,0.44566666666666666
2024-07-23,173.236281109129,174.19474143833034,171.96773025171194,172.99197387695312,2180200,0.0,0.0,0.0
2024-07-24,173.029533529271,173.90342752096538,172.09926205516766,172.91677856445312,6962100,0.0,0.0,0.0
2024-07-25,175.529037304497,184.4182405480245,174.11954291662062,180.396484375,9532800,0.0,0.0,0.0
2024-07-26,179.015202063375,181.8905830334828,178.17890252441052,180.18038940429688,4294900,0.0,0.0,0.2202
2024-07-29,181.52407665809923,181.6274401531968,177.76542496454095,179.94544982910156,3336800,0.0,0.0,-0.25634999999999997
2024-07-30,179.92666812750036,181.13884143292526,177.68087411976447,179.51321411132812,3065000,0.0,0.0,0.4511
2024-07-31,179.4756444265355,182.8114511565376,178.5265898978358,180.54685974121094,5558400,0.0,0.0,0.6451500000000001
2024-08-01,181.17640896284195,181.95633092273602,176.92912846416183,178.2164764404297,4085400,0.0,0.0,0.470275
2024-08-02,177.38956346107915,177.8405976443714,174.4953999702272,177.70904541015625,4548800,0.0,0.0,0.0
2024-08-05,173.41479042492207,174.08194305212268,170.84010892666754,172.24960327148438,4975000,0.0,0.0,0.0
2024-08-06,173.55573959538827,177.50232101766525,172.55969918775037,175.52903747558594,3632500,0.0,0.0,0.04844999999999999
2024-08-07,176.73180487403002,178.41379520309653,175.4350654477219,175.52903747558594,3801900,0.0,0.0,0.48984999999999995
2024-08-08,176.18680141289366,181.24219262296558,175.7169699424593,180.9884796142578,3712700,0.0,0.0,0.8521000000000001
2024-08-09,181.21597651696504,182.59041624981046,179.18751070465322,181.47190856933594,2773700,1.67,0.0,0.5271
2024-08-12,181.28233805595065,181.59514068861125,179.14960466705713,179.60458374023438,2290300,0.0,0.0,0.40147499999999997
2024-08-13,180.37234486366003,181.33918793941803,179.34864568170724,181.03587341308594,2178900,0.0,0.0,0.656325
2024-08-14,181.18753578510976,183.02642813666196,180.78942730645255,182.29656982421875,1895100,0.0,0.0,0.48735
2024-08-15,183.42452837179115,184.12596582943812,183.20651969498408,183.8415985107422,2472000,0.0,0.0,0.7864277777777778
2024-08-16,183.49089230148934,184.220765065687,182.80841650236067,183.6804656982422,2494400,0.0,0.0,0.0
2024-08-19,183.7373339769643,185.33925591704354,183.62359283303726,184.58094787597656,2361400,0.0,0.0,0.09145
2024-08-20,184.4482654310725,185.98384336134987,183.65204840857282,185.81321716308594,1790400,0.0,0.0,0.84135
2024-08-21,185.75633865245402,187.04545807058116,184.00275209260738,186.9317169189453,2579300,0.0,0.0,0.5383
2024-08-22,186.96961740511048,187.60469624571797,185.3771834997406,185.74685668945312,1969500,0.0,0.0,0.0
2024-08-23,186.5335884440154,187.0928495045726,184.25867869744084,185.8795623779297,2322000,0.0,0.0,0.4363
2024-08-26,185.7847739971978,188.01230130757375,185.68998006178967,187.6615753173828,2567200,0.0,0.0,0.43998750000000003
2024-08-27,187.1497215556638,189.007561155206,186.7042161033859,188.3724822998047,2617100,0.0,0.0,0.62405
2024-08-28,188.62844211736257,189.57632373604278,187.19714608002468,188.11659240722656,2645200,0.0,0.0,0.5871833333333334
2024-08-29,188.91279166088557,190.63792852298434,187.93647484289863,188.53363037109375,2989600,0.0,0.0,0.14966666666666664
2024-08-30,188.73266994331993,191.63318477172186,188.37247037571984,191.59527587890625,4751000,0.0,0.0,0.24015
2024-09-03,191.38673594725225,194.05028035319953,189.7753404683594,190.78956604003906,3874700,0.0,0.0,0.3847333333333333
2024-09-04,190.29668289506623,193.7090620475158,190.05023891431523,193.4720916748047,3142500,0.0,0.0,0.26075000000000004
2024-09-05,193.4436443164648,195.21617796541196,190.48625887789564,192.0312957763672,3229200,0.0,0.0,0.0
2024-09-06,191.83226558417064,193.46262294662884,188.95069767974607,190.27774047851562,3304500,0.0,0.0,0.3601
2024-09-09,191.415174275237,194.36308603927327,190.93174549941776,192.92230224609375,3705000,0.0,0.0,0.66025
2024-09-10,193.55739671305787,195.10244816487904,192.2967125999832,194.61903381347656,3070600,0.0,0.0,0.0
2024-09-11,196.93185917667194,199.1688601400086,192.4578572499986,198.9508514404297,5554300,0.0,0.0,0.41324999999999995
2024-09-12,199.05513260566195,201.5670130174186,197.41530151541187,200.5812225341797,4615300,0.0,0.0,0.0
2024-09-13,201.4058550554426,204.82770781475293,201.0741052118756,203.595458984375,4572300,0.0,0.0,0.38775000000000004
2024-09-16,204.62864713435496,206.54335720358216,204.28740924201858,205.84193420410156,4176100,0.0,0.0,0.0
2024-09-17,205.9272494510171,207.4343775177559,201.89875320168764,202.96986389160156,5635200,0.0,0.0,0.0
2024-09-18,202.96984352223734,205.55755562703195,202.45797948000072,203.7376251220703,3482800,0.0,0.0,0.2341375
2024-09-19,206.64763770222473,207.09314315804187,199.405823722601,202.74237060546875,5279600,0.0,0.0,0.44305
2024-09-20,203.15943440164168,206.4959811798581,202.60018781329245,206.35379028320312,9958800,0.0,0.0,0.5501
2024-09-23,206.6381546677916,209.12159942125146,205.94620526387396,209.0078582763672,4074800,0.0,0.0,0.341475
2024-09-24,208.3253878795435,209.66190422066646,206.78982452971405,209.453369140625,3183900,0.0,0.0,0.0
2024-09-25,209.64292801400916,210.28749488861385,208.68557300454077,209.69979858398438,2537800,0.0,0.0,0.0
2024-09-26,210.53396019311498,212.32545564659216,209.82304906929826,211.78515625,2673200,0.0,0.0,0.0
2024-09-27,211.37758200286464,212.4676399811468,209.26381023262283,209.3301544189453,3830300,0.0,0.0,0.0
2024-09-30,209.15002067314347,209.7851139255261,207.60498385922247,209.5576171875,3543400,0.0,0.0,0.39745
2024-10-01,209.1310726489251,209.57657805279868,204.6475833259864,207.91778564453125,3548400,0.0,0.0,0.0
2024-10-02,206.9319947108828,208.72349005271815,204.55281750497628,208.27798461914062,3343400,0.0,0.0,0.70175
2024-10-03,208.05998779269476,211.21643490120906,207.84197909900843,211.11216735839844,3788300,0.0,0.0,0.62625
2024-10-04,212.08848851971922,214.29705418048601,211.63350944329605,214.22122192382812,3553800,0.0,0.0,0.4568
2024-10-07,213.6335323970131,215.80417462029448,213.29229448598159,215.2828369140625,3458000,0.0,0.0,0.3518375
2024-10-08,216.22125177457588,217.39663005357238,215.20701161661918,216.7046661376953,3245100,0.0,0.0,0.125
2024-10-09,217.2544517977119,222.70477079627167,216.59093759494004,222.08865356445312,5083600,0.0,0.0,0.2597333333333333
2024-10-10,222.84693081074607,223.53888020744412,219.7283927948255,220.87533569335938,3142000,0.0,0.0,0.27605
2024-10-11,221.0933401134185,221.27343989648477,218.4487573287449,221.10281372070312,3469200,0.0,0.0,0.18215
2024-10-14,221.39665830950642,223.81374422974466,221.0174970837767,222.99856567382812,2524400,0.0,0.0,0.209875
2024-10-15,224.0791661842695,224.99861233631998,220.58149582699542,220.81846618652344,3350600,0.0,0.0,0.44895
2024-10-16,220.01276234102218,221.69051654513024,219.07435450546552,221.491455078125,2846700,0.0,0.0,0.57375
2024-10-17,219.90848972587122,220.99854757487918,218.6383320926655,220.7426300048828,5040100,0.0,0.0,0.554125
2024-10-18,219.83267783065688,220.524627282437,218.17388518991442,220.09808349609375,4715700,0.0,0.0,-0.0129
2024-10-21,219.15968965667278,220.30661818087944,218.25919065396013,219.67153930664062,2733300,0.0,0.0,0.0387
2024-10-22,219.89901807129212,220.8279378225624,218.64780764166363,220.1454620361328,3180800,0.0,0.0,0.0
2024-10-23,218.40139118845502,221.1786771846873,218.25920027798236,220.6194305419922,5791000,0.0,0.0,0.0
2024-10-24,209.29222550767076,209.78512790781855,204.89405619067978,207.00782775878906,11193400,0.0,0.0,0.12595
2024-10-25,205.50071219503613,207.25428429279503,203.21631430765288,203.48171997070312,8482200,0.0,0.0,0.3324333333333333
2024-10-28,204.26847101073798,204.97938216274753,201.61439981719752,201.81346130371094,4993300,0.0,0.0,0.465
2024-10-29,200.94136877038926,202.2209998904309,198.9129032985224,199.46266174316406,5258400,0.0,0.0,0.0
2024-10-30,198.56218462510904,200.11670948778846,193.61424273438706,194.22088623046875,6956600,0.0,0.0,0.0
2024-10-31,193.4910506252501,197.28257653514913,192.90335427401973,195.94606018066406,5925300,0.0,0.0,0.0
2024-11-01,196.941337471583,198.90344459743497,196.60009956314917,197.3963165283203,3334100,0.0,0.0,0.0
2024-11-04,196.82757940406978,196.87497636977935,195.07400738100128,195.56690979003906,2593900,0.0,0.0,0.4095
2024-11-05,195.4247272405938,197.27309327403552,194.85600701835534,196.75177001953125,2441500,0.0,0.0,0.0
2024-11-06,202.35371266108763,203.15941761833568,199.40580099499374,202.46746826171875,3934400,0.0,0.0,-0.1806
2024-11-07,202.50541369875552,203.3395540908169,200.8845298848226,202.5528106689453,3675800,0.0,0.0,0.49365000000000003
2024-11-08,202.99829268198513,205.40590517587628,201.69021166632672,202.5812225341797,3201000,0.0,0.0,0.0
2024-11-11,203.2257699857753,204.1831394734414,202.35372081790226,202.4390411376953,3013000,0.0,0.0,0.2734
2024-11-12,202.4390398007057,203.51859199530568,199.72584419787356,201.4454803466797,2817800,1.67,0.0,0.0
2024-11-13,200.146194602518,201.97091997076652,199.73540034111193,201.50279235839844,3247800,0.0,0.0,0.0
2024-11-14,200.62388140973712,201.10155731785557,197.1368531114774,199.6589813232422,6372900,0.0,0.0,0.3580666666666667
2024-11-15,198.1972902961303,199.1813014812187,194.95864828615225,195.8375701904297,3986500,0.0,0.0,0.27144999999999997
2024-11-18,197.75781861714555,199.1144163965222,196.2005905497045,198.7991485595703,3405900,0.0,0.0,0.28405
2024-11-19,197.28014741187715,200.9391465683819,196.98399068521033,200.8627166748047,2860700,0.0,0.0,0.0
2024-11-20,201.57922148323672,205.36242086925446,200.40414289942143,205.01849365234375,4562900,0.0,0.0,0.1813
2024-11-21,206.1744801757698,212.68998678238088,205.65859659147657,212.47024536132812,5236400,0.0,0.0,0.0
2024-11-22,213.37782410476098,217.05591968041216,211.027652331563,213.01478576660156,5320700,0.0,0.0,0.0
2024-11-25,213.37781476260153,216.31073699389225,212.70905688948,216.03369140625,7189300,0.0,0.0,0.21669999999999998
2024-11-26,216.60691452246323,218.75645612198412,215.44138413341093,218.6131591796875,4449500,0.0,0.0,0.148
2024-11-27,218.61316239512774,218.95708963921018,214.25676035509179,216.78843688964844,2995100,0.0,0.0,0.34787500000000005
2024-11-29,217.58136211848165,220.07483078118355,217.0463674682869,217.2565460205078,2640300,0.0,0.0,0.5371250000000001
2024-12-02,217.3425312961529,218.18324553256366,215.44137599427367,217.23744201660156,2655900,0.0,0.0,0.41955
2024-12-03,217.0941748632714,218.88067828322656,216.54961727338429,218.7755889892578,3163800,0.0,0.0,0.0
2024-12-04,219.73092604032635,223.303947216017,219.1099531673043,223.0651092529297,4104200,0.0,0.0,0.534
2024-12-05,223.1224253111538,225.95982144423587,223.03644714409364,224.2688446044922,4791100,0.0,0.0,0.53165
2024-12-06,223.963120864258,227.73677222704296,223.76250514483866,227.4119415283203,4028400,0.0,0.0,0.422475
2024-12-09,227.37372555940047,228.6634563042924,218.68958130449502,219.7309112548828,4970400,0.0,0.0,0.0
2024-12-10,218.2023701728962,223.92493335540416,217.62916777403487,221.3741455078125,4769500,0.0,0.0,0.0
2024-12-11,222.30079621978848,222.5969529234652,218.89974639593464,219.8455352783203,3872700,0.0,0.0,0.0
2024-12-12,220.36144528667583,223.4472274573592,220.09394795421784,221.88999938964844,4515700,0.0,0.0,0.20379999999999998
2024-12-13,221.88045884119938,223.34214595067996,219.97930348309498,220.51431274414062,2757400,0.0,0.0,0.0
2024-12-16,220.4283222940312,220.71493075676509,216.75022651773432,219.09083557128906,3610300,0.0,0.0,0.0
2024-12-17,218.99528868552284,219.92198109625636,217.45717170685793,218.7469024658203,3651300,0.0,0.0,0.0
2024-12-18,218.81379527680113,218.81379527680113,210.20607980677426,210.33982849121094,4152500,0.0,0.0,0.72125
2024-12-19,214.40003915886376,216.10056411696792,213.02433029893436,213.92236328125,4427200,0.0,0.0,0.3737
2024-12-20,212.7855138054625,217.51450255494217,211.78239144587292,213.38739013671875,12423200,0.0,0.0,0.0
2024-12-23,212.8619392521415,213.7504240357763,211.20918466528755,212.02122497558594,2988100,0.0,0.0,0.329575
2024-12-24,212.3460657550612,214.41917757858184,211.6486483891321,214.39051818847656,1186200,0.0,0.0,0.35645000000000004
2024-12-26,213.33960250505976,215.33628421585342,212.61354040409242,214.84906005859375,3286500,0.0,0.0,0.14280000000000004
2024-12-27,213.17720971736986,214.40005891051547,211.5244551102689,212.83328247070312,1810800,0.0,0.0,0.29295
2024-12-30,210.69329012863054,211.69641248446072,207.93232387121,210.41624450683594,2095600,0.0,0.0,0.0
2024-12-31,210.86524663432394,211.18051447190223,208.68704573606615,210.01498413085938,2270200,0.0,0.0,0.0
2025-01-02,211.91613741024582,212.55622134923559,207.8845517595844,210.1200714111328,2579500,0.0,0.0,0.245975
2025-01-03,210.70284586133624,213.6739905911678,210.70284586133624,212.70907592773438,3872100,0.0,0.0,0.0
2025-01-06,213.04346305097252,214.33319388251027,210.89392138341788,212.7281951904297,2846700,0.0,0.0,0.0
2025-01-07,213.37782139124877,216.58780388741133,212.88103439442895,213.96058654785156,3299300,0.0,0.0,0.15045
2025-01-08,213.912825636961,214.858614592008,210.97034033540137,213.2154083251953,2619800,0.0,0.0,0.34818333333333334
2025-01-10,212.08809435326899,212.498888619901,207.12026803166762,209.9385528564453,3570300,0.0,0.0,0.0
2025-01-13,208.16160908864182,209.78570427971596,205.1618049337127,207.6934814453125,3716800,0.0,0.0,0.8533
2025-01-14,208.26670050812643,208.39090091176547,205.02805836314184,208.02786254882812,3485500,0.0,0.0,0.0
2025-01-15,211.00856201526543,211.78239469445782,208.27625509493035,210.20606994628906,2951600,0.0,0.0,0.0
2025-01-16,209.88124707087468,212.73773972937758,207.67438666329815,212.71864318847656,3329100,0.0,0.0,0.26648333333333335
2025-01-17,215.8712992148604,215.8712992148604,213.6548760409078,214.75352478027344,5506800,0.0,0.0,0.08895
2025-01-21,214.94460970226507,217.29476699935773,212.8810462871263,214.2471923828125,3982200,0.0,0.0,0.2218
2025-01-22,212.0689904504613,214.3809400786166,210.51177691471705,213.29183959960938,4759500,0.0,0.0,0.484275
2025-01-23,213.94147815517923,215.9477081298828,213.1867420918891,215.9477081298828,3619700,0.0,0.0,0.2787
2025-01-24,215.21212385328607,216.6833593464394,213.80775541197417,214.7631072998047,3232900,0.0,0.0,0.0
2025-01-27,212.26964654929876,214.28543969416017,210.02456369453122,214.12303161621094,4898400,0.0,0.0,0.3753
2025-01-28,214.30451839207075,215.68977555824893,211.86836843637187,215.58468627929688,4485400,0.0,0.0,0.174475
2025-01-29,215.54645529220528,219.22456532866335,213.74084108353748,218.4220733642578,7079800,0.0,0.0,0.0
2025-01-30,238.8379445281225,250.1110838478409,235.9814374636621,246.7386932373047,15381900,0.0,0.0,0.528975
2025-01-31,244.61784220151554,245.7547132943066,240.64358937856153,244.28347778320312,7199800,0.0,0.0,0.41966666666666663
2025-02-03,241.13080048825086,250.35950283409633,240.59580578603007,249.08889770507812,8408500,0.0,0.0,0.35845
2025-02-04,248.3914526314575,253.40704927113114,246.59538669378045,252.65231323242188,6077700,0.0,0.0,0.48030000000000006
2025-02-05,253.84652985653653,253.85609270456746,249.51878717707743,251.54412841796875,6165100,0.0,0.0,0.4301
2025-02-06,251.23842333852588,251.62055822216536,241.4460529482612,242.12435913085938,6128300,0.0,0.0,0.45737500000000003
2025-02-07,243.88222314610434,245.45854789373962,240.76778131136192,241.073486328125,3370300,0.0,0.0,0.2879833333333333
2025-02-10,241.2562377575466,242.30450537697251,237.4189830673982,239.72711181640625,3564400,1.67,0.0,0.1779
2025-02-11,241.48701765674215,246.92070998121918,240.98692097066882,244.94918823242188,4801600,0.0,0.0,0.5480833333333334
2025-02-12,243.04502283010592,246.58413291074723,242.37182413809597,246.0167236328125,3075300,0.0,0.0,0.41652500000000003
2025-02-13,245.87246042653237,249.35386969448834,244.67031472078733,249.26731872558594,4531500,0.0,0.0,-0.0386
2025-02-14,249.08458542264708,251.91203441592603,248.03631790938186,251.2772979736328,3925300,0.0,0.0,0.0
2025-02-18,251.90240834463725,253.8546917628807,249.88279772421922,252.998779296875,4262800,0.0,0.0,0.4201
2025-02-19,251.96978364986623,254.23942104853057,250.1329011708122,254.2009735107422,3718700,0.0,0.0,0.5932666666666667
2025-02-20,253.55656037222298,254.94143454033667,252.11398555954287,254.60482788085938,4884800,0.0,0.0,0.142825
2025-02-21,253.74892915890197,254.69139263735417,251.10420852579645,251.46966552734375,5667900,0.0,0.0,0.0
2025-02-24,251.4888656345517,253.74890528735253,249.64235703438334,251.84469604492188,4398100,0.0,0.0,0.0
2025-02-25,251.08491864643997,253.3930616131455,246.93992308177104,247.88241577148438,6292200,0.0,0.0,0.4600666666666666
2025-02-26,248.21903618166567,248.44021219462104,244.67029992496637,246.04554748535156,3460100,0.0,0.0,0.3243
2025-02-27,245.4492978927974,247.76703828913995,243.36237475021937,243.5354766845703,3402200,0.0,0.0,0.34348333333333336
2025-02-28,241.2562124203682,243.13155674317602,237.10158991325872,242.77572631835938,7988800,0.0,0.0,0.0
2025-03-03,244.98765981446869,246.18980540669804,238.74611461674758,240.61184692382812,2977700,0.0,0.0,0.0
2025-03-04,239.22698840166944,245.69933658199216,238.60187852293407,243.51625061035156,5342100,0.0,0.0,0.5337
2025-03-05,241.9486381952883,243.06423285426834,237.55358675801332,241.72744750976562,4009800,0.0,0.0,0.0
2025-03-06,240.18869815760664,242.44873782393634,237.35163739057077,239.16928100585938,3254400,0.0,0.0,-0.4725
2025-03-07,236.53417223578015,251.93124824782313,235.79364641563595,251.52734375,6700200,0.0,0.0,0.0
2025-03-10,251.5465900335457,256.24939826687654,244.9973023749186,247.0649871826172,8165500,0.0,0.0,0.0
2025-03-11,246.18981935916258,246.8726445510837,236.44762623172957,239.41932678222656,5630600,0.0,0.0,0.521
2025-03-12,240.76575560432258,243.43932656640897,236.13027456920707,240.0733184814453,3848800,0.0,0.0,0.1901
2025-03-13,239.2750726501471,239.727080587647,233.73557611385178,236.38992309570312,3862400,0.0,0.0,0.20095
2025-03-14,233.45669701999267,239.41933681019106,232.42765324780189,238.84231567382812,4045200,0.0,0.0,0.2988166666666667
2025-03-17,239.70785928968127,244.88189922318986,239.46743014295137,243.2854461669922,3233900,0.0,0.0,0.0
2025-03-18,242.84303697245588,242.90075229124545,235.7359523657187,237.4958953857422,4171900,0.0,0.0,0.2885
2025-03-19,238.8230652648935,243.94901607943095,237.1977619975244,242.63145446777344,3853600,0.0,0.0,0.0
2025-03-20,234.88964497929618,237.35163688955586,228.1383909904911,234.00486755371094,7026800,0.0,0.0,0.536425
2025-03-21,232.43727841345944,235.82252482344666,229.36940023015512,234.5338134765625,9580100,0.0,0.0,0.3243
2025-03-24,237.84212027032615,239.29432166869483,236.55342360094517,238.9384765625,4753300,0.0,0.0,0.6335
2025-03-25,238.85194015802702,241.29469391422867,238.69806197702647,240.33297729492188,3133800,0.0,0.0,0.0
2025-03-26,241.63129967533166,244.5837767291178,239.97714592248929,240.75613403320312,4450100,0.0,0.0,0.28595
2025-03-27,240.15024868305738,240.7176579316138,236.32260620806753,236.78424072265625,2889300,0.0,0.0,0.4088
2025-03-28,236.8419293246955,238.092163724195,232.8027229125375,234.65882873535156,3125300,0.0,0.0,0.0
2025-03-31,233.4470816544979,241.2850657015479,233.20665251594264,239.14044189453125,6795000,0.0,0.0,0.0
2025-04-01,238.53457099905447,241.02541351160713,234.16838402096272,240.75613403320312,4412900,0.0,0.0,0.3572
2025-04-02,238.71728102100894,243.1123179833082,237.76517636239257,240.40989685058594,4080800,0.0,0.0,0.3818
2025-04-03,233.4182277516991,241.01578254366336,233.24511114378691,234.16836547851562,5309600,0.0,0.0,0.0
2025-04-04,228.888532692466,230.9658439060398,218.19424964238013,218.77127075195312,7407100,0.0,0.0,0.40475
2025-04-07,210.84674783483018,223.39713743750463,206.28820597243254,217.13636779785156,7797900,0.0,0.0,0.0
2025-04-08,223.65679737801818,224.12804376797868,208.96176974302463,212.56820678710938,6850000,0.0,0.0,0.40681666666666666
2025-04-09,208.80788769382738,227.25361831668812,206.92293151827147,226.301513671875,7302800,0.0,0.0,0.4019
2025-04-10,222.156525261023,223.66642730337276,213.52031466496712,220.7620391845703,5656100,0.0,0.0,-0.33755
2025-04-11,220.92549971901346,228.48459145419656,218.8000999495158,226.46498107910156,4325900,0.0,0.0,0.27435000000000004
2025-04-14,230.590799504401,232.51423275622986,227.66717274382768,229.90797424316406,3321500,0.0,0.0,0.0
2025-04-15,230.37920030486094,232.2833949469246,229.14820430649357,231.48516845703125,3363700,0.0,0.0,0.47258333333333336
2025-04-16,231.08123349784518,233.98562136198046,226.85929875850573,229.43670654296875,4869900,0.0,0.0,0.60545
2025-04-17,230.50421494514015,232.52382556372717,228.31150239191246,229.6675262451172,4635200,0.0,0.0,0.48579999999999995
2025-04-21,228.95584760336502,231.590941345694,224.01261084811918,227.17666625976562,4908900,0.0,0.0,0.5149
2025-04-22,229.36937659135745,233.35088216407135,228.90775679767967,231.677490234375,4232700,0.0,0.0,0.0
2025-04-23,236.58224999016332,239.79437945592377,234.33183698777754,236.0821533203125,7948300,0.0,0.0,0.683
2025-04-24,222.3296276494724,223.86838001776408,215.84766741655878,220.5504608154297,15428100,0.0,0.0,0.29013999999999995
2025-04-25,220.1849970670437,224.4261704950858,217.65569256662536,223.51254272460938,6700100,0.0,0.0,0.0
2025-04-28,223.94530538478102,227.57098070851742,223.1855558045559,227.1189727783203,3653500,0.0,0.0,0.1806
2025-04-29,227.9268245484016,230.79273578614752,227.09974772043907,230.22532653808594,3426500,0.0,0.0,0.055499999999999994
2025-04-30,227.6671383380982,233.1873962194766,225.3686365365043,232.56228637695312,5143000,0.0,0.0,0.35015
2025-05-01,232.19683958799345,233.09122891027982,228.840443640913,230.4849853515625,4243300,0.0,0.0,0.7024
2025-05-02,233.82216839587264,236.2841606149204,232.09107553103243,236.14952087402344,3731900,0.0,0.0,0.61005
2025-05-05,234.408807511368,240.23680771329464,234.312629982277,239.64053344726562,4137800,0.0,0.0,0.0
2025-05-06,238.27488959857862,240.6118684699494,236.68806314459155,239.58282470703125,2900600,0.0,0.0,0.1682375
2025-05-07,239.90019308303403,244.72801432566533,239.30393351140262,243.6701202392578,3399700,0.0,0.0,0.311725
2025-05-08,245.2377060445375,246.69950455012884,243.55470217952595,244.41062927246094,3637000,0.0,0.0,0.1909
2025-05-09,244.4590247465083,244.93340701883486,239.7443034175841,241.2545623779297,2901300,1.68,0.0,0.42935
2025-05-12,244.44936441661733,245.7175943991344,236.84964559415806,245.60142517089844,4609500,0.0,0.0,0.23815
2025-05-13,246.31783208500502,251.30362530258975,244.8172635832058,250.34519958496094,3521400,0.0,0.0,0.0
2025-05-14,249.3867751862283,252.24270066355732,248.05076990939784,249.59976196289062,3634700,0.0,0.0,0.436
2025-05-15,250.7518106665872,258.9033333139703,250.3645405134847,258.17724609375,4856300,0.0,0.0,0.0
2025-05-16,257.8577989707749,259.43583336822974,256.15390471910837,258.2547302246094,3817900,0.0,0.0,0.22365
2025-05-19,256.98649570647603,260.55884738459815,256.62826784123934,259.85211181640625,3198600,0.0,0.0,0.3782
2025-05-20,258.87429427886815,260.69435766102106,257.1510484362145,258.43865966796875,2437900,0.0,0.0,0.0
2025-05-21,256.5217729069716,257.18008488927734,252.10716501629338,252.552490234375,3753900,0.0,0.0,0.0
2025-05-22,252.45567534507617,252.93973349206607,249.68687692568489,250.1322021484375,3091300,0.0,0.0,0.28832500000000005
2025-05-23,250.33550284928336,251.5843811637025,247.63446483977373,250.38392639160156,2722600,0.0,0.0,0.03225
2025-05-27,252.67835502342407,255.3794077806354,251.3520404157572,254.83726501464844,3284200,0.0,0.0,0.28800000000000003
2025-05-28,254.76946296531642,256.55079322956294,251.65212761674454,251.9425506591797,2318400,0.0,0.0,0.0
2025-05-29,252.43633388440904,252.80422281815925,248.58322024219106,250.4420166015625,2295000,0.0,0.0,0.5437
2025-05-30,250.50008773244238,251.82640231040756,248.90270177755414,250.80020141601562,9668900,0.0,0.0,0.0
2025-06-02,249.62880873285903,255.56336673247674,249.01889070039937,255.48590087890625,2831900,0.0,0.0,0.15336666666666665
2025-06-03,254.953424798096,257.09295347547607,254.20795636405902,256.74444580078125,2494700,0.0,0.0,0.0
2025-06-04,256.45400235653295,258.48705249858085,256.3475237447599,257.0542297363281,2588600,0.0,0.0,0.24530000000000002
2025-06-05,256.74448473487615,258.98083128699085,256.64766718459106,258.3515319824219,2658400,0.0,0.0,0.4201
2025-06-06,259.44544682934014,261.5559625654122,259.00012165694824,260.2973937988281,2495200,0.0,0.0,0.0
2025-06-09,259.55197599657004,264.7507556012963,258.20628020972686,263.4050598144531,4331500,0.0,0.0,0.0
2025-06-10,264.4796610392893,268.6231970994707,263.8697431200013,267.4324035644531,5163500,0.0,0.0,0.599475
2025-06-11,267.87779965539147,272.7667752917745,266.33846869534347,272.5440979003906,4656000,0.0,0.0,0.2494
2025-06-12,272.5537602620378,274.0349769078725,270.90795085797157,272.0697021484375,3418000,0.0,0.0,0.0
2025-06-13,269.3396513533775,270.9176857889665,267.0355296286207,268.3812255859375,3243800,0.0,0.0,0.6484749999999999
2025-06-16,270.4045350438322,275.42906051485625,269.7849560353717,272.84417724609375,3685300,0.0,0.0,0.0
2025-06-17,272.1859143764305,275.7098721816487,272.04070282831816,274.02532958984375,3069600,0.0,0.0,0.0
2025-06-18,275.9131120204521,277.76221747442776,273.91879504800954,274.18017578125,3534100,0.0,0.0,0.0
2025-06-20,270.37553868565266,275.06121837203756,268.36186963526114,272.01165771484375,7677000,0.0,0.0,0.49429999999999996
2025-06-23,272.66992497855415,280.3470794427593,271.2758352708459,279.9598388671875,3786200,0.0,0.0,0.0
2025-06-24,281.1990384144606,284.95533420110087,279.21441191476123,284.4228820800781,4219100,0.0,0.0,0.201525
2025-06-25,285.1005696782831,286.7173369552915,280.26967862702145,281.7799377441406,3862300,0.0,0.0,0.3304
2025-06-26,282.49633253311305,283.57095701976056,280.9183277367989,282.6221923828125,3621100,0.0,0.0,0.35015
2025-06-27,283.6290168313898,283.77422835889536,279.3208877331578,280.4632873535156,3562500,0.0,0.0,0.0
2025-06-30,281.6540936537534,285.4103899661056,280.753752503662,285.38134765625,3495400,0.0,0.0,0.36345
2025-07-01,285.15860127044357,285.70074395298104,280.83112088138034,281.9154357910156,3272800,0.0,0.0,0.0
2025-07-02,280.75374759368384,280.93769206774164,277.7525809346311,278.4786682128906,3257500,0.0,0.0,-0.13903333333333337
2025-07-03,278.7594116560564,282.9997658056398,278.72067873131834,282.6609191894531,1853300,0.0,0.0,0.0
2025-07-07,283.1740313222813,285.80730896627455,281.1022481595914,283.1449890136719,4488100,0.0,0.0,0.27115
2025-07-08,283.7548838611983,286.1848356018749,280.25996877299013,281.16033935546875,2925300,0.0,0.0,0.0
2025-07-09,282.0994276220835,282.30272377605274,279.4274171345122,280.8892822265625,2971300,0.0,0.0,0.0
2025-07-10,279.68878763222835,279.68878763222835,273.21208734969395,278.2656555175781,3487800,0.0,0.0,-0.06004999999999999
2025-07-11,275.9228338373744,278.2656587190599,273.8994743324407,274.548095703125,3790700,0.0,0.0,0.44039999999999996
2025-07-14,273.81231682744937,275.8453669418455,272.7280313116553,274.7417297363281,2857100,0.0,0.0,0.4063
2025-07-15,274.72235491875574,275.0902438440425,271.77930260559197,273.6864929199219,2864100,0.0,0.0,0.3434
2025-07-16,273.7348895128846,274.8191750642844,270.9467097838192,272.9313659667969,2804800,0.0,0.0,0.2747
2025-07-17,272.52473092586433,274.42223054899813,271.9438552529888,273.0087890625,3337200,0.0,0.0,0.1265
2025-07-18,274.3447712298091,278.00424925396965,273.2217529016856,276.75537109375,4478200,0.0,0.0,0.0
2025-07-21,277.16202556259304,278.5561154070265,275.31291987248255,275.63238525390625,3051800,0.0,0.0,0.37785
2025-07-22,275.6613935556118,275.79694400314366,272.2826775181792,272.97003173828125,4824200,0.0,0.0,-0.005025000000000002
2025-07-23,275.23548952489824,278.8949684524208,272.4666907135365,273.0185241699219,8105900,0.0,0.0,0.503
2025-07-24,252.92039138139393,253.69487262808482,244.69140257089882,252.20399475097656,22647700,0.0,0.0,0.49135
2025-07-25,251.72960155265707,252.4847311204598,248.17663110918045,251.43917846679688,7758700,0.0,0.0,0.0
2025-07-28,252.0006492475942,255.58269120734064,251.33264666837357,254.81787109375,5192500,0.0,0.0,0.508125
2025-07-29,255.87312039791377,257.32529481457516,252.6977001885967,254.04339599609375,4627300,0.0,0.0,0.224025
2025-07-30,253.25924748392336,253.64648812176077,250.64532147552885,251.96197509765625,3718300,0.0,0.0,-0.0582
2025-07-31,251.29394801076026,251.70054030036323,244.17828749706848,245.07862854003906,6739100,0.0,0.0,0.23835
2025-08-01,243.3941228917163,243.4618833512306,237.77904538887694,242.07748413085938,9683400,0.0,0.0,0.0
2025-08-04,243.04559705322052,244.042755648063,240.19933280297792,243.94593811035156,5280600,0.0,0.0,0.09450000000000001
2025-08-05,243.96531561016073,244.7398116300464,241.06096661480169,242.67771911621094,5823000,0.0,0.0,0.22824999999999998
2025-08-06,243.510286691472,246.21133938476012,241.33202506178637,244.2363739013672,3692100,0.0,0.0,0.31245
2025-08-07,244.74946206490196,246.8696389749578,240.94477236668885,242.1839599609375,6251300,0.0,0.0,0.0
2025-08-08,242.57383219577488,243.15862034923154,235.52701671296032,236.13131713867188,6828400,1.68,0.0,0.18005
2025-08-11,236.10208515595787,236.9890161112898,228.7531266884019,230.31259155273438,9382000,0.0,0.0,0.3715
2025-08-12,230.53676484848035,231.9305390193884,227.4470885866284,228.8213653564453,8792800,0.0,0.0,0.064
2025-08-13,230.21513937270737,234.7375700246064,230.21513937270737,233.98709106445312,5663600,0.0,0.0,0.19763999999999998
2025-08-14,232.2131799262268,232.94417629535445,229.64981456606142,231.10206604003906,4556700,0.0,0.0,0.0
2025-08-15,231.58939800257266,234.52312475665954,230.77068563475672,233.64593505859375,4344300,0.0,0.0,0.27159999999999995
2025-08-18,233.49975151998348,235.3028670576196,233.06114178040724,233.38278198242188,3569600,0.0,0.0,0.558575
2025-08-19,233.91883118484677,236.67712585389378,233.4217590225561,235.16639709472656,3328300,0.0,0.0,0.414
2025-08-20,235.97538224421584,236.7258760365647,234.2502265971343,236.40423583984375,3240100,0.0,0.0,0.3630125
2025-08-21,236.07284231583384,236.3554876955136,232.60303379766972,233.3340301513672,2991900,0.0,0.0,-0.20412500000000006
2025-08-22,234.64010224908588,237.50559563364877,234.13327391612873,235.9558868408203,3134900,0.0,0.0,0.0
2025-08-25,236.42373375782216,236.42373375782216,233.36328125,233.36328125,3513300,0.0,0.0,0.0193
2025-08-26,234.9129869288104,238.7726392582219,234.2892039830389,236.48219299316406,5386600,0.0,0.0,0.0
2025-08-27,236.71609981172813,239.7278159901144,235.86814882916028,238.6361846923828,3698400,0.0,0.0,0.0
2025-08-28,239.2112605678894,239.6498703161979,237.19371818874305,239.503662109375,2820800,0.0,0.0,0.5002
2025-08-29,239.01630604523433,239.2404889643706,235.595248524216,237.32040405273438,2967600,0.0,0.0,0.50935
2025-09-02,234.7960105973506,235.429549660766,232.21316289803008,235.3808135986328,3469500,0.0,0.0,0.111825
2025-09-03,233.93834064868727,238.0611560967206,233.34379632721337,237.9149627685547,3163200,0.0,0.0,0.6855500000000001
2025-09-04,239.20150119190984,242.96369639803228,236.6966280573298,240.91690063476562,4765100,0.0,0.0,0.0
2025-09-05,241.94029501808456,242.72002743434783,239.23073639749282,242.23269653320312,3147500,0.0,0.0,0.0
2025-09-08,242.33016659914026,250.6342743759916,240.76096051592796,249.60113525390625,6940300,0.0,0.0,0.1909
2025-09-09,249.63038729717502,254.0553604074657,248.4218161260327,252.54461669921875,4931100,0.0,0.0,0.5638
2025-09-10,253.07094212931764,253.49003958407073,248.1099169071168,250.3711395263672,5185400,0.0,0.0,0.0
2025-09-11,251.03391591537425,251.99882167561987,249.18206425917413,250.49786376953125,3576000,0.0,0.0,0.0
2025-09-12,250.43936781174833,250.73175446149793,246.0338773267316,247.01829528808594,3433300,0.0,0.0,0.12728333333333333
2025-09-15,247.58360932837368,252.48614241208236,247.56411192700935,249.74734497070312,4028400,0.0,0.0,0.2463
2025-09-16,249.76686506984714,251.46276723768625,247.96373462722448,250.9949188232422,2719900,0.0,0.0,0.60515
2025-09-17,250.97541304686607,254.34773454036844,250.49783828390997,252.51536560058594,3974800,0.0,0.0,0.451425
2025-09-18,252.30096211939488,258.5095833328816,250.2931610091115,258.285400390625,4988400,0.0,0.0,0.0
2025-09-19,259.30879523609906,261.0826870918329,256.9598861538478,259.6499328613281,9858100,0.0,0.0,0.0
2025-09-22,259.8643141513496,265.4101419550957,259.2600286181723,264.49395751953125,5030500,0.0,0.0,0.33515000000000006
2025-09-23,265.7903153584201,266.3750887102915,262.44720239384293,265.3419494628906,5394100,0.0,0.0,0.0
2025-09-24,265.7123069511698,266.71620745995756,260.527098806376,260.75128173828125,3159900,0.0,0.0,0.0
2025-09-25,266.02421203131513,277.0281528246197,264.27955896312153,274.308837890625,11506200,0.0,0.0,0.37651666666666667
2025-09-26,273.4024365775106,281.53111377420663,273.0125479971118,277.10614013671875,9063900,0.0,0.0,0.1779625
2025-09-29,278.7532726777355,278.7532726777355,272.57392048209954,272.7103576660156,6022100,0.0,0.0,0.2994
2025-09-30,273.76302362848486,278.77277004191706,273.4121298974366,275.0105895996094,5926900,0.0,0.0,0.0
2025-10-01,273.1002638230121,279.32833761293455,273.051512883643,279.2308654785156,4381300,0.0,0.0,0.0
2025-10-02,278.54858880441753,281.22890860675153,275.62460356550775,279.45501708984375,3814200,0.0,0.0,0.2592
2025-10-03,280.2152509474768,285.887789427032,280.02030670126527,281.0632019042969,4375100,0.0,0.0,0.0
2025-10-06,281.29713595868424,284.0652017257642,280.5076622573901,282.0866394042969,2881900,0.0,0.0,0.0
2025-10-07,288.06131402132985,293.4122281039919,285.8585983429609,286.42388916015625,7190100,0.0,0.0,0.47717499999999996
2025-10-08,286.70653293745386,286.745527739805,279.2113809425937,282.1256103515625,5297000,0.0,0.0,0.1996
2025-10-09,282.4764970614197,282.7786398474117,276.14119520337647,280.9267883300781,4912400,0.0,0.0,0.0
2025-10-10,281.64805294640644,283.0320859442596,270.46867966386066,270.78057861328125,4508500,0.0,0.0,0.11405
2025-10-13,272.70062765844654,275.28347542567235,267.68112544208,270.19573974609375,4333800,0.0,0.0,0.40835
2025-10-14,268.53882082738494,270.49790065402385,265.64407395795206,269.1528625488281,3058100,0.0,0.0,0.21392499999999998
2025-10-15,271.326378131632,278.2172447420119,269.98133998201666,273.6363220214844,3346800,0.0,0.0,0.42825
2025-10-16,273.9871631558429,275.4004346575613,268.6167968868115,268.9774169921875,2956900,0.0,0.0,0.3002875
2025-10-17,269.152842890068,276.2191407502246,268.373125368743,274.1528625488281,5309600,0.0,0.0,0.36345
2025-10-20,274.1236470835943,278.2659599728575,273.8409868168587,276.46282958984375,3494300,0.0,0.0,0.193925
2025-10-21,276.1314342253633,278.08075783981326,274.4647708634176,274.9033508300781,4081000,0.0,0.0,0.2155
2025-10-22,274.84488419942795,281.84297885338316,274.2211160855693,280.22503662109375,10538500,0.0,0.0,0.4088
2025-10-23,258.2366674174473,278.3439162701957,256.8818731772664,277.77862548828125,16676400,0.0,0.0,0.2139625
2025-10-24,276.5797834576946,302.87617097288506,275.0593133457914,299.6695251464844,16914200,0.0,0.0,0.443
2025-10-27,300.0008910849522,305.5564752601363,295.20557167070194,305.1568603515625,9868200,0.0,0.0,0.3902333333333334
2025-10-28,304.6792935967285,311.2582609403724,303.51944364104435,304.6500549316406,6044800,0.0,0.0,0.0
2025-10-29,304.8644805097462,306.3654383040395,299.7279936566503,300.4005126953125,4135900,0.0,0.0,0.0
2025-10-30,298.88004339835385,305.8001483211789,297.29133986073373,302.2036437988281,4694300,0.0,0.0,0.1909
2025-10-31,304.09451365607254,305.5565065101883,293.98727448371045,299.6208190917969,7697500,0.0,0.0,0.27115
2025-11-03,300.1958308501228,304.2309449316792,296.52136661552845,297.0086975097656,4958000,0.0,0.0,0.41879999999999995
2025-11-04,292.39858218286753,295.4882736221015,288.49993442042927,293.22705078125,5677300,0.0,0.0,-0.189
2025-11-05,293.743597298027,299.416136484499,292.11589889783136,298.99700927734375,4650400,0.0,0.0,0.40085
2025-11-06,298.97749985616434,307.44731307108077,293.4609106334286,304.50384521484375,6818500,0.0,0.0,0.25
2025-11-07,301.83328516194507,302.14518410352747,294.9619307760284,298.6169128417969,5070800,0.0,0.0,0.0
2025-11-10,300.6945853161448,303.75229216561934,298.1562962339423,302.9584655761719,2975200,1.68,0.0,0.0
2025-11-11,302.83104767646853,311.5631698246813,302.2724201192633,307.4568176269531,4381900,0.0,0.0,-0.132475
2025-11-12,313.5036601794457,318.4136191020833,308.25065284365166,308.6916809082031,6042700,0.0,0.0,0.0
2025-11-13,306.055369926463,308.31925009547246,297.6172466442591,298.773681640625,5310200,0.0,0.0,0.1686
2025-11-14,294.01072193354196,301.5765990409645,291.64883221167776,299.5871276855469,3592500,0.0,0.0,-0.24715
2025-11-17,299.48912810753654,299.89094636323057,290.5904164535425,291.23724365234375,3909700,0.0,0.0,0.0
2025-11-18,291.0706170097259,291.0706170097259,284.1319770770325,284.161376953125,4861900,0.0,0.0,0.2566833333333333
2025-11-19,284.70038598342745,285.29819343621256,282.3189062838342,282.76971435546875,3595900,0.0,0.0,0.014433333333333334
2025-11-20,288.75772758469975,294.70652144173494,284.3671569641065,284.60235595703125,5597000,0.0,0.0,0.5537
2025-11-21,287.62089792316095,294.48114805977394,286.06264469541406,291.5018310546875,5710900,0.0,0.0,0.56015
2025-11-24,293.20708300720867,301.04736886014547,291.57044008406564,298.0484619140625,6050600,0.0,0.0,0.0
2025-11-25,298.05825716392843,299.89091910647085,291.12939770461657,298.4012756347656,2825300,0.0,0.0,0.0
2025-11-26,299.0873184520494,300.47898244857544,295.61801325188105,297.1566467285156,2196400,0.0,0.0,0.0
2025-11-28,297.9896825507591,303.0074610546155,297.5388744577005,302.41943359375,1689000,0.0,0.0,-0.11468333333333332
2025-12-01,300.39079242782526,300.98859992933336,296.7548379572256,299.56756591796875,3166600,0.0,0.0,0.0
2025-12-02,300.8709758091208,304.27170106427326,295.54938885472774,295.75518798828125,4261100,0.0,0.0,0.6820999999999999
2025-12-03,296.8332490554444,297.90148449264274,292.9425057178268,296.57843017578125,3953400,0.0,0.0,-0.06255
2025-12-04,296.8332184383083,303.4288395765836,296.50000988836666,301.8411865234375,2962500,0.0,0.0,0.12711666666666668
2025-12-05,302.4292230549068,305.60452925703856,301.0473690833043,301.7922058105469,2344700,0.0,0.0,0.737475
2025-12-08,303.4386338511208,309.05424890526234,301.80199106059064,303.0074157714844,3630200,0.0,0.0,0.27690000000000003
2025-12-09,303.4484882500786,307.7018400150092,302.58605196441175,304.2815246582031,2935300,0.0,0.0,0.0
2025-12-10,304.0365057539503,308.4074568859289,300.52796097108114,306.42779541015625,3411500,0.0,0.0,-0.3243
2025-12-11,305.77113995934917,307.18239376721147,302.24300543969343,304.5362854003906,2755700,0.0,0.0,0.3404
2025-12-12,304.3696873434246,304.8400853270002,297.2742087052334,303.06622314453125,2953400,0.0,0.0,-0.0024249999999999827
2025-12-15,302.8212318845206,305.1439117888199,300.23395309902975,302.4978332519531,3566700,0.0,0.0,0.0
2025-12-16,301.18459009334595,301.2433898449436,294.42234948475846,297.1272277832031,3366900,0.0,0.0,0.45855
2025-12-17,297.7250527884105,300.13593222888386,297.02920590950055,297.2644348144531,3131000,0.0,0.0,0.33475
2025-12-18,297.09783027693544,298.37189469111996,289.7965819176984,294.4517517089844,5411700,0.0,0.0,0.0
2025-12-19,294.3537336015914,300.7337457820175,293.1286889552624,294.9711608886719,11031000,0.0,0.0,0.0
2025-12-22,295.02015318759453,297.12722401530385,292.36426474638847,296.7450256347656,2612100,0.0,0.0,0.0
2025-12-23,295.3239510041247,299.03829464064177,294.64772398588946,297.7152404785156,2923000,0.0,0.0,0.0
2025-12-24,297.6956891208587,299.0579233531479,296.26481529511426,298.4797058105469,1210600,0.0,0.0,0.0
2025-12-26,298.6071066566741,299.64594219935225,297.6074809198476,298.9991149902344,2814700,0.0,0.0,0.631275
2025-12-29,298.56787306355795,303.81107009361097,297.68584690623976,299.6361083984375,4664500,0.0,0.0,0.50065
2025-12-30,300.0379587306989,300.1261583650359,295.97081608078906,296.0198059082031,1883700,0.0,0.0,0.0
2025-12-31,295.73563427027517,295.82383390974616,289.96320862888626,290.2964172363281,3430100,0.0,0.0,0.0
2026-01-02,291.61943414919784,291.6292440773181,283.2303305571934,285.680419921875,4662800,0.0,0.0,0.37170000000000003
2026-01-05,289.865162876545,293.2168982996558,288.3755193042278,289.0811462402344,4190000,0.0,0.0,0.781
2026-01-06,289.11055844433497,296.9900545810116,288.54215084502,296.4314270019531,4147300,0.0,0.0,0.05135
2026-01-07,296.4608260057929,298.23468839021996,290.43361188849593,290.8060302734375,2833300,0.0,0.0,0.5788666666666668
2026-01-08,289.1105449663991,297.60746804083396,289.1105449663991,296.6764221191406,3343300,0.0,0.0,0.038725
2026-01-09,296.56858087039825,300.8709518340491,295.97077346541636,298.1464538574219,2718800,0.0,0.0,0.5987750000000001
2026-01-12,296.57840130316976,306.094539657806,293.971502729718,305.9475402832031,3895200,0.0,0.0,0.7182
2026-01-13,305.3791394519748,306.56497431095505,295.84338103200855,297.1076354980469,4507800,0.0,0.0,0.5235500000000001
2026-01-14,297.4408466768942,303.0172524224147,295.48077519961646,302.8604431152344,3779000,0.0,0.0,-0.1361
2026-01-15,302.8310304401435,305.6535380334598,291.1098118757531,292.00164794921875,4932500,0.0,0.0,0.0
2026-01-16,294.9907854230074,301.3120285025428,294.7751763436412,299.56756591796875,6199600,0.0,0.0,0.5100166666666667
2026-01-20,295.3337740765653,295.57878300977825,284.36717183328784,285.5334167480469,7275500,0.0,0.0,-0.009800000000000003
2026-01-21,286.9152536697395,291.72723242107674,286.6702447510868,291.5998229980469,5185000,0.0,0.0,0.38727500000000004
2026-01-22,293.4423405901537,294.9221743518217,287.66991521096327,288.78717041015625,3670200,0.0,0.0,0.5189666666666667
2026-01-23,288.199117093454,288.4637159761254,284.00456532471657,286.6016540527344,3298400,0.0,0.0,0.14934999999999998
2026-01-26,287.30730466320523,290.8942393544399,287.2877147137946,290.41400146484375,3726900,0.0,0.0,-0.039833333333333325
2026-01-27,291.227421996584,291.3940113225303,287.4150686393618,287.9932861328125,2954900,0.0,0.0,0.4455
2026-01-28,288.29713292631703,290.04159538428166,285.445225273271,288.2873229980469,5790300,0.0,0.0,0.6445
2026-01-29,311.5141258938178,313.5134070489603,297.4114280559865,303.06622314453125,10124900,0.0,0.0,-0.31035
2026-01-30,301.4589914926302,301.6353907430867,293.74611521173426,300.57696533203125,5940700,0.0,0.0,0.2988
2026-02-02,301.3707961247758,310.3185271019021,300.29275084289606,308.4466552734375,4581200,0.0,0.0,0.4647
2026-02-03,306.16316972953354,306.7316072269513,278.18316035305713,288.434326171875,11466500,0.0,0.0,0.0
2026-02-04,285.59222736240895,285.59222736240895,273.39077006097057,283.2793273925781,8708000,0.0,0.0,0.1618166666666667
2026-02-05,280.3882258223306,285.98422141616066,279.4081901011119,284.1025695800781,5532800,0.0,0.0,0.3255
2026-02-06,286.6604740949215,293.9029530784754,284.8572117955962,292.96209716796875,3744300,0.0,0.0,0.47855000000000003
2026-02-09,290.0023894027009,291.77625176054335,285.60203834917456,290.4237976074219,4627800,0.0,0.0,-0.30195
2026-02-10,290.7490350310994,293.3313635077478,286.1560264109656,287.56549072265625,3837300,1.68,0.0,0.48233333333333334
2026-02-11,288.1371648344613,289.2804916819156,268.44439685512543,268.887939453125,7628200,0.0,0.0,0.36423333333333335
2026-02-12,266.4139898718151,267.39961326028475,253.5220491853209,255.78897094726562,12565400,0.0,0.0,0.07535
2026-02-13,256.2620910693458,260.855099849511,252.95041079183125,258.6078796386719,6842600,0.0,0.0,0.0
2026-02-17,255.4736090747419,256.952044242816,250.98900435094615,254.5963897705078,4929700,0.0,0.0,0.0
2026-02-18,254.92165662261564,257.3561176023129,252.5660022032476,257.0407409667969,3949200,0.0,0.0,0.0
2026-02-19,252.3195924448155,254.56681261187356,249.8653847447354,252.59556579589844,4948700,0.0,0.0,0.0
2026-02-20,251.53110777332003,255.315913346696,250.15124092430113,253.4629364013672,4708600,0.0,0.0,0.0
2026-02-23,250.71301933582782,251.52123774239604,217.5467979560888,220.1389923095703,19522900,0.0,0.0,0.0
2026-02-24,224.5250262367481,233.18864979579342,220.41497823083603,226.02317810058594,13379800,0.0,0.0,-0.24959999999999996
2026-02-25,229.86709931144014,236.10609747594012,227.8958524363155,234.12498474121094,8569700,0.0,0.0,0.42906000000000005
2026-02-26,236.26379413184543,243.93194305535664,235.51471071532308,238.5307159423828,7343100,0.0,0.0,0.3511333333333333
2026-02-27,234.64737354984314,236.75660705566406,231.19769159849176,236.75660705566406,6642200,0.0,0.0,0.3062
2026-03-02,232.31142913821702,237.3183977452477,230.4190340412905,235.9286651611328,6220300,0.0,0.0,0.538
2026-03-03,232.9520980867093,242.5520604385104,230.92170123668907,241.7537078857422,6960400,0.0,0.0,0.0
2026-03-04,242.21696169473978,247.2436472817924,241.43832579025826,246.46499633789062,6085000,0.0,0.0,0.0
2026-03-05,245.73564092469906,256.63663366032154,245.4202342080001,252.86167907714844,9894600,0.0,0.0,0.44275
2026-03-06,252.75327550932764,255.6707124482918,248.58409259969073,255.12863159179688,6234400,0.0,0.0,0.2474333333333333
2026-03-09,251.70850396227684,254.36966904483546,247.9532812853346,249.68797302246094,6126600,0.0,0.0,0.0
2026-03-10,249.61897144068965,249.796391469329,243.00544699260627,246.60296630859375,4938000,0.0,0.0,0.3062
2026-03-11,246.4157091112541,250.07237866563906,243.6461096703692,245.29209899902344,4008500,0.0,0.0,0.5602
2026-03-12,243.54755331074583,246.45513939440448,242.1085364989427,244.11920166015625,5547700,0.0,0.0,0.25317500000000004
2026-03-13,244.10935005546276,246.12988106961873,241.19191316116456,242.7393341064453,4338400,0.0,0.0,0.2838
2026-03-16,244.30647608209605,248.57422736144662,242.56193343009107,245.66664123535156,5674200,0.0,0.0,-0.61175
2026-03-17,246.9085266998687,252.70401247673968,246.40586415119162,252.42800903320312,5840100,0.0,0.0,0.3119
2026-03-18,250.50605798872715,254.56682176299722,246.56356421505282,247.9828643798828,5177000,0.0,0.0,0.33055
2026-03-19,245.84404988089778,248.5643802277541,244.68102142897888,246.77053833007812,4249500,0.0,0.0,0.0
2026-03-20,245.4202271822034,246.68182393404268,238.29417419433594,238.29417419433594,11314100,0.0,0.0,0.1806
2026-03-23,242.956174281853,247.73645390925176,241.19191496830726,244.8682861328125,4972000,0.0,0.0,0.137275
2026-03-24,242.90688785222875,243.55740291621444,234.57837299536143,237.13113403320312,4151500,0.0,0.0,0.33525
2026-03-25,240.0978816881483,242.6506428487673,234.57838427761274,237.91964721679688,4207900,0.0,0.0,0.0
2026-03-26,237.1015750432392,243.1237349323814,236.3525066344273,238.19561767578125,3606800,0.0,0.0,-0.030949999999999978
2026-03-27,235.41616999913734,235.99768423246556,230.38948432536125,232.94224548339844,4853700,0.0,0.0,0.35015
2026-03-30,234.38125299502096,236.75660905388878,232.73526368335723,233.8391571044922,3882600,0.0,0.0,0.37385
2026-03-31,236.81574135836098,239.3586515654724,232.9816668881307,238.90525817871094,4750300,0.0,0.0,0.1795
2026-04-01,238.63914534174,242.7196258306928,236.68761511817658,239.6444854736328,4228700,0.0,0.0,0.1829
2026-04-02,239.50649513072716,244.64159985354974,238.01820915542294,244.59231567382812,3350900,0.0,0.0,-0.7341500000000001
2026-04-06,244.57258522385325,245.3216535794186,241.22147174334282,243.19271850585938,3376000,0.0,0.0,0.426825
2026-04-07,241.79314352478914,242.22680519452416,237.63381150796053,241.54673767089844,2356100,0.0,0.0,0.59185
2026-04-08,245.05554718668202,246.4058464124078,237.33811427231507,238.2646026611328,4771500,0.0,0.0,0.0
2026-04-09,237.4169755665368,238.26461231411315,230.39932654959534,233.77015686035156,5078600,0.0,0.0,0.0
2026-04-10,235.75125669189043,235.8301083663596,227.1960380047222,227.44244384765625,5869400,0.0,0.0,0.0
2026-04-13,230.27120589652603,234.64737631555664,228.36894486328978,234.40097045898438,5349600,0.0,0.0,0.0
2026-04-14,235.3175831074342,238.06746573352316,234.69663556243182,236.81573486328125,3777300,0.0,0.0,0.37945
2026-04-15,238.76728157570432,242.5225045266868,237.525401438666,241.28062438964844,3879500,0.0,0.0,0.7585999999999999
2026-04-16,245.17382678757627,247.60831784868088,242.59149822859888,247.3914794921875,4817500,0.0,0.0,0.51135
2026-04-17,251.00871862598558,251.97462538216868,247.43090074091072,249.8259735107422,5671500,0.0,0.0,0.38234999999999997
2026-04-20,251.33397814260167,254.78366019553934,248.92905453367504,250.06253051757812,5157700,0.0,0.0,0.35376666666666673
2026-04-21,250.34834083342304,254.37953688541398,248.24895820200888,252.00418090820312,5584900,0.0,0.0,0.0
2026-04-22,250.85100116727506,253.83745384657973,243.65596252086186,248.23910522460938,12190200,0.0,0.0,0.45178333333333337
2026-04-23,228.93075253485213,229.56155091259785,218.5422734220594,227.7578582763672,22297800,0.0,0.0,-0.09470625
2026-04-24,228.59562854171358,229.45313112876448,221.76526558074795,228.64491271972656,9816900,0.0,0.0,0.70505
2026-04-27,226.6441018170849,227.99441612569169,223.85478574118835,224.77142333984375,8060700,0.0,0.0,0.42235
2026-04-28,227.18618997048878,230.20219511867063,225.17552488484068,229.68966674804688,5162900,0.0,0.0,0.0
2026-04-29,227.02849323927353,228.15210332801348,223.55910965544967,223.8350830078125,6443700,0.0,0.0,0.0
2026-04-30,223.27328038453206,228.2703985276121,221.66670933791792,227.6593017578125,6283300,0.0,0.0,-0.00465
2026-05-01,231.17797642644223,232.5578432002116,228.4182278394836,228.86175537109375,3582100,0.0,0.0,0.6414500000000001
2026-05-04,228.66463770249499,230.72458707923334,225.3332256681804,226.1808624267578,4003100,0.0,0.0,0.7579
2026-05-05,226.85109450462136,227.67901458455893,223.88435832571489,225.73733520507812,4221900,0.0,0.0,0.39012500000000006
2026-05-06,225.461365350653,225.70777121442424,221.15419566454688,222.49464416503906,7673200,0.0,0.0,0.4359
2026-05-07,224.2293351624618,228.4872356908422,224.14063266130898,227.98455810546875,5485500,0.0,0.0,0.0
2026-05-08,228.0937652992446,229.06679624889614,223.22867115142603,228.12355041503906,5332800,1.69,0.0,0.3841333333333334
2026-05-11,227.03139941556353,228.59020939534705,220.96491657299404,221.95779418945312,6677200,0.0,0.0,0.0
2026-05-12,222.83151422312756,222.83151422312756,217.65863037109375,217.65863037109375,6045200,0.0,0.0,0.45690000000000003
2026-05-13,216.7154024410473,216.75511087981377,210.82763027417263,213.1112518310547,8361200,0.0,0.0,0.6466000000000001
2026-05-14,214.01477498389616,219.38624656828938,213.46868926041722,216.81468200683594,5906200,0.0,0.0,0.0
2026-05-15,216.64589617221395,219.33660121973847,216.07002532790696,217.73806762695312,6154500,0.0,0.0,0.0
2026-05-18,216.99339982758744,221.73935348491,216.19909472738453,221.16348266601562,5946400,0.0,0.0,0.0
2026-05-19,222.90101776046714,225.73072493684657,220.33939177398182,220.74647521972656,5937800,0.0,0.0,0.264575
2026-05-20,219.47559743106365,223.3974609375,215.23600581924123,223.3974609375,4873400,0.0,0.0,0.0
2026-05-21,230.9234700948479,251.82354624907384,229.29515146457226,251.16824340820312,25707800,0.0,0.0,0.3106333333333333
2026-05-22,260.18355997546746,262.49698172505435,251.58525157217815,252.03204345703125,19072900,0.0,0.0,0.20540555555555556
2026-05-26,252.73700349322115,252.73700349322115,243.7018110092324,248.9044952392578,9256100,0.0,0.0,0.45487500000000003
2026-05-27,248.67612471526462,255.7851166557545,248.67612471526462,253.38235473632812,9275500,0.0,0.0,0.44035
2026-05-28,259.1410675100061,266.9748867386102,255.16955689682592,262.338134765625,12432900,0.0,0.0,0.1806
2026-05-29,275.32493462786385,298.8561448652482,271.38320951181845,295.6789245605469,28481000,0.0,0.0,0.43935
2026-06-01,320.2526516961638,325.64399999024954,305.8062950097828,318.1378479003906,32880200,0.0,0.0,0.35297999999999996
2026-06-02,311.5153452486877,330.0920765561894,307.90125626090037,326.8851013183594,17210700,0.0,0.0,-0.12956666666666664
2026-06-03,316.0329282714333,316.0329282714333,300.3752594120783,303.45318603515625,13926600,0.0,0.0,0.11746666666666666
2026-06-04,305.2403574320818,308.22892874464844,298.04199473454094,299.62066650390625,9608100,0.0,0.0,0.24313333333333334
2026-06-05,297.86327666267715,300.1468829970033,279.0681111773149,282.8112487792969,12509500,0.0,0.0,0.10099999999999998
2026-06-08,284.39985232474464,288.4309328172086,277.43977089356747,278.81988525390625,6790600,0.0,0.0,0.3243
2026-06-09,279.1376385214281,281.5701705964864,269.3577875578602,275.51361083984375,9007900,0.0,0.0,0.2607166666666667
2026-06-10,271.86975864722643,278.5121123848804,269.3974727559383,270.4201354980469,5497100,0.0,0.0,0.520525
2026-06-11,266.09120763999806,274.51082093907456,264.6018911793264,272.8924255371094,7558300,0.0,0.0,-0.043524999999999994
2026-06-12,276.9532870791367,276.9532870791367,265.77347532808426,270.3009948730469,5748900,0.0,0.0,0.2665666666666667
2026-06-15,270.0627185029021,270.3109379132908,262.91398736361924,266.796142578125,7178800,0.0,0.0,0.0
2026-06-16,268.9407653035845,274.6498118143528,266.6968521093682,268.8811950683594,4917600,0.0,0.0,0.0
2026-06-17,264.4529557261071,266.9549963786004,260.01479162689236,260.4814453125,5537000,0.0,0.0,0.0
2026-06-18,249.58958068188733,250.6718136504392,241.9444108964294,247.32582092285156,16619700,0.0,0.0,0.388225
2026-06-22,246.66056947895424,251.50581690858135,242.07347991572797,250.423583984375,9615400,0.0,0.0,0.0
2026-06-23,259.7169243474931,265.6245585304059,253.44194542940795,263.0530090332031,15686100,0.0,0.0,0.11315
2026-06-24,259.97507905308095,263.1820847560193,254.3553879437106,261.08709716796875,8149900,0.0,0.0,0.102375
2026-06-25,265.7635544229471,266.84578734607584,254.17665976485145,256.43048095703125,8520700,0.0,0.0,0.20526666666666668
2026-06-26,257.0957240513101,271.19459786564187,256.4404212097767,269.6953430175781,9719900,0.0,0.0,0.28155
2026-06-29,272.3462994463822,276.1688840683322,267.14363078806525,276.01995849609375,6464200,0.0,0.0,0.0
2026-06-30,271.2640717447994,280.55742153313065,269.18896126465745,279.20709228515625,7458400,0.0,0.0,0.39080000000000004
2026-07-01,277.66815242960917,292.39251386190085,276.9731259915799,284.2112121582031,6905800,0.0,0.0,0.19595
2026-07-02,281.12338252664097,288.8578773332978,280.26949202140946,287.4579162597656,5944100,0.0,0.0,0.0
2026-07-06,286.29626239405655,298.6774472942399,285.6012359530607,297.3866882324219,7181500,0.0,0.0,0.21335
2026-07-07,303.4829618084129,309.5792143346339,298.34977143728224,303.9496154785156,8618600,0.0,0.0,0.52525
2026-07-08,298.62779946242125,301.6560944707949,293.48470051470775,299.898681640625,7416700,0.0,0.0,0.5901
2026-07-09,283.804133096784,295.16265540683355,282.41411049944656,293.1967468261719,10842000,0.0,0.0,0.33525
2026-07-10,295.1427958779618,296.6420204031095,285.4523011077639,285.5118713378906,3640100,0.0,0.0,0.4094
2026-07-13,288.4309383542422,295.3810814471155,287.0409157957114,288.1628723144531,5024200,0.0,0.0,0.118975
2026-07-14,224.7576903058744,228.28240870364104,211.70135634173693,215.52394104003906,67440900,0.0,0.0,-0.06834285714285714
2026-07-15,219.39615784665966,222.21592650932737,209.52695237721323,209.69573974609375,29590400,0.0,0.0,0.23975714285714286
2026-07-16,207.3327042116084,218.38342141138833,202.98389554882732,217.48983764648438,22533300,0.0,0.0,0.34552499999999997
2026-07-17,214.08425927287408,215.62322255420574,208.72272639287104,211.1552734375,13150200,0.0,0.0,0.35102500000000003
2026-07-20,208.57380136565476,214.7395626789051,207.33270438551955,211.48292541503906,9585000,0.0,0.0,-0.34895
2026-07-21,209.21916670339834,213.43889645538394,207.69012673273505,209.000732421875,11954400,0.0,0.0,0.3852166666666667
2026-07-22,206.2008128034915,210.82762605793098,203.27182691198584,204.30442810058594,14606700,0.0,0.0,0.178425
2026-07-23,201.1967127105439,206.07174527661488,197.77128808096214,205.1781463623047,15306000,0.0,0.0,0.30383333333333334
2026-07-24,207.78942649257752,214.56085911318388,205.32709424422526,212.66445922851562,10578800,0.0,0.0,0.22
2026-07-27,216.1990942510318,218.06570895987946,213.75660872455856,214.73956298828125,8362300,0.0,0.0,0.60445
2026-07-28,218.1649957502576,227.3491137583979,213.57790598233524,225.92930603027344,13263000,0.0,0.0,0.0
2026-07-29,226.07822981300492,229.32494385475775,222.35493875827785,224.82720947265625,8806700,0.0,0.0,0.0
2026-07-30,220.41883303641293,223.25846365360715,218.6316502790686,220.1606903076172,9675200,0.0,0.0,0.0
2026-07-31,219.57487388572446,223.1591626066021,215.0473544804284,222.05706787109375,9093600,0.0,0.0,0.0
2026-08-03,226.7037524426992,226.92218673462497,223.26838915613902,224.69813537597656,7974700,0.0,0.0,0.14924999999999997
2026-08-04,223.15916116103995,233.63402274146713,221.70956836703579,233.47515869140625,7537900,0.0,0.0,0.5761000000000001
2026-08-05,234.41841090730964,237.25804149155707,231.79721461032048,234.23968505859375,5726900,0.0,0.0,0.744
2026-08-06,227.97462573448468,232.80001146363009,226.8129607635935,231.7674102783203,4250100,0.0,0.0,0.20095
2026-08-07,233.70353495295478,235.62971992605702,231.06247689395667,235.58999633789062,4763300,0.0,0.0,0.0
2026-08-10,235.0,240.74000549316406,234.1300048828125,236.30999755859375,7348900,1.69,0.0,0.0
2026-08-11,236.30999755859375,241.8000030517578,235.44000244140625,238.4199981689453,4469000,0.0,0.0,0.0
2026-08-12,236.9499969482422,237.4600067138672,231.67999267578125,235.97999572753906,5696200,0.0,0.0,0.0
2026-08-13,238.9199981689453,239.7100067138672,233.61000061035156,237.13999938964844,5395200,0.0,0.0,0.0
2026-08-14,238.3699951171875,239.14999389648438,233.72999572753906,234.32000732421875,4523500,0.0,0.0,0.0
2026-08-17,231.58999633789062,233.64999389648438,227.39999389648438,228.85000610351562,7564300,0.0,0.0,0.0
2026-08-18,229.72999572753906,234.4499969482422,229.4199981689453,232.6699981689453,4650100,0.0,0.0,0.0
2026-08-19,232.25999450683594,238.6199951171875,230.50999450683594,237.16000366210938,5342600,0.0,0.0,0.0
2026-08-20,236.0,237.5,233.02999877929688,233.69000244140625,4986900,0.0,0.0,0.0
2026-08-21,233.7100067138672,238.72000122070312,233.1199951171875,235.67999267578125,3888700,0.0,0.0,0.0
2026-08-24,234.3699951171875,234.49000549316406,230.47000122070312,231.0399932861328,4078300,0.0,0.0,0.0
2026-08-25,230.0,234.44000244140625,229.50999450683594,234.19000244140625,3022800,0.0,0.0,0.5382833333333333
2026-08-26,230.6999969482422,234.22999572753906,228.9600067138672,229.8699951171875,4632000,0.0,0.0,0.0
2026-08-27,232.8000030517578,240.80999755859375,231.4499969482422,238.7899932861328,5501300,0.0,0.0,0.443
2026-08-31,232.72999572753906,235.94000244140625,232.17999267578125,233.8699951171875,6096600,0.0,0.0,0.379125
2026-09-01,231.0,233.08999633789062,229.89999389648438,231.39999389648438,3236800,0.0,0.0,0.342225
2026-09-02,230.5500030517578,232.8800048828125,229.10000610351562,231.6999969482422,4653600,0.0,0.0,0.36755
2026-09-03,234.3800048828125,238.1649932861328,232.8699951171875,234.40499877929688,1598607,0.0,0.0,0.47809999999999997
