Date,Open,High,Low,Close,Volume,Dividends,Stock Splits,sent
2021-09-07,49.341245672242465,49.69124989409053,49.221506738584274,49.41493225097656,13915000,0.0,0.0,0.0
2021-09-08,49.48861720812654,49.663617568956234,48.80703389662597,49.34124755859375,18235100,0.0,0.0,0.0
2021-09-09,49.424147693973644,49.635991364815226,49.12940836814449,49.18467330932617,13495800,0.0,0.0,0.0
2021-09-10,49.599144368792366,50.63994451182806,49.56230459099075,49.589935302734375,20324700,0.0,0.0,0.0
2021-09-13,50.29915043897908,51.10968524243778,50.11493750452445,50.64915466308594,22639200,0.0,0.0,0.0
2021-09-14,50.99915964776935,51.0636336531965,49.985993693711514,50.21625900268555,22072700,0.0,0.0,0.0
2021-09-15,50.354415937858825,50.79652842178301,50.12415062953446,50.76889419555664,18796200,0.0,0.0,0.0
2021-09-16,50.52941217209711,50.61230781108854,49.958355277694636,50.50178146362305,19863100,0.0,0.0,0.0
2021-09-17,50.280727987053304,50.280727987053304,49.43334990759219,49.976776123046875,35359200,0.0,0.0,0.0
2021-09-20,49.009660864087536,49.276769429485306,48.189917037618585,48.79781723022461,35051900,0.0,0.0,0.0
2021-09-21,49.00045455573499,49.23071984639768,48.65966290935366,48.696502685546875,17968900,0.0,0.0,0.0
2021-09-22,49.18466683579979,49.61756318725187,48.81624097021941,49.276771545410156,18594100,0.0,0.0,0.0
2021-09-23,49.50704612303052,50.01362914808704,49.3688855191196,49.76494216918945,16474300,0.0,0.0,0.0
2021-09-24,49.53466842944935,50.12414701406935,49.4886160738202,49.939937591552734,12976200,0.0,0.0,0.0
2021-09-27,49.68203446862531,50.538621572702404,49.57150812042579,50.34519958496094,13899900,0.0,0.0,0.0
2021-09-28,49.903095984210566,50.28073093481362,49.70046139632662,49.7373046875,24691300,0.0,0.0,0.0
2021-09-29,49.73729865955008,49.783351011150636,48.982028849879484,49.26755905151367,20514300,0.0,0.0,0.0
2021-09-30,49.516247586987625,49.71888217132339,49.055716996093295,49.07413864135742,20534100,0.0,0.0,0.0
2021-10-01,49.41493066850416,49.83861794194864,48.86229188640457,49.60835266113281,19895100,0.0,0.0,0.0
2021-10-04,49.67282129138456,50.04124710630815,48.88992082663313,49.2491340637207,27353300,0.0,0.0,0.0
2021-10-05,49.3228239812266,50.05046313447978,49.25834998167956,49.69124984741211,18129400,0.0,0.0,0.0
2021-10-06,49.25834913170652,49.801775342489904,48.880714206488875,49.71887969970703,20059600,0.0,0.0,0.0
2021-10-07,50.032035599880714,50.64914832605752,49.8478226884741,49.9030876159668,20704400,0.0,0.0,0.0
2021-10-08,50.24388491762173,50.271519141287264,49.460984347297256,49.56230163574219,16068000,0.0,0.0,0.0
2021-10-11,49.56230319132862,50.11493849201241,49.20308638095764,49.22150802612305,14398800,0.0,0.0,0.0
2021-10-12,49.3412487263034,49.4794093131968,47.90439197417682,48.051761627197266,32784300,0.0,0.0,0.0
2021-10-13,48.245184868491364,48.42939780444197,47.77544170613886,48.1346549987793,18534000,0.0,0.0,0.0
2021-10-14,48.724137645461305,49.73730353424968,48.56755541838991,49.645198822021484,26586700,0.0,0.0,0.0
2021-10-15,49.92151730477263,50.18862589368611,49.562304002095004,50.16099166870117,25231100,0.0,0.0,0.0
2021-10-18,49.91230084498504,50.253095989271515,49.479404507664135,50.17020034790039,22407600,0.0,0.0,0.0
2021-10-19,50.31756635358868,50.86099251588096,50.078088511998686,50.85177993774414,18392900,0.0,0.0,0.0
2021-10-20,50.88863059323883,51.10968682413936,50.732051877926885,50.9991569519043,16850300,0.0,0.0,0.0
2021-10-21,50.59389437718762,51.64390363241234,50.50178965828257,51.579429626464844,38390900,0.0,0.0,0.0
2021-10-22,46.41227027717491,46.55963991901545,45.260943852305246,45.55568313598633,109971900,0.0,0.0,0.0
2021-10-25,45.89647962770403,46.11753234013492,45.41752739934442,45.5096321105957,43178800,0.0,0.0,0.0
2021-10-26,45.500421101149534,45.53726087593457,44.14646011946501,44.46883010864258,68405400,0.0,0.0,0.0
2021-10-27,44.68988866509604,44.966206315082886,44.09119749548327,44.109619140625,41081500,0.0,0.0,0.0
2021-10-28,44.33988361321482,44.5425181924508,44.100409257947334,44.28462219238281,31317200,0.0,0.0,0.0
2021-10-29,44.303039717942966,45.38989215132742,44.13724843057452,45.131996154785156,42301000,0.0,0.0,0.0
2021-11-01,45.500415648452666,45.68462504101057,45.131989836198976,45.638572692871094,28013700,0.0,0.0,0.0
2021-11-02,45.6938413249575,45.96094988482787,45.34383712628493,45.92410659790039,27193300,0.0,0.0,0.0
2021-11-03,45.98858987718947,46.46754216322752,45.7859552717507,46.41227722167969,23962100,0.0,0.0,0.0
2021-11-04,46.595912901976654,46.69793123276029,46.12290306269151,46.66083526611328,24806000,0.348,0.0,0.0
2021-11-05,46.8834276123472,47.838720446865196,46.87415450471274,47.22658920288086,36816200,0.0,0.0,0.0
2021-11-08,47.72741427571384,48.218973813622846,47.356429883748234,47.81088638305664,31647800,0.0,0.0,0.0
2021-11-09,47.80162107917544,48.01493793542432,47.08747149712291,47.48628234863281,22508400,0.0,0.0,0.0
2021-11-10,47.282237407994046,47.66249849659056,47.031821051405565,47.07819366455078,25040700,0.0,0.0,0.0
2021-11-11,47.31005538743195,47.36570464026718,46.753577011092524,46.864871978759766,25420000,0.0,0.0,0.0
2021-11-12,46.92979782982067,47.208040576695936,46.540263645000906,46.66083526611328,23884800,0.0,0.0,0.0
2021-11-15,46.753580912382475,46.95762465180126,46.48461480824017,46.670108795166016,24695800,0.0,0.0,0.0
2021-11-16,46.716478178745504,47.43990432395882,46.68865532093074,46.93907165527344,30927800,0.0,0.0,0.0
2021-11-17,46.92980100048994,47.2451397353171,46.35477279157113,46.586639404296875,23546900,0.0,0.0,0.0
2021-11-18,46.59591290770332,46.59591290770332,45.418030169931384,46.07653045654297,30658200,0.0,0.0,0.0
2021-11-19,46.002330387810815,46.122902006161276,45.668445467615044,45.92813491821289,27607600,0.0,0.0,0.0
2021-11-22,45.9559594676656,47.16166508151487,45.82611473759002,46.21565246582031,33389600,0.0,0.0,0.0
2021-11-23,46.52171662457985,46.790682742085295,45.11196720710729,45.53860092163086,44713300,0.0,0.0,0.0
2021-11-24,45.316008684578435,46.169276070843864,45.10269183801208,46.150726318359375,26035800,0.0,0.0,0.0
2021-11-26,45.35310836029668,45.6127978200502,44.62968216269201,45.2418098449707,25269000,0.0,0.0,0.0
2021-11-29,45.7240905628461,46.49388933521492,45.186161917073186,46.37331771850586,31478900,0.0,0.0,0.0
2021-11-30,45.90958303111033,46.744304137786365,45.149060928584724,45.631343841552734,49460800,0.0,0.0,0.0
2021-12-01,46.224923270658316,46.66083358963109,45.00066796520616,45.07486343383789,35093500,0.0,0.0,0.0
2021-12-02,45.08413581890783,46.178546297346884,44.8244463962284,45.90958023071289,37240800,0.0,0.0,0.0
2021-12-03,46.076529941788685,46.42896815606743,45.22325903427229,45.67771911621094,32224900,0.0,0.0,0.0
2021-12-06,45.89103164066608,47.49554789906532,45.61279246104828,47.291507720947266,40336000,0.0,0.0,0.0
2021-12-07,50.69531333632711,51.0106520541822,48.423019946312834,48.75690841674805,91731500,0.0,0.0,0.0
2021-12-08,48.75690191667268,49.04441773632889,47.65321832032034,47.99637985229492,37143400,0.0,0.0,0.0
2021-12-09,47.57901875952216,47.84798482590342,46.77212409838139,46.81849670410156,31694200,0.0,0.0,0.0
2021-12-10,47.15239119360821,47.36570803777282,46.41969189973621,46.92052459716797,23783600,0.0,0.0,0.0
2021-12-13,47.16166270451911,47.31933382452378,46.326945108388024,46.37331771850586,35726900,0.0,0.0,0.0
2021-12-14,46.206380131920454,46.62374075896588,45.74264688809307,46.09508514404297,34120400,0.0,0.0,0.0
2021-12-15,46.252740542869034,47.0967346823895,45.75191146058433,46.994712829589844,32590300,0.0,0.0,0.0
2021-12-16,47.05964769271783,47.67177538820513,46.911253207084656,47.14311981201172,33132300,0.0,0.0,0.0
2021-12-17,46.92052613869763,47.31933698071769,46.382593919041334,46.94834899902344,50102300,0.0,0.0,0.0
2021-12-20,46.28985046846996,46.49389422003003,45.408756631646796,46.00233459472656,30140300,0.0,0.0,0.0
2021-12-21,46.317672174260245,47.15239337526762,46.317672174260245,47.08747100830078,31956300,0.0,0.0,0.0
2021-12-22,46.96690265122764,47.31934090929719,46.56809177609723,47.27296829223633,23307900,0.0,0.0,0.0
2021-12-23,47.3749895608732,47.97784065088824,47.34716316059286,47.58830642700195,25198200,0.0,0.0,0.0
2021-12-27,47.62539828892084,48.28390212269013,47.57902567645911,48.172603607177734,20985400,0.0,0.0,0.0
2021-12-28,48.16333214409893,48.33954949267067,47.88509292182642,48.00566101074219,19290400,0.0,0.0,0.0
2021-12-29,48.05203359166578,48.35809565201856,47.9129122218669,48.07058334350586,14174800,0.0,0.0,0.0
2021-12-30,48.15405082469691,48.35809455229415,47.90363802555906,47.98711013793945,18359400,0.0,0.0,0.0
2021-12-31,48.12623006118308,48.376646409223184,47.72741923334181,47.76451873779297,16319000,0.0,0.0,0.0
2022-01-03,47.90364142219277,49.36903650810461,47.8572652713572,49.350486755371094,33857600,0.0,0.0,0.0
2022-01-04,49.68437526163446,50.02753684242391,48.83110786334639,49.28556442260742,45681400,0.0,0.0,0.0
2022-01-05,50.25940110621688,52.095784086568784,49.925516186337504,49.96261215209961,59109300,0.0,0.0,0.0
2022-01-06,50.64894261651186,50.70458833832805,49.54525529377506,50.09246063232422,35757900,0.0,0.0,0.0
2022-01-07,50.25940831552837,50.44490232296015,49.29484584529013,49.56380844116211,30717200,0.0,0.0,0.0
2022-01-10,50.0553575821502,51.2981625716041,49.44322996274773,51.205413818359375,49260800,0.0,0.0,0.0
2022-01-11,51.47438370396257,52.01231589856995,50.76023417215799,51.854644775390625,39795200,0.0,0.0,0.0
2022-01-12,52.06796012378698,52.19780484620986,50.83443172276632,51.69697570800781,29136800,0.0,0.0,0.0
2022-01-13,51.938117471154214,52.13288456255021,50.797334244116065,50.95500183105469,29605400,0.0,0.0,0.0
2022-01-14,50.871532992305845,51.724803959778015,50.57474401353388,51.659881591796875,30151500,0.0,0.0,0.0
2022-01-18,51.298172445338935,51.613511191060205,50.71386757044285,50.788063049316406,35313800,0.0,0.0,0.0
2022-01-19,50.667486378720916,50.871526564593466,49.67509769296664,49.730743408203125,30595100,0.0,0.0,0.0
2022-01-20,49.95333488998406,50.1666517118867,48.17259777540078,48.26534652709961,28582600,0.0,0.0,0.0
2022-01-21,48.30244602777915,49.27628492359662,48.181874419572225,48.26534652709961,46372400,0.0,0.0,0.0
2022-01-24,47.74596991172417,48.34882448773726,46.26202508492762,48.172603607177734,64198400,0.0,0.0,0.0
2022-01-25,47.310065802604164,47.875820947967085,46.60519280153162,47.3007926940918,44095400,0.0,0.0,0.0
2022-01-26,47.42135596612733,48.896027619695644,47.06891775877047,47.94073486328125,54895400,0.0,0.0,0.0
2022-01-27,46.35476867510513,46.42896768283003,44.31434195671484,44.56475830078125,89642800,0.0,0.0,0.0
2022-01-28,44.24941747307896,44.70387752860311,42.941690097636155,44.267967224121094,61945400,0.0,0.0,0.0
2022-01-31,44.22159668306622,45.32528038665073,43.87843511775059,45.278907775878906,51828400,0.0,0.0,0.0
2022-02-01,45.24180779179895,45.47367438120014,44.85227361984658,45.399478912353516,35386100,0.0,0.0,0.0
2022-02-02,44.750251526553136,45.98378347412771,44.60185705161216,45.91885757446289,37962700,0.0,0.0,0.0
2022-02-03,45.67771970223237,46.085803640104054,44.75025331233933,44.778076171875,42145800,0.0,0.0,0.0
2022-02-04,44.72667803570154,45.08180100289884,44.044470470398004,44.86685562133789,32431500,0.365,0.0,0.0
2022-02-07,44.97901189026455,45.474312552362655,44.82013964688342,45.02573776245117,27558500,0.0,0.0,0.0
2022-02-08,44.83882378891271,45.735973230281395,44.76406311794282,45.61448669433594,28051200,0.0,0.0,0.0
2022-02-09,46.100441077019845,46.69854067273571,45.63317532224748,46.6424674987793,35217300,0.0,0.0,0.0
2022-02-10,45.96025889762095,46.66115751411787,45.56775381860623,45.66120910644531,32762700,0.0,0.0,0.0
2022-02-11,45.74532307973072,45.89484799491961,44.39025153054413,44.511741638183594,37208200,0.0,0.0,0.0
2022-02-14,44.782752734250515,45.025732947566375,44.02578441689031,44.46501541137695,28456900,0.0,0.0,0.0
2022-02-15,44.57715592053723,45.287398334299496,44.10054283074843,45.268707275390625,35837900,0.0,0.0,0.0
2022-02-16,44.91358770707936,45.31543655994511,44.483700483462655,45.07245635986328,26022900,0.0,0.0,0.0
2022-02-17,44.726676755759605,45.1004872050473,44.278102077641584,44.45566177368164,32030600,0.0,0.0,0.0
2022-02-18,43.16601008482041,43.18470114321391,41.59599682931479,42.09130096435547,76520100,0.0,0.0,0.1367625
2022-02-22,41.76420211791992,42.43706578833012,40.97919569075934,41.76420211791992,57093300,0.0,0.0,0.10937857142857144
2022-02-23,42.21278273237587,42.717430557181665,41.633374247388375,41.726829528808594,38176700,0.0,0.0,0.07311000000000001
2022-02-24,41.025933601776714,43.726729022000065,40.77360967312874,43.661312103271484,72740100,0.0,0.0,0.050575
2022-02-25,43.8575685631616,44.66126631486809,43.222086785763686,44.58650207519531,39266300,0.0,0.0,0.1010875
2022-02-28,43.92297950403978,44.68929503146708,43.782798356236505,44.577152252197266,41946100,0.0,0.0,0.14506999999999998
2022-03-01,44.42762063113618,44.76405248295915,43.19403955108804,43.754756927490234,53853000,0.0,0.0,0.149275
2022-03-02,44.40893525922856,45.78269764164299,44.37155314536384,45.67055130004883,46936500,0.0,0.0,0.10916999999999999
2022-03-03,45.0257318944638,45.37150758152813,44.50239292529356,44.79209899902344,36389900,0.0,0.0,0.132325
2022-03-04,44.268755108939104,45.10983486501204,44.268755108939104,44.92292785644531,38310700,0.0,0.0,0.021925000000000004
2022-03-07,44.86685376318743,45.36215786046292,44.483696007722195,44.5584602355957,43813700,0.0,0.0,0.05676666666666669
2022-03-08,44.56780705096684,45.53037694387971,43.8201825455162,44.3902473449707,44813900,0.0,0.0,0.24002500000000002
2022-03-09,45.24067515411003,45.28740102167746,43.82018667733799,44.511741638183594,36076500,0.0,0.0,0.1752642857142857
2022-03-10,44.19399571433212,44.21268677222132,43.137974115798414,43.60523986816406,36456000,0.0,0.0,0.2044375
2022-03-11,44.06316356267847,44.184650096181784,42.773509038539,42.82958221435547,27082100,0.0,0.0,0.09119999999999999
2022-03-14,42.894999533239236,42.96976020339688,41.399746915581915,41.493202209472656,35993900,0.0,0.0,0.0
2022-03-15,41.5866481939184,41.9604621879354,41.18479939808418,41.8763542175293,34448900,0.0,0.0,0.2057
2022-03-16,42.334277028541415,43.577205657958984,42.30624222380277,43.577205657958984,38885500,0.0,0.0,0.28865
2022-03-17,43.28749464823176,44.19399125718266,42.736120973450454,44.053810119628906,28555000,0.0,0.0,-0.02790833333333334
2022-03-18,43.75476526528211,44.48369870649941,43.315534312264084,44.34352111816406,46237100,0.0,0.0,0.24635
2022-03-21,44.352865805324726,44.754714650660034,43.988399076986866,44.28744888305664,32910900,0.0,0.0,0.23261666666666667
2022-03-22,44.390248541049736,45.296745283620965,44.296796812208456,45.221981048583984,27923300,0.0,0.0,0.1850166666666667
2022-03-23,45.287388623101435,46.334066307824166,44.91357821994692,45.10982894897461,37126400,0.0,0.0,0.11121
2022-03-24,45.474307780628685,48.26855884962918,45.408890853440674,48.24052047729492,51677900,0.0,0.0,0.3396333333333333
2022-03-25,47.37140244346419,48.576948984743524,47.14711687040822,48.436771392822266,33239800,0.0,0.0,0.16344
2022-03-28,47.99753680464878,48.19378755749413,47.2499123426513,48.13771438598633,22932400,0.0,0.0,0.2672625
2022-03-29,48.59563654119318,48.866651523646645,47.922772740606554,48.82926940917969,27303700,0.0,0.0,0.17
2022-03-30,48.829269471756035,49.07224608619334,47.866703195203556,48.06295394897461,24623300,0.0,0.0,0.47685
2022-03-31,47.8480111090413,47.90408071465325,46.26865067181949,46.31538009643555,43698300,0.0,0.0,0.2161
2022-04-01,46.567703289896684,46.63312020539288,44.231374693733805,44.96030807495117,46598600,0.0,0.0,0.0441357142857143
2022-04-04,45.01638063158079,46.006985304695135,44.78274775664432,45.97895050048828,23784900,0.0,0.0,0.060619999999999986
2022-04-05,45.63317282543199,45.773350405221024,44.87620106073469,44.979000091552734,25779200,0.0,0.0,0.16104375
2022-04-06,44.33417227619098,45.01637983107959,44.14726883152921,44.42762756347656,31518700,0.0,0.0,-0.041416666666666664
2022-04-07,44.324833290732606,44.77340802301933,43.70804258821899,44.44632339477539,24117000,0.0,0.0,-0.32985
2022-04-08,44.18464607395416,44.46500836255958,43.78279726290462,43.94166946411133,22167300,0.0,0.0,-0.5274
2022-04-11,43.8295305414522,44.20334101753657,43.483751305756655,43.52113342285156,30352500,0.0,0.0,0.3268125
2022-04-12,44.22203461378712,44.77340839523572,43.37161100832795,43.455718994140625,29861400,0.0,0.0,0.33990000000000004
2022-04-13,43.689350632362576,44.17530747360805,43.50244360650585,43.93232727050781,22171300,0.0,0.0,0.185475
2022-04-14,43.68934558017981,43.68934558017981,42.633324036418124,42.680049896240234,36181800,0.0,0.0,0.2662
2022-04-18,42.54922105764474,43.820184557751254,42.53987731056529,43.586551666259766,25593100,0.0,0.0,0.25885
2022-04-19,43.54917028410226,44.857515924550334,43.30619364142451,44.79209899902344,31483100,0.0,0.0,-0.17683333333333331
2022-04-20,45.193940934567465,45.558407625176145,44.838817989763434,44.96030807495117,22787100,0.0,0.0,0.31508749999999996
2022-04-21,45.436921652601605,45.69859290322546,44.296795618647444,44.3902473449707,27316900,0.0,0.0,0.02604999999999999
2022-04-22,44.34352667022677,44.53043370969722,43.45572090645861,43.49310302734375,28219900,0.0,0.0,0.0074749999999999955
2022-04-25,43.184695840725944,44.05381034205675,43.15666103905541,43.97904968261719,35999300,0.0,0.0,0.24225
2022-04-26,43.633279105661636,43.773460271595646,42.53053153284317,42.539878845214844,35356600,0.0,0.0,0.05109999999999997
2022-04-27,42.5024943031655,43.04452431126464,42.063263335564805,42.259517669677734,28320900,0.0,0.0,-0.007575000000000005
2022-04-28,42.79220291889741,44.17530926231258,42.55857001835522,43.773460388183594,41097000,0.0,0.0,0.00032500000000000584
2022-04-29,42.04457055460999,42.39034618511425,40.65211715697501,40.73622512817383,70765900,0.0,0.0,0.02415714285714286
2022-05-02,40.85771961238838,42.044575082702075,40.66146528181873,42.016536712646484,45446500,0.0,0.0,0.022224999999999995
2022-05-03,41.85766524249591,42.51183798207391,41.33432633784259,42.109989166259766,40158400,0.0,0.0,0.14782
2022-05-04,42.10999663919088,43.586554764601345,41.502549652150755,43.49310302734375,44625600,0.0,0.0,0.03480833333333332
2022-05-05,42.95149754210053,43.24349367518184,41.566879294650654,42.009578704833984,52996700,0.365,0.0,0.34755
2022-05-06,41.905964226739655,42.52763042030808,41.29371563912066,41.72699737548828,40916600,0.0,0.0,-0.148
2022-05-09,41.265457045785475,41.63280474167557,40.38005122170734,40.56843566894531,44925800,0.0,0.0,-0.044475
2022-05-10,41.774094678385566,42.14144600518928,40.97346518670391,41.45384216308594,42770000,0.0,0.0,0.05876666666666666
2022-05-11,41.46326642823276,41.71758493799155,40.295285523392565,40.342384338378906,40351700,0.0,0.0,0.0
2022-05-12,40.248187374811025,40.41773303565469,39.570004731436356,40.35179901123047,42329600,0.0,0.0,-0.296
2022-05-13,40.89810800349117,41.293715723737,40.47424746533912,41.06765365600586,32034100,0.0,0.0,0.18073750000000002
2022-05-16,40.89810686913147,41.0770737157857,40.304700694923575,40.577857971191406,25071900,0.0,0.0,0.0
2022-05-17,41.27488286339279,41.8400327244159,41.11475838691915,41.821197509765625,28596600,0.0,0.0,0.21595
2022-05-18,41.425583440913755,41.425583440913755,39.76780813205948,39.890254974365234,35218400,0.0,0.0,0.38434999999999997
2022-05-19,39.862003446612206,40.21993359775014,39.29685360219238,39.57000732421875,29181000,0.0,0.0,0.29171250000000004
2022-05-20,39.79606871876917,39.833746332571295,37.968747566986245,39.230918884277344,44802300,0.0,0.0,0.31866666666666665
2022-05-23,39.26858893423439,39.796064694722496,38.92950122370773,39.560585021972656,27199500,0.0,0.0,0.27818750000000003
2022-05-24,39.278008232674544,39.45697148177608,38.71285488954137,39.24974822998047,29837500,0.0,0.0,0.17
2022-05-25,39.03311729645793,40.0503914168479,38.986022070840335,39.74897766113281,26283100,0.0,0.0,0.171775
2022-05-26,39.72070939962125,41.143008632495935,39.63594016700088,40.95462417602539,28826700,0.0,0.0,-0.20584999999999998
2022-05-27,41.05824125314728,41.96248245239258,41.02056363822828,41.96248245239258,30553300,0.0,0.0,0.0
2022-05-31,41.67989860135776,42.1508579075878,41.11474887113547,41.840023040771484,41111500,0.0,0.0,0.0978
2022-06-01,42.16970086977554,42.32040771890644,41.001720094160056,41.54803466796875,29885500,0.0,0.0,0.0
2022-06-02,41.623389028863535,42.27331527783515,41.38790933706453,42.23563766479492,28727600,0.0,0.0,-0.006433333333333319
2022-06-03,41.54803274495878,41.67990078270309,40.82275494423052,40.869850158691406,33174700,0.0,0.0,0.14905000000000004
2022-06-06,41.26545681582198,41.48209767134129,40.57785664139952,40.82275390625,25437100,0.0,0.0,0.24714999999999998
2022-06-07,40.55902107667352,41.058236844777205,40.18225215420694,41.0017204284668,25168700,0.0,0.0,0.167875
2022-06-08,39.796061683553695,39.805479288771856,38.646919817681216,38.835304260253906,59649900,0.0,0.0,-0.1422357142857143
2022-06-09,38.62807962716926,38.948332090103854,37.686161041259766,37.686161041259766,39047200,0.0,0.0,0.004550000000000006
2022-06-10,37.53546082265525,37.75210529753188,36.90437698364258,36.90437698364258,43066200,0.0,0.0,0.36857
2022-06-13,36.31096262725344,36.55586348428366,35.48207322313754,35.57626724243164,50335900,0.0,0.0,0.03723333333333334
2022-06-14,35.80232611046422,35.98129295259526,35.35962679070757,35.72697448730469,31351700,0.0,0.0,0.16455
2022-06-15,36.32038997612667,36.894957422011096,35.717558929966295,36.4051628112793,37652300,0.0,0.0,0.061100000000000015
2022-06-16,35.510333041688625,35.59510586204731,34.78505526598312,35.171241760253906,45576500,0.0,0.0,0.046625
2022-06-17,35.30310791241368,35.90593522811779,34.47421855675341,34.822731018066406,71393200,0.0,0.0,0.30578333333333335
2022-06-21,35.19008814510526,35.821172037960224,35.161831729943145,35.538597106933594,34004900,0.0,0.0,-0.4417
2022-06-22,35.161828121694676,35.576271071795276,35.05821648588582,35.20892333984375,32571000,0.0,0.0,0.269425
2022-06-23,35.425563263144525,35.43498086926662,34.76621944742186,35.237178802490234,30163000,0.0,0.0,-0.38075000000000003
2022-06-24,35.651624754036106,36.39574146027542,35.548016705399206,36.36748504638672,38159900,0.0,0.0,0.08803333333333331
2022-06-27,36.61237283068916,36.79133965380889,36.2356075686456,36.386314392089844,29585300,0.0,0.0,0.29985
2022-06-28,36.3392235304761,36.75366644624107,35.548011714463314,35.58568572998047,37824200,0.0,0.0,0.21985
2022-06-29,35.359621317885704,35.416134128224904,34.86982326718706,35.124141693115234,25437200,0.0,0.0,0.16494166666666665
2022-06-30,35.04879434183594,35.7929109851963,34.59667379214647,35.237178802490234,35141000,0.0,0.0,0.1988625
2022-07-01,34.93576333773339,35.0393749655155,33.79604261839925,34.22932434082031,40596300,0.0,0.0,-0.16036666666666666
2022-07-05,33.843137693600006,34.606093100654206,33.475789991618754,34.55899429321289,33215000,0.0,0.0,0.05583333333333334
2022-07-06,34.68144377185722,35.246593514277116,34.3423524891515,34.84157180786133,26258300,0.0,0.0,0.041800000000000004
2022-07-07,35.68929831393534,36.10374483394499,35.53859146842309,35.92477798461914,33165400,0.0,0.0,0.39325
2022-07-08,35.4726619274312,35.92478252105996,35.218343419802196,35.78349685668945,22566300,0.0,0.0,0.4068
2022-07-11,35.47266475553325,35.48208236332142,34.87925485708857,35.03938293457031,25904300,0.0,0.0,0.08895000000000003
2022-07-12,35.46324031829785,35.510335534439896,34.84157412307266,35.04879379272461,30546300,0.0,0.0,-0.09085000000000001
2022-07-13,34.54957803397649,35.25601705551123,34.49306161872523,35.04879379272461,27059200,0.0,0.0,0.09545
2022-07-14,34.84157349728046,35.94361662637613,34.18222970373029,35.519752502441406,36690700,0.0,0.0,0.11321666666666667
2022-07-15,36.04722960667704,36.42399493629921,35.538592638895636,36.37689971923828,32892300,0.0,0.0,0.0
2022-07-18,36.82901761888897,37.055079674893065,36.292124278155555,36.461669921875,30814400,0.0,0.0,0.0903
2022-07-19,37.03624388048239,38.3643491354545,36.96089225111403,37.88397216796875,53095300,0.0,0.0,0.33590000000000003
2022-07-20,37.87454993307692,38.30783167121944,37.26230493608459,38.2042236328125,36387900,0.0,0.0,0.11215625000000001
2022-07-21,38.15712205184503,38.28899367804129,37.507199491839756,38.25131607055664,29661200,0.0,0.0,0.10971666666666667
2022-07-22,38.025261047562466,38.15712910499946,36.67831687265301,36.9232177734375,41350000,0.0,0.0,0.0884
2022-07-25,36.99856160552286,37.12101203008805,36.310961455961,36.88553237915039,32263400,0.0,0.0,-0.28245
2022-07-26,36.82901922536377,37.27172215806789,36.62179955755017,36.69715118408203,35925500,0.0,0.0,0.19741
2022-07-27,36.98914478452229,38.0723490459156,36.951467177221375,37.846290588378906,42571600,0.0,0.0,0.3557375
2022-07-28,37.76151742110546,37.789773829753976,36.77250359392916,37.403587341308594,56662300,0.0,0.0,-0.023937500000000007
2022-07-29,33.53230761855959,34.493065219312484,33.19321987106009,34.201072692871094,125292400,0.0,0.0,-0.00883695652173914
2022-08-01,33.95617042132969,35.50091660563833,33.95617042132969,34.813316345214844,52513400,0.0,0.0,0.16663
2022-08-02,34.464809819349,34.53074384939733,33.90907757098796,33.918495178222656,53929400,0.0,0.0,0.12187499999999997
2022-08-03,33.99385080480554,34.464810221002274,33.212056449214074,34.39887619018555,59513900,0.0,0.0,0.28313888888888894
2022-08-04,34.26090807678385,34.34653671045325,33.64248228197904,33.92790985107422,54046300,0.365,0.0,0.06416
2022-08-05,33.632973965804965,33.956459588830654,33.47123296899678,33.6710319519043,40205100,0.0,0.0,0.22438333333333335
2022-08-08,33.64248529199656,34.21334048126174,33.490256999565254,33.66151428222656,41534600,0.0,0.0,0.12146999999999997
2022-08-09,33.50929250625867,33.5854048525713,32.729121902154446,32.843292236328125,48202300,0.0,0.0,-0.13110000000000002
2022-08-10,33.2904567010146,33.680541911444735,32.90988417061068,33.65199661254883,42243300,0.0,0.0,-0.06635999999999999
2022-08-11,33.90888352656273,34.52731299936226,33.76617154550735,33.86131286621094,35569700,0.0,0.0,0.012874999999999984
2022-08-12,34.061108525947496,34.38459406625294,33.937421917457904,34.35605239868164,37675200,0.0,0.0,0.02591666666666666
2022-08-15,34.34653826407415,34.660511144866916,33.97548204452533,34.57488250732422,25400600,0.0,0.0,0.0
2022-08-16,34.40362919525413,34.80323075962041,33.96597327713647,34.43217086791992,25000200,0.0,0.0,0.2143
2022-08-17,34.070629040737956,34.32751496881716,33.55685718457954,34.042083740234375,29176100,0.0,0.0,0.0
2022-08-18,33.94694562521518,34.56537517304557,33.84228798209842,34.441688537597656,24598200,0.0,0.0,0.3592
2022-08-19,34.061112188830435,34.279940132362384,33.48074068974586,33.66151428222656,31425500,0.0,0.0,0.428475
2022-08-22,33.29997182940773,33.3570588019882,32.09165813035444,32.19631576538086,51006100,0.0,0.0,0.3877
2022-08-23,32.329517473266264,32.71960274135082,32.26291781501347,32.30097579956055,30687100,0.0,0.0,0.021599999999999998
2022-08-24,32.320004933297,32.33903392565383,31.967974018809528,32.21534729003906,25105700,0.0,0.0,-0.0023937499999999896
2022-08-25,32.22485579212015,33.23337047977773,32.17728513210235,33.1953125,29799100,0.0,0.0,0.0
2022-08-26,33.25240198400004,33.328514319901906,31.730115342463677,31.73963165283203,44851500,0.0,0.0,-0.05244999999999999
2022-08-29,31.61594560537897,31.787202901069143,31.2163476683746,31.340030670166016,32976800,0.0,0.0,-0.16715
2022-08-30,31.435174136485276,31.46371580794256,30.58840400876969,30.693058013916016,40182500,0.0,0.0,0.31111875
2022-08-31,30.816745913958847,30.816745913958847,30.226861693185292,30.36957550048828,44074500,0.0,0.0,0.042929999999999996
2022-09-01,30.036574406998323,30.2839458449501,29.617945680102665,30.21734619140625,36440700,0.0,0.0,-0.015207142857142844
2022-09-02,30.64549040227175,30.80723502525118,29.551348729685525,29.703577041625977,34893300,0.0,0.0,-0.132075
2022-09-06,29.865316797451694,29.865316797451694,28.85680388024729,28.885347366333008,46989600,0.0,0.0,-0.3454
2022-09-07,28.942432654658464,29.2944617258229,28.59040358349403,29.1612606048584,37329500,0.0,0.0,-0.00829000000000001
2022-09-08,28.894861227070713,29.35154610618533,28.45720352355757,29.25640296936035,37359500,0.0,0.0,0.37340999999999996
2022-09-09,29.675034959224046,29.969977082714426,29.57037731569005,29.93191909790039,34069500,0.0,0.0,0.12206249999999999
2022-09-12,30.198314923737364,30.31248704599366,29.589401777581966,30.027057647705078,38305500,0.0,0.0,0.08524999999999999
2022-09-13,29.33251887651941,29.427662019055212,27.829263031508173,27.867321014404297,71417900,0.0,0.0,-0.06319999999999999
2022-09-14,28.114688218111237,28.32400347656698,27.600918196283516,27.76266098022461,40767200,0.0,0.0,0.07972777777777776
2022-09-15,27.73412058280243,27.98149203370225,27.315491833994688,27.439178466796875,39919100,0.0,0.0,-0.024066666666666653
2022-09-16,27.305975997797965,27.895860161653708,27.039575585753997,27.819746017456055,72748000,0.0,0.0,0.15785
2022-09-19,27.610432937837594,28.067117809031775,27.496260812686863,28.010032653808594,33151900,0.0,0.0,0.03411666666666667
2022-09-20,27.65800426660365,27.753147404078266,27.3154896975768,27.553346633911133,31129000,0.0,0.0,0.027250000000000017
2022-09-21,27.734117904334347,28.15274661271233,27.077632263990022,27.087146759033203,39977300,0.0,0.0,0.0
2022-09-22,27.020552253109706,27.115695406952238,26.678039439863202,26.706581115722656,36092700,0.0,0.0,0.06871999999999999
2022-09-23,26.54483607290654,26.54483607290654,25.869323185203022,26.18329429626465,43491100,0.0,0.0,-0.225425
2022-09-26,26.221348082874012,26.354549200862078,25.555349751751304,25.660005569458008,44786400,0.0,0.0,0.147275
2022-09-27,26.06912121539332,26.259407500241064,25.327008696837023,25.583892822265625,44121400,0.0,0.0,-0.0050624999999999976
2022-09-28,25.555352645426254,25.954952415228984,25.307981186528885,25.812236785888672,40433400,0.0,0.0,0.07106428571428572
2022-09-29,25.47923781937838,25.47923781937838,24.917895257174756,25.098665237426758,41831300,0.0,0.0,0.08748749999999998
2022-09-30,25.022550869859163,25.279436816066962,24.489751800272444,24.518295288085938,43821000,0.0,0.0,-0.14217500000000002
2022-10-03,25.05109239478481,25.926405990729734,24.803720963897725,25.660005569458008,44096200,0.0,0.0,0.09590833333333333
2022-10-04,26.097661591103822,26.449688816986736,25.77417603425211,26.35454750061035,42427500,0.0,0.0,-0.062349999999999996
2022-10-05,26.040582127155094,26.487752581807406,25.58389536114107,26.297466278076172,30120000,0.0,0.0,0.06197142857142858
2022-10-06,26.1071813402041,26.41163796917598,25.688552568015435,25.85980987548828,33985100,0.0,0.0,-0.27825
2022-10-07,24.89886349077504,25.003521120620693,24.40412064112841,24.470720291137695,57215500,0.0,0.0,-0.06341875
2022-10-10,24.68003709742075,24.727607760492898,23.871323122262893,23.975980758666992,43409300,0.0,0.0,0.023433333333333337
2022-10-11,23.795209869192025,24.242380288916017,23.49075325876679,23.823753356933594,48134900,0.0,0.0,-0.13565
2022-10-12,23.83326426643952,24.28043646762643,23.4622080269052,24.09966468811035,39634100,0.0,0.0,0.08116666666666665
2022-10-13,23.528809073549557,25.536322313541532,23.395609762169638,25.136722564697266,62447000,0.0,0.0,-0.028800000000000013
2022-10-14,25.174775665859332,25.33651844484493,24.508777375398378,24.651491165161133,48185400,0.0,0.0,-0.009750000000000005
2022-10-17,25.03206492592475,25.450693666310293,24.89886561454483,25.136722564697266,39416500,0.0,0.0,-0.07040000000000002
2022-10-18,25.441176839700198,25.650490283364082,24.299464672391256,24.613435745239258,51126900,0.0,0.0,-0.031993749999999994
2022-10-19,24.489752036721537,24.974980446008537,24.44218137127763,24.737123489379883,33882300,0.0,0.0,-0.19638333333333335
2022-10-20,24.879835890300885,25.64097919719597,24.68955142460546,24.813236236572266,33247700,0.0,0.0,0.11315
2022-10-21,24.594407513779913,25.73611971629216,24.537322357330403,25.660005569458008,53058700,0.0,0.0,0.09590833333333333
2022-10-24,25.450695599793068,26.14523751147326,25.23186762455761,25.85980987548828,43831600,0.0,0.0,0.15803
2022-10-25,25.859806316962064,26.221348060438835,25.688549033055654,26.07863426208496,32205300,0.0,0.0,-0.074
2022-10-26,25.869322356281373,26.449692079523206,25.679036070648454,25.888349533081055,37111100,0.0,0.0,0.07820714285714285
2022-10-27,26.116694124713124,26.249893437480765,24.86080789047216,24.994009017944336,56305100,0.0,0.0,0.024495000000000003
2022-10-28,26.811232784015203,27.800716644961188,26.506776211416437,27.658002853393555,91695700,0.0,0.0,0.26668684210526317
2022-10-31,27.667519016328484,27.7626621546783,26.68754777632292,27.049091339111328,59507700,0.0,0.0,0.2601428571428571
2022-11-01,27.401121334324326,27.448693815612724,26.535322136626124,26.92540740966797,44418700,0.0,0.0,0.09775
2022-11-02,26.8968640073058,27.448692051860544,26.078635528767748,26.088150024414062,51956100,0.0,0.0,0.254225
2022-11-03,26.116693526033995,26.525805950828502,25.850293091900937,26.059606552124023,39678200,0.0,0.0,0.11632500000000001
2022-11-04,26.585138541087908,27.231204737967765,26.4308542408671,27.19263458251953,43051900,0.365,0.0,0.07487500000000001
2022-11-07,27.3469208146482,27.452990129034504,26.89370904142049,27.39513397216797,34389800,0.0,0.0,-0.0547
2022-11-08,27.732629670945908,27.9158429674121,26.932279172758577,27.462631225585938,36258000,0.0,0.0,-0.22455
2022-11-09,27.211913778050643,27.28905591409278,26.53692054748535,26.53692054748535,30544800,0.0,0.0,0.04871666666666668
2022-11-10,27.84834341538586,28.764408105829368,27.626559951961106,28.696908950805664,62943900,0.0,0.0,0.03585
2022-11-11,27.89655701103716,29.535828165320652,27.838700858094295,29.342973709106445,49826500,0.0,0.0,0.32531666666666664
2022-11-14,29.256186088425583,29.882966236793685,29.101901800803088,29.26582908630371,39395300,0.0,0.0,0.0
2022-11-15,29.98903801322919,30.22046444959404,29.09225942280677,29.61296844482422,40933200,0.0,0.0,0.12661666666666668
2022-11-16,29.034403469917226,29.150115769275452,28.388337307656638,28.475122451782227,35582800,0.0,0.0,-0.0030428571428571726
2022-11-17,28.031556192217213,28.880121711620205,27.964057038467566,28.822263717651367,31983300,0.0,0.0,-0.357525
2022-11-18,29.17904433447916,29.17904433447916,28.552264177736568,28.802976608276367,27122200,0.0,0.0,0.233275
2022-11-21,28.600479771823636,28.65833592559415,27.877271412443307,27.906200408935547,36086800,0.0,0.0,0.5700999999999999
2022-11-22,28.099053475255506,28.793334642947404,28.021911327646837,28.754762649536133,25584100,0.0,0.0,-0.0016499999999999905
2022-11-23,28.667978834252597,29.00547643541131,28.436552380684496,28.610122680664062,23143900,0.0,0.0,-0.025349999999999984
2022-11-25,28.61976476337277,28.61976476337277,28.29191017150879,28.29191017150879,11314900,0.0,0.0,0.0
2022-11-28,28.06048654988846,28.147271705836037,27.52049145449227,27.703702926635742,28267900,0.0,0.0,0.273175
2022-11-29,27.81941113504371,28.137622692434476,27.71334000284222,27.867624282836914,24361500,0.0,0.0,0.15715
2022-11-30,27.74227206955256,29.005475441707357,27.21191818898294,28.995832443237305,72072500,0.0,0.0,0.23515
2022-12-01,29.159759948266366,29.39118639556841,28.46548060636023,28.764406204223633,38896300,0.0,0.0,0.15489
2022-12-02,28.127984777812785,28.3786972379118,27.684416013264055,28.359411239624023,31546000,0.0,0.0,0.26353333333333334
2022-12-05,28.36905253977949,28.687264135614384,27.85798465104481,28.12798309326172,34040400,0.0,0.0,0.10130000000000002
2022-12-06,28.147268371480845,28.262980672894155,27.32763190641211,27.578344345092773,27701200,0.0,0.0,0.02817857142857141
2022-12-07,27.26977619619987,27.5301297981923,27.144419055227683,27.317989349365234,28239900,0.0,0.0,0.18810833333333332
2022-12-08,27.30834667765227,27.578345120565167,27.06727723051309,27.424060821533203,28486100,0.0,0.0,0.2814833333333333
2022-12-09,27.375844371968313,27.751913940161064,27.182989928046684,27.231203079223633,25641300,0.0,0.0,0.45120000000000005
2022-12-12,27.125133722644026,27.684414773444505,26.864780114274833,27.665130615234375,35117900,0.0,0.0,0.08732499999999999
2022-12-13,28.725838799081856,29.015121426097725,27.356564142059522,27.703702926635742,58546800,0.0,0.0,0.15897
2022-12-14,27.491557708537194,28.079767699666352,27.009418853962806,27.25048828125,37141100,0.0,0.0,-0.07884999999999999
2022-12-15,26.941923743458737,26.99977989969243,26.15121619781342,26.180143356323242,45682700,0.0,0.0,0.11699999999999999
2022-12-16,26.035499002999398,26.17049729817023,25.505146981216424,25.958356857299805,81104200,0.0,0.0,0.0
2022-12-19,25.939071393459425,26.00657054243023,25.553360657044916,25.8330020904541,37662500,0.0,0.0,0.06695000000000001
2022-12-20,25.59193252269879,25.910144108555976,25.476218382744424,25.49550437927246,31863300,0.0,0.0,0.0695
2022-12-21,25.64014605042167,26.00657079375305,25.630503052016383,25.871572494506836,28100900,0.0,0.0,0.09090000000000001
2022-12-22,25.50514828566791,25.50514828566791,24.444442348638713,25.042293548583984,47478300,0.0,0.0,-0.05379285714285715
2022-12-23,24.994079376869443,25.254434811023486,24.762652937359356,25.15800666809082,23600900,0.0,0.0,0.03461666666666668
2022-12-27,24.9265796491694,25.16764908129055,24.733723367786958,25.013364791870117,29548100,0.0,0.0,-0.07361
2022-12-28,24.916937623444614,25.186936060072682,24.589083035829773,24.627655029296875,26176900,0.0,0.0,0.1408125
2022-12-29,24.849438887681156,25.350863775815828,24.830152890626614,25.273719787597656,30944800,0.0,0.0,0.17815
2022-12-30,24.974792963033074,25.514787979531604,24.878364821712026,25.48586082458496,31030100,0.0,0.0,0.16590909090909092
2023-01-03,26.08371317186176,26.102999168842448,25.428005827443503,25.775144577026367,31308000,0.0,0.0,0.2058875
2023-01-04,26.430854345730037,26.922636244340204,26.18978489577685,26.69120979309082,37665200,0.0,0.0,0.10115
2023-01-05,26.45978436310016,26.78763897482769,26.40192636864423,26.575496673583984,33552600,0.0,0.0,0.5633
2023-01-06,26.932281361784042,27.800131082045727,26.401927426636167,27.703702926635742,31788600,0.0,0.0,0.3644
2023-01-09,27.80977151713731,28.80297829961147,27.80977151713731,28.262981414794922,37493200,0.0,0.0,0.07728750000000001
2023-01-10,28.195483693523496,28.455839150558727,27.886915080391674,28.38833999633789,23008100,0.0,0.0,0.140625
2023-01-11,28.619766010523257,28.812620471120535,27.96405679822175,28.783693313598633,30375400,0.0,0.0,0.006725000000000002
2023-01-12,28.90904605809714,29.29475678431053,28.41726419246989,29.20797348022461,28963900,0.0,0.0,0.06905
2023-01-13,28.89940271531533,29.09225899572846,28.74511842667035,29.03440284729004,31361900,0.0,0.0,0.14200000000000002
2023-01-17,29.101902630937353,29.179044776949084,28.465479466537094,28.542621612548828,34759100,0.0,0.0,-0.007287500000000002
2023-01-18,28.735476591725053,28.754762588389678,27.6072715358387,27.780841827392578,44199600,0.0,0.0,0.11536666666666666
2023-01-19,27.58798891962849,27.732630224266018,27.231205318256215,27.404775619506836,36886600,0.0,0.0,0.18758999999999998
2023-01-20,27.404777391915957,28.18584195884528,27.24085007893434,28.176198959350586,35158500,0.0,0.0,0.19855625
2023-01-23,28.28226481940884,29.40082680237245,28.137623532497187,29.18868637084961,38795800,0.0,0.0,0.08614166666666667
2023-01-24,28.87047656357061,29.111546002854098,28.66797727818127,28.8511905670166,24855100,0.0,0.0,0.0722090909090909
2023-01-25,28.46547924306209,28.822260975860168,28.127981667205173,28.639049530029297,28268000,0.0,0.0,-0.00449545454545455
2023-01-26,28.98618865064606,29.03440364167541,28.282266334542182,29.015117645263672,56088100,0.0,0.0,0.040081250000000006
2023-01-27,26.102999338615348,27.231204420328744,25.82335973743222,27.154062271118164,148548200,0.0,0.0,0.05179999999999999
2023-01-30,26.729779500775336,27.49155983268477,26.681566347278196,26.95156478881836,55145800,0.0,0.0,0.14848076923076925
2023-01-31,26.787635422269894,27.279417274641418,26.5465659949827,27.25048828125,52621600,0.0,0.0,0.0018227272727272712
2023-02-01,26.893705254722768,28.37869383918174,26.691207814594986,28.031553268432617,63330600,0.0,0.0,0.10701785714285715
2023-02-02,28.2051258177228,29.217616778058037,27.771200069456867,29.111547470092773,62230700,0.0,0.0,0.10626428571428573
2023-02-03,28.5619088888887,30.056538724554706,28.4751237408344,29.236902236938477,57603100,0.0,0.0,-0.019100000000000006
2023-02-06,28.841610115948637,28.939213232302656,27.92414566244483,28.002227783203125,48726400,0.365,0.0,-0.18683333333333332
2023-02-07,27.96318325788295,28.56832103513832,27.748457910663006,28.353593826293945,50780800,0.0,0.0,0.06526666666666667
2023-02-08,28.255993486863996,28.421918216464604,27.53373158510289,27.563013076782227,36479100,0.0,0.0,-0.0024624999999999925
2023-02-09,27.99246768618719,28.129110934064443,26.909076616232884,27.06524085998535,43906400,0.0,0.0,0.12279166666666665
2023-02-10,26.967637348743658,27.319007822872113,26.68459035918154,27.133562088012695,31232500,0.0,0.0,-0.2803
2023-02-13,27.201884444523,27.865581512451172,27.05547884529115,27.865581512451172,32347500,0.0,0.0,0.2628833333333333
2023-02-14,27.699657103494793,28.031506572145943,27.31900700894623,27.95342445373535,27928900,0.0,0.0,0.0734125
2023-02-15,27.680134981486436,28.187667765544692,27.484928775724097,28.158388137817383,23359400,0.0,0.0,0.1272125
2023-02-16,27.816782868384426,28.13887185871126,27.45565188571511,27.523975372314453,28972500,0.0,0.0,0.074225
2023-02-17,27.32876831565852,27.397089938587733,26.72363048383983,26.948118209838867,32086200,0.0,0.0,-0.17075
2023-02-21,26.460102051152745,26.616266278204687,25.415753084633707,25.435272216796875,63668400,0.0,0.0,0.23165
2023-02-22,25.28886953467257,26.255136427710145,24.693492230847845,24.859416961669922,89195300,0.0,0.0,-0.04419999999999999
2023-02-23,25.161987971011783,25.45479545717064,24.713014382393666,24.996063232421875,56473200,0.0,0.0,-0.05864999999999999
2023-02-24,24.61541083915464,24.742295446145526,24.32260335807878,24.537328720092773,44089900,0.0,0.0,0.049564285714285714
2023-02-27,24.9375008974701,24.966782391500903,24.283562423779266,24.303083419799805,37657000,0.0,0.0,-0.056525000000000006
2023-02-28,24.34212553407002,24.51781077588773,24.137158798074474,24.332365036010742,50255300,0.0,0.0,0.2036375
2023-03-01,24.42996702389222,25.298630833078455,24.371404038247963,24.722774505615234,47823400,0.0,0.0,-0.21949999999999995
2023-03-02,24.605649728499785,25.669519737725928,24.5178089756653,25.571918487548828,48309300,0.0,0.0,-0.011249999999999996
2023-03-03,25.5719179110984,25.845204384032996,25.386472189018157,25.767122268676758,36744900,0.0,0.0,0.22071999999999997
2023-03-06,25.8354456196771,25.903769104117636,25.30839177107945,25.366952896118164,37879800,0.0,0.0,0.29464999999999997
2023-03-07,25.220548166860084,25.366951904546383,24.888698701904726,24.917980194091797,43164600,0.0,0.0,0.11238333333333332
2023-03-08,24.947261385027765,25.3864744871826,24.839899630209082,25.357192993164062,36071900,0.0,0.0,0.3315166666666666
2023-03-09,25.35719211065509,26.33321953780848,25.347431612988608,25.80616569519043,54886100,0.0,0.0,0.22592500000000001
2023-03-10,25.913526404132295,26.860274161836333,25.689040551704853,26.56746482849121,65187000,0.0,0.0,0.11449999999999999
2023-03-13,26.09897309226763,26.655308426042993,25.97209034627264,26.303939819335938,50977000,0.0,0.0,0.0129
2023-03-14,26.694349744796313,27.42637029431564,26.5967466325355,27.33852767944336,47689800,0.0,0.0,0.10194999999999999
2023-03-15,27.06524196977045,27.816783587160867,26.996920343030357,27.728940963745117,49322800,0.0,0.0,-0.015474999999999989
2023-03-16,27.70941861346735,29.544351255599253,27.70941861346735,29.45650863647461,75779500,0.0,0.0,0.11203636363636363
2023-03-17,29.202742495057443,30.256852106897263,28.734249747934122,29.095378875732422,80628500,0.0,0.0,-0.08591666666666668
2023-03-20,29.085615413340413,29.183218524450513,27.94366329508857,28.46095848083496,38780100,0.0,0.0,0.23835
2023-03-21,28.30479619784849,28.470720939680174,27.30924774685839,27.777740478515625,55650800,0.0,0.0,0.0873625
2023-03-22,27.797262227806556,28.42192108190452,27.426372603931718,27.455652236938477,37415500,0.0,0.0,0.050575
2023-03-23,27.69965663211691,28.46095866988316,27.543492397953248,28.334075927734375,43785500,0.0,0.0,0.3337
2023-03-24,28.343837595436273,29.09537730527202,28.236473981906343,28.656166076660156,55912100,0.0,0.0,0.27193333333333336
2023-03-27,28.665925923718298,29.01729452630721,28.382877080518664,28.480480194091797,34758200,0.0,0.0,0.33973
2023-03-28,28.38287622281206,28.626883068558943,27.943663155817884,28.58784294128418,37407900,0.0,0.0,0.085
2023-03-29,29.056337210728525,31.125514332127047,29.046576712975515,30.764385223388672,85556200,0.0,0.0,0.135
2023-03-30,31.086474310596248,31.798975756041244,31.047432319448752,31.320720672607422,70077600,0.0,0.0,0.30638333333333334
2023-03-31,31.037671302059724,32.11130370114696,30.96934968031998,31.88681411743164,59765000,0.0,0.0,0.3313125
2023-04-03,32.15034023567914,32.755479885973635,31.759931521528337,32.101539611816406,57038300,0.0,0.0,0.24019999999999994
2023-04-04,32.06250403394408,33.028772961915536,32.05274539651999,32.30651092529297,55714100,0.0,0.0,0.323
2023-04-05,32.01370065253086,32.199148256918505,31.564728904564877,32.04298400878906,39615700,0.0,0.0,0.07665
2023-04-06,31.81849559445088,32.20890809091326,31.681852337663894,32.02346420288086,28551900,0.0,0.0,0.016012500000000013
2023-04-10,31.81849010294123,31.974654329924114,31.428081397108453,31.74040985107422,30534400,0.0,0.0,0.29731
2023-04-11,31.87705562159293,32.31626870845756,31.545206147434005,31.574485778808594,27059100,0.0,0.0,-0.119075
2023-04-12,31.984420033222882,32.10154228489594,31.193836457118923,31.252399444580078,37070800,0.0,0.0,0.125
2023-04-13,31.057192349807018,31.65256967447336,30.891267613176623,31.35976219177246,29722300,0.0,0.0,0.18788
2023-04-14,31.23288051396617,31.467128756050695,30.93031250524205,31.125516891479492,24623600,0.0,0.0,0.1957125
2023-04-17,31.18407632087801,31.85753388966632,31.008391090194262,31.36952018737793,29601100,0.0,0.0,-0.068875
2023-04-18,31.65256855808052,31.681848188343167,31.018151126854903,31.066951751708984,26041400,0.0,0.0,0.1753
2023-04-19,30.354454833564454,30.764386447377372,30.334933837281774,30.403255462646484,25746600,0.0,0.0,-0.07709999999999999
2023-04-20,30.022603718379475,30.500856931673162,29.973801230314056,30.120206832885742,30255100,0.0,0.0,0.19629285714285719
2023-04-21,30.100683125798913,30.100683125798913,29.50530585641211,29.573627471923828,28655800,0.0,0.0,0.0
2023-04-24,29.407704912487166,29.64195312806772,28.900172076394732,28.948972702026367,38732500,0.0,0.0,0.12204166666666666
2023-04-25,28.734248368404405,28.861131116549412,28.177913025202002,28.187671661376953,38289900,0.0,0.0,0.0375625
2023-04-26,28.499999418369452,29.095374837087064,28.148628975987336,28.353593826293945,41218800,0.0,0.0,0.10201428571428574
2023-04-27,28.060787394508164,29.232021004320046,27.826541044870687,29.14417839050293,60186200,0.0,0.0,0.2239227272727273
2023-04-28,31.213355899182034,31.789212215845687,30.071403763279058,30.315410614013672,80252400,0.0,0.0,0.10950312499999997
2023-05-01,30.364210952736453,30.491093687026158,29.554108340080766,29.573627471923828,36918500,0.0,0.0,0.09727000000000002
2023-05-02,29.573630708701103,29.846919062283263,29.036816360963385,29.056337356567383,33463400,0.0,0.0,0.09370625000000002
2023-05-03,29.905482650197932,30.364216776545785,29.524832512696314,29.91524314880371,45554500,0.0,0.0,0.2505428571428571
2023-05-04,29.83194046852692,31.0863703868526,29.773137664169386,30.61595916748047,46104000,0.125,0.0,-0.18834166666666666
2023-05-05,30.753161482191516,30.78256288390154,30.11614606579161,30.370952606201172,35024600,0.0,0.0,0.05311250000000001
2023-05-08,30.086746422939655,30.22394922525371,29.78293754746141,30.15534782409668,30882800,0.0,0.0,0.4426833333333333
2023-05-09,29.773137219066594,29.96914282549875,29.31252647397343,29.49873161315918,30706500,0.0,0.0,0.23265
2023-05-10,29.684935780406107,29.792737178090977,28.90091524959575,29.371326446533203,40526500,0.0,0.0,-0.15355
2023-05-11,29.008718397672542,29.087120263507554,28.24429880384525,28.28350067138672,47144400,0.0,0.0,0.039279999999999995
2023-05-12,28.450105970430197,28.518707372033433,28.146297092975864,28.3717041015625,24153800,0.0,0.0,-0.33515
2023-05-15,28.32270186303517,29.234124760049205,28.303100928438564,29.204723358154297,28717500,0.0,0.0,0.14163333333333336
2023-05-16,29.028321809277315,29.302727428498926,28.62651010967065,28.636310577392578,22812000,0.0,0.0,0.1851583333333333
2023-05-17,28.930316010753835,28.96951600834132,28.107095499689855,28.29330062866211,41667300,0.0,0.0,-0.07834999999999999
2023-05-18,28.420703266681524,29.165521921428446,28.29330093657583,29.087120056152344,36529200,0.0,0.0,0.0
2023-05-19,29.008718684013914,29.63593361688515,28.910715883440798,29.33212661743164,40683000,0.0,0.0,0.20095
2023-05-22,29.2537239365525,29.841738854376008,29.224322536424562,29.675134658813477,28693400,0.0,0.0,0.0
2023-05-23,29.449727169117445,29.59673229804394,28.90091412733489,28.920515060424805,29400900,0.0,0.0,-0.09597
2023-05-24,28.724512816606875,28.900917496484908,28.244301115410053,28.420705795288086,28045800,0.0,0.0,0.160675
2023-05-25,27.724889798704417,27.724889798704417,26.323454677104557,26.8526668548584,78009400,0.0,0.0,0.25205714285714287
2023-05-26,26.891868351758603,28.508908135227102,26.558659927377448,28.420705795288086,71910600,0.0,0.0,0.14050833333333332
2023-05-30,29.106722195996916,29.439930604540834,28.420704444465784,29.390928268432617,54874800,0.0,0.0,0.062000000000000006
2023-05-31,29.10672380571776,31.644987009812084,29.07732240242681,30.811965942382812,136243800,0.0,0.0,0.20684999999999998
2023-06-01,31.16477023413201,31.301974899480218,30.400352519575563,30.508153915405273,52667400,0.0,0.0,0.32680000000000003
2023-06-02,30.772763113636607,30.958968256854796,30.21414955323008,30.684560775756836,36521000,0.0,0.0,0.01484000000000001
2023-06-05,30.68455906496566,30.772761397927788,29.23412360841859,29.263525009155273,48244100,0.0,0.0,0.18624000000000002
2023-06-06,29.175323279090467,30.82176436940935,29.106721878535176,30.341550827026367,42295300,0.0,0.0,0.05688333333333334
2023-06-07,30.41015482791563,30.74336324083592,30.312152023660012,30.655160903930664,39098000,0.0,0.0,0.30154166666666665
2023-06-08,30.802163081396642,31.213773349248747,30.439553279307525,31.184371948242188,35199000,0.0,0.0,0.20727500000000001
2023-06-09,31.292175114093027,31.35097604666667,30.067144781529084,30.713960647583008,40218000,0.0,0.0,-0.49140000000000006
2023-06-12,30.772760403448927,32.63480606389449,30.733560406314766,32.409400939941406,59881600,0.0,0.0,0.24695
2023-06-13,33.09542124932797,33.27182592341884,32.4094034876964,33.23262405395508,51990000,0.0,0.0,0.030735714285714304
2023-06-14,33.193425741271795,34.88886752304277,33.124824331607385,34.86927032470703,74404300,0.0,0.0,0.21766500000000005
2023-06-15,34.57525529255383,35.69248237005532,34.51645622857749,35.104469299316406,67676300,0.0,0.0,-0.03974
2023-06-16,35.63367979668896,36.0648890901967,34.88885932604447,35.64347839355469,110240300,0.0,0.0,0.31385
2023-06-20,36.03549334456329,36.36870175041591,34.02644431155308,34.30084991455078,65970200,0.0,0.0,0.13942000000000002
2023-06-21,34.22244345650248,34.349847649977356,32.17419645626733,32.2427978515625,70973500,0.0,0.0,-0.02205
2023-06-22,32.03699391346735,32.57601028427737,31.488182682818767,32.05659484863281,45740300,0.0,0.0,0.007050000000000001
2023-06-23,31.566584883973874,32.78181677941536,31.390180193692107,32.34080505371094,46327100,0.0,0.0,-0.09625
2023-06-26,32.52700228840156,33.311024649713566,32.43879995967875,32.674007415771484,38952400,0.0,0.0,0.1436166666666667
2023-06-27,32.556408366607485,33.546231262367364,32.35060042282913,33.418827056884766,33038900,0.0,0.0,0.006816666666666693
2023-06-28,32.93861593008346,33.13462152950488,32.370200065610916,32.8994140625,33906900,0.0,0.0,0.06074999999999999
2023-06-29,32.67401239853167,32.67401239853167,31.84099318572252,32.252601623535156,38313000,0.0,0.0,-0.00899999999999998
2023-06-30,32.69361080430017,32.88961640935033,32.49760519925002,32.772010803222656,33811300,0.0,0.0,0.3404
2023-07-03,32.87002146506178,33.21302853253545,32.47801018352332,32.948421478271484,15753000,0.0,0.0,-0.06867500000000003
2023-07-05,32.64461049777656,32.66421143222731,31.850789475753086,31.86058807373047,37664700,0.0,0.0,-0.1064
2023-07-06,31.262773722505944,31.399978390882627,30.753160655387852,31.331375122070312,41693600,0.0,0.0,0.038625000000000013
2023-07-07,31.360776995734906,31.762586801452922,31.18437232605422,31.213773727416992,28356300,0.0,0.0,-0.03996250000000002
2023-07-10,31.23337653692382,32.1742008752923,31.135373729078424,32.08599853515625,36305700,0.0,0.0,0.0
2023-07-11,32.16439638362285,32.69361038898678,31.850788914924802,32.63480758666992,28148800,0.0,0.0,0.18102142857142858
2023-07-12,33.01701582353505,33.399228423535064,32.399603234257164,33.30122375488281,37762200,0.0,0.0,0.10195000000000001
2023-07-13,33.46782974323811,33.61483113812526,32.948414346848494,33.19342041015625,32745800,0.0,0.0,0.14073333333333332
2023-07-14,33.10521698018942,33.19341930959561,32.34079928433291,32.4878044128418,30438700,0.0,0.0,-0.03556
2023-07-17,32.49760504848202,33.9088386690032,32.40940271354346,33.683433532714844,34111200,0.0,0.0,0.2604333333333333
2023-07-18,33.59523025960864,34.00684239065943,33.154222335727155,33.81083679199219,29662200,0.0,0.0,0.19317
2023-07-19,33.71283028057749,34.14403953545988,33.644228893175644,33.771629333496094,26486700,0.0,0.0,0.04258333333333334
2023-07-20,33.02682092821433,33.5266316955034,32.5662082931762,32.70341110229492,37878000,0.0,0.0,0.18096666666666664
2023-07-21,33.05621567001245,33.565828700360015,32.75240682350843,33.340423583984375,79737000,0.0,0.0,-0.015316666666666664
2023-07-24,33.164017984128066,33.77163192131636,32.88961241349377,32.958213806152344,25225800,0.0,0.0,0.13702
2023-07-25,33.026819580894006,33.654034533276025,32.732813039276934,33.418827056884766,31771100,0.0,0.0,-0.017899999999999992
2023-07-26,33.04642240194962,33.84023973578182,33.02682146625675,33.67363739013672,32643200,0.0,0.0,0.1768714285714286
2023-07-27,34.12444741500018,34.33025163033883,33.428631026857396,33.859840393066406,58890800,0.0,0.0,0.17739285714285716
2023-07-28,36.0158917659717,36.251099234687665,34.80066003151501,36.094295501708984,90863000,0.0,0.0,0.24661190476190475
2023-07-31,36.13349474303034,36.447102218638456,34.957464840251916,35.05546951293945,55630700,0.0,0.0,0.17976363636363635
2023-08-01,35.10447031949267,35.300475928267105,34.57525629735052,35.084869384765625,24702200,0.0,0.0,0.18381000000000003
2023-08-02,34.447857871766594,34.47725740635223,33.59523398382054,33.70303726196289,39052000,0.0,0.0,0.178775
2023-08-03,33.605030748039106,34.3302465631894,33.44822702542588,34.17344284057617,24817900,0.0,0.0,0.05692857142857144
2023-08-04,33.91280775321122,34.975043685807705,33.91280775321122,34.56195068359375,26674900,0.125,0.0,0.34092500000000003
2023-08-07,34.827510057729505,34.965206476031334,34.17836712005945,34.65047073364258,22486900,0.0,0.0,0.4867
2023-08-08,34.09967539747068,34.52260218148307,33.303002329125064,34.44392013549805,34753600,0.0,0.0,0.16895
2023-08-09,34.4242483221118,34.52260181653971,33.666914408791904,33.71609115600586,28720200,0.0,0.0,0.0
2023-08-10,34.1291914119928,34.512775375313275,33.912809175475154,34.109519958496094,30957300,0.0,0.0,0.0
2023-08-11,33.89313607745299,34.37507728487278,33.79478256668778,34.316062927246094,28783700,0.0,0.0,0.54635
2023-08-14,34.09967578017183,35.12256865307454,33.90296878702895,35.09306335449219,36896100,0.0,0.0,0.1771
2023-08-15,34.82750374992072,35.04388594060253,34.17836092982065,34.19803237915039,27420300,0.0,0.0,0.242375
2023-08-16,33.952147893919765,34.06033899883146,32.90958349888829,32.978431701660156,35757300,0.0,0.0,0.1048357142857143
2023-08-17,33.00793827167546,33.03744357008837,31.817839959101025,32.04405975341797,39906700,0.0,0.0,0.13859444444444446
2023-08-18,31.699819065082128,32.36863342885599,31.65064231079349,32.211265563964844,23701100,0.0,0.0,0.251525
2023-08-21,32.063730695957865,32.6243539342114,31.49327360788662,32.5948486328125,43718200,0.0,0.0,-0.12765
2023-08-22,32.67353419723266,33.243991281080426,32.289950274103944,32.348960876464844,23425300,0.0,0.0,0.30905000000000005
2023-08-23,32.33913203375682,33.588241253719055,32.260446215831806,33.42103576660156,32324300,0.0,0.0,0.46992500000000004
2023-08-24,33.165310519428246,33.52922300529971,31.955544348602118,32.053897857666016,37931000,0.0,0.0,0.011649999999999999
2023-08-25,31.99488006649483,32.85057126166723,31.817840767627814,32.70303726196289,27324800,0.0,0.0,0.24835
2023-08-28,32.948930596902564,33.22432344305988,32.66370014798469,33.06695556640625,22341800,0.0,0.0,0.022974999999999995
2023-08-29,32.9390909589082,33.91280335214455,32.919419508789375,33.745601654052734,29943600,0.0,0.0,0.13670833333333335
2023-08-30,33.499716745329984,34.089845286735404,33.22432017432113,33.96198272705078,26279200,0.0,0.0,0.2120666666666667
2023-08-31,33.75543988378352,34.975043685807705,33.73576843111181,34.56195068359375,48157600,0.0,0.0,0.14365
2023-09-01,35.20125600982714,36.14546312570516,35.142241658105185,36.00776672363281,43808500,0.0,0.0,0.1784
2023-09-05,35.978262259449934,36.794606841531916,35.860233553264436,36.10612106323242,43379400,0.0,0.0,0.23317500000000002
2023-09-06,35.958591984060924,36.43069556840109,35.437307894562714,36.371681213378906,39643400,0.0,0.0,0.1417
2023-09-07,36.22414618172884,37.70930494398724,36.14546038539832,37.551937103271484,67659700,0.0,0.0,0.32428
2023-09-08,37.492926211374595,38.19124958635702,37.08967084787984,37.384735107421875,44255200,0.0,0.0,0.21408
2023-09-11,37.61095536569803,38.10273038812013,37.217533846982086,37.955196380615234,36349300,0.0,0.0,0.21749999999999997
2023-09-12,38.014211915392515,39.410851221541385,38.014211915392515,38.22075653076172,55326600,0.0,0.0,0.22909999999999997
2023-09-13,38.161742772262606,38.50598755520661,37.62079097271727,38.07322311401367,35407800,0.0,0.0,0.29245
2023-09-14,38.17157848394199,38.26009813780729,37.66996586139009,38.033878326416016,30616500,0.0,0.0,0.11925000000000004
2023-09-15,37.78799208829982,37.88634934698742,37.001152778527945,37.25687789916992,68881200,0.0,0.0,0.16287500000000002
2023-09-18,37.00115032324325,37.758484281127345,36.892959221839014,37.36506652832031,29322200,0.0,0.0,0.03308333333333333
2023-09-19,37.41424629005267,37.473256894153685,35.42747465982539,35.742210388183594,53288100,0.0,0.0,0.1025
2023-09-20,35.62418060246607,35.65368590051986,34.06033602254477,34.119346618652344,57660800,0.0,0.0,0.10628846153846153
2023-09-21,34.00132365845407,34.67013796763067,33.893132556683504,34.08000946044922,45240600,0.0,0.0,0.07775000000000001
2023-09-22,34.23737432117086,34.31605636434601,33.57839391884607,33.61773681640625,29232700,0.0,0.0,0.16921666666666665
2023-09-25,33.44070265186533,33.804615130179045,33.21448658415974,33.72593307495117,21729400,0.0,0.0,-0.005249999999999995
2023-09-26,33.57840048571023,34.20787196199683,33.08662542586809,33.273502349853516,34198300,0.0,0.0,0.2818625
2023-09-27,33.362016538710535,34.25705070334605,33.322677387430296,34.04066848754883,44369100,0.0,0.0,0.12065
2023-09-28,34.080011321617654,35.073395238410804,33.8144523532997,34.60129165649414,32265300,0.0,0.0,0.131725
2023-09-29,35.06355575891922,35.319277084420065,34.581614652621866,34.9651985168457,28763700,0.0,0.0,0.0
2023-10-02,35.02422011387612,35.38813260503356,34.404582492324636,34.876686096191406,26086200,0.0,0.0,0.20083125000000002
2023-10-03,34.68981222072873,35.93892128872603,34.68981222072873,35.102901458740234,45292600,0.0,0.0,0.16234
2023-10-04,35.91924574959853,35.91924574959853,34.748822623128994,35.338951110839844,39842200,0.0,0.0,0.25294375
2023-10-05,35.37829594163346,35.50615474471777,35.01437972746714,35.29961013793945,25771200,0.0,0.0,0.11807857142857141
2023-10-06,35.279937456828144,35.86023210702724,34.6012893073867,35.59467315673828,33262200,0.0,0.0,-0.24835
2023-10-09,35.11273733222375,35.57500330172597,34.9160265729728,35.46681594848633,19376100,0.0,0.0,0.025800000000000003
2023-10-10,35.54549622447423,36.135628472732584,35.220926677085785,35.830726623535156,24044100,0.0,0.0,0.2899416666666667
2023-10-11,36.01760554763995,36.420860960239764,35.78155561204039,36.27333068847656,19262600,0.0,0.0,0.26928
2023-10-12,36.1946391857841,36.60773213606729,35.79138383657303,36.23398208618164,23639200,0.0,0.0,0.18949999999999997
2023-10-13,36.13563377066977,36.184810527248196,35.27010859749462,35.378299713134766,28390100,0.0,0.0,0.119175
2023-10-16,35.54549471505078,36.33233392737034,35.48648411909264,35.958587646484375,29555800,0.0,0.0,0.30658125
2023-10-17,35.3291157906487,35.75204260985726,34.493099753764234,35.46681594848633,24993600,0.0,0.0,0.00767272727272727
2023-10-18,34.935701230683776,35.42747629797615,34.86685302141852,35.05372619628906,22086000,0.0,0.0,0.037711111111111105
2023-10-19,35.36845948464315,35.76188101195215,34.93569880615984,35.083229064941406,29201800,0.0,0.0,-0.022333333333333334
2023-10-20,35.063560630992285,35.68319445840024,34.29638904400115,34.34556579589844,32303300,0.0,0.0,-0.0015214285714285466
2023-10-23,34.03082963896319,34.611124308475915,32.84073499957213,33.29316711425781,53924700,0.0,0.0,0.11397083333333331
2023-10-24,33.08662280371101,34.13902104821362,33.08662280371101,34.02099609375,52673900,0.0,0.0,0.2815357142857143
2023-10-25,33.61774244801486,33.88330142311442,32.01455474735268,32.28995132446289,44658500,0.0,0.0,0.15177222222222223
2023-10-26,32.348960764501015,32.673534084145444,31.62113582363375,31.985048294067383,59142500,0.0,0.0,0.06605357142857145
2023-10-27,34.089846708185235,35.78155410027395,34.03083235080565,34.95537185668945,84128200,0.0,0.0,0.22156470588235294
2023-10-30,34.88652298966338,35.36846043401013,34.34556743710664,35.102901458740234,36656300,0.0,0.0,0.27065
2023-10-31,35.07339587318911,35.96842630026138,35.034052969330894,35.89957809448242,41185200,0.0,0.0,0.28846428571428573
2023-11-01,35.899576894944936,36.706087637360646,35.68319468290073,36.67658233642578,41710700,0.0,0.0,-0.033389999999999996
2023-11-02,36.961816645651155,37.19786658188791,36.30283609043588,37.07984161376953,35440000,0.0,0.0,0.055812500000000015
2023-11-03,37.37490353236572,37.68963926195629,37.0503302007559,37.51259994506836,30502700,0.0,0.0,0.5192666666666667
2023-11-06,37.51753039356866,37.69515182541967,37.349775146028286,37.448455810546875,23877200,0.125,0.0,0.220775
2023-11-07,37.73462737269627,38.385904758025376,37.47806138691897,38.25762176513672,32052000,0.0,0.0,0.03125
2023-11-08,38.336563335089636,38.37603560514898,37.251102258437705,37.418853759765625,33483400,0.0,0.0,0.38166
2023-11-09,37.54713395026264,38.010923678104184,37.27083560905453,37.300437927246094,48955800,0.0,0.0,0.12765
2023-11-10,37.73462662816008,38.47471472253525,37.73462662816008,38.346431732177734,38862500,0.0,0.0,0.06770000000000001
2023-11-13,37.84317119390614,38.060264914615274,37.63594742283806,37.72475814819336,24558300,0.0,0.0,0.4928
2023-11-14,38.28722502524342,38.96810851136614,37.56687303319415,38.889163970947266,45457400,0.0,0.0,0.3667833333333333
2023-11-15,39.066786699804304,40.300266952053384,39.05692051407083,40.073307037353516,47392100,0.0,0.0,0.2463
2023-11-16,40.45815070157873,42.82643419957941,40.280529251014535,42.77709197998047,86405700,0.0,0.0,0.14179999999999998
2023-11-17,42.34290702568293,43.231014251708984,41.99753408460766,43.231014251708984,49735000,0.0,0.0,0.41401249999999995
2023-11-20,43.20140797728784,44.33621123172494,43.20140797728784,44.14872360229492,44564900,0.0,0.0,0.26537
2023-11-21,43.91189408463174,44.06977939593776,42.72775236769523,43.06325912475586,37252100,0.0,0.0,0.23027857142857147
2023-11-22,43.44810406483085,44.04017680174799,42.96458194884538,43.09286117553711,31481200,0.0,0.0,0.29314285714285715
2023-11-24,43.10273376608708,43.41850440607957,43.03365917385641,43.379032135009766,13037100,0.0,0.0,0.515425
2023-11-27,43.07313047380296,43.96123396715262,43.07313047380296,43.4974479675293,33339900,0.0,0.0,0.0017100000000000032
2023-11-28,43.11259769740228,43.79348116276332,43.082995377789274,43.64546203613281,24548900,0.0,0.0,0.17561666666666667
2023-11-29,44.010574000041906,44.74079596740847,44.010574000041906,44.3460807800293,38982000,0.0,0.0,0.346425
2023-11-30,44.05991066386225,44.494094303784046,43.82308082845238,44.109249114990234,46263000,0.0,0.0,0.24562
2023-12-01,43.77374666363665,43.77374666363665,42.29357039916354,43.16194152832031,43928400,0.0,0.0,-0.4063
2023-12-04,42.72775176074531,42.73762170997078,41.13902872088735,41.790306091308594,50417600,0.0,0.0,0.16114285714285717
2023-12-05,41.35612349986118,41.731102530170645,41.06008900826224,41.365989685058594,31859300,0.0,0.0,0.1428
2023-12-06,41.91859060045017,42.027137460168056,40.6259019977016,40.72458267211914,31992300,0.0,0.0,0.252925
2023-12-07,41.19823756920078,41.87911726610087,40.6357709143088,41.592952728271484,29118700,0.0,0.0,0.2635571428571429
2023-12-08,41.28704997543026,42.39224719590146,41.257447654791754,42.135684967041016,42815000,0.0,0.0,0.2818
2023-12-11,42.58960325966863,44.138854055701096,42.51066248602941,43.95136642456055,48288200,0.0,0.0,0.3192875
2023-12-12,43.77374793940317,43.85268871838199,43.05339592141253,43.457977294921875,31452200,0.0,0.0,0.16563571428571428
2023-12-13,43.497446358514516,44.128987600899464,42.75735825929165,43.9809684753418,35216100,0.0,0.0,0.26686666666666664
2023-12-14,44.41515336581766,46.44793008966711,44.05991423037119,44.582908630371094,70620800,0.0,0.0,0.21230000000000002
2023-12-15,45.33286355275876,46.64528830971267,45.06643137433316,45.549957275390625,84583400,0.0,0.0,0.27855
2023-12-18,45.540089950920446,45.61903072535941,44.800001839676554,45.08616638183594,27895700,0.0,0.0,0.2832
2023-12-19,44.99735762171038,46.06308635526833,44.908546893913886,46.04335021972656,35358800,0.0,0.0,0.14418333333333333
2023-12-20,46.02361017386815,46.32951460235054,45.09603446791247,45.15523910522461,38159100,0.0,0.0,0.0871
2023-12-21,45.865729041858266,46.497270325887236,45.411809214497815,46.457801818847656,28320500,0.0,0.0,0.16083888888888886
2023-12-22,46.625550627708435,47.52352404478188,46.57621217355154,47.365638732910156,30095700,0.0,0.0,0.19699166666666668
2023-12-26,48.27347887400653,49.852335774632216,48.06625510566455,49.83259963989258,60287400,0.0,0.0,0.410485
2023-12-27,49.96088169222299,50.60228911990351,49.52669426469732,50.08916091918945,52148000,0.0,0.0,0.3317333333333333
2023-12-28,50.13850757372686,50.197712217786155,49.497096325008705,49.724056243896484,27705200,0.0,0.0,0.3513125
2023-12-29,49.63524162200012,49.9016737922272,49.11224723097072,49.58590316772461,29288700,0.0,0.0,0.05859000000000001
2024-01-02,48.54978086907395,48.727402316983216,46.82290860884264,47.16828155517578,45905700,0.0,0.0,0.11085624999999999
2024-01-03,46.47753059186372,47.178150178605605,46.18149610842996,46.428192138671875,35858400,0.0,0.0,0.25469
2024-01-04,45.11577268702602,46.536740512433994,44.64211674522337,46.250572204589844,47797800,0.0,0.0,-0.11917222222222221
2024-01-05,46.40845480462325,47.197885092412385,46.023609609681465,46.27030563354492,34344000,0.0,0.0,0.04320000000000003
2024-01-08,46.44792921427588,48.115593057371974,46.34925230589207,47.8096923828125,42135100,0.0,0.0,0.0909642857142857
2024-01-09,47.37550575760561,47.91824005579795,47.16828198790462,47.41497802734375,30097000,0.0,0.0,0.3481571428571429
2024-01-10,47.602471844269466,47.66167648760095,46.31964936260299,46.842647552490234,31480200,0.0,0.0,0.2082571428571429
2024-01-11,46.81303747245537,47.207752627642286,46.112421648067155,47.01039505004883,31707900,0.0,0.0,0.28266
2024-01-12,46.97092462298027,47.03999921320337,45.994010410234836,46.49726867675781,27587900,0.0,0.0,0.19555000000000003
2024-01-16,46.35912384264608,46.595953720102386,45.767054795430106,46.43806838989258,43720700,0.0,0.0,0.49581666666666663
2024-01-17,45.80651781369869,45.80651781369869,45.04669734109243,45.45127868652344,33488000,0.0,0.0,0.3753666666666667
2024-01-18,46.408456099754304,46.94132042959796,45.55982115169575,46.122291564941406,46681300,0.0,0.0,0.057725000000000005
2024-01-19,46.37885337888682,48.115591764024586,45.82625291965619,47.51365661621094,55979800,0.0,0.0,0.237575
2024-01-22,48.20440832614263,48.52017897988624,47.01040030640689,47.58273696899414,45639500,0.0,0.0,0.2479125
2024-01-23,47.48405314919019,48.29321586647265,46.6946265669979,48.24387741088867,37224100,0.0,0.0,0.356375
2024-01-24,48.520175364034515,49.1122481188933,47.6320718781706,48.44123458862305,49375800,0.0,0.0,0.16736666666666666
2024-01-25,49.33920665843677,49.63524114553085,48.32282020584345,48.8951530456543,84845100,0.0,0.0,0.16038333333333332
2024-01-26,43.5961221183612,44.80986611742092,42.77708950325992,43.07312774658203,127665300,0.0,0.0,0.16010434782608693
2024-01-29,43.1323333119092,43.40863542733626,42.24422985568122,43.260616302490234,51790900,0.0,0.0,0.15661
2024-01-30,43.09286371528312,43.24088284930683,42.32317325263891,42.35277557373047,47958800,0.0,0.0,0.19338000000000002
2024-01-31,42.00740006513206,43.21127790693192,41.80017630149584,42.51066207885742,51584200,0.0,0.0,0.08882333333333328
2024-02-01,42.57974063356224,42.99418819944557,41.92846319840053,42.786964416503906,38819900,0.0,0.0,0.16215
2024-02-02,42.43171772242148,42.56986689876739,41.05021843039699,42.03700256347656,53683500,0.0,0.0,0.202725
2024-02-05,42.05674236653994,42.57974056240648,41.86925472004171,42.20476150512695,28890300,0.0,0.0,0.59285
2024-02-06,42.259190564805955,42.3383627277486,41.70497032294128,42.29877853393555,34068200,0.125,0.0,0.29295
2024-02-07,42.44722867727391,42.65505985674417,42.11073848299591,42.33836364746094,34269200,0.0,0.0,0.40385
2024-02-08,42.278986473496566,42.52640562884181,41.89301319520865,42.061256408691406,33206500,0.0,0.0,0.21885
2024-02-09,42.1107358690328,43.07072331744834,41.96228665376166,42.862892150878906,51193000,0.0,0.0,0.28540000000000004
2024-02-12,42.94206612066388,44.57503398469183,42.87278906222066,43.57545852661133,51107300,0.0,0.0,0.29941249999999997
2024-02-13,42.55609129641815,43.17958857482636,42.31856726525242,42.714439392089844,36622200,0.0,0.0,0.37589999999999996
2024-02-14,43.36762733344154,43.83277653306883,42.94206610299881,43.73380661010742,36186200,0.0,0.0,0.32147499999999996
2024-02-15,44.29792246284209,44.802659637413264,43.56556390115373,43.595252990722656,44024500,0.0,0.0,0.43418333333333337
2024-02-16,43.57546147103312,43.76350244978494,42.67485587510025,43.060829162597656,29975300,0.0,0.0,0.38425000000000004
2024-02-20,43.80308389081493,44.703689430093235,42.97175541030291,44.060401916503906,61514100,0.0,0.0,0.2839833333333333
2024-02-21,44.020815778072794,44.22864696301597,42.6352707698016,43.021244049072266,57485200,0.0,0.0,0.5022200000000001
2024-02-22,44.218751667634606,44.218751667634606,42.090945425277404,42.53630065917969,62809300,0.0,0.0,0.3945214285714286
2024-02-23,42.68475009500671,43.060824460813436,42.21960091454698,42.54619598388672,33810700,0.0,0.0,0.278675
2024-02-26,43.05092935658332,43.22907143525656,42.3779490094436,42.54619598388672,27035400,0.0,0.0,0.3534
2024-02-27,42.803511664108804,42.82330564855216,42.07114934097092,42.28887939453125,25126400,0.0,0.0,0.333175
2024-02-28,42.001869966492016,42.011768845825976,41.477342621281004,41.5565185546875,26928500,0.0,0.0,0.40395000000000003
2024-02-29,41.93259519224425,42.704545483662436,41.922700087688604,42.60557556152344,48875100,0.0,0.0,0.20170000000000002
2024-03-01,42.96186273403715,43.812985247351655,42.684754483308424,43.36763000488281,41426100,0.0,0.0,0.26116249999999996
2024-03-04,43.812985667301724,46.12882917502045,43.39731951190769,45.13915252685547,59990800,0.0,0.0,0.38021666666666665
2024-03-05,44.09998806070443,44.406785372452866,42.249290209353326,42.714439392089844,56655100,0.0,0.0,0.10861666666666668
2024-03-06,43.476492325656736,45.04017935400904,43.11031304928887,44.05050277709961,52652000,0.0,0.0,0.20227999999999996
2024-03-07,45.07976813297767,45.94078571326764,44.71358885003174,45.67357635498047,50378200,0.0,0.0,0.49665
2024-03-08,45.960578190502105,46.14861915352694,43.54576873779297,43.54576873779297,54916600,0.0,0.0,0.2841214285714286
2024-03-11,43.4171110598047,44.46616960706335,43.20927988143693,44.39689254760742,35051000,0.0,0.0,0.24498333333333333
2024-03-12,44.59483001268361,44.80266119753635,44.00102177341143,44.772972106933594,31795800,0.0,0.0,0.3085
2024-03-13,44.0505029236892,44.51565212448583,42.75402901982607,42.78371810913086,53195900,0.0,0.0,0.48666666666666675
2024-03-14,42.783718164719176,42.90247829740919,42.07114981794601,42.30867385864258,38100000,0.0,0.0,0.0
2024-03-15,42.011769033672145,42.70454335281141,41.912799116471504,42.199806213378906,66952900,0.0,0.0,0.6582166666666667
2024-03-18,42.64516692858036,42.93217406267901,42.16022370974758,42.26908874511719,27668300,0.0,0.0,0.18491249999999998
2024-03-19,41.81383419719672,41.853422165234505,41.01219483335548,41.61589813232422,34673000,0.0,0.0,0.022649999999999997
2024-03-20,42.54619626656077,42.5659864751525,40.98250551566579,41.76435089111328,74865000,0.0,0.0,0.23504444444444442
2024-03-21,42.546197673998094,43.149897214242884,41.883112404748005,41.982078552246094,50807600,0.0,0.0,0.37927500000000003
2024-03-22,41.81383511044879,42.35815646924932,41.65548701015561,42.130531311035156,28503100,0.0,0.0,0.38660000000000005
2024-03-25,40.46787585904025,41.78414755859529,40.15117964680319,41.39817428588867,47276500,0.0,0.0,0.015157142857142869
2024-03-26,41.51693058798425,41.83362677097765,41.229923492360136,41.5565185546875,39109700,0.0,0.0,0.30521666666666664
2024-03-27,42.100843972465064,43.37752770777571,42.061256001916675,43.318145751953125,51017800,0.0,0.0,0.24972
2024-03-28,43.30824490459669,44.139573371770645,43.25876183131705,43.714012145996094,54204200,0.0,0.0,0.2502166666666667
2024-04-01,43.832776755512306,44.94121347108948,43.72391172736055,44.060401916503906,31712600,0.0,0.0,0.2989833333333333
2024-04-02,43.47649024130356,43.62494323084944,43.05092903160946,43.486385345458984,32748400,0.0,0.0,0.12724
2024-04-03,40.97261569281679,41.22003486058666,39.80479691891767,39.91366195678711,83718000,0.0,0.0,0.30204545454545456
2024-04-04,40.170973402908174,40.3590105980652,39.29016183168939,39.31985092163086,57307200,0.0,0.0,0.20681666666666668
2024-04-05,38.943775305343,39.0526403426771,38.11244675471166,38.31038284301758,67263000,0.0,0.0,0.026525
2024-04-08,38.24110374178147,38.4588338048539,37.518640266960844,37.58791732788086,56967800,0.0,0.0,0.09020999999999998
2024-04-09,37.65719128751643,38.18172241669127,36.94462675169194,37.934303283691406,78671700,0.0,0.0,0.4211444444444445
2024-04-10,37.62750590872153,37.82544198969589,36.63782927916647,36.81597137451172,51108400,0.0,0.0,0.27905
2024-04-11,37.04359529776712,37.28111556667766,36.697209999223986,37.24153137207031,41909100,0.0,0.0,0.11258888888888888
2024-04-12,36.311232680000735,36.32113156006494,35.23248504731364,35.321556091308594,80254800,0.0,0.0,0.19712857142857146
2024-04-15,35.66794464775069,36.32113103584749,35.519491651462836,35.935157775878906,50751600,0.0,0.0,0.24437499999999995
2024-04-16,35.895568587837126,36.13308884345184,35.390831437852185,35.88566970825195,30607500,0.0,0.0,0.11560000000000001
2024-04-17,35.727323119111105,35.757015983802184,35.00485966690412,35.31166076660156,41173300,0.0,0.0,0.26163749999999997
2024-04-18,35.054342816560656,35.29186685801872,34.41105530172058,34.67826843261719,42334400,0.0,0.0,0.28284
2024-04-19,34.76733858919146,34.76733858919146,33.82714510268787,33.84693908691406,59070300,0.0,0.0,0.23614999999999997
2024-04-22,34.06466652813322,34.213119527250065,33.72818011072603,34.054771423339844,39909900,0.0,0.0,0.1847833333333333
2024-04-23,33.98549508463159,34.242809343199326,33.82714697736298,33.92611312866211,46834000,0.0,0.0,0.21155625000000003
2024-04-24,34.50012494991297,34.816821142169815,33.9854926936665,34.14384078979492,53261100,0.0,0.0,0.2386375
2024-04-25,34.203222002242924,34.93558051526241,34.14384005173473,34.74754333496094,66549400,0.0,0.0,0.11954500000000001
2024-04-26,31.45192381651619,31.907176045518334,30.323691180607266,31.55088996887207,119742500,0.0,0.0,0.25769615384615385
2024-04-29,31.531096996193742,31.580580070998817,30.74925157819707,31.036258697509766,58533300,0.0,0.0,0.2531125
2024-04-30,30.719562342327688,30.858116461249818,30.105962024307132,30.155445098876953,72346400,0.0,0.0,0.1902625
2024-05-01,29.858542429729663,30.719561883042896,29.710091320581384,30.05647850036621,60654800,0.0,0.0,0.12430000000000001
2024-05-02,30.274206169169542,30.353380218588107,29.87833592207671,30.195032119750977,50899400,0.0,0.0,0.11703333333333336
2024-05-03,30.660179145133664,30.739353193831782,30.383070918519365,30.581005096435547,36794800,0.0,0.0,-0.148
2024-05-06,30.923832433223346,31.003328068462462,30.536289553022886,30.774776458740234,36185600,0.125,0.0,0.22963333333333336
2024-05-07,30.894020047360957,31.251751344198457,30.417046248461222,30.486604690551758,44683400,0.0,0.0,0.2225
2024-05-08,29.81089210510254,29.959946186562956,29.5425936212785,29.81089210510254,63734600,0.0,0.0,0.25798333333333334
2024-05-09,29.741332600527656,30.198432020098114,29.622088202412307,29.90032386779785,45003400,0.0,0.0,0.3508375
2024-05-10,30.138812358464122,30.267992059188092,29.65190133984991,29.66183853149414,42931300,0.0,0.0,0.114075
2024-05-13,29.84070274039695,30.933767233590086,29.810891166912885,30.317676544189453,51459100,0.0,0.0,0.21800000000000003
2024-05-14,30.42698497721072,30.913895991776922,30.417047785649103,30.854272842407227,47759900,0.0,0.0,0.3299875
2024-05-15,31.182192737724716,31.202067120946793,30.615786083174033,31.072887420654297,36992900,0.0,0.0,0.29895
2024-05-16,31.430616301444132,32.056644199568396,31.32131098625367,31.828094482421875,47752800,0.0,0.0,-0.1142
2024-05-17,31.8579079970722,31.907592059017553,31.390869475353796,31.629356384277344,41449800,0.0,0.0,0.28595
2024-05-20,31.649231369928607,32.21563613099912,31.55979854046339,31.897653579711914,31989000,0.0,0.0,0.41658333333333336
2024-05-21,31.77840961678809,32.036772797045785,31.420680210618762,31.5399227142334,42975400,0.0,0.0,0.22722500000000004
2024-05-22,31.708852003298507,31.867843275827525,30.90395844920465,31.221940994262695,36706400,0.0,0.0,0.5423749999999999
2024-05-23,31.25175143532453,31.37099393773446,29.68171125454082,29.8903865814209,62014500,0.0,0.0,0.2568375
2024-05-24,30.099064079939822,30.82446197812326,29.94007091639133,30.526351928710938,42434500,0.0,0.0,0.2992666666666666
2024-05-28,30.744967620329465,31.172257382164105,30.466731941725964,30.86421012878418,36799100,0.0,0.0,0.363975
2024-05-29,30.277928026901556,30.476668061101428,29.920198618797393,29.94007110595703,35848600,0.0,0.0,-0.2841
2024-05-30,30.019567311756507,30.307740177296864,29.870513230933255,29.99969482421875,33351000,0.0,0.0,0.4229333333333334
2024-05-31,30.029504942197292,30.76484006095746,29.75127115934644,30.655534744262695,95797500,0.0,0.0,0.10324166666666666
2024-06-03,30.83439895760554,30.874145826725712,29.86057507726836,30.099063873291016,35544900,0.0,0.0,0.20154
2024-06-04,30.556164699264862,30.556164699264862,29.75127113543878,29.8407039642334,51027200,0.0,0.0,0.36218571428571433
2024-06-05,30.079190259300518,30.645596899838363,29.820828969781854,30.585975646972656,44161700,0.0,0.0,0.14810555555555555
2024-06-06,30.35742448048119,30.397173246523653,29.96988348819456,30.22824478149414,34248100,0.0,0.0,0.14948571428571428
2024-06-07,30.059315502581093,30.585975266431074,30.019566737614863,30.546226501464844,34085500,0.0,0.0,-0.005699999999999997
2024-06-10,30.35742334809095,30.75490341238691,30.099063959754154,30.71515464782715,37396500,0.0,0.0,0.35258888888888884
2024-06-11,30.57603785729381,30.834399141756844,30.337550955172254,30.7250919342041,25326900,0.0,0.0,0.2799454545454545
2024-06-12,31.26168740752887,31.281561790135704,30.198432577294135,30.56610107421875,51323900,0.0,0.0,0.18151250000000002
2024-06-13,30.18849638192882,30.387236423902817,29.950009468755333,30.26799201965332,33787200,0.0,0.0,0.3994
2024-06-14,30.099065365610674,30.36736195761891,30.01956783277801,30.258056640625,28125900,0.0,0.0,0.38555
2024-06-17,30.14874866124054,30.804588127819695,29.989757390271375,30.784713745117188,36235300,0.0,0.0,0.2653875
2024-06-18,30.79465147966915,31.27162530099019,30.307740466821567,30.436920166015625,33294700,0.0,0.0,0.28595
2024-06-20,30.367361637990363,30.913895798509436,30.258056322146935,30.426984786987305,43826300,0.0,0.0,0.17205
2024-06-21,30.65553318086021,31.162318553482905,30.476667532249213,30.894020080566406,90795200,0.0,0.0,0.015299999999999994
2024-06-24,30.943704994449813,31.221940666114026,30.337551485050767,30.37729835510254,40611800,0.0,0.0,0.183
2024-06-25,30.506479631824043,30.635659327313434,30.099064267547327,30.546226501464844,29323600,0.0,0.0,0.23313333333333333
2024-06-26,30.446856525218326,30.48660529023788,30.079189925414628,30.347488403320312,30743000,0.0,0.0,0.17445
2024-06-27,30.228244464597882,30.466731372376067,30.099064766965085,30.397172927856445,30184300,0.0,0.0,0.13588333333333333
2024-06-28,30.556163935664028,31.11263338233784,30.526352361702315,30.774776458740234,41467700,0.0,0.0,0.62645
2024-07-01,30.71515590338328,30.824463115065406,30.417047738300834,30.645597457885742,32401800,0.0,0.0,-0.03182
2024-07-02,30.66547207706199,31.112634328128223,30.39717358922695,30.874147415161133,35999300,0.0,0.0,0.11463333333333332
2024-07-03,30.923832959411207,31.14244548620724,30.71515572877935,31.033138275146484,24065700,0.0,0.0,0.20287499999999994
2024-07-05,31.2020665029894,32.13614164734713,31.112633675586775,31.818159103393555,45309400,0.0,0.0,0.2494666666666667
2024-07-08,32.82179017277948,33.87510969875,32.613114843025684,33.77574157714844,82315900,0.0,0.0,0.2923125
2024-07-09,34.79924945469186,34.99798949894323,33.507444853034585,34.3719596862793,97546900,0.0,0.0,0.20306363636363634
2024-07-10,34.22290250728898,34.7495641747144,33.91485905060243,34.65019226074219,52256200,0.0,0.0,0.340425
2024-07-11,34.809184100885474,34.928430399599435,33.10002884981283,33.2888298034668,55213700,0.0,0.0,0.3759666666666666
2024-07-12,33.55712801341558,35.25634795426933,33.55712801341558,34.27259063720703,62792600,0.0,0.0,0.35015
2024-07-15,34.48126375284248,35.00792159998404,34.093722786783545,34.242774963378906,39847900,0.0,0.0,0.3577
2024-07-16,34.143409539494236,34.232842368767805,33.626686947097056,34.12353515625,28409900,0.0,0.0,0.21033333333333334
2024-07-17,35.85256576329393,36.925755839253235,34.18315560900105,34.242774963378906,112304200,0.0,0.0,0.1631
2024-07-18,34.73962508799172,36.07117841001198,34.31233533453851,34.65019226074219,84188600,0.0,0.0,-0.2807
2024-07-19,34.35208356711346,34.362022653681926,32.64292457982029,32.7721061706543,69628700,0.0,0.0,0.15991666666666668
2024-07-22,33.07021606470152,33.19939766232487,32.55349346485917,33.15964889526367,48503700,0.0,0.0,0.4345833333333333
2024-07-23,32.75223342263411,33.020531913608885,32.623055616004486,32.7422981262207,29466400,0.0,0.0,0.35015
2024-07-24,32.32494148650973,32.59323995949019,31.460426711784343,31.50017547607422,62216700,0.0,0.0,0.0
2024-07-25,31.17225584068728,31.78834652633028,30.754903291082982,30.90395736694336,49774000,0.0,0.0,0.0
2024-07-26,31.23187753157216,31.361057227049322,30.824462167334016,31.152381896972656,38352500,0.0,0.0,0.0
2024-07-29,31.221941203638227,31.27162526588968,30.595913300772725,30.63566017150879,32342200,0.0,0.0,0.46585000000000004
2024-07-30,30.655533712816226,30.715154964946016,29.820828601697457,29.94007110595703,48256600,0.0,0.0,0.3938
2024-07-31,30.34748836260998,30.675408092279664,30.08912707630577,30.546226501464844,56110600,0.0,0.0,0.5381250000000001
2024-08-01,30.238180548162198,30.516414316046976,28.70788724349436,28.866878509521484,107672500,0.0,0.0,-0.4478
2024-08-02,21.801700111553938,21.8414469830145,20.291281089542203,21.3445987701416,300895900,0.0,0.0,-0.17870000000000003
2024-08-05,20.072667229540986,20.26146817330116,19.168403693593557,19.983234405517578,147385700,0.0,0.0,-0.4507
2024-08-06,20.191910941842604,20.4999563012095,19.62550428595571,19.704999923706055,106670400,0.0,0.0,0.10851666666666666
2024-08-07,19.920000076293945,20.25,18.950000762939453,18.989999771118164,97972300,0.125,0.0,0.38766666666666666
2024-08-08,19.100000381469727,20.549999237060547,18.84000015258789,20.489999771118164,96836800,0.0,0.0,0.0
2024-08-09,20.079999923706055,20.149999618530273,19.5,19.709999084472656,76394500,0.0,0.0,0.07655
2024-08-12,19.8700008392334,19.969999313354492,19.0,19.360000610351562,54677600,0.0,0.0,0.39335
2024-08-13,19.479999542236328,20.479999542236328,19.469999313354492,20.469999313354492,77511300,0.0,0.0,0.0
2024-08-14,20.489999771118164,20.5,19.790000915527344,19.920000076293945,56758200,0.0,0.0,0.025783333333333363
2024-08-15,20.31999969482422,21.059999465942383,20.229999542236328,20.690000534057617,84814900,0.0,0.0,-0.012469999999999992
2024-08-16,20.530000686645508,20.899999618530273,20.40999984741211,20.8700008392334,48582700,0.0,0.0,0.2143
2024-08-19,20.889999389648438,21.860000610351562,20.84000015258789,21.520000457763672,65956300,0.0,0.0,0.5714666666666667
2024-08-20,21.209999084472656,21.229999542236328,20.81999969482422,20.989999771118164,84161300,0.0,0.0,0.22266250000000004
2024-08-21,21.06999969482422,21.440000534057617,21.06999969482422,21.40999984741211,57028900,0.0,0.0,0.0
2024-08-22,21.389999389648438,21.399999618530273,20.040000915527344,20.100000381469727,81444700,0.0,0.0,0.36655
2024-08-23,20.31999969482422,20.93000030517578,20.260000228881836,20.540000915527344,73398400,0.0,0.0,0.3157666666666667
2024-08-26,20.530000686645508,20.559999465942383,19.950000762939453,20.1299991607666,58534800,0.0,0.0,0.25335
2024-08-27,20.1299991607666,20.260000228881836,19.84000015258789,20.06999969482422,43862000,0.0,0.0,0.3891125
2024-08-28,19.979999542236328,20.110000610351562,19.510000228881836,19.610000610351562,50144900,0.0,0.0,0.2551
2024-08-29,19.760000228881836,20.600000381469727,19.75,20.1299991607666,64529700,0.0,0.0,-8.750000000000424e-05
2024-08-30,21.25,22.1200008392334,21.0,22.040000915527344,177785400,0.0,0.0,-0.014250000000000004
2024-09-03,21.540000915527344,21.690000534057617,19.989999771118164,20.100000381469727,115305500,0.0,0.0,0.13643333333333332
2024-09-04,19.760000228881836,20.049999237060547,19.280000686645508,19.43000030517578,85871900,0.0,0.0,0.23373750000000001
2024-09-05,19.280000686645508,19.899999618530273,19.239999771118164,19.399999618530273,65388800,0.0,0.0,0.07238750000000002
2024-09-06,19.440000534057617,19.489999771118164,18.639999389648438,18.889999389648438,92686500,0.0,0.0,0.038612499999999994
2024-09-09,19.0,19.540000915527344,18.950000762939453,19.06999969482422,64244100,0.0,0.0,0.1591
2024-09-10,19.030000686645508,19.110000610351562,18.510000228881836,18.979999542236328,55621300,0.0,0.0,0.36425
2024-09-11,19.010000228881836,19.690000534057617,18.520000457763672,19.639999389648438,71403100,0.0,0.0,-0.37135
2024-09-12,19.43000030517578,19.540000915527344,19.040000915527344,19.360000610351562,51520600,0.0,0.0,0.26335
2024-09-13,19.489999771118164,19.799999237060547,19.489999771118164,19.65999984741211,44236300,0.0,0.0,0.0
2024-09-16,20.030000686645508,21.06999969482422,19.760000228881836,20.90999984741211,149337000,0.0,0.0,0.19069999999999998
2024-09-17,21.709999084472656,22.579999923706055,21.239999771118164,21.469999313354492,196249800,0.0,0.0,0.3214
2024-09-18,21.360000610351562,21.739999771118164,20.719999313354492,20.770000457763672,118727900,0.0,0.0,0.36985
2024-09-19,21.280000686645508,21.690000534057617,21.030000686645508,21.139999389648438,99829200,0.0,0.0,0.25819000000000003
2024-09-20,20.889999389648438,23.139999389648438,20.350000381469727,21.84000015258789,260377900,0.0,0.0,0.09485
2024-09-23,22.43000030517578,22.81999969482422,22.030000686645508,22.559999465942383,184439100,0.0,0.0,0.23681666666666668
2024-09-24,22.530000686645508,23.110000610351562,22.290000915527344,22.809999465942383,113082500,0.0,0.0,0.3045333333333334
2024-09-25,22.799999237060547,24.059999465942383,22.729999542236328,23.540000915527344,117013400,0.0,0.0,0.2512
2024-09-26,24.280000686645508,24.420000076293945,23.25,23.920000076293945,95416900,0.0,0.0,0.29681250000000003
2024-09-27,24.15999984741211,24.65999984741211,23.700000762939453,23.90999984741211,85883300,0.0,0.0,0.35967499999999997
2024-09-30,23.739999771118164,23.950000762939453,23.09000015258789,23.459999084472656,66308200,0.0,0.0,0.372875
2024-10-01,23.459999084472656,23.719999313354492,22.260000228881836,22.690000534057617,86344400,0.0,0.0,0.34685
2024-10-02,22.670000076293945,23.06999969482422,22.350000381469727,22.389999389648438,59033900,0.0,0.0,0.0
2024-10-03,22.139999389648438,22.729999542236328,21.649999618530273,22.260000228881836,49565900,0.0,0.0,0.3548
2024-10-04,22.700000762939453,22.90999984741211,22.299999237060547,22.59000015258789,49845500,0.0,0.0,0.0
2024-10-07,22.399999618530273,22.649999618530273,22.020000457763672,22.3799991607666,54928700,0.0,0.0,0.31834999999999997
2024-10-08,22.25,23.420000076293945,22.049999237060547,23.31999969482422,58650500,0.0,0.0,0.57875
2024-10-09,23.25,23.479999542236328,23.059999465942383,23.459999084472656,44759000,0.0,0.0,0.0
2024-10-10,23.190000534057617,23.530000686645508,22.959999084472656,23.219999313354492,44874600,0.0,0.0,0.14267
2024-10-11,23.049999237060547,23.81999969482422,22.979999542236328,23.559999465942383,43585300,0.0,0.0,0.15811666666666666
2024-10-14,23.579999923706055,23.770000457763672,23.270000457763672,23.440000534057617,35403600,0.0,0.0,0.21464999999999998
2024-10-15,23.40999984741211,23.719999313354492,22.469999313354492,22.65999984741211,68900600,0.0,0.0,0.194025
2024-10-16,22.3799991607666,22.540000915527344,21.739999771118164,22.309999465942383,62151800,0.0,0.0,0.12334166666666667
2024-10-17,22.719999313354492,22.81999969482422,22.399999618530273,22.440000534057617,43807600,0.0,0.0,0.1591
2024-10-18,22.610000610351562,22.81999969482422,22.5,22.770000457763672,39971700,0.0,0.0,0.189
2024-10-21,22.610000610351562,22.8799991607666,22.25,22.84000015258789,39727000,0.0,0.0,0.18878750000000005
2024-10-22,22.729999542236328,22.81999969482422,22.170000076293945,22.399999618530273,50160400,0.0,0.0,0.0
2024-10-23,22.299999237060547,22.43000030517578,21.579999923706055,21.979999542236328,45799100,0.0,0.0,0.0
2024-10-24,22.09000015258789,22.3700008392334,21.969999313354492,22.34000015258789,40554400,0.0,0.0,0.0
2024-10-25,22.420000076293945,23.34000015258789,22.40999984741211,22.68000030517578,67503000,0.0,0.0,0.635325
2024-10-28,22.670000076293945,23.270000457763672,22.559999465942383,22.920000076293945,41915000,0.0,0.0,0.184925
2024-10-29,22.8700008392334,23.139999389648438,22.40999984741211,22.899999618530273,83422200,0.0,0.0,-0.0877
2024-10-30,22.420000076293945,22.93000030517578,22.260000228881836,22.299999237060547,50941200,0.0,0.0,0.7319
2024-10-31,22.149999618530273,22.25,21.469999313354492,21.520000457763672,112485500,0.0,0.0,0.0
2024-11-01,23.0,23.579999923706055,21.90999984741211,23.200000762939453,173471100,0.0,0.0,0.22608333333333333
2024-11-04,22.959999084472656,23.0,22.0,22.520000457763672,84616300,0.0,0.0,0.1385
2024-11-05,22.579999923706055,23.579999923706055,22.399999618530273,23.31999969482422,59153300,0.0,0.0,0.36091999999999996
2024-11-06,24.299999237060547,25.1200008392334,24.049999237060547,25.049999237060547,116760500,0.0,0.0,0.22349999999999998
2024-11-07,25.43000030517578,26.3799991607666,25.190000534057617,26.229999542236328,101489300,0.0,0.0,0.49365000000000003
2024-11-08,26.0,26.43000030517578,25.829999923706055,26.200000762939453,76428000,0.0,0.0,0.1909
2024-11-11,25.959999084472656,26.290000915527344,24.829999923706055,25.049999237060547,80185300,0.0,0.0,0.0
2024-11-12,24.65999984741211,24.959999084472656,23.889999389648438,24.15999984741211,62539700,0.0,0.0,0.30806666666666666
2024-11-13,24.059999465942383,25.139999389648438,24.020000457763672,24.920000076293945,58202000,0.0,0.0,0.11315
2024-11-14,25.1200008392334,25.610000610351562,24.93000030517578,25.030000686645508,49252100,0.0,0.0,0.27985
2024-11-15,24.809999465942383,24.81999969482422,24.229999542236328,24.350000381469727,55104900,0.0,0.0,0.4037
2024-11-18,24.329999923706055,25.020000457763672,24.15999984741211,24.84000015258789,59589500,0.0,0.0,0.0
2024-11-19,24.5,24.540000915527344,24.100000381469727,24.200000762939453,61190900,0.0,0.0,0.47292500000000004
2024-11-20,24.06999969482422,24.209999084472656,23.549999237060547,24.010000228881836,50191500,0.0,0.0,0.3982
2024-11-21,24.079999923706055,24.770000457763672,23.829999923706055,24.440000534057617,58928400,0.0,0.0,0.0
2024-11-22,24.350000381469727,24.68000030517578,24.139999389648438,24.5,36784700,0.0,0.0,0.0
2024-11-25,25.040000915527344,25.56999969482422,24.760000228881836,24.8700008392334,91128400,0.0,0.0,-0.021325000000000024
2024-11-26,24.950000762939453,24.989999771118164,23.809999465942383,24.049999237060547,69613600,0.0,0.0,0.1593
2024-11-27,23.829999923706055,23.93000030517578,23.059999465942383,23.649999618530273,53992300,0.0,0.0,0.33055
2024-11-29,23.719999313354492,24.280000686645508,23.600000381469727,24.049999237060547,36616800,0.0,0.0,0.07277499999999999
2024-12-02,24.84000015258789,25.479999542236328,23.440000534057617,23.93000030517578,150497900,0.0,0.0,0.08063333333333335
2024-12-03,23.68000030517578,23.75,22.440000534057617,22.469999313354492,138160500,0.0,0.0,0.3592
2024-12-04,22.530000686645508,22.540000915527344,21.809999465942383,21.959999084472656,104649000,0.0,0.0,0.3306125
2024-12-05,22.040000915527344,22.190000534057617,20.65999984741211,20.799999237060547,167993500,0.0,0.0,-0.1406
2024-12-06,20.950000762939453,21.049999237060547,20.65999984741211,20.920000076293945,78539100,0.0,0.0,0.411125
2024-12-09,20.920000076293945,21.059999465942383,20.729999542236328,20.809999465942383,68818200,0.0,0.0,0.0
2024-12-10,20.829999923706055,20.860000610351562,19.959999084472656,20.15999984741211,90004800,0.0,0.0,-0.14055
2024-12-11,20.139999389648438,20.25,19.8700008392334,20.1200008392334,75209300,0.0,0.0,0.2399166666666667
2024-12-12,20.020000457763672,20.899999618530273,19.920000076293945,20.780000686645508,77695000,0.0,0.0,0.3439
2024-12-13,20.600000381469727,20.799999237060547,20.25,20.34000015258789,55104100,0.0,0.0,0.12580000000000002
2024-12-16,20.170000076293945,21.100000381469727,20.0,20.829999923706055,73832900,0.0,0.0,0.0
2024-12-17,20.639999389648438,20.770000457763672,20.290000915527344,20.440000534057617,51767200,0.0,0.0,0.2407
2024-12-18,20.479999542236328,20.579999923706055,19.209999084472656,19.299999237060547,86041200,0.0,0.0,0.5104500000000001
2024-12-19,19.530000686645508,19.690000534057617,19.030000686645508,19.059999465942383,69117800,0.0,0.0,0.628925
2024-12-20,18.969999313354492,19.760000228881836,18.899999618530273,19.520000457763672,108453700,0.0,0.0,0.23835
2024-12-23,19.579999923706055,20.229999542236328,19.520000457763672,20.200000762939453,57988400,0.0,0.0,0.514775
2024-12-24,20.219999313354492,20.399999618530273,19.959999084472656,20.399999618530273,29884000,0.0,0.0,0.23949999999999996
2024-12-26,20.229999542236328,20.670000076293945,20.079999923706055,20.440000534057617,39846200,0.0,0.0,0.0
2024-12-27,20.209999084472656,20.610000610351562,20.09000015258789,20.299999237060547,48260800,0.0,0.0,0.0
2024-12-30,20.010000228881836,20.110000610351562,19.729999542236328,19.81999969482422,59608100,0.0,0.0,0.6987
2024-12-31,19.989999771118164,20.399999618530273,19.8799991607666,20.049999237060547,49846700,0.0,0.0,-0.31845
2025-01-02,20.229999542236328,20.43000030517578,20.0,20.219999313354492,46438500,0.0,0.0,-0.20095
2025-01-03,20.389999389648438,20.670000076293945,20.059999465942383,20.559999465942383,48983900,0.0,0.0,0.35150000000000003
2025-01-06,20.829999923706055,20.979999542236328,19.780000686645508,19.8700008392334,83271000,0.0,0.0,0.38485
2025-01-07,20.020000457763672,20.34000015258789,19.899999618530273,20.010000228881836,61726100,0.0,0.0,-0.07655
2025-01-08,19.829999923706055,20.1200008392334,19.709999084472656,19.8799991607666,47897100,0.0,0.0,0.0
2025-01-10,19.65999984741211,19.65999984741211,18.90999984741211,19.149999618530273,71244600,0.0,0.0,-0.106
2025-01-13,18.920000076293945,19.25,18.729999542236328,19.200000762939453,50669000,0.0,0.0,0.5888
2025-01-14,19.360000610351562,19.520000457763672,18.81999969482422,19.200000762939453,47147500,0.0,0.0,0.64625
2025-01-15,19.399999618530273,19.770000457763672,19.170000076293945,19.719999313354492,56306000,0.0,0.0,-0.10115
2025-01-16,19.75,19.950000762939453,19.399999618530273,19.670000076293945,44898100,0.0,0.0,-0.51285
2025-01-17,21.260000228881836,21.6200008392334,20.790000915527344,21.489999771118164,166483900,0.0,0.0,0.26497000000000004
2025-01-21,22.030000686645508,22.40999984741211,21.75,21.770000457763672,96262200,0.0,0.0,0.07365000000000001
2025-01-22,21.729999542236328,22.290000915527344,21.56999969482422,21.860000610351562,60972600,0.0,0.0,0.0
2025-01-23,21.690000534057617,21.75,21.350000381469727,21.56999969482422,55778200,0.0,0.0,0.2787
2025-01-24,21.360000610351562,21.40999984741211,20.75,20.829999923706055,66300600,0.0,0.0,0.0
2025-01-27,20.809999465942383,21.059999465942383,20.139999389648438,20.290000915527344,83582100,0.0,0.0,0.32381666666666664
2025-01-28,20.34000015258789,20.34000015258789,19.739999771118164,19.799999237060547,73411400,0.0,0.0,0.4842
2025-01-29,19.8700008392334,20.079999923706055,19.65999984741211,19.75,86506800,0.0,0.0,-0.007699999999999985
2025-01-30,19.719999313354492,20.100000381469727,19.43000030517578,20.010000228881836,108167000,0.0,0.0,0.2117
2025-01-31,20.100000381469727,20.329999923706055,19.3799991607666,19.43000030517578,117081700,0.0,0.0,0.2793666666666667
2025-02-03,18.969999313354492,19.75,18.780000686645508,19.3799991607666,77523100,0.0,0.0,0.012650000000000002
2025-02-04,19.100000381469727,19.530000686645508,19.020000457763672,19.290000915527344,54098200,0.0,0.0,0.200175
2025-02-05,19.190000534057617,19.770000457763672,18.90999984741211,19.649999618530273,66059200,0.0,0.0,0.67015
2025-02-06,19.510000228881836,19.700000762939453,19.219999313354492,19.3799991607666,45553800,0.0,0.0,0.0
2025-02-07,19.350000381469727,19.360000610351562,19.030000686645508,19.100000381469727,58277900,0.0,0.0,0.14205
2025-02-10,19.25,20.079999923706055,19.239999771118164,19.770000457763672,73007300,0.0,0.0,0.3077
2025-02-11,19.8700008392334,21.8799991607666,19.860000610351562,20.969999313354492,150960700,0.0,0.0,0.03526666666666666
2025-02-12,21.979999542236328,22.559999465942383,20.93000030517578,22.479999542236328,162631200,0.0,0.0,0.381425
2025-02-13,22.84000015258789,24.829999923706055,22.790000915527344,24.1299991607666,248661300,0.0,0.0,0.0
2025-02-14,24.360000610351562,25.190000534057617,22.860000610351562,23.600000381469727,230254100,0.0,0.0,0.3127625
2025-02-18,24.600000381469727,27.549999237060547,24.489999771118164,27.389999389648438,284292200,0.0,0.0,0.5566875
2025-02-19,25.979999542236328,26.329999923706055,25.459999084472656,25.719999313354492,151881700,0.0,0.0,-0.03559999999999999
2025-02-20,25.559999465942383,26.1200008392334,24.479999542236328,26.09000015258789,144939600,0.0,0.0,0.0945
2025-02-21,25.959999084472656,26.290000915527344,24.84000015258789,24.8700008392334,111630900,0.0,0.0,0.66445
2025-02-24,24.549999237060547,24.799999237060547,23.6200008392334,24.270000457763672,91358100,0.0,0.0,0.055083333333333345
2025-02-25,24.209999084472656,24.280000686645508,22.770000457763672,22.989999771118164,88886500,0.0,0.0,-0.13979999999999998
2025-02-26,23.25,23.81999969482422,23.209999084472656,23.520000457763672,67449300,0.0,0.0,0.539275
2025-02-27,23.700000762939453,24.399999618530273,23.06999969482422,23.09000015258789,97871900,0.0,0.0,0.1691
2025-02-28,23.020000457763672,24.440000534057617,22.639999389648438,23.729999542236328,104133800,0.0,0.0,0.42955
2025-03-03,25.0,25.040000915527344,22.520000457763672,22.739999771118164,141348700,0.0,0.0,0.11805
2025-03-04,22.540000915527344,22.6299991607666,20.760000228881836,21.329999923706055,152182200,0.0,0.0,0.0129
2025-03-05,21.329999923706055,21.360000610351562,20.18000030517578,20.809999465942383,127219300,0.0,0.0,0.06535
2025-03-06,20.260000228881836,21.1299991607666,20.0,20.75,96466400,0.0,0.0,0.30067499999999997
2025-03-07,20.270000457763672,21.200000762939453,20.110000610351562,20.639999389648438,81099600,0.0,0.0,0.0
2025-03-10,20.239999771118164,20.510000228881836,19.649999618530273,19.93000030517578,82760600,0.0,0.0,0.4691
2025-03-11,19.969999313354492,20.059999465942383,19.290000915527344,19.780000686645508,80789000,0.0,0.0,0.0
2025-03-12,20.790000915527344,21.170000076293945,20.209999084472656,20.68000030517578,128671100,0.0,0.0,0.308025
2025-03-13,23.5,24.530000686645508,23.1299991607666,23.700000762939453,243261000,0.0,0.0,0.33852499999999996
2025-03-14,23.68000030517578,24.3700008392334,23.520000457763672,24.049999237060547,116901600,0.0,0.0,0.4935666666666667
2025-03-17,24.420000076293945,26.149999618530273,24.3700008392334,25.690000534057617,160723600,0.0,0.0,0.3723
2025-03-18,25.549999237060547,26.40999984741211,25.389999389648438,25.920000076293945,132488800,0.0,0.0,0.50335
2025-03-19,24.899999618530273,25.229999542236328,24.030000686645508,24.1200008392334,135491400,0.0,0.0,0.8120499999999999
2025-03-20,23.770000457763672,24.309999465942383,23.729999542236328,23.959999084472656,68937600,0.0,0.0,0.13775000000000004
2025-03-21,23.600000381469727,24.700000762939453,23.489999771118164,24.260000228881836,94110700,0.0,0.0,0.42955
2025-03-24,24.719999313354492,24.989999771118164,24.1299991607666,24.219999313354492,69169000,0.0,0.0,0.5023
2025-03-25,24.18000030517578,24.75,24.110000610351562,24.200000762939453,51743300,0.0,0.0,0.0
2025-03-26,24.25,24.420000076293945,23.25,23.420000076293945,59496700,0.0,0.0,0.0
2025-03-27,23.290000915527344,23.760000228881836,22.860000610351562,23.6200008392334,57720600,0.0,0.0,0.0
2025-03-28,23.350000381469727,23.579999923706055,22.559999465942383,22.709999084472656,58365300,0.0,0.0,0.0
2025-03-31,22.3799991607666,22.75,21.75,22.709999084472656,65832000,0.0,0.0,0.5524
2025-04-01,22.559999465942383,22.6200008392334,21.65999984741211,22.049999237060547,64060400,0.0,0.0,0.26038333333333336
2025-04-02,21.889999389648438,22.3799991607666,21.700000762939453,21.979999542236328,58878800,0.0,0.0,0.0
2025-04-03,21.399999618530273,23.899999618530273,20.860000610351562,22.43000030517578,242972100,0.0,0.0,-0.020000000000000018
2025-04-04,21.700000762939453,22.200000762939453,19.700000762939453,19.850000381469727,175014700,0.0,0.0,0.38615
2025-04-07,19.139999389648438,20.670000076293945,18.559999465942383,19.56999969482422,142491200,0.0,0.0,0.0
2025-04-08,20.059999465942383,20.389999389648438,17.670000076293945,18.1299991607666,163982700,0.0,0.0,0.0
2025-04-09,18.06999969482422,21.729999542236328,17.979999542236328,21.530000686645508,224183500,0.0,0.0,-0.14085000000000003
2025-04-10,20.68000030517578,20.81999969482422,19.15999984741211,19.8799991607666,129064900,0.0,0.0,-0.1806
2025-04-11,19.25,19.799999237060547,18.18000030517578,19.739999771118164,128425800,0.0,0.0,0.28875
2025-04-14,20.59000015258789,21.049999237060547,19.979999542236328,20.309999465942383,101964400,0.0,0.0,0.56305
2025-04-15,20.200000762939453,20.469999313354492,19.809999465942383,19.850000381469727,64056900,0.0,0.0,-0.030949999999999978
2025-04-16,19.34000015258789,19.43000030517578,18.719999313354492,19.229999542236328,89469700,0.0,0.0,0.342225
2025-04-17,18.90999984741211,19.100000381469727,18.559999465942383,18.93000030517578,85646700,0.0,0.0,0.4012833333333334
2025-04-21,18.93000030517578,18.989999771118164,18.25,18.84000015258789,72409900,0.0,0.0,0.24967500000000004
2025-04-22,19.059999465942383,19.739999771118164,19.040000915527344,19.510000228881836,83365600,0.0,0.0,0.21303333333333332
2025-04-23,20.719999313354492,21.030000686645508,20.309999465942383,20.59000015258789,97188100,0.0,0.0,0.12001666666666665
2025-04-24,21.040000915527344,21.549999237060547,20.8799991607666,21.489999771118164,117086200,0.0,0.0,0.10501666666666665
2025-04-25,19.729999542236328,20.18000030517578,19.34000015258789,20.049999237060547,147711200,0.0,0.0,0.1902
2025-04-28,20.1200008392334,21.079999923706055,20.049999237060547,20.510000228881836,96624400,0.0,0.0,0.0
2025-04-29,20.309999465942383,20.850000381469727,20.219999313354492,20.34000015258789,70031900,0.0,0.0,-0.07730000000000001
2025-04-30,19.709999084472656,20.18000030517578,19.549999237060547,20.100000381469727,68297300,0.0,0.0,0.35015
2025-05-01,20.219999313354492,20.649999618530273,19.940000534057617,19.979999542236328,72607500,0.0,0.0,0.0
2025-05-02,20.260000228881836,20.780000686645508,20.209999084472656,20.6200008392334,63298500,0.0,0.0,0.8438
2025-05-05,20.389999389648438,20.579999923706055,20.239999771118164,20.270000457763672,44237000,0.0,0.0,0.0
2025-05-06,19.920000076293945,20.1200008392334,19.770000457763672,19.940000534057617,51330800,0.0,0.0,0.3243
2025-05-07,19.969999313354492,20.3700008392334,19.81999969482422,20.309999465942383,61002600,0.0,0.0,0.3601
2025-05-08,21.010000228881836,21.239999771118164,20.639999389648438,21.0,71651700,0.0,0.0,0.20095
2025-05-09,21.200000762939453,21.450000762939453,20.829999923706055,21.420000076293945,51768600,0.0,0.0,0.42935
2025-05-12,22.18000030517578,22.670000076293945,21.8799991607666,22.18000030517578,94578700,0.0,0.0,0.0
2025-05-13,22.360000610351562,22.8799991607666,22.299999237060547,22.559999465942383,76850400,0.0,0.0,0.0
2025-05-14,22.350000381469727,22.459999084472656,21.459999084472656,21.520000457763672,91584800,0.0,0.0,0.0258
2025-05-15,21.229999542236328,21.6299991607666,21.190000534057617,21.549999237060547,66705500,0.0,0.0,0.2294
2025-05-16,21.530000686645508,21.760000228881836,21.350000381469727,21.65999984741211,55795100,0.0,0.0,0.0
2025-05-19,21.18000030517578,21.559999465942383,21.049999237060547,21.3799991607666,64279100,0.0,0.0,0.3782
2025-05-20,21.329999923706055,21.40999984741211,21.1200008392334,21.270000457763672,48497400,0.0,0.0,-0.15889999999999999
2025-05-21,21.190000534057617,21.6299991607666,20.59000015258789,20.690000534057617,62904700,0.0,0.0,0.1909
2025-05-22,20.729999542236328,20.899999618530273,20.510000228881836,20.549999237060547,56077500,0.0,0.0,0.15288333333333334
2025-05-23,20.15999984741211,20.270000457763672,19.940000534057617,20.049999237060547,68206100,0.0,0.0,0.0
2025-05-27,20.440000534057617,20.670000076293945,20.18000030517578,20.549999237060547,69504600,0.0,0.0,0.0
2025-05-28,20.56999969482422,20.639999389648438,20.329999923706055,20.3700008392334,46096500,0.0,0.0,0.5191
2025-05-29,20.540000915527344,20.600000381469727,20.100000381469727,20.25,66372200,0.0,0.0,0.0
2025-05-30,20.260000228881836,20.260000228881836,19.309999465942383,19.549999237060547,114281900,0.0,0.0,0.6924
2025-06-02,19.479999542236328,19.81999969482422,19.3700008392334,19.739999771118164,67885500,0.0,0.0,0.0
2025-06-03,19.75,20.40999984741211,19.399999618530273,20.290000915527344,80401900,0.0,0.0,0.0
2025-06-04,20.34000015258789,20.5,20.010000228881836,20.25,71166500,0.0,0.0,0.0
2025-06-05,20.270000457763672,20.549999237060547,19.850000381469727,19.989999771118164,72458400,0.0,0.0,0.3055
2025-06-06,20.170000076293945,20.440000534057617,20.030000686645508,20.059999465942383,70072800,0.0,0.0,0.0
2025-06-09,20.219999313354492,20.959999084472656,20.219999313354492,20.479999542236328,92893900,0.0,0.0,0.0
2025-06-10,20.5,22.440000534057617,20.280000686645508,22.079999923706055,171457000,0.0,0.0,0.0
2025-06-11,21.780000686645508,21.829999923706055,20.3799991607666,20.68000030517578,146784500,0.0,0.0,0.22115
2025-06-12,20.5,20.979999542236328,20.40999984741211,20.770000457763672,78175900,0.0,0.0,0.0
2025-06-13,20.329999923706055,20.600000381469727,20.100000381469727,20.139999389648438,87655900,0.0,0.0,0.0
2025-06-16,20.40999984741211,20.93000030517578,20.299999237060547,20.739999771118164,86745100,0.0,0.0,0.67995
2025-06-17,20.6299991607666,21.479999542236328,20.6200008392334,20.799999237060547,87512200,0.0,0.0,0.0
2025-06-18,20.809999465942383,21.600000381469727,20.65999984741211,21.489999771118164,94200600,0.0,0.0,0.0
2025-06-20,21.700000762939453,21.889999389648438,20.8799991607666,21.079999923706055,133472800,0.0,0.0,0.0
2025-06-23,21.06999969482422,21.579999923706055,20.729999542236328,21.190000534057617,81461000,0.0,0.0,0.0
2025-06-24,21.34000015258789,22.690000534057617,21.329999923706055,22.549999237060547,130368700,0.0,0.0,0.25255
2025-06-25,22.579999923706055,22.770000457763672,22.1299991607666,22.200000762939453,64975100,0.0,0.0,0.220125
2025-06-26,22.399999618530273,22.6200008392334,22.209999084472656,22.5,63229300,0.0,0.0,0.0
2025-06-27,22.709999084472656,23.3799991607666,22.420000076293945,22.690000534057617,95542400,0.0,0.0,0.23835
2025-06-30,22.969999313354492,22.969999313354492,22.270000457763672,22.399999618530273,77102400,0.0,0.0,0.0
2025-07-01,22.329999923706055,23.15999984741211,22.280000686645508,22.850000381469727,79094900,0.0,0.0,0.0
2025-07-02,22.530000686645508,22.770000457763672,21.520000457763672,21.8799991607666,138245300,0.0,0.0,0.0
2025-07-03,22.149999618530273,22.6299991607666,21.989999771118164,22.489999771118164,61176000,0.0,0.0,0.0
2025-07-07,22.209999084472656,22.389999389648438,21.860000610351562,22.0,80725200,0.0,0.0,0.0
2025-07-08,22.18000030517578,23.790000915527344,22.1299991607666,23.59000015258789,119545500,0.0,0.0,-0.11720000000000003
2025-07-09,23.290000915527344,23.530000686645508,23.1299991607666,23.440000534057617,70247700,0.0,0.0,0.32985
2025-07-10,23.6299991607666,24.040000915527344,23.479999542236328,23.81999969482422,54599800,0.0,0.0,0.17
2025-07-11,23.559999465942383,23.65999984741211,23.15999984741211,23.43000030517578,49367900,0.0,0.0,0.0
2025-07-14,23.239999771118164,23.399999618530273,22.8799991607666,23.299999237060547,48420500,0.0,0.0,-0.040600000000000004
2025-07-15,23.56999969482422,23.780000686645508,22.899999618530273,22.920000076293945,66099400,0.0,0.0,0.203875
2025-07-16,22.989999771118164,23.1299991607666,22.25,22.690000534057617,58865900,0.0,0.0,0.4496
2025-07-17,22.65999984741211,23.049999237060547,22.59000015258789,22.799999237060547,49384000,0.0,0.0,-0.148
2025-07-18,23.219999313354492,23.59000015258789,22.899999618530273,23.100000381469727,60195600,0.0,0.0,0.0
2025-07-21,23.399999618530273,23.829999923706055,23.15999984741211,23.260000228881836,61658000,0.0,0.0,0.1626125
2025-07-22,23.34000015258789,23.540000915527344,23.079999923706055,23.239999771118164,53969800,0.0,0.0,0.29295
2025-07-23,23.260000228881836,23.6200008392334,22.920000076293945,23.489999771118164,68711700,0.0,0.0,0.16700000000000004
2025-07-24,23.489999771118164,23.579999923706055,22.600000381469727,22.6299991607666,131963300,0.0,0.0,0.462975
2025-07-25,20.68000030517578,21.049999237060547,20.360000610351562,20.700000762939453,245077700,0.0,0.0,0.01188333333333332
2025-07-28,20.81999969482422,21.290000915527344,20.649999618530273,20.68000030517578,86105600,0.0,0.0,0.0
2025-07-29,20.690000534057617,20.850000381469727,20.34000015258789,20.40999984741211,100831500,0.0,0.0,0.31210000000000004
2025-07-30,20.43000030517578,20.6200008392334,20.079999923706055,20.34000015258789,67420300,0.0,0.0,0.1971
2025-07-31,20.170000076293945,20.229999542236328,19.65999984741211,19.799999237060547,90665200,0.0,0.0,0.61815
2025-08-01,19.5,19.549999237060547,18.969999313354492,19.309999465942383,86496100,0.0,0.0,0.1806
2025-08-04,19.520000457763672,19.59000015258789,19.350000381469727,19.5,69249400,0.0,0.0,0.4063
2025-08-05,19.700000762939453,20.540000915527344,19.68000030517578,20.190000534057617,97338200,0.0,0.0,0.5002333333333334
2025-08-06,20.1200008392334,20.479999542236328,19.8700008392334,20.40999984741211,67074200,0.0,0.0,0.1717
2025-08-07,20.0,20.440000534057617,19.600000381469727,19.770000457763672,131382800,0.0,0.0,-0.61215
2025-08-08,20.0,20.020000457763672,19.610000610351562,19.950000762939453,75415000,0.0,0.0,0.16017499999999998
2025-08-11,20.450000762939453,21.600000381469727,20.440000534057617,20.649999618530273,175545600,0.0,0.0,-0.27115
2025-08-12,21.200000762939453,21.860000610351562,20.760000228881836,21.809999465942383,134153600,0.0,0.0,0.21075
2025-08-13,21.6200008392334,22.299999237060547,21.360000610351562,22.219999313354492,86024400,0.0,0.0,0.44773333333333337
2025-08-14,21.989999771118164,24.200000762939453,21.899999618530273,23.860000610351562,188052500,0.0,0.0,0.5445500000000001
2025-08-15,25.010000228881836,25.649999618530273,24.110000610351562,24.559999465942383,310161100,0.0,0.0,0.19381666666666666
2025-08-18,24.0,24.899999618530273,23.209999084472656,23.65999984741211,212515600,0.0,0.0,0.061099999999999995
2025-08-19,24.940000534057617,26.530000686645508,24.940000534057617,25.309999465942383,297659200,0.0,0.0,0.1660625
2025-08-20,24.899999618530273,24.93000030517578,23.329999923706055,23.540000915527344,161149400,0.0,0.0,0.14277499999999999
2025-08-21,23.530000686645508,23.56999969482422,22.780000686645508,23.5,97718300,0.0,0.0,0.31139999999999995
2025-08-22,23.649999618530273,25.229999542236328,23.649999618530273,24.799999237060547,200266800,0.0,0.0,0.0
2025-08-25,25.5,25.8799991607666,24.440000534057617,24.549999237060547,156825600,0.0,0.0,0.0
2025-08-26,24.579999923706055,24.739999771118164,24.100000381469727,24.350000381469727,78558200,0.0,0.0,0.0
2025-08-27,24.190000534057617,24.989999771118164,24.049999237060547,24.850000381469727,90934400,0.0,0.0,0.0
2025-08-28,24.959999084472656,25.139999389648438,24.610000610351562,24.93000030517578,60035100,0.0,0.0,-0.057825000000000015
2025-08-29,24.760000228881836,24.969999313354492,24.280000686645508,24.350000381469727,63734400,0.0,0.0,-0.477
2025-09-02,23.8799991607666,24.239999771118164,23.68000030517578,24.209999084472656,57661800,0.0,0.0,0.0258
2025-09-03,24.09000015258789,24.09000015258789,23.719999313354492,24.0,47822900,0.0,0.0,0.5104000000000001
2025-09-04,23.850000381469727,24.639999389648438,23.75,24.610000610351562,59056500,0.0,0.0,0.179125
2025-09-05,24.600000381469727,24.709999084472656,24.170000076293945,24.489999771118164,55975300,0.0,0.0,0.15660000000000002
2025-09-08,24.479999542236328,24.739999771118164,24.1200008392334,24.479999542236328,51122100,0.0,0.0,0.0
2025-09-09,24.530000686645508,24.809999465942383,24.270000457763672,24.440000534057617,42146200,0.0,0.0,0.42785
2025-09-10,24.420000076293945,24.8700008392334,24.280000686645508,24.770000457763672,61600700,0.0,0.0,0.40747500000000003
2025-09-11,24.760000228881836,24.93000030517578,24.56999969482422,24.610000610351562,55536900,0.0,0.0,0.21857500000000002
2025-09-12,24.610000610351562,24.6299991607666,24.049999237060547,24.079999923706055,52672800,0.0,0.0,0.2902875
2025-09-15,24.329999923706055,25.459999084472656,24.219999313354492,24.770000457763672,83951600,0.0,0.0,-0.416875
2025-09-16,24.81999969482422,25.34000015258789,24.690000534057617,25.270000457763672,60336600,0.0,0.0,0.03260000000000002
2025-09-17,25.079999923706055,25.260000228881836,24.450000762939453,24.899999618530273,63093700,0.0,0.0,0.54362
2025-09-18,31.780000686645508,32.380001068115234,30.15999984741211,30.56999969482422,523908000,0.0,0.0,0.22890000000000002
2025-09-19,30.3799991607666,30.6299991607666,29.329999923706055,29.579999923706055,225702900,0.0,0.0,0.2639625
2025-09-22,29.670000076293945,30.100000381469727,28.729999542236328,28.760000228881836,130314500,0.0,0.0,-0.23681666666666668
2025-09-23,28.989999771118164,30.200000762939453,28.81999969482422,29.34000015258789,126317900,0.0,0.0,0.11116666666666665
2025-09-24,29.3799991607666,31.700000762939453,29.229999542236328,31.219999313354492,164458500,0.0,0.0,0.31245
2025-09-25,31.610000610351562,34.25,31.209999084472656,33.9900016784668,295709300,0.0,0.0,0.03436875
2025-09-26,35.02000045776367,36.29999923706055,34.4900016784668,35.5,268583300,0.0,0.0,0.22305
2025-09-29,34.52000045776367,35.04999923706055,33.72999954223633,34.47999954223633,152605900,0.0,0.0,0.1681666666666667
2025-09-30,33.93000030517578,34.2400016784668,33.02000045776367,33.54999923706055,124818400,0.0,0.0,0.31478333333333336
2025-10-01,33.529998779296875,36.060001373291016,33.5,35.939998626708984,162649700,0.0,0.0,0.34813333333333335
2025-10-02,35.7599983215332,37.56999969482422,35.439998626708984,37.29999923706055,149361700,0.0,0.0,0.07134
2025-10-03,37.95000076293945,38.08000183105469,36.45000076293945,36.83000183105469,125359300,0.0,0.0,0.2385625
2025-10-06,37.189998626708984,38.68000030517578,36.43000030517578,36.59000015258789,112086100,0.0,0.0,0.20036666666666667
2025-10-07,36.63999938964844,38.04999923706055,36.349998474121094,37.16999816894531,111140200,0.0,0.0,0.39702499999999996
2025-10-08,36.54999923706055,37.790000915527344,35.90999984741211,37.43000030517578,103202100,0.0,0.0,0.436
2025-10-09,37.529998779296875,38.099998474121094,36.86000061035156,37.79999923706055,89884700,0.0,0.0,0.4143666666666667
2025-10-10,38.459999084472656,39.650001525878906,36.29999923706055,36.369998931884766,183063300,0.0,0.0,0.43241666666666667
2025-10-13,36.439998626708984,37.5099983215332,36.279998779296875,37.220001220703125,104020700,0.0,0.0,0.31845
2025-10-14,36.0,36.54999923706055,34.689998626708984,35.630001068115234,117908300,0.0,0.0,0.04337000000000002
2025-10-15,36.400001525878906,37.4900016784668,35.63999938964844,37.150001525878906,99242700,0.0,0.0,0.0
2025-10-16,37.150001525878906,38.02000045776367,36.40999984741211,36.84000015258789,83357800,0.0,0.0,0.1675875
2025-10-17,36.36000061035156,38.380001068115234,36.08000183105469,37.0099983215332,119394700,0.0,0.0,0.467325
2025-10-20,37.56999969482422,38.52000045776367,37.560001373291016,38.099998474121094,80230200,0.0,0.0,0.0
2025-10-21,38.13999938964844,38.349998474121094,37.66999816894531,38.119998931884766,73134900,0.0,0.0,0.44706666666666667
2025-10-22,37.84000015258789,37.93000030517578,36.040000915527344,36.91999816894531,87099900,0.0,0.0,-0.1591
2025-10-23,36.599998474121094,38.400001525878906,36.43000030517578,38.15999984741211,121974200,0.0,0.0,0.34875
2025-10-24,40.02000045776367,41.119998931884766,37.83000183105469,38.279998779296875,246380000,0.0,0.0,0.4476125
2025-10-27,38.38999938964844,40.66999816894531,38.22999954223633,39.540000915527344,160007600,0.0,0.0,0.30351249999999996
2025-10-28,39.59000015258789,42.47999954223633,39.540000915527344,41.529998779296875,181256400,0.0,0.0,0.23835
2025-10-29,41.599998474121094,42.040000915527344,40.91999816894531,41.34000015258789,106962900,0.0,0.0,0.171975
2025-10-30,40.970001220703125,41.43000030517578,40.11000061035156,40.15999984741211,84855500,0.0,0.0,0.0129
2025-10-31,40.68000030517578,40.83000183105469,39.790000915527344,39.9900016784668,80471400,0.0,0.0,0.0
2025-11-03,40.25,40.45000076293945,39.04999923706055,39.5,61267500,0.0,0.0,0.421475
2025-11-04,38.13999938964844,38.25,36.630001068115234,37.029998779296875,102250300,0.0,0.0,0.17
2025-11-05,37.41999816894531,38.689998626708984,37.11000061035156,38.380001068115234,74631600,0.0,0.0,0.337125
2025-11-06,38.34000015258789,39.84000015258789,36.79999923706055,37.2400016784668,77629900,0.0,0.0,0.0
2025-11-07,37.2599983215332,38.27000045776367,36.970001220703125,38.130001068115234,95521400,0.0,0.0,0.6275
2025-11-10,38.93000030517578,39.529998779296875,37.970001220703125,38.45000076293945,77820300,0.0,0.0,-0.45185000000000003
2025-11-11,38.150001525878906,38.220001220703125,37.4900016784668,37.880001068115234,53741900,0.0,0.0,0.0
2025-11-12,38.060001373291016,38.20000076293945,37.349998474121094,37.88999938964844,53876000,0.0,0.0,0.40664999999999996
2025-11-13,37.27000045776367,37.310001373291016,35.45000076293945,35.90999984741211,95593200,0.0,0.0,0.1633
2025-11-14,35.029998779296875,36.099998474121094,34.619998931884766,35.52000045776367,71716200,0.0,0.0,0.0
2025-11-17,35.45000076293945,35.72999954223633,34.22999954223633,34.709999084472656,72580100,0.0,0.0,0.1933375
2025-11-18,34.25,34.7599983215332,33.56999969482422,34.33000183105469,61504800,0.0,0.0,0.0
2025-11-19,34.33000183105469,35.75,34.25,35.11000061035156,67115500,0.0,0.0,0.0
2025-11-20,36.0,36.68000030517578,33.47999954223633,33.619998931884766,96389100,0.0,0.0,0.22902499999999998
2025-11-21,33.5099983215332,34.97999954223633,32.88999938964844,34.5,105641700,0.0,0.0,0.56015
2025-11-24,34.970001220703125,36.15999984741211,34.689998626708984,35.790000915527344,103804200,0.0,0.0,0.3934
2025-11-25,35.54999923706055,36.130001068115234,34.68000030517578,35.83000183105469,62203300,0.0,0.0,0.2787
2025-11-26,36.20000076293945,37.2400016784668,36.130001068115234,36.810001373291016,54563400,0.0,0.0,0.7423
2025-11-28,37.400001525878906,40.59000015258789,37.34000015258789,40.560001373291016,95799500,0.0,0.0,0.41332500000000005
2025-12-01,39.86000061035156,40.380001068115234,39.599998474121094,40.0099983215332,74534900,0.0,0.0,0.326425
2025-12-02,40.470001220703125,43.68000030517578,40.04999923706055,43.470001220703125,167205800,0.0,0.0,0.228625
2025-12-03,43.38999938964844,44.02000045776367,42.5099983215332,43.7599983215332,91957200,0.0,0.0,0.0
2025-12-04,43.2599983215332,43.279998779296875,40.13999938964844,40.5,107850200,0.0,0.0,0.2228
2025-12-05,41.15999984741211,42.83000183105469,41.150001525878906,41.40999984741211,103042000,0.0,0.0,0.130675
2025-12-08,41.939998626708984,42.119998931884766,39.70000076293945,40.29999923706055,93953600,0.0,0.0,0.31845
2025-12-09,40.72999954223633,41.2599983215332,40.029998779296875,40.5,61877200,0.0,0.0,0.2742625
2025-12-10,40.11000061035156,40.9900016784668,38.88999938964844,40.779998779296875,75974900,0.0,0.0,0.4035166666666667
2025-12-11,40.06999969482422,40.189998626708984,39.08000183105469,39.5099983215332,59096800,0.0,0.0,0.0
2025-12-12,39.25,40.029998779296875,37.619998931884766,37.810001373291016,87784500,0.0,0.0,0.0
2025-12-15,38.33000183105469,38.47999954223633,37.31999969482422,37.5099983215332,60898500,0.0,0.0,0.3125833333333334
2025-12-16,37.58000183105469,37.959999084472656,36.91999816894531,37.310001373291016,50490300,0.0,0.0,-0.35595000000000004
2025-12-17,37.59000015258789,37.84000015258789,35.970001220703125,36.04999923706055,54792000,0.0,0.0,0.012775000000000009
2025-12-18,37.380001068115234,37.4900016784668,35.66999816894531,36.279998779296875,69468400,0.0,0.0,0.5955
2025-12-19,36.47999954223633,37.58000183105469,36.439998626708984,36.81999969482422,163221300,0.0,0.0,0.431475
2025-12-22,37.88999938964844,37.900001525878906,36.290000915527344,36.369998931884766,51685400,0.0,0.0,0.0
2025-12-23,36.2400016784668,36.79999923706055,36.029998779296875,36.349998474121094,35958000,0.0,0.0,0.0
2025-12-24,35.16999816894531,36.18000030517578,34.95000076293945,36.15999984741211,37443800,0.0,0.0,0.0
2025-12-26,36.16999816894531,36.4900016784668,35.849998474121094,36.20000076293945,28779400,0.0,0.0,0.0
2025-12-29,36.0099983215332,36.79999923706055,35.81999969482422,36.68000030517578,38062300,0.0,0.0,0.4412125
2025-12-30,36.90999984741211,38.2599983215332,36.81999969482422,37.29999923706055,61935300,0.0,0.0,0.3965166666666667
2025-12-31,37.400001525878906,37.58000183105469,36.869998931884766,36.900001525878906,51524700,0.0,0.0,0.3782833333333333
2026-01-02,37.77000045776367,39.86000061035156,37.7599983215332,39.380001068115234,95396400,0.0,0.0,0.0
2026-01-05,41.59000015258789,42.099998474121094,39.27000045776367,39.369998931884766,96665400,0.0,0.0,0.5029375
2026-01-06,39.86000061035156,40.310001373291016,38.95000076293945,40.040000915527344,66395100,0.0,0.0,0.0
2026-01-07,40.18000030517578,44.56999969482422,40.119998931884766,42.630001068115234,166028400,0.0,0.0,0.20923999999999995
2026-01-08,42.619998931884766,43.34000015258789,40.68000030517578,41.11000061035156,88242000,0.0,0.0,0.3741750000000001
2026-01-09,41.83000183105469,45.72999954223633,41.56999969482422,45.54999923706055,186691400,0.0,0.0,0.49495
2026-01-12,44.2400016784668,45.45000076293945,43.88999938964844,44.060001373291016,101989100,0.0,0.0,0.0
2026-01-13,45.88999938964844,48.2400016784668,45.220001220703125,47.290000915527344,168656400,0.0,0.0,-0.0624
2026-01-14,48.95000076293945,49.0,47.41999816894531,48.720001220703125,148225800,0.0,0.0,0.33009999999999995
2026-01-15,49.349998474121094,50.38999938964844,47.83000183105469,48.31999969482422,132328900,0.0,0.0,0.5798749999999999
2026-01-16,49.27000045776367,50.209999084472656,46.709999084472656,46.959999084472656,127314700,0.0,0.0,0.42783333333333334
2026-01-20,47.29999923706055,50.22999954223633,47.0,48.560001373291016,150153000,0.0,0.0,-0.14877500000000005
2026-01-21,50.31999969482422,54.40999984741211,50.150001525878906,54.25,220565300,0.0,0.0,0.23959285714285714
2026-01-22,54.209999084472656,54.599998474121094,53.08000183105469,54.31999969482422,190066400,0.0,0.0,0.18097500000000002
2026-01-23,46.86000061035156,48.130001068115234,44.45000076293945,45.06999969482422,294675400,0.0,0.0,-0.14443499999999998
2026-01-26,44.279998779296875,44.459999084472656,42.279998779296875,42.4900016784668,149407800,0.0,0.0,0.3880285714285714
2026-01-27,43.970001220703125,44.529998779296875,43.099998474121094,43.93000030517578,121832200,0.0,0.0,-0.21075
2026-01-28,46.599998474121094,49.290000915527344,46.31999969482422,48.779998779296875,201995100,0.0,0.0,0.23296666666666668
2026-01-29,47.560001373291016,48.77000045776367,46.9900016784668,48.65999984741211,124256600,0.0,0.0,0.1335
2026-01-30,48.97999954223633,49.58000183105469,45.959999084472656,46.470001220703125,114920100,0.0,0.0,0.23283749999999998
2026-02-02,45.630001068115234,49.84000015258789,45.5,48.810001373291016,101414600,0.0,0.0,0.6294500000000001
2026-02-03,50.060001373291016,51.4900016784668,48.43000030517578,49.25,122205100,0.0,0.0,0.36878571428571433
2026-02-04,49.540000915527344,49.70000076293945,47.0,48.599998474121094,128702300,0.0,0.0,0.43467500000000003
2026-02-05,47.59000015258789,50.86000061035156,46.790000915527344,48.2400016784668,114307800,0.0,0.0,0.0
2026-02-06,49.099998474121094,51.29999923706055,48.83000183105469,50.59000015258789,115600200,0.0,0.0,0.46375
2026-02-09,49.59000015258789,51.220001220703125,47.59000015258789,50.2400016784668,94841400,0.0,0.0,0.16671666666666665
2026-02-10,50.40999984741211,50.540000915527344,46.77000045776367,47.130001068115234,99832900,0.0,0.0,0.29867499999999997
2026-02-11,48.11000061035156,49.54999923706055,46.86000061035156,48.290000915527344,107681200,0.0,0.0,0.4288125
2026-02-12,47.79999923706055,48.95000076293945,46.189998626708984,46.47999954223633,88321200,0.0,0.0,0.0
2026-02-13,45.7599983215332,47.689998626708984,44.970001220703125,46.790000915527344,69740400,0.0,0.0,0.36795
2026-02-17,45.93000030517578,46.83000183105469,45.459999084472656,46.18000030517578,65802200,0.0,0.0,0.287225
2026-02-18,45.91999816894531,46.77000045776367,44.880001068115234,45.459999084472656,65306100,0.0,0.0,0.505675
2026-02-19,44.95000076293945,45.16999816894531,43.91999816894531,44.619998931884766,72724900,0.0,0.0,0.31665
2026-02-20,43.88999938964844,44.38999938964844,42.880001068115234,44.11000061035156,90743600,0.0,0.0,0.0
2026-02-23,44.09000015258789,44.54999923706055,43.18000030517578,43.630001068115234,57130900,0.0,0.0,0.4169
2026-02-24,44.099998474121094,46.599998474121094,43.540000915527344,46.119998931884766,98872300,0.0,0.0,0.4725
2026-02-25,46.09000015258789,46.970001220703125,45.08000183105469,46.880001068115234,75645300,0.0,0.0,0.78145
2026-02-26,46.77000045776367,46.95000076293945,44.38999938964844,45.459999084472656,71457500,0.0,0.0,0.28595
2026-02-27,44.459999084472656,46.560001373291016,44.400001525878906,45.61000061035156,79327200,0.0,0.0,0.0
2026-03-02,44.20000076293945,45.810001373291016,43.95000076293945,45.5,60705100,0.0,0.0,0.2364
2026-03-03,43.439998626708984,43.689998626708984,42.13999938964844,43.099998474121094,83971000,0.0,0.0,0.37857500000000005
2026-03-04,44.06999969482422,46.130001068115234,43.27000045776367,45.58000183105469,96628100,0.0,0.0,0.6975
2026-03-05,44.869998931884766,46.47999954223633,44.70000076293945,45.95000076293945,78229400,0.0,0.0,0.584
2026-03-06,44.66999816894531,45.18000030517578,43.279998779296875,43.41999816894531,74698300,0.0,0.0,0.3313
2026-03-09,42.7400016784668,45.7599983215332,41.63999938964844,45.58000183105469,82937400,0.0,0.0,0.24695
2026-03-10,45.40999984741211,47.880001068115234,45.40999984741211,46.779998779296875,85233300,0.0,0.0,0.5261166666666667
2026-03-11,46.81999969482422,48.83000183105469,46.65999984741211,47.97999954223633,72480600,0.0,0.0,0.331925
2026-03-12,47.400001525878906,47.439998626708984,45.16999816894531,45.25,85110200,0.0,0.0,0.411725
2026-03-13,45.970001220703125,46.650001525878906,45.38999938964844,45.77000045776367,68386200,0.0,0.0,0.28859999999999997
2026-03-16,47.90999984741211,49.16999816894531,45.689998626708984,45.7599983215332,114199400,0.0,0.0,0.49013333333333337
2026-03-17,46.08000183105469,46.08000183105469,43.90999984741211,44.060001373291016,89061600,0.0,0.0,0.09759999999999999
2026-03-18,44.20000076293945,45.709999084472656,44.04999923706055,45.029998779296875,78056200,0.0,0.0,0.0
2026-03-19,43.9900016784668,46.439998626708984,43.650001525878906,46.18000030517578,74051500,0.0,0.0,0.0
2026-03-20,46.95000076293945,47.54999923706055,43.63999938964844,43.869998931884766,162814200,0.0,0.0,0.4999
2026-03-23,44.5,45.459999084472656,43.7400016784668,44.0099983215332,80772200,0.0,0.0,0.0
2026-03-24,43.540000915527344,44.310001373291016,43.20000076293945,44.060001373291016,65323500,0.0,0.0,0.420075
2026-03-25,45.849998474121094,47.849998474121094,45.45000076293945,47.18000030517578,97467900,0.0,0.0,0.64862
2026-03-26,46.29999923706055,46.599998474121094,43.91999816894531,44.099998474121094,82841400,0.0,0.0,0.21202500000000002
2026-03-27,43.619998931884766,44.130001068115234,42.86000061035156,43.130001068115234,70002200,0.0,0.0,0.37625
2026-03-30,43.720001220703125,43.9900016784668,40.630001068115234,41.189998626708984,84596000,0.0,0.0,-0.36345
2026-03-31,41.95000076293945,44.22999954223633,41.599998474121094,44.130001068115234,95294900,0.0,0.0,0.0
2026-04-01,45.0,48.77000045776367,44.97999954223633,48.029998779296875,129598500,0.0,0.0,0.37339
2026-04-02,46.060001373291016,50.4900016784668,46.040000915527344,50.380001068115234,117134200,0.0,0.0,0.68015
2026-04-06,50.880001068115234,52.38999938964844,49.869998931884766,50.779998779296875,79978800,0.0,0.0,0.0
2026-04-07,51.90999984741211,53.27000045776367,51.220001220703125,52.90999984741211,129543800,0.0,0.0,0.4389
2026-04-08,55.369998931884766,59.16999816894531,54.79999923706055,58.95000076293945,184599900,0.0,0.0,-0.22034999999999996
2026-04-09,58.400001525878906,62.08000183105469,58.38999938964844,61.720001220703125,155609900,0.0,0.0,0.0
2026-04-10,61.52000045776367,63.38999938964844,60.75,62.380001068115234,98624400,0.0,0.0,0.515975
2026-04-13,62.18000030517578,65.6500015258789,62.18000030517578,65.18000030517578,112111000,0.0,0.0,0.2335
2026-04-14,65.16000366210938,65.18000030517578,62.09000015258789,63.810001373291016,112796100,0.0,0.0,0.42404000000000003
2026-04-15,63.77000045776367,65.83999633789062,62.880001068115234,64.94000244140625,92051500,0.0,0.0,0.566875
2026-04-16,64.93000030517578,68.61000061035156,64.2699966430664,68.5,108328300,0.0,0.0,0.31855000000000006
2026-04-17,68.8499984741211,70.33000183105469,67.73999786376953,68.5,118831500,0.0,0.0,0.19142000000000003
2026-04-20,68.44999694824219,69.20999908447266,64.47000122070312,65.69999694824219,96851100,0.0,0.0,0.04786250000000003
2026-04-21,67.13999938964844,67.66999816894531,65.63999938964844,66.26000213623047,91402300,0.0,0.0,0.2294
2026-04-22,67.94000244140625,68.7699966430664,64.9800033569336,65.2699966430664,90267300,0.0,0.0,0.3412
2026-04-23,66.0999984741211,68.27999877929688,65.41999816894531,66.77999877929688,155141800,0.0,0.0,0.23779499999999998
2026-04-24,82.19999694824219,85.22000122070312,79.62000274658203,82.54000091552734,281405200,0.0,0.0,0.22061071428571433
2026-04-27,83.66999816894531,87.0999984741211,82.61000061035156,84.98999786376953,178820200,0.0,0.0,0.35050625
2026-04-28,81.27999877929688,84.58999633789062,80.80000305175781,84.5199966430664,147773500,0.0,0.0,0.5616875
2026-04-29,86.13999938964844,94.94999694824219,85.87000274658203,94.75,235070900,0.0,0.0,0.23067000000000001
2026-04-30,95.5999984741211,95.69000244140625,91.5,94.4800033569336,160597300,0.0,0.0,0.32205
2026-05-01,93.19999694824219,100.44999694824219,92.61000061035156,99.62000274658203,158502800,0.0,0.0,0.2553
2026-05-04,99.18000030517578,99.81999969482422,95.5999984741211,95.77999877929688,119294000,0.0,0.0,0.4736214285714286
2026-05-05,100.51000213623047,110.4800033569336,100.08000183105469,108.1500015258789,198482000,0.0,0.0,0.30868214285714296
2026-05-06,110.9800033569336,113.5,106.58000183105469,113.01000213623047,157320100,0.0,0.0,0.3655916666666666
2026-05-07,111.0199966430664,114.51000213623047,109.1500015258789,109.62000274658203,122699900,0.0,0.0,0.35874999999999996
2026-05-08,111.80999755859375,130.57000732421875,111.80000305175781,124.91999816894531,227681300,0.0,0.0,0.518475
2026-05-11,130.8800048828125,132.75,123.91999816894531,129.44000244140625,179486500,0.0,0.0,0.0573
2026-05-12,124.36000061035156,127.79000091552734,115.0,120.61000061035156,172516500,0.0,0.0,0.2102642857142857
2026-05-13,124.0999984741211,125.0,116.41000366210938,120.29000091552734,115364400,0.0,0.0,0.17699000000000004
2026-05-14,114.66000366210938,118.56999969482422,113.16999816894531,115.93000030517578,118279800,0.0,0.0,0.25538
2026-05-15,109.79000091552734,110.56999969482422,105.0199966430664,108.7699966430664,135206000,0.0,0.0,-0.2872416666666667
2026-05-18,113.47000122070312,115.54000091552734,103.8499984741211,108.16999816894531,145764000,0.0,0.0,0.09523
2026-05-19,106.9800033569336,113.06999969482422,102.4000015258789,110.80000305175781,150234900,0.0,0.0,0.097025
2026-05-20,116.22000122070312,121.94000244140625,114.80000305175781,118.95999908447266,165086900,0.0,0.0,0.42649
2026-05-21,116.58000183105469,119.41000366210938,113.16999816894531,118.5,102452500,0.0,0.0,0.3989
2026-05-22,120.33999633789062,122.77999877929688,118.08999633789062,119.83999633789062,82663000,0.0,0.0,0.3340642857142857
2026-05-26,122.0999984741211,125.62000274658203,117.3499984741211,123.5199966430664,108167300,0.0,0.0,0.3480833333333333
2026-05-27,124.38999938964844,125.2699966430664,117.0,121.7699966430664,93323300,0.0,0.0,-0.05715
2026-05-28,121.44999694824219,123.08000183105469,116.30999755859375,120.88999938964844,97321000,0.0,0.0,0.320075
2026-05-29,123.8499984741211,126.63999938964844,113.54000091552734,114.68000030517578,191676100,0.0,0.0,0.6296833333333334
2026-06-01,109.43000030517578,113.30000305175781,106.33000183105469,109.33000183105469,134900400,0.0,0.0,0.42829999999999996
2026-06-02,107.44999694824219,109.0,104.16999816894531,107.93000030517578,106336200,0.0,0.0,0.4940611111111111
2026-06-03,116.41999816894531,118.29000091552734,110.86000061035156,112.70999908447266,118928800,0.0,0.0,0.38273749999999995
2026-06-04,108.4000015258789,113.13999938964844,107.4800033569336,111.77999877929688,77325800,0.0,0.0,0.0978125
2026-06-05,106.4800033569336,106.4800033569336,98.33000183105469,99.16999816894531,145209400,0.0,0.0,0.3109583333333333
2026-06-08,111.0,112.54000091552734,106.66000366210938,110.2699966430664,136973900,0.0,0.0,0.2274333333333333
2026-06-09,112.98999786376953,114.0,99.45999908447266,107.91999816894531,149623100,0.0,0.0,0.18343125000000002
2026-06-10,106.02999877929688,111.5,104.91999816894531,107.04000091552734,122653500,0.0,0.0,0.34543999999999997
2026-06-11,113.5199966430664,119.44000244140625,110.51000213623047,116.95999908447266,188430300,0.0,0.0,0.30675833333333336
2026-06-12,117.41999816894531,127.5999984741211,115.33000183105469,124.56999969482422,151169400,0.0,0.0,0.09335000000000002
2026-06-15,129.49000549316406,132.61000061035156,126.66000366210938,127.86000061035156,134507500,0.0,0.0,0.4201
2026-06-16,125.11000061035156,128.6999969482422,116.0,117.05000305175781,132962600,0.0,0.0,0.17732499999999998
2026-06-17,121.8499984741211,125.19999694824219,118.05999755859375,121.0999984741211,115324900,0.0,0.0,0.4619
2026-06-18,131.80999755859375,135.47999572753906,127.9000015258789,133.99000549316406,233906600,0.0,0.0,0.39894642857142854
2026-06-22,139.1199951171875,141.4499969482422,136.2100067138672,140.94000244140625,127190600,0.0,0.0,0.28745
2026-06-23,129.72999572753906,137.97999572753906,128.3000030517578,132.27999877929688,132976700,0.0,0.0,0.45845
2026-06-24,133.0500030517578,136.0800018310547,127.94999694824219,131.64999389648438,104591700,0.0,0.0,0.36445
2026-06-25,139.72999572753906,140.72000122070312,125.41000366210938,132.8699951171875,122588800,0.0,0.0,0.44269166666666665
2026-06-26,128.7100067138672,131.22999572753906,125.5,128.32000732421875,99475400,0.0,0.0,0.22915000000000005
2026-06-29,127.0,132.0500030517578,118.5,131.72000122070312,106805300,0.0,0.0,0.5243
2026-06-30,131.99000549316406,142.35000610351562,131.52000427246094,139.6300048828125,116996700,0.0,0.0,0.3565583333333333
2026-07-01,135.0,135.74000549316406,126.68000030517578,127.0199966430664,113107200,0.0,0.0,0.3347333333333333
2026-07-02,128.9199981689453,130.74000549316406,117.62999725341797,120.3499984741211,124577600,0.0,0.0,0.125675
2026-07-06,122.56999969482422,127.30000305175781,121.5199966430664,122.19999694824219,86950200,0.0,0.0,0.4149666666666667
2026-07-07,116.30000305175781,116.47000122070312,108.30000305175781,110.38999938964844,140405900,0.0,0.0,0.11986666666666668
2026-07-08,108.30000305175781,110.48999786376953,104.41000366210938,110.23999786376953,105488100,0.0,0.0,0.1864
2026-07-09,114.87000274658203,116.7699966430664,111.51000213623047,112.54000091552734,99352500,0.0,0.0,0.528575
2026-07-10,109.58000183105469,110.8499984741211,107.44999694824219,109.83999633789062,70846600,0.0,0.0,0.28581666666666666
2026-07-13,105.9800033569336,106.16999816894531,101.79000091552734,103.12000274658203,100988800,0.0,0.0,0.439225
2026-07-14,107.9800033569336,109.19000244140625,103.58999633789062,107.76000213623047,91129000,0.0,0.0,0.4480857142857143
2026-07-15,109.30000305175781,109.61000061035156,99.19999694824219,102.98999786376953,120625500,0.0,0.0,0.32563333333333333
2026-07-16,101.13999938964844,101.87999725341797,95.4800033569336,96.9800033569336,107742900,0.0,0.0,0.1806
2026-07-17,92.13999938964844,98.05000305175781,89.58999633789062,95.04000091552734,126779300,0.0,0.0,0.21890000000000004
2026-07-20,97.58000183105469,100.9800033569336,96.91999816894531,97.05999755859375,89741400,0.0,0.0,0.556425
2026-07-21,103.19000244140625,106.33999633789062,101.22000122070312,105.44999694824219,105429400,0.0,0.0,0.5152666666666667
2026-07-22,101.55000305175781,106.8499984741211,101.4800033569336,102.62000274658203,78431000,0.0,0.0,0.41355
2026-07-23,101.13999938964844,104.18000030517578,99.23999786376953,100.2300033569336,140806900,0.0,0.0,0.147725
2026-07-24,100.36000061035156,101.73999786376953,91.58000183105469,92.31999969482422,181132900,0.0,0.0,0.23247999999999996
2026-07-27,92.45999908447266,94.9800033569336,86.94000244140625,91.66999816894531,133247300,0.0,0.0,0.3956
2026-07-28,86.62000274658203,88.27999877929688,83.0999984741211,86.30000305175781,154346700,0.0,0.0,0.5851
2026-07-29,86.56999969482422,88.47000122070312,81.79000091552734,81.87999725341797,152394600,0.0,0.0,0.5512833333333333
2026-07-30,86.51000213623047,94.0999984741211,85.97000122070312,91.12999725341797,140322600,0.0,0.0,0.31195
2026-07-31,96.72000122070312,97.9000015258789,90.12999725341797,90.19999694824219,109039500,0.0,0.0,0.3953
2026-08-03,88.4000015258789,91.68000030517578,85.62000274658203,91.0,96633600,0.0,0.0,0.438475
2026-08-04,95.23999786376953,101.38999938964844,94.31999969482422,100.86000061035156,124355100,0.0,0.0,0.505425
2026-08-05,99.30000305175781,102.83000183105469,97.9000015258789,101.05999755859375,85388400,0.0,0.0,0.20354999999999998
2026-08-06,98.22000122070312,103.37999725341797,95.5999984741211,99.80999755859375,78088100,0.0,0.0,0.54935
2026-08-07,102.33000183105469,103.66000366210938,98.02999877929688,101.6500015258789,76760600,0.0,0.0,0.0
2026-08-10,98.26000213623047,100.02999877929688,96.30000305175781,97.5199966430664,101153400,0.0,0.0,-0.139625
2026-08-11,96.77999877929688,98.3499984741211,95.3499984741211,97.70999908447266,164063600,0.0,0.0,0.31125
2026-08-12,101.33000183105469,103.16000366210938,100.12000274658203,100.94999694824219,162446700,0.0,0.0,0.5334166666666667
2026-08-13,101.51000213623047,107.56999969482422,100.33000183105469,104.55999755859375,116837600,0.0,0.0,0.4853
2026-08-14,104.4800033569336,106.87000274658203,102.05000305175781,102.5,95387500,0.0,0.0,0.0
2026-08-17,103.55000305175781,105.97000122070312,101.80000305175781,103.48999786376953,88616800,0.0,0.0,0.2583
2026-08-18,99.22000122070312,99.30999755859375,95.25,96.69000244140625,121969500,0.0,0.0,0.0
2026-08-19,97.41000366210938,98.19999694824219,91.27999877929688,92.80000305175781,110268600,0.0,0.0,0.49592500000000006
2026-08-20,91.87000274658203,92.68000030517578,89.8499984741211,92.12999725341797,85654700,0.0,0.0,0.289425
2026-08-21,92.70999908447266,92.7699966430664,89.75,90.06999969482422,91670100,0.0,0.0,0.4698
2026-08-24,88.86000061035156,88.91000366210938,85.13999938964844,87.26000213623047,96903400,0.0,0.0,0.3243
2026-08-25,90.05999755859375,90.18000030517578,87.29000091552734,87.4800033569336,81853800,0.0,0.0,0.357725
2026-08-26,86.80999755859375,88.27999877929688,85.62999725341797,88.23999786376953,75752800,0.0,0.0,0.404625
2026-08-27,89.91000366210938,92.94999694824219,88.45999908447266,92.08999633789062,100556800,0.0,0.0,0.0
2026-08-28,90.2699966430664,93.69999694824219,89.05000305175781,89.47000122070312,86172600,0.0,0.0,0.2760666666666667
2026-08-31,90.0,91.8499984741211,88.97000122070312,89.51000213623047,65188200,0.0,0.0,0.5723
2026-09-01,86.83999633789062,89.41000366210938,85.72000122070312,88.97000122070312,73962100,0.0,0.0,0.39182500000000003
2026-09-02,88.8499984741211,90.43000030517578,87.5,90.05000305175781,61365700,0.0,0.0,0.428075
2026-09-03,89.3499984741211,91.69650268554688,87.7249984741211,91.36489868164062,42148606,0.0,0.0,-0.0446
