Date,Open,High,Low,Close,Volume,Dividends,Stock Splits,sent
2021-09-07,151.62823675854855,152.21961093020315,149.29749478325692,149.86279296875,6859900,0.0,0.0,0.0
2021-09-08,149.2540194848078,150.4367811872432,148.78439956438362,149.49752807617188,4661700,0.0,0.0,0.0
2021-09-09,148.88004516959663,149.1322457240835,145.84486689952067,146.16665649414062,7114600,0.0,0.0,0.0
2021-09-10,146.58411371923904,147.05373362922987,145.12304893329147,145.21002197265625,6699300,0.0,0.0,0.0
2021-09-13,146.0362165876378,146.21014940069665,143.60982266044266,144.1925048828125,6273500,0.0,0.0,0.0
2021-09-14,144.71430600064534,144.8360602990625,143.07061633690194,143.3228302001953,5259600,0.0,0.0,0.0
2021-09-15,143.49676712359093,144.33166324393568,142.89668761056558,143.86203002929688,7935300,0.0,0.0,0.0
2021-09-16,144.06204998945884,144.76649980104668,142.79232846977632,143.68809509277344,5665400,0.0,0.0,0.0
2021-09-17,142.8879904999908,143.41849421148157,142.2444244871292,143.2793426513672,13419800,0.0,0.0,0.0
2021-09-20,142.17482743630077,143.64458405333855,141.03555240753545,142.46182250976562,7270800,0.0,0.0,0.0
2021-09-21,143.15755794301165,144.34901140661174,142.83578164004706,143.08798217773438,6663600,0.0,0.0,0.0
2021-09-22,143.8011614548509,144.32295992566526,142.3053152854469,142.5662078857422,5657100,0.0,0.0,0.0
2021-09-23,142.97497303611007,144.1664402127316,142.7575536651487,143.37503051757812,4697900,0.0,0.0,0.0
2021-09-24,143.2793439249902,144.0620482347005,142.53142087050605,142.94017028808594,4399300,0.0,0.0,0.0
2021-09-27,142.62707666865947,142.940161026302,141.6269530854743,141.90524291992188,5775500,0.0,0.0,0.0
2021-09-28,141.84437694138035,142.54881345102615,140.68770450730875,141.5921630859375,7610400,0.0,0.0,0.0
2021-09-29,141.75736535179544,143.20103250280746,141.56603533080738,142.64443969726562,5124100,0.0,0.0,0.0
2021-09-30,143.18366699047596,143.84461694665185,140.37461308895067,140.452880859375,6972300,0.0,0.0,0.0
2021-10-01,140.4789694374864,140.80074578338002,137.94820537754862,139.55711364746094,8568300,0.0,0.0,0.0
2021-10-04,139.13967169541667,140.0180409639353,137.1220140521925,138.4700164794922,8620700,0.0,0.0,0.0
2021-10-05,139.02660488039558,140.1137014363632,138.40912819770844,138.78309631347656,5129000,0.0,0.0,0.0
2021-10-06,139.03530435396652,139.10488012971737,137.2698605137335,139.07009887695312,7312600,0.0,0.0,0.0
2021-10-07,139.16575366331452,141.4182144977366,139.16575366331452,140.313720703125,5309200,0.0,0.0,0.0
2021-10-08,140.29634018685582,140.5485407501835,139.3657791606632,139.9571533203125,4343200,0.0,0.0,0.0
2021-10-11,139.89625672763867,140.75724182093688,139.09615540012788,139.36575317382812,4101600,0.0,0.0,0.0
2021-10-12,139.14834108932791,139.30487660334785,136.83499673386507,137.13938903808594,6686400,0.0,0.0,0.0
2021-10-13,137.25249095396913,139.21795706225714,137.19160716745208,138.45263671875,6901100,0.0,0.0,0.0
2021-10-14,138.89615297894886,140.1397850189245,138.8004879550876,139.2440185546875,4579200,0.0,0.0,0.0
2021-10-15,140.04411411168218,140.72246124502928,139.50491851087307,140.2789306640625,6918400,0.0,0.0,0.0
2021-10-18,139.36579362382338,139.92238659017045,138.45262976350722,139.2527313232422,7465500,0.0,0.0,0.0
2021-10-19,139.93109502317682,143.62722414939114,139.78325145055518,142.5140380859375,10081300,0.0,0.0,0.0
2021-10-20,142.6096627654795,143.27931792150287,141.98349412326408,142.43572998046875,6003200,0.0,0.0,0.0
2021-10-21,142.88797260188613,142.96624036831298,141.1312208686061,142.10525512695312,4524100,0.0,0.0,0.0
2021-10-22,141.80955481454615,142.6792319698128,141.72259506115162,142.383544921875,4304300,0.0,0.0,0.0
2021-10-25,142.38354045896796,142.8966467796395,140.6354942089525,142.69662475585938,6715400,0.0,0.0,0.0
2021-10-26,143.11411433810224,144.39254120914026,142.67058363048216,144.14903259277344,6939100,0.0,0.0,0.0
2021-10-27,144.0881487678325,144.1577245539521,142.02701752615863,142.40098571777344,7018800,0.0,0.0,0.0
2021-10-28,142.4270086108416,143.67064037388468,141.16597959181925,141.6269073486328,6278800,0.0,0.0,0.0
2021-10-29,141.19208731958,141.9747914282481,139.6788443365725,141.65301513671875,8526800,0.0,0.0,0.0
2021-11-01,141.89658036580454,142.60970899659648,138.6265845585654,141.7748260498047,5846400,0.0,0.0,0.0
2021-11-02,142.36613748502222,145.21867728874457,141.73996891637887,144.00982666015625,8450600,0.0,0.0,0.0
2021-11-03,143.53152241768845,144.16639634226294,142.13134156396936,143.54891967773438,6717800,0.0,0.0,0.0
2021-11-04,143.44456708368034,143.48805360002623,141.47039601952665,143.1488800048828,8224400,0.0,0.0,0.0
2021-11-05,141.30514174654994,143.1488663560943,141.0616332024966,142.13133239746094,6215900,0.0,0.0,0.0
2021-11-08,142.34876935203877,142.77491599212206,140.89640990184984,141.6443328857422,5578800,0.0,0.0,0.0
2021-11-09,141.41821082154837,142.27049076670022,140.9051044555033,141.33123779296875,6112800,0.0,0.0,0.0
2021-11-10,141.3486796267487,143.35763248037927,141.19214405020745,142.86192321777344,6225100,0.0,0.0,0.0
2021-11-11,142.18352313162086,142.461812921261,141.31384597488747,141.80955505371094,4118800,0.0,0.0,0.0
2021-11-12,145.6100184266374,145.7752591851904,143.15753610821952,143.50540161132812,18995200,0.0,0.0,0.0
2021-11-15,143.49671304304496,143.8967703243642,141.94868895789506,142.2095947265625,7496200,0.0,0.0,0.0
2021-11-16,141.91391326683728,142.93144722661896,141.426896178181,141.4703826904297,7594700,0.0,0.0,0.0
2021-11-17,141.64434463180012,142.5053299787955,140.70509150877513,142.00091552734375,5414500,0.0,0.0,0.0
2021-11-18,142.1487288557136,143.03580327275154,141.00076190738824,141.23556518554688,6358700,0.0,0.0,0.0
2021-11-19,141.79217418577463,141.92263373649766,140.69638561889914,141.66172790527344,7620700,0.0,0.0,0.0
2021-11-22,140.96144421013258,142.3707965850612,139.75342407243826,139.7971954345703,7634500,1.06,0.0,0.0
2021-11-23,139.63964776173475,140.93519738903692,138.99186626951084,140.66383361816406,7734000,0.0,0.0,0.0
2021-11-24,140.18235474123756,140.60253041008116,139.51707548580654,140.2698974609375,5230900,0.0,0.0,0.0
2021-11-26,140.58505910948392,141.07526637526277,138.8868315407885,139.35952758789062,8523100,0.0,0.0,0.0
2021-11-29,139.62206849768313,140.42741048741496,138.67666354700515,139.84091186523438,9188500,0.0,0.0,0.0
2021-11-30,138.7555059601623,139.18444396081506,136.42702164029845,136.49703979492188,14981700,0.0,0.0,0.0
2021-12-01,137.3286283433069,140.1298214713485,136.77713864600062,138.3790740966797,9835800,0.0,0.0,0.0
2021-12-02,137.66129364845307,139.43830158323738,137.21485777145327,137.51248168945312,11334700,0.0,0.0,0.0
2021-12-03,138.23024384900697,139.77089652591664,137.95011789476484,139.5170440673828,8750500,0.0,0.0,0.0
2021-12-06,140.22608466458365,143.14108005492017,139.9109496667867,142.63336181640625,9692000,0.0,0.0,0.0
2021-12-07,143.56127618996558,143.7976308114975,142.16943531554514,143.00103759765625,8311300,0.0,0.0,0.0
2021-12-08,143.0973463567587,144.06026281368588,142.37078454964876,143.85891723632812,6216400,0.0,0.0,0.0
2021-12-09,143.71881331429748,145.2944882692331,143.11481682561663,145.22445678710938,8574200,0.0,0.0,0.0
2021-12-10,144.93563208584092,145.91604637020316,144.13027651552298,144.8656005859375,6572200,0.0,0.0,0.0
2021-12-13,144.21780064819734,148.11321049807097,143.38619839934765,147.45668029785156,11142300,0.0,0.0,0.0
2021-12-14,147.3516879916748,149.66267451891383,146.327502146811,149.06741333007812,10482400,0.0,0.0,0.0
2021-12-15,148.68223614679866,149.95152540746133,148.30581849018807,149.81146240234375,8552200,0.0,0.0,0.0
2021-12-16,149.91647573896412,151.88606631021224,149.54882043518805,151.44837951660156,8998600,0.0,0.0,0.0
2021-12-17,148.49837912068594,149.49630450485506,146.76514310757983,147.26409912109375,16726200,0.0,0.0,0.0
2021-12-20,146.89643812426624,147.5091969580105,145.79347222352652,146.8439178466797,7954500,0.0,0.0,0.0
2021-12-21,147.11530598936426,147.15032841834125,145.29452703970753,146.37124633789062,7954200,0.0,0.0,0.0
2021-12-22,146.23989417614217,147.21155929146298,145.41704095235738,147.00146484375,4178200,0.0,0.0,0.0
2021-12-23,146.95776268607352,147.89440573738364,146.5025645549953,147.28164672851562,3501500,0.0,0.0,0.0
2021-12-27,148.06071119780495,148.68223241921763,147.6755446219597,148.524658203125,3704800,0.0,0.0,0.0
2021-12-28,148.6296831105,149.37375604060853,148.45461105551612,149.11990356445312,3187000,0.0,0.0,0.0
2021-12-29,148.8135475629922,150.55554625186036,148.7347671258794,150.17037963867188,3662000,0.0,0.0,0.0
2021-12-30,150.6692939506975,151.3345864096264,150.34541000546557,150.8356170654297,4231800,0.0,0.0,0.0
2021-12-31,151.02822120899208,151.1595219192368,149.7151606779752,149.75018310546875,4409500,0.0,0.0,0.0
2022-01-03,148.99737051231398,150.2141394794846,148.02570512434724,150.16160583496094,6012200,0.0,0.0,0.0
2022-01-04,149.74139992150967,150.81810566667423,149.33873556152838,149.7589111328125,6748400,0.0,0.0,0.0
2022-01-05,150.56429840315204,151.8510989987738,150.23165207425416,150.7568817138672,7016100,0.0,0.0,0.0
2022-01-06,150.6955869582778,151.0019731161535,149.51384040035057,150.2404022216797,7301600,0.0,0.0,0.0
2022-01-07,150.0916135658195,152.57767221614,149.80273857828183,152.2712860107422,6986000,0.0,0.0,0.0
2022-01-10,152.04366218728907,152.04366218728907,150.70434147638716,151.5184326171875,7698400,0.0,0.0,0.0
2022-01-11,151.4309004001401,151.78104453549932,148.90981988269755,149.90774536132812,8341100,0.0,0.0,0.0
2022-01-12,148.4721540897078,148.88358085352755,147.3604255987175,148.6297149658203,8116200,0.0,0.0,0.0
2022-01-13,147.9381523537153,149.18118138010246,147.4654564422721,147.72805786132812,6159400,0.0,0.0,0.0
2022-01-14,147.61426691583432,147.63176477217132,146.31870426121642,146.92271423339844,5847700,0.0,0.0,0.0
2022-01-18,146.2749481201172,146.81767553058268,145.3207806519492,146.2749481201172,7815600,0.0,0.0,0.0
2022-01-19,146.36246001172793,147.6930315943015,145.5921403436197,145.81973266601562,5926500,0.0,0.0,0.0
2022-01-20,146.44128966468574,146.9402591848419,144.37540678549755,144.65553283691406,6011300,0.0,0.0,0.0
2022-01-21,145.47836043780592,147.0540358027852,143.9727165731749,144.32286071777344,10550300,0.0,0.0,0.0
2022-01-24,143.56127119559733,143.71008310556508,138.5366218951806,142.65963745117188,14054600,0.0,0.0,0.0
2022-01-25,142.125653872231,147.42166666126548,141.44286355373893,146.73887634277344,14081200,0.0,0.0,0.0
2022-01-26,146.66010744097574,148.13074223899065,145.5133700028128,147.3954315185547,9963200,0.0,0.0,0.0
2022-01-27,148.27954087196306,150.48548619259768,147.9381456854362,149.32998657226562,9066700,0.0,0.0,0.0
2022-01-28,149.56637140539044,150.42423400890914,148.20079038346225,150.38046264648438,9783100,0.0,0.0,0.0
2022-01-31,150.1265759511591,151.1069901320651,149.5313283005066,150.818115234375,8054800,0.0,0.0,0.0
2022-02-01,150.3366535506847,150.54673464749834,148.31452949387406,149.58383178710938,8154700,0.0,0.0,0.0
2022-02-02,148.50713685126635,151.43089504235468,148.50713685126635,151.23831176757812,7382800,0.0,0.0,0.0
2022-02-03,150.79186637954666,151.98237512709045,149.72390941378785,151.22955322265625,6240400,0.0,0.0,0.0
2022-02-04,149.68891248036084,151.42214877960694,148.91857929974324,150.2404022216797,6392200,0.0,0.0,0.0
2022-02-07,150.04779541161784,150.3366703090781,148.8222643293191,149.7414093017578,6065700,0.0,0.0,0.0
2022-02-08,149.70640565941684,150.60803945213073,149.23369640748143,150.1353302001953,6296100,0.0,0.0,0.0
2022-02-09,150.6255619869547,150.7743739160778,149.90774912715085,150.1178436279297,5387500,0.0,0.0,0.0
2022-02-10,149.87272769676966,149.88147662465207,148.20076082844545,148.30580139160156,10355300,0.0,0.0,0.0
2022-02-11,148.04319621178286,148.94483005629476,146.66010415972997,146.80892944335938,13125300,0.0,0.0,0.0
2022-02-14,146.80892250315898,147.03651484635438,143.39495721237586,144.96188354492188,8967600,0.0,0.0,0.0
2022-02-15,145.42583620343217,147.15032345090214,145.32078227719057,146.45877075195312,6631400,0.0,0.0,0.0
2022-02-16,145.74097618773473,146.9227227014198,145.05818575125633,146.37124633789062,8482400,0.0,0.0,0.0
2022-02-17,146.3712326336338,146.58131375925458,144.36661951239068,145.4783477783203,6227600,0.0,0.0,0.0
2022-02-18,145.34619519001447,145.6809767714229,143.54897570867655,143.9189910888672,6423200,1.06,0.0,0.0
2022-02-22,144.10400005571026,144.25376721992276,141.346488264975,141.9631805419922,6868900,0.0,0.0,0.0
2022-02-23,142.2891276006418,143.2846536636004,141.70768262925327,142.0336456298828,8016900,0.0,0.0,0.0
2022-02-24,140.76503339289448,141.07338626074716,137.1882046516455,139.32020568847656,12883400,0.0,0.0,0.0
2022-02-25,140.95886965832076,147.1170151159574,140.69456908913435,146.2448272705078,11340400,0.0,0.0,0.0
2022-02-28,143.48730200243665,145.5223933467714,143.0556241069015,144.98500061035156,9373500,0.0,0.0,0.0
2022-03-01,143.6370596041386,145.1435632007878,143.0820432835906,144.48281860351562,8737800,0.0,0.0,0.0
2022-03-02,144.84403537433067,147.68083338131473,144.5180588838918,146.28004455566406,6793300,0.0,0.0,0.0
2022-03-03,146.86149093933017,149.18731129650192,146.5267228304688,148.42965698242188,7333700,0.0,0.0,0.0
2022-03-04,147.68964527884367,149.64545054010574,146.99366682127737,149.3106689453125,6302500,0.0,0.0,0.0
2022-03-07,148.27108949514286,152.517467759791,147.44295412028765,151.7157745361328,11663400,0.0,0.0,0.0
2022-03-08,151.56600252449303,152.51747640638192,148.45609886968109,148.64111328125,11100300,0.0,0.0,0.0
2022-03-09,149.77756542005113,149.97138489120596,147.9098651811574,149.20492553710938,7248200,0.0,0.0,0.0
2022-03-10,148.5001711658104,149.9009467457204,148.077298309078,149.46926879882812,6171400,0.0,0.0,0.0
2022-03-11,149.00234746056938,151.055062723335,148.90543769476034,149.1961669921875,5188000,0.0,0.0,0.0
2022-03-14,150.36786372657463,153.3984814938899,150.07714789543274,151.25767517089844,7729500,0.0,0.0,0.0
2022-03-15,152.70251250086497,155.51288221494033,152.01533906240658,155.1781005859375,10554400,0.0,0.0,0.0
2022-03-16,154.57900514747024,155.89167583763344,152.024117919683,153.75086975097656,9603300,0.0,0.0,0.0
2022-03-17,154.35874623280867,155.79475527964146,153.46893494846023,155.759521484375,7472100,0.0,0.0,0.0
2022-03-18,155.93573897521048,155.93573897521048,152.99322599711178,154.0327911376953,13809500,0.0,0.0,0.0
2022-03-21,153.8742385959102,156.07672106713457,153.5747042061164,154.90499877929688,7574900,0.0,0.0,0.0
2022-03-22,154.9049928554733,155.38072313619512,153.21348799540527,154.17376708984375,8442100,0.0,0.0,0.0
2022-03-23,154.37636822906848,154.64947385266268,153.3720369510439,153.59228515625,5254200,0.0,0.0,0.0
2022-03-24,154.1737345083982,154.64946468858426,153.3544176861659,154.3851776123047,5012300,0.0,0.0,0.0
2022-03-25,154.7816473712477,156.55243829077645,154.36757962580958,155.86526489257812,4809500,0.0,0.0,0.0
2022-03-28,155.6273831063949,156.97530110472485,155.3630960031021,156.66696166992188,5604200,0.0,0.0,0.0
2022-03-29,157.36294158366235,158.05011494441231,155.75954155620715,156.58767700195312,5933400,0.0,0.0,0.0
2022-03-30,157.20437756517015,158.45538588863187,156.53481434776455,158.21751403808594,6277600,0.0,0.0,0.0
2022-03-31,158.21749500292904,158.7637196844991,155.91810323865172,156.1383514404297,11490400,0.0,0.0,0.0
2022-04-01,155.97979946641132,157.19556055712408,154.70236241859828,156.984130859375,6525600,0.0,0.0,0.0
2022-04-04,156.9841198293535,156.9841198293535,154.63187050697252,155.46881103515625,6860600,0.0,0.0,0.0
2022-04-05,155.468798034051,158.27034864118497,155.3102123422583,156.47312927246094,7446100,0.0,0.0,0.0
2022-04-06,158.0413032903794,160.8692961905216,157.36293504703846,160.54331970214844,10330900,0.0,0.0,0.0
2022-04-07,160.04995581990187,161.17762549646275,158.78132407305011,160.12924194335938,7385200,0.0,0.0,0.0
2022-04-08,159.75044789922455,161.38909526919113,158.95754620498485,160.44642639160156,7144500,0.0,0.0,0.0
2022-04-11,161.22171570764417,162.27890459747775,158.2263449459681,158.43777465820312,5932000,0.0,0.0,0.0
2022-04-12,157.87392350909386,159.29232260249142,156.99293061736577,158.49061584472656,5957500,0.0,0.0,0.0
2022-04-13,158.49060833933697,159.3187437692062,157.90916327492337,159.16017150878906,5643100,0.0,0.0,0.0
2022-04-14,158.57872051105323,159.81210518231867,158.34084866627896,158.49061584472656,6188200,0.0,0.0,0.0
2022-04-18,158.34084490756047,158.92230342859057,155.7066848272698,156.51719665527344,6318700,0.0,0.0,0.0
2022-04-19,159.21303159442544,163.8118154238909,158.5346633245545,161.29217529296875,14380800,0.0,0.0,0.0
2022-04-20,160.5521501800479,162.3846170165724,160.2526023788648,162.0057830810547,8044900,0.0,0.0,0.0
2022-04-21,162.0410384216189,162.86917400466555,160.8340822955839,161.53887939453125,6969200,0.0,0.0,0.0
2022-04-22,160.75473975079714,161.35380833684624,159.79446092986925,159.93540954589844,8003600,0.0,0.0,0.0
2022-04-25,160.64023199581098,164.47255624548924,160.42880231663466,163.87347412109375,11176500,0.0,0.0,0.0
2022-04-26,163.07179582608373,164.36685650151415,162.26127050518852,162.70176696777344,10190000,0.0,0.0,0.0
2022-04-27,162.31412664127242,162.82510410464138,160.11164452824275,160.42880249023438,11090100,0.0,0.0,0.0
2022-04-28,160.56096102671202,162.54319511346156,160.2702317475092,161.62696838378906,9403900,0.0,0.0,0.0
2022-04-29,160.78118236924186,160.82523469682374,158.75489628642276,158.9839630126953,8463100,0.0,0.0,0.0
2022-05-02,158.992788061146,159.8209235292712,155.96217036625575,157.3805694580078,7145400,0.0,0.0,0.0
2022-05-03,157.52150423084478,159.1337225544065,156.53478322320078,157.0721893310547,5898700,0.0,0.0,0.0
2022-05-04,156.94887524839223,159.0192138810612,156.06788237370492,158.75491333007812,5923000,0.0,0.0,0.0
2022-05-05,158.06773311181374,158.3232285624139,154.4116182174893,155.7242889404297,7089200,0.0,0.0,0.0
2022-05-06,154.29705902598218,155.8211726140662,153.90061500447703,155.38067626953125,6434000,0.0,0.0,0.0
2022-05-09,154.57018491372833,157.31007307437423,153.81253056388428,156.22645568847656,7855200,0.0,0.0,0.0
2022-05-10,157.01936127855296,157.85630184751082,155.49524732094466,156.01502990722656,8186700,0.0,0.0,0.0
2022-05-11,155.01949858462038,157.09864212472613,154.94901754766454,155.1692657470703,6138900,0.0,0.0,0.0
2022-05-12,155.46880959876904,156.77267525514196,153.9182670193765,156.7021942138672,6898600,0.0,0.0,0.0
2022-05-13,157.4334329711039,157.60082377767534,154.87855886637175,155.80360412597656,7732200,0.0,0.0,0.0
2022-05-16,155.80357444540812,157.81223685584473,155.2044923803768,156.88719177246094,5516700,0.0,0.0,0.0
2022-05-17,157.45103413687846,158.3144033160237,155.5745151729978,157.5391387939453,5751100,0.0,0.0,0.0
2022-05-18,157.5567242981643,158.02364933315633,154.32348284479946,154.6142120361328,8608800,0.0,0.0,0.0
2022-05-19,153.92710268454277,153.9975837398179,152.1386879159576,153.23992919921875,6874500,0.0,0.0,0.0
2022-05-20,154.04157035663565,156.0766612289523,153.33677354747846,155.91807556152344,7522100,0.0,0.0,0.0
2022-05-23,157.4697712746739,159.5356633917827,157.3456402436553,159.10121154785156,7040800,1.13,0.0,0.0
2022-05-24,158.9327493663901,161.14052297289487,158.79975666147274,160.83905029296875,6419800,0.0,0.0,0.0
2022-05-25,160.0676616911054,160.97205265056783,158.76427909723145,159.26080322265625,6558900,0.0,0.0,0.0
2022-05-26,160.4843835491112,160.4843835491112,158.35641923420002,159.1189422607422,6897600,0.0,0.0,0.0
2022-05-27,159.38497239842482,160.62629653833133,158.0283923992049,160.56422424316406,5853600,0.0,0.0,0.0
2022-05-31,157.82442014816317,159.74845780398547,155.17331968075618,159.18099975585938,16391400,0.0,0.0,0.0
2022-06-01,158.8440924440852,159.44702432743213,155.96246633171387,157.56732177734375,5175400,0.0,0.0,0.0
2022-06-02,157.59393709033083,157.65599585490412,154.80096798203846,157.07080078125,8666500,0.0,0.0,0.0
2022-06-03,156.99984094716962,158.4184793260513,156.18410730596025,156.4235076904297,4234200,0.0,0.0,0.0
2022-06-06,157.1240088169296,158.26778687000186,156.05115119955366,156.4058074951172,5386500,0.0,0.0,0.0
2022-06-07,156.9200500650469,158.97709421837678,156.40578902671442,158.1259002685547,5447800,0.0,0.0,0.0
2022-06-08,157.9130980002288,159.11007289779735,156.76044498351013,157.18603515625,4333100,0.0,0.0,0.0
2022-06-09,157.12398029323683,158.40075084304772,153.95861863641477,154.02069091796875,5509600,0.0,0.0,0.0
2022-06-10,152.65522411857313,154.2512040930317,151.28090765364306,152.99215698242188,6647300,0.0,0.0,0.0
2022-06-13,150.80213288358212,152.72617068172065,150.80213288358212,151.4493865966797,7997000,0.0,0.0,0.0
2022-06-14,151.67103549827945,151.7153709054256,148.30174749417253,149.1263427734375,7116800,0.0,0.0,0.0
2022-06-15,150.4120014677221,152.00798155872073,149.52534736486373,150.7223358154297,7796100,0.0,0.0,0.0
2022-06-16,149.312538168652,150.91739338050758,148.4347593087099,150.8021240234375,7056700,0.0,0.0,0.0
2022-06-17,151.28979457009822,152.6818344825314,150.05734590283774,150.25241088867188,12486600,0.0,0.0,0.0
2022-06-21,151.39616085468273,154.15365516017582,150.3410404972209,153.39999389648438,8219700,0.0,0.0,0.0
2022-06-22,152.50451108450184,157.75350193552595,152.229650467579,155.8206024169922,10593100,0.0,0.0,0.0
2022-06-23,156.93779177146504,159.43816308356813,156.5122015480768,159.29629516601562,10223500,0.0,0.0,0.0
2022-06-24,160.28933097542213,161.84097568778571,159.580004972488,161.628173828125,9374400,0.0,0.0,0.0
2022-06-27,161.05187252969662,162.56805720395377,160.92774147964343,161.4774627685547,5908600,0.0,0.0,0.0
2022-06-28,161.5217326602117,162.2310584567325,156.3259404798985,156.88453674316406,9245700,0.0,0.0,0.0
2022-06-29,157.13285122903676,158.09043934480965,156.43238686664077,156.92892456054688,7097900,0.0,0.0,0.0
2022-06-30,156.8136491024769,158.08155800728974,155.19107043007185,157.3899688720703,10777200,0.0,0.0,0.0
2022-07-01,157.33679932164722,159.3495083259739,156.6629469392069,159.17218017578125,5498400,0.0,0.0,0.0
2022-07-05,158.56035612268357,158.8263550615504,154.8186746959564,157.9485626220703,5676400,0.0,0.0,0.0
2022-07-06,157.88649693582497,159.10120868387406,157.30130200187108,158.09042358398438,5335600,0.0,0.0,0.0
2022-07-07,157.7003031319336,158.81748245831798,157.38996877663712,158.26776123046875,5725800,0.0,0.0,0.0
2022-07-08,158.11701301916057,159.5888619394688,157.62048893261482,158.0726776123047,3828300,0.0,0.0,0.0
2022-07-11,157.55843233705153,158.7288222540413,157.3988410916082,158.134765625,3645200,0.0,0.0,0.0
2022-07-12,157.8066389485969,158.2233673153873,155.34174247611003,155.91807556152344,4708800,0.0,0.0,0.0
2022-07-13,155.7496914855463,156.34374821976928,154.7211692908003,155.55462646484375,5291700,0.0,0.0,0.0
2022-07-14,152.9743948952376,156.0599466510183,152.77046828828395,155.76734924316406,5359600,0.0,0.0,0.0
2022-07-15,157.56728524128997,158.2765976041397,156.5387633741853,158.02833557128906,5691100,0.0,0.0,0.0
2022-07-18,157.59389968201364,157.99289130869738,154.19801296157368,154.4817352294922,7605700,0.0,0.0,0.0
2022-07-19,156.34371926313065,156.716112362063,150.6248030171579,152.22964477539062,13256400,0.0,0.0,0.0
2022-07-20,152.6818236399988,152.99215796704271,150.5183856083946,151.3607177734375,7455800,0.0,0.0,0.0
2022-07-21,150.775520984513,151.963634141449,150.52725893766868,151.8927001953125,5729200,0.0,0.0,0.0
2022-07-22,152.1498656960893,152.9389873906592,151.67106485306928,152.6109161376953,4257000,0.0,0.0,0.0
2022-07-25,152.61091133331226,153.37343446029467,152.25625507720045,152.91238403320312,4437300,0.0,0.0,0.0
2022-07-26,153.00100099355666,155.14670189463305,152.93894225327006,153.99404907226562,4525500,0.0,0.0,0.0
2022-07-27,153.06308045460173,154.36646288377784,151.73309948844374,153.56846618652344,4648500,0.0,0.0,0.0
2022-07-28,153.74581318511324,156.1309148424457,152.0079787519889,154.45513916015625,5513000,0.0,0.0,0.0
2022-07-29,154.091593917827,155.0314585297953,153.3113475915977,154.73886108398438,6451400,0.0,0.0,0.0
2022-08-01,154.4285232128406,155.3063155300549,153.86992687195277,154.197998046875,5461400,0.0,0.0,0.0
2022-08-02,155.1733092728317,155.59891292733008,153.125140729148,153.32020568847656,5794200,0.0,0.0,0.0
2022-08-03,152.99219561386872,155.395021087496,152.30060637185073,154.80096435546875,5010000,0.0,0.0,0.0
2022-08-04,154.9960285017623,155.24429061138113,152.1498759131786,152.31832885742188,5651600,0.0,0.0,0.0
2022-08-05,151.88381369341164,152.08774029942148,150.54495766403886,151.71534729003906,5235500,0.0,0.0,0.0
2022-08-08,151.88383311382327,152.04342433999395,150.23465613039446,150.90850830078125,4629800,0.0,0.0,0.0
2022-08-09,151.20998887358706,151.72424989078607,150.49180119536254,150.8907928466797,5532500,0.0,0.0,0.0
2022-08-10,151.63559069995006,151.83065568780307,150.31447119663073,151.32525634765625,5603400,0.0,0.0,0.0
2022-08-11,149.41894520216803,150.6868540073245,148.05349038048098,148.1953582763672,9328700,0.0,0.0,0.0
2022-08-12,148.55001550635183,148.90468524850152,146.43091284060145,146.5639190673828,14606900,0.0,0.0,0.0
2022-08-15,147.18460865968683,147.84959936146254,146.41322377499358,147.264404296875,10072000,0.0,0.0,0.0
2022-08-16,147.0604754257715,149.17957855621648,146.82995018977317,148.57666015625,7453600,0.0,0.0,0.0
2022-08-17,147.54812647881752,149.45442756881258,147.54812647881752,148.58551025390625,7406600,0.0,0.0,0.0
2022-08-18,148.67413918534143,149.2238738761851,147.1224946544556,147.86729431152344,8312100,0.0,0.0,0.0
2022-08-19,148.15991714487026,150.83760299586217,148.07124631620687,150.11941528320312,8128500,0.0,0.0,0.0
2022-08-22,150.76207706575426,150.77993310942142,149.21786298272403,149.59275817871094,5462600,1.13,0.0,0.0
2022-08-23,149.06610307824684,149.75341766656632,147.9949721274669,148.28953552246094,5566300,0.0,0.0,0.0
2022-08-24,148.6733853115329,148.70016256981015,147.34340274985735,147.7986297607422,5684300,0.0,0.0,0.0
2022-08-25,148.12888595720025,149.2803624992224,147.01312150494633,149.1821746826172,5678700,0.0,0.0,0.0
2022-08-26,149.4767048890526,149.51240335070997,146.56678312782643,146.6292724609375,5667100,0.0,0.0,0.0
2022-08-29,145.91521027825053,146.2454721912816,144.62092626267798,145.4956817626953,5259200,0.0,0.0,0.0
2022-08-30,145.76347403811087,145.9776921008419,144.62985351552902,144.9868927001953,6973300,0.0,0.0,0.0
2022-08-31,145.7009972826692,145.98663955122782,143.95148605835314,144.0139617919922,8741700,0.0,0.0,0.0
2022-09-01,144.14782012129618,147.72718693779706,144.1388852903736,147.58436584472656,7509600,0.0,0.0,0.0
2022-09-02,148.048554561284,148.35203922422625,144.61199459154986,145.26361083984375,5803700,0.0,0.0,0.0
2022-09-06,146.33473502603985,148.3698882056145,145.33501448033186,145.65634155273438,7394600,0.0,0.0,0.0
2022-09-07,145.41537284084407,146.7632115816411,144.7459140772384,146.4508056640625,4590600,0.0,0.0,0.0
2022-09-08,146.28118974097967,147.65580557803506,145.56709775464353,147.6290283203125,5838400,0.0,0.0,0.0
2022-09-09,147.27197622344266,148.35202851067177,146.73640387561014,147.91465759277344,5500600,0.0,0.0,0.0
2022-09-12,148.2717166611337,148.68232399898284,147.47729286457923,147.85218811035156,6365300,0.0,0.0,0.0
2022-09-13,146.00449034788366,146.7810581048217,143.54087354076017,144.00503540039062,6726400,0.0,0.0,0.0
2022-09-14,144.94226380456792,147.60224233572492,144.94226380456792,146.9774169921875,9555700,0.0,0.0,0.0
2022-09-15,146.78996056909497,148.23600048167685,146.4775547116894,147.35231018066406,7174500,0.0,0.0,0.0
2022-09-16,147.56651650132378,149.62844656269698,147.05772148868965,149.60166931152344,20201500,0.0,0.0,0.0
2022-09-19,148.44130269982648,148.55733293899308,146.4597039797482,148.42344665527344,7380900,0.0,0.0,0.0
2022-09-20,147.4772727474838,148.08424202827035,146.6739278475791,147.25411987304688,7143400,0.0,0.0,0.0
2022-09-21,147.2987543909455,148.88760178047127,145.7099070014197,145.74560546875,8071200,0.0,0.0,0.0
2022-09-22,145.62957079776595,149.2089518759739,145.3439421806004,148.3341827392578,7401100,0.0,0.0,0.0
2022-09-23,147.941467495525,149.49460313067456,146.97744522879063,148.81622314453125,9598600,0.0,0.0,0.0
2022-09-26,147.99495200029995,148.92326173268162,146.7274456252369,147.9056854248047,8735500,0.0,0.0,0.0
2022-09-27,148.4948473740982,149.6641662416753,146.74532286844726,147.2273406982422,8686700,0.0,0.0,0.0
2022-09-28,148.39666997292105,149.40532538141738,147.3701721399739,148.49485778808594,8660900,0.0,0.0,0.0
2022-09-29,148.60197909999494,149.21788329874687,146.29011826656375,146.86138916015625,7008100,0.0,0.0,0.0
2022-09-30,147.28089893097874,147.9414363506579,145.78131813409072,145.8170166015625,8985200,0.0,0.0,0.0
2022-10-03,146.6471376038329,146.72748299030593,144.33527708354805,145.6741943359375,8657000,0.0,0.0,0.0
2022-10-04,146.2544225322749,148.17353210850268,145.4242866253218,147.83433532714844,6236100,0.0,0.0,0.0
2022-10-05,147.29877283757648,148.20922688030947,146.5757596070999,147.3791046142578,4539400,0.0,0.0,0.0
2022-10-06,147.09343200136792,147.28088639510904,144.326344732107,144.52272033691406,5890700,0.0,0.0,0.0
2022-10-07,144.3977750874435,144.7994475632189,142.0769795960303,142.99636840820312,6363500,0.0,0.0,0.0
2022-10-10,143.38016770387748,143.96035964219195,142.08587033042917,143.1837921142578,5315600,0.0,0.0,0.0
2022-10-11,143.14812048981727,146.4864928366943,143.14812048981727,145.2546844482422,6212200,0.0,0.0,0.0
2022-10-12,145.4421012104454,147.17376947608804,145.04935002192823,145.2189483642578,4341700,0.0,0.0,0.0
2022-10-13,143.61225968246276,148.16458365349112,143.48729462075696,147.41477966308594,6465100,0.0,0.0,0.0
2022-10-14,146.78103311700994,147.88786262901644,146.0312427469081,146.79888916015625,5684600,0.0,0.0,0.0
2022-10-17,147.63790935075104,149.2535473079308,147.28979147493175,148.7001190185547,6710800,0.0,0.0,0.0
2022-10-18,147.28090134674605,149.21786671791608,145.5403116003187,148.18243408203125,10883600,0.0,0.0,0.0
2022-10-19,148.17351510091055,148.39666798509867,146.290104213556,147.0041961669922,10044600,0.0,0.0,0.0
2022-10-20,147.28091679158985,147.94145429137177,146.68286864267498,147.3791046142578,5659900,0.0,0.0,0.0
2022-10-21,147.02203772529396,151.18159672538906,146.77209398907274,150.5924835205078,8487600,0.0,0.0,0.0
2022-10-24,151.57438984707753,153.60062220969093,151.07452947678095,152.61874389648438,6855500,0.0,0.0,0.0
2022-10-25,151.89569822428982,152.73475521850912,150.42289468859553,152.37771606445312,5661900,0.0,0.0,0.0
2022-10-26,152.92220535559304,154.03796970606226,152.20811344725865,153.7166290283203,6123800,0.0,0.0,0.0
2022-10-27,153.84162029571849,154.80562887298058,153.2792706088384,153.805908203125,5390900,0.0,0.0,0.0
2022-10-28,154.42176351712175,156.5551040983608,154.05578959485928,156.0909423828125,6073900,0.0,0.0,0.0
2022-10-31,155.77856723686514,156.34983806835243,154.79668911079114,155.28762817382812,7810000,0.0,0.0,0.0
2022-11-01,155.36795521464308,155.87675030635518,152.11884990564263,154.5021209716797,6985000,0.0,0.0,0.0
2022-11-02,154.32360746464764,155.26085229875142,152.00281202974026,152.12777709960938,6877300,0.0,0.0,0.0
2022-11-03,151.57436268977065,153.05610110779338,150.79779501220852,152.3866424560547,4819900,0.0,0.0,0.0
2022-11-04,153.13642825531272,153.97548525272882,151.06557663759088,153.0650177001953,5300900,0.0,0.0,0.0
2022-11-07,153.23465722913355,155.18055792333598,153.02936034062935,154.4039764404297,6621000,0.0,0.0,0.0
2022-11-08,154.5378537205686,155.9303256648603,153.68986178767213,155.17160034179688,5148400,0.0,0.0,0.0
2022-11-09,155.5554374406578,156.20704013729636,153.83268985836796,153.93087768554688,6150000,0.0,0.0,0.0
2022-11-10,155.62679297491906,156.00168810425728,153.56484933330654,155.73390197753906,7877500,0.0,0.0,0.0
2022-11-11,154.1807464084958,154.5199430617703,148.90542396405598,151.074462890625,11074700,0.0,0.0,0.0
2022-11-14,151.96708389644368,154.65383918424496,151.96708389644368,153.44882202148438,6581500,0.0,0.0,0.0
2022-11-15,153.69876925065583,154.42178235296564,152.20810974906783,153.87728881835938,9351000,0.0,0.0,0.0
2022-11-16,154.99303044471418,156.19806118554718,154.53780357070758,154.83236694335938,5500900,0.0,0.0,0.0
2022-11-17,154.42178858383235,156.19809036155516,154.40393254029053,156.08204650878906,4464100,0.0,0.0,0.0
2022-11-18,156.20700617444052,157.67088843035418,155.8678094597216,157.27813720703125,6555700,0.0,0.0,0.0
2022-11-21,158.01482895333154,158.60775843277142,157.06255575136802,158.08670043945312,5706600,1.13,0.0,0.0
2022-11-22,158.4729673553989,159.18268959282346,158.41008838326877,158.8502960205078,4707900,0.0,0.0,0.0
2022-11-23,158.50890020456436,159.37133042245526,158.12259276948816,159.02096557617188,5389200,0.0,0.0,0.0
2022-11-25,159.35338701224646,160.01817417516006,158.88622927294978,159.2276153564453,3058600,0.0,0.0,0.0
2022-11-28,158.78742894957009,159.70377325475624,158.61673588498712,159.30848693847656,6183100,0.0,0.0,0.0
2022-11-29,159.02100532796635,159.24559858578073,156.90983692936217,158.1945037841797,6700500,0.0,0.0,0.0
2022-11-30,158.44601771739843,159.9193486667819,157.01760815285417,159.91036987304688,13288000,0.0,0.0,0.0
2022-12-01,160.80875207712543,161.6711961086486,159.7037572279313,160.57518005371094,6282600,0.0,0.0,0.0
2022-12-02,159.4612143310461,160.77284499879113,158.9760989218216,160.7009735107422,5823900,0.0,0.0,0.0
2022-12-05,160.23378428592605,161.1321571483257,159.91036950713888,160.61109924316406,5120600,0.0,0.0,0.0
2022-12-06,161.63523777244083,161.70710924374117,158.05072524929523,158.20346069335938,7943500,0.0,0.0,0.0
2022-12-07,158.62573354875062,159.8026000326345,158.32027629836176,159.1647491455078,5702600,0.0,0.0,0.0
2022-12-08,158.85030851532642,159.43424543825788,158.41907963787727,159.19168090820312,4798500,0.0,0.0,0.0
2022-12-09,159.11979587904904,159.81154681647942,157.80817918572492,157.8800506591797,4561000,0.0,0.0,0.0
2022-12-12,158.06873805304463,159.79361269296078,157.75431570512998,159.76666259765625,4882400,0.0,0.0,0.0
2022-12-13,160.89859969252265,161.88680170569737,160.18887739050558,160.99742126464844,9177500,0.0,0.0,0.0
2022-12-14,160.43144261507453,162.6414323894744,160.43144261507453,161.49151611328125,9533600,0.0,0.0,0.0
2022-12-15,160.98840403504315,161.5633620823508,158.4729574375416,159.4521942138672,7602400,0.0,0.0,0.0
2022-12-16,159.0120068178567,159.0120068178567,157.08948931764772,157.81716918945312,18841800,0.0,0.0,0.0
2022-12-19,157.5296747158417,158.26633327780635,156.37975863759374,157.64645385742188,5736000,0.0,0.0,0.0
2022-12-20,158.1136338979818,158.50892017602,157.3679827295157,157.81716918945312,6174700,0.0,0.0,0.0
2022-12-21,158.3561988845497,160.07208074835145,157.79919835111312,159.62289428710938,5472000,0.0,0.0,0.0
2022-12-22,158.80536842963187,159.4701555482831,157.52068815912224,159.0389404296875,5709100,0.0,0.0,0.0
2022-12-23,158.71552698464768,159.47914937700568,157.94292579885644,159.44320678710938,3683400,0.0,0.0,0.0
2022-12-27,160.00920088299674,160.22481531810487,159.0030276019911,159.39830017089844,3067300,0.0,0.0,0.0
2022-12-28,159.69477553667332,160.3146550844075,158.69758098338002,158.70657348632812,2645400,0.0,0.0,0.0
2022-12-29,159.5061121482356,160.17989182750884,159.07489699176386,159.5150909423828,2828800,0.0,0.0,0.0
2022-12-30,159.4521991402145,159.70374243692808,157.57458950020597,158.6975555419922,4216600,0.0,0.0,0.0
2023-01-03,158.25738913289425,160.2517782663902,158.12262495960812,160.08108520507812,6344900,0.0,0.0,0.0
2023-01-04,160.70994140593334,161.87782901836752,160.34160519519696,161.8239288330078,9788800,0.0,0.0,0.0
2023-01-05,160.82673250499602,161.69815538025253,160.2787244464129,160.62908935546875,6255300,0.0,0.0,0.0
2023-01-06,161.82391655640404,162.54260391745606,161.15911566853993,161.9317169189453,5706000,0.0,0.0,0.0
2023-01-09,161.07827667867886,161.49152056941944,157.3769707112216,157.736328125,7925300,0.0,0.0,0.0
2023-01-10,157.84410884337242,158.23939509527338,156.60436361741637,157.35899353027344,5047500,0.0,0.0,0.0
2023-01-11,157.7273471871394,157.86209764792312,154.61897071358734,157.1074676513672,6494800,0.0,0.0,0.0
2023-01-12,156.5504512835907,156.95473004127825,155.238834570819,156.31687927246094,4269400,0.0,0.0,0.0
2023-01-13,155.58917836645912,156.32583689136666,154.8614986341196,155.80477905273438,6088000,0.0,0.0,0.0
2023-01-17,156.31689802877798,156.83795600051064,154.60100235243004,154.84356689453125,6053300,0.0,0.0,0.0
2023-01-18,154.2057216817711,154.52015771850176,152.46288955717878,152.50779724121094,7047800,0.0,0.0,0.0
2023-01-19,151.8519762517965,153.87331535748183,151.56450404052444,152.30116271972656,6939500,0.0,0.0,0.0
2023-01-20,152.81323359778148,152.82221239174393,150.45948731179328,151.59144592285156,8620600,0.0,0.0,0.0
2023-01-23,151.91489208171805,152.39102871361763,150.8817548232285,151.20516967773438,8425400,0.0,0.0,0.0
2023-01-24,151.8430205909295,153.61281664085257,149.1389088688405,151.20516967773438,10541800,0.0,0.0,0.0
2023-01-25,150.1809985353342,152.28318786621094,150.10014826293497,152.28318786621094,7099800,0.0,0.0,0.0
2023-01-26,152.31912568423454,152.64254047177542,151.5105818613411,151.7261962890625,6946100,0.0,0.0,0.0
2023-01-27,151.4117942452829,151.70825900934273,150.72005683722873,151.13330078125,6058100,0.0,0.0,0.0
2023-01-30,150.86375210255983,151.4117601111123,144.70990606090112,145.53640747070312,23259100,0.0,0.0,0.0
2023-01-31,145.26690072791385,146.82108206591704,144.68296380387935,146.81210327148438,11612500,0.0,0.0,0.0
2023-02-01,146.42581472353626,149.1119411198087,145.8957642552345,148.15966796875,9865300,0.0,0.0,0.0
2023-02-02,146.43476812105712,149.3275296677024,146.27306759503554,148.7166290283203,10099000,0.0,0.0,0.0
2023-02-03,149.15683704144567,149.4353304201747,147.23431977000433,147.8811492919922,6868500,0.0,0.0,0.0
2023-02-06,147.8272598883593,148.09677449350673,146.52462195624267,146.75819396972656,7021000,0.0,0.0,0.0
2023-02-07,145.17708323264998,147.2253725893985,145.01536896338868,146.7941436767578,7310800,0.0,0.0,0.0
2023-02-08,146.7043251449719,147.8362702788195,146.34496769194357,146.98281860351562,6054700,0.0,0.0,0.0
2023-02-09,147.00075685479476,148.0518514659381,144.70092450479746,144.99737548828125,7949500,0.0,0.0,0.0
2023-02-10,145.32978546206928,146.24611593505944,144.9524704952941,145.67115783691406,7028000,0.0,0.0,0.0
2023-02-13,144.93451706895723,146.27309776771637,144.7728028014966,146.210205078125,6414700,0.0,0.0,0.0
2023-02-14,146.20119860467744,146.40782051634733,145.32078336558035,145.57232666015625,6316000,0.0,0.0,0.0
2023-02-15,145.49149462177328,145.5184447132767,143.10181931586163,143.17369079589844,12621800,0.0,0.0,0.0
2023-02-16,142.90417466395917,143.4252188495979,141.87103767003558,142.1585235595703,11177000,0.0,0.0,0.0
2023-02-17,142.07710104653742,145.77787042092962,141.71515900331403,145.1263885498047,12401900,1.13,0.0,0.0
2023-02-21,144.45680792260137,145.0902030544556,142.86430433263143,142.96383666992188,9423900,0.0,0.0,0.0
2023-02-22,143.416252380257,143.7329499428843,142.39378509026102,142.7647705078125,9820200,0.0,0.0,0.0
2023-02-23,142.70144145077708,143.49768634624337,141.76040592884766,142.7195281982422,9385100,0.0,0.0,0.0
2023-02-24,141.74227956339735,141.92325745851204,140.43932984262614,141.1269989013672,8689700,0.0,0.0,0.0
2023-02-27,141.56132340122707,141.9684960746836,140.32170482899764,140.81936645507812,7267100,0.0,0.0,0.0
2023-02-28,140.2312585903885,140.4936683489219,138.47587730553485,138.67494201660156,9062300,0.0,0.0,0.0
2023-03-01,138.44869840063157,138.65682024115324,137.45338890339346,138.0505828857422,6767000,0.0,0.0,0.0
2023-03-02,137.30863521364256,138.2225130871643,136.83811740832545,137.9420166015625,8762500,0.0,0.0,0.0
2023-03-03,138.77442878107271,139.4530544894864,138.29486771832774,139.36257934570312,5747200,0.0,0.0,0.0
2023-03-06,139.94169701175014,140.90986267759658,139.86026522621384,140.75604248046875,8148200,0.0,0.0,0.0
2023-03-07,141.2356026957204,141.3803795179494,138.75636519676735,139.42593383789062,7457700,0.0,0.0,0.0
2023-03-08,139.3264093881275,139.5254740782955,137.96915766789763,138.4034881591797,6230500,0.0,0.0,0.0
2023-03-09,138.85588608097098,138.9825623383015,136.3675916067328,136.84715270996094,7439400,0.0,0.0,0.0
2023-03-10,137.4082002557067,138.88308525804493,136.72053084329508,137.18199157714844,8504300,0.0,0.0,0.0
2023-03-13,137.61625184394023,141.07272565966363,137.14574792662427,138.4939422607422,10799600,0.0,0.0,0.0
2023-03-14,138.69300132297354,139.37162705249227,137.44432556252283,139.2720947265625,8421200,0.0,0.0,0.0
2023-03-15,138.29488508024764,140.14979834411767,138.01438862795706,139.66119384765625,7757700,0.0,0.0,0.0
2023-03-16,138.84683745181007,139.67928345220068,138.07773648732402,139.37164306640625,7605500,0.0,0.0,0.0
2023-03-17,139.77880595262732,140.20407919992874,137.80627370486874,137.878662109375,20540700,0.0,0.0,0.0
2023-03-20,137.96010141453874,139.4078419703047,137.87866963252966,139.24496459960938,7129000,0.0,0.0,0.0
2023-03-21,139.34449693540174,139.4621298249774,137.68864833449797,139.24496459960938,8376800,0.0,0.0,0.0
2023-03-22,139.20878642777956,139.3987939315944,136.6571466374125,136.6752471923828,7943500,0.0,0.0,0.0
2023-03-23,136.7928655648665,137.25433997077897,135.82469988254837,136.7476348876953,9051500,0.0,0.0,0.0
2023-03-24,137.0643310938012,138.2225181906689,136.47619417044845,138.12298583984375,5696200,0.0,0.0,0.0
2023-03-27,139.5254507198136,139.83309107795964,138.53918461516392,138.7111053466797,6772300,0.0,0.0,0.0
2023-03-28,137.88774255514656,138.8468650110417,137.2905484124148,137.3719940185547,6115300,0.0,0.0,0.0
2023-03-29,137.7519882208691,138.78349884112916,137.59816803615308,138.72015380859375,6012000,0.0,0.0,0.0
2023-03-30,138.96448406926356,139.16354876365816,138.26775763888253,138.82875061035156,4555700,0.0,0.0,0.0
2023-03-31,139.15444266143888,140.42121879921086,138.65679490708357,140.24929809570312,9890000,0.0,0.0,0.0
2023-04-03,140.20410026705468,142.06805709147102,139.290222410362,141.9232940673828,6841900,0.0,0.0,0.0
2023-04-04,142.03184401555163,143.8415126517371,141.68800255654006,143.40719604492188,8314500,0.0,0.0,0.0
2023-04-05,148.7276553032202,149.8948996416444,147.2708710790458,149.8496551513672,16704200,0.0,0.0,-0.0290111111111111
2023-04-06,150.19348210993792,151.31546804234256,149.1167268567339,149.43341064453125,9615400,0.0,0.0,0.0581999999999999
2023-04-10,148.9629000350983,149.15290753800335,148.0671089585119,148.68240356445312,5354000,0.0,0.0,0.0696049999999999
2023-04-11,148.77285035635677,149.55100838783142,148.42900891252427,148.6371307373047,5903800,0.0,0.0,0.0688749999999999
2023-04-12,148.3385351219097,149.15288045700183,147.57847763493362,148.3204345703125,5764100,0.0,0.0,0.1116375
2023-04-13,148.55569501850505,150.50109712964127,148.2209107315074,150.30203247070312,5640600,0.0,0.0,-0.1854
2023-04-14,150.17538742314898,150.31110707941198,148.4471501644441,150.05775451660156,7225100,0.0,0.0,0.0285099999999999
2023-04-17,149.96724517609263,150.41966233611944,149.24337495871453,149.90390014648438,8046400,0.0,0.0,0.1596083333333333
2023-04-18,148.61906184458212,149.0171912208447,144.45681775579158,145.68739318847656,14571500,0.0,0.0,0.1719088235294117
2023-04-19,146.57415481372348,147.19847906025043,145.8321838500056,147.06275939941406,6752000,0.0,0.0,0.110575
2023-04-20,146.97226465816556,148.22999789710417,145.6421706140843,148.01283264160156,9498800,0.0,0.0,0.1927416666666666
2023-04-21,148.79096440283735,149.2705255092172,146.55602242857194,147.20750427246094,7014200,0.0,0.0,0.0498375
2023-04-24,147.20752469732523,148.22093490323903,146.4655537917965,148.10330200195312,5278900,0.0,0.0,0.08515625
2023-04-25,148.67333925526552,149.61437477060235,148.53761961684066,149.46054077148438,6263100,0.0,0.0,0.1501916666666666
2023-04-26,148.474272705533,148.74572578563095,146.80033735717046,147.1441650390625,5518200,0.0,0.0,0.2063
2023-04-27,147.39750238007187,147.85897671069915,146.70078990783293,147.4879913330078,5739700,0.0,0.0,0.1382125
2023-04-28,147.31609680546725,148.1756867845272,147.08988818957363,148.12139892578125,6024900,0.0,0.0,0.3920583333333333
2023-05-01,148.03089904785156,148.66428030526717,146.800323830583,148.03089904785156,4893400,0.0,0.0,0.0903
2023-05-02,148.7004759231456,149.7319865448465,147.99470622443852,149.32481384277344,7541700,0.0,0.0,0.235075
2023-05-03,149.7953555057256,150.36539185701463,147.04465087067558,147.37039184570312,5937200,0.0,0.0,0.132375
2023-05-04,147.19846884918314,147.3975335423873,145.90456215003513,146.70082092285156,5128000,0.0,0.0,0.03272
2023-05-05,147.34323263035822,147.60564234210096,146.30267857715378,147.19845581054688,5194500,0.0,0.0,0.3723611111111111
2023-05-08,146.57413813278936,147.09894377276368,145.98598745384734,146.86367797851562,4994900,0.0,0.0,0.2647333333333333
2023-05-09,146.35695304774526,146.7007945116816,145.4883060149973,145.72357177734375,5520500,0.0,0.0,0.1755142857142857
2023-05-10,145.8593067616784,146.55603313581562,144.82779606793906,146.2664794921875,6756600,0.0,0.0,-0.193625
2023-05-11,146.42935385350668,146.75509479254268,144.2215556896712,145.66929626464844,5867600,0.0,0.0,0.2711454545454546
2023-05-12,146.00408419070348,146.18504831538482,144.7825521874183,145.47927856445312,3904200,0.0,0.0,0.14
2023-05-15,145.4973452646695,145.7054532692967,143.81435306404305,144.36630249023438,5104500,0.0,0.0,0.0
2023-05-16,143.92294753881797,144.99970260969923,143.44338644439333,144.17630004882812,5599200,0.0,0.0,0.1076375
2023-05-17,144.58347557962978,144.82778472146603,142.75572012246317,143.859619140625,6840700,0.0,0.0,0.196525
2023-05-18,143.56102494963775,143.80532028956742,142.5657016165571,143.3981475830078,5173000,0.0,0.0,-0.0683
2023-05-19,143.49767782293972,144.71015255160333,143.09050512232002,143.7872314453125,6527100,0.0,0.0,0.0577
2023-05-22,144.04249563645504,145.08178903587907,142.93026765854617,143.01231384277344,5675900,1.19,0.0,0.0
2023-05-23,143.22201594705018,144.28865814883525,142.55649308859455,142.95762634277344,5793000,0.0,0.0,0.3117499999999999
2023-05-24,143.20377319071005,143.25847064851945,142.14624263689856,142.8208770751953,5015100,0.0,0.0,0.12978
2023-05-25,142.2647621793048,142.48355200917356,140.14058947895313,140.76963806152344,6886100,0.0,0.0,0.5804750000000001
2023-05-26,141.0248968239368,141.56277368323182,140.57817775336983,140.71493530273438,6845400,0.0,0.0,0.26046
2023-05-30,140.3685105504446,141.65395649674463,139.77593618925064,140.73316955566406,5593100,0.0,0.0,0.0932583333333333
2023-05-31,141.03399925404145,141.9365489420748,140.25909550144982,141.36219787597656,11324600,0.0,0.0,0.1105875
2023-06-01,140.8881378173828,141.3439684888535,139.62092910712826,140.8881378173828,7901300,0.0,0.0,0.1842333333333333
2023-06-02,141.0522470429016,143.4134466319013,140.47789593336444,143.10348510742188,7659700,0.0,0.0,0.1257571428571428
2023-06-05,142.9029135495959,144.62595290773126,142.9029135495959,144.334228515625,6430500,0.0,0.0,0.17
2023-06-06,145.48293840272098,145.51028713383093,143.49550917334733,144.20660400390625,5073600,0.0,0.0,0.0326
2023-06-07,144.13369013922775,144.77185041336642,143.53199020467528,144.51658630371094,6504300,0.0,0.0,0.2496375
2023-06-08,144.49835543839313,146.24874394222485,143.87843226261683,146.10287475585938,5818400,0.0,0.0,0.0
2023-06-09,146.24873878394146,146.53135162827456,145.38266312557687,145.8749542236328,6264400,0.0,0.0,0.394275
2023-06-12,145.8657993744946,146.09371468601725,144.70798569692246,145.77462768554688,6510600,0.0,0.0,0.3551666666666667
2023-06-13,145.61967934223262,146.6316241069767,145.0909140325524,146.54046630859375,6066800,0.0,0.0,0.2232625
2023-06-14,147.32449915122842,147.76209276189402,146.75925958031652,147.28802490234375,6699100,0.0,0.0,0.414625
2023-06-15,147.7346970225143,149.43038737399314,147.1694576314576,149.2662811279297,7138300,0.0,0.0,0.336325
2023-06-16,149.95011391344462,150.41507028770863,149.39399971484622,149.72219848632812,13426600,0.0,0.0,0.0129166666666666
2023-06-20,149.74951850288122,150.706765895342,149.3392735949269,149.63101196289062,7995800,0.0,0.0,0.2328666666666666
2023-06-21,149.12955973612458,150.3511825609246,148.31818172134274,149.40306091308594,7177500,0.0,0.0,0.0
2023-06-22,149.4213058199959,151.08053633319818,149.32102250424353,150.98936462402344,5485900,0.0,0.0,0.00585
2023-06-23,151.43606067115883,151.58192981927616,150.4514647876382,150.86170959472656,9450700,0.0,0.0,-0.275025
2023-06-26,150.40587476798592,150.40587476798592,147.0783166450898,149.17514038085938,6978800,0.0,0.0,0.1516833333333333
2023-06-27,149.22070540899043,149.4030487860624,148.0902543718853,148.8651580810547,4927500,0.0,0.0,0.022
2023-06-28,148.78313614424863,148.78313614424863,147.60709907130226,148.56434631347656,6780400,0.0,0.0,0.110225
2023-06-29,148.27262108567945,149.80421959058776,147.89883654396877,149.60365295410156,4547500,0.0,0.0,0.233625
2023-06-30,150.29649351855736,151.28108946420937,149.83155122929745,150.898193359375,7580000,0.0,0.0,0.2161
2023-07-03,149.8224272168611,149.86801306783798,148.56434397715975,148.91989135742188,4033700,0.0,0.0,0.16155
2023-07-05,148.59170333898925,149.43954180226802,148.3546624612858,148.42759704589844,7224600,0.0,0.0,0.1131666666666666
2023-07-06,147.9170371360765,148.02643203410528,146.77746057878775,147.324462890625,6332500,0.0,0.0,0.44055
2023-07-07,146.29429581474798,146.81393554303182,145.13648202208864,145.18206787109375,7022200,0.0,0.0,0.0938333333333333
2023-07-10,145.34616332260245,146.13931816176876,144.9541556166953,145.41909790039062,5739200,0.0,0.0,0.03925
2023-07-11,145.07266719809547,146.1393092503645,143.67782652121693,144.61683654785156,6606700,0.0,0.0,0.5292
2023-07-12,144.8994620831422,144.8994620831422,143.9331032452763,144.1154327392578,6940400,0.0,0.0,0.0988199999999999
2023-07-13,144.04250131536318,145.07268314965992,143.50462442753616,144.78094482421875,6401700,0.0,0.0,0.1631
2023-07-14,145.11823542853878,146.07548255177514,144.9359059552669,145.74728393554688,5362200,0.0,0.0,0.5630999999999999
2023-07-17,145.637897882475,145.74729279091537,144.17923418597957,145.01797485351562,5486800,0.0,0.0,0.1547
2023-07-18,145.0179756139728,146.67719201436032,144.21570918560852,145.00885009765625,6332500,0.0,0.0,0.38585
2023-07-19,143.96048231114983,146.239636243335,143.43171692958066,144.7171630859375,7522600,0.0,0.0,-0.175075
2023-07-20,147.63445243449075,154.19841186982762,147.05098968270192,153.50555419921875,21892900,0.0,0.0,0.182534375
2023-07-21,153.32320660191064,155.7300060370538,153.32320660191064,155.15565490722656,12080000,0.0,0.0,0.1890423076923077
2023-07-24,156.34993715159226,158.46499837219187,155.88499482452838,155.967041015625,15155400,0.0,0.0,0.28149
2023-07-25,155.3926603151143,157.42566104728127,154.75450020982052,157.16128540039062,13790100,0.0,0.0,0.15534375
2023-07-26,156.80576088191418,158.49234003713482,156.25875847728884,157.462158203125,14288200,0.0,0.0,0.2874214285714285
2023-07-27,156.96984848860737,158.8934545416139,156.84221645285166,158.34646606445312,12446400,0.0,0.0,0.2660818181818182
2023-07-28,158.6291025377882,159.86896274624172,157.92711928094485,159.0666961669922,14138800,0.0,0.0,0.2374583333333333
2023-07-31,154.69981314717782,155.1829925386907,151.98306628173495,152.73062133789062,22632700,0.0,0.0,0.00641
2023-08-01,151.67309893543032,154.1528189952981,151.3904861341183,153.97048950195312,15810300,0.0,0.0,0.2159249999999999
2023-08-02,153.9340014469531,156.1128711905456,153.9340014469531,154.90036010742188,14595600,0.0,0.0,0.2466625
2023-08-03,154.9368389131692,156.18582438385852,154.6815748558417,155.56588745117188,17424800,0.0,0.0,0.1923937499999999
2023-08-04,155.29240138580778,157.42568574859604,153.0588337113919,154.10723876953125,23415100,0.0,0.0,0.2434142857142857
2023-08-07,154.5174955427848,158.02738358284265,154.39897510942902,157.80859375,17736400,0.0,0.0,0.0
2023-08-08,157.70831152102463,158.21883968229002,156.24964770811,157.8815155029297,27378700,0.0,0.0,0.0131499999999999
2023-08-09,157.7174575280745,158.85703453333517,156.85138178624683,157.78128051757812,42974400,0.0,0.0,-0.02512
2023-08-10,158.6290811411841,160.42505518421368,156.47755971409958,156.9607391357422,48213800,0.0,0.0,0.17126875
2023-08-11,157.24335450946086,158.58349788145804,156.45932514836625,158.49234008789062,45905600,0.0,0.0,0.3346700000000001
2023-08-14,158.19149537478495,160.08775282023876,156.5778507471563,158.11856079101562,64036900,0.0,0.0,0.2394999999999999
2023-08-15,157.53508769105636,159.13960669611177,156.93338784759237,157.6627197265625,88958100,0.0,0.0,0.2431999999999999
2023-08-16,157.28891742144938,159.29456942844996,156.92425847866636,157.16128540039062,85832700,0.0,0.0,0.26215
2023-08-17,157.58977862483303,159.89628068512874,157.49860692716723,158.63818359375,70904200,0.0,0.0,0.1082833333333333
2023-08-18,157.87239496720085,158.61996395451908,156.17670429271013,157.25247192382812,49631700,0.0,0.0,0.49615
2023-08-21,154.6998279545972,154.8456971198061,151.2993347669038,152.56654357910156,151319500,0.0,0.0,0.3397714285714285
2023-08-22,152.11981135002787,153.01323556584816,150.79790519266308,151.35401916503906,56834800,0.0,0.0,0.3138
2023-08-23,151.2446229300974,151.79162534251822,149.02929237257635,149.9956512451172,119011400,0.0,0.0,0.158675
2023-08-24,149.53983609528646,151.94662192079187,149.38485530817576,150.50619506835938,70755100,0.0,0.0,0.32265
2023-08-25,150.8735096346363,154.06912228938444,150.65311724015868,152.66415405273438,18185500,1.19,0.0,0.25013
2023-08-28,151.51627361204595,152.6273991170806,149.83581871419972,150.86428833007812,18458000,0.0,0.0,-0.1253699999999999
2023-08-29,151.39687941624092,152.14068427059723,149.46849905528867,150.8826446533203,12208600,0.0,0.0,0.2035944444444445
2023-08-30,151.61725259069985,152.27841549144128,150.30410454745007,150.3500213623047,9939100,0.0,0.0,0.02358
2023-08-31,150.01945584316712,150.20312312209003,148.1002532802996,148.46755981445312,15333000,0.0,0.0,0.067825
2023-09-01,148.2288322486949,149.20220730803774,146.93405341910957,147.3656463623047,8610100,0.0,0.0,0.0111333333333333
2023-09-05,147.43911197339338,148.73389081607974,147.181994559337,147.54930114746094,9019800,0.0,0.0,0.5574
2023-09-06,146.77794330295026,146.92487153733103,144.49143395723303,145.0974884033203,9753800,0.0,0.0,0.13475
2023-09-07,146.13515403452598,147.89825086273348,145.98822579588003,146.95242309570312,9931800,0.0,0.0,0.0662
2023-09-08,146.54839937662942,147.54932187998017,146.18109273689433,147.4391326904297,6957000,0.0,0.0,0.23355
2023-09-11,147.8982686538548,149.39507048993823,147.33811693700176,149.36752319335938,6309300,0.0,0.0,0.0695285714285714
2023-09-12,148.96349427170333,150.5337464009499,148.32987835532788,150.2123565673828,6045800,0.0,0.0,-0.1623
2023-09-13,150.37759157418142,151.47034747982843,149.67970352226882,150.58880615234375,7397500,0.0,0.0,0.21795
2023-09-14,151.22242482293447,151.76422096267086,150.0837659794882,150.3592529296875,7758400,0.0,0.0,-0.10115
2023-09-15,150.5796111298922,151.35097728959616,148.03598459384918,148.25636291503906,13392100,0.0,0.0,0.3155
2023-09-18,148.871619924035,149.81744765295187,147.6135802094625,149.19302368164062,5789000,0.0,0.0,0.276425
2023-09-19,148.99101570573453,149.54198962741364,148.19211612996384,148.94509887695312,5550800,0.0,0.0,0.0
2023-09-20,148.93588296651677,150.17555295498417,148.44919553216474,149.5970458984375,3837400,0.0,0.0,-0.0425375
2023-09-21,149.28485731018543,150.13885139057345,148.38493239374844,148.44921875,4526700,0.0,0.0,0.0
2023-09-22,148.11862980036756,148.2104494323159,147.15443258790583,147.38400268554688,4976700,0.0,0.0,0.23835
2023-09-25,146.98917372012403,147.25546891324356,145.75866713951035,147.16363525390625,6722500,0.0,0.0,0.0
2023-09-26,146.75039878060247,146.99833842931923,145.878035141752,146.02496337890625,4904800,0.0,0.0,0.1137333333333333
2023-09-27,145.6209152507886,145.7861990058842,142.5722174351137,144.2710418701172,10211600,0.0,0.0,0.100475
2023-09-28,144.6291896988004,145.05160492599163,143.45379169076762,144.0598602294922,7861900,0.0,0.0,0.0
2023-09-29,144.50981160640765,144.7210262301161,142.65489490773606,143.02220153808594,7680700,0.0,0.0,0.0240999999999999
2023-10-02,142.7191463106435,142.7191463106435,140.79076576663044,142.47120666503906,7259700,0.0,0.0,0.0425
2023-10-03,142.03960722517292,142.79260388775958,141.31417186581115,142.6456756591797,5740800,0.0,0.0,0.21735
2023-10-04,142.8569214716217,143.18748904041996,141.93864086002606,142.81100463867188,4955200,0.0,0.0,0.289375
2023-10-05,143.49971485500626,145.1250614462533,143.31606153536734,144.29861450195312,5993300,0.0,0.0,0.3179928571428571
2023-10-06,144.24350137240324,145.3638046936503,143.7935388870341,144.7577362060547,5802200,0.0,0.0,0.281875
2023-10-09,144.33530558431852,145.8963934633914,144.2526637117126,145.58416748046875,4414100,0.0,0.0,0.2616
2023-10-10,145.4372690693235,146.25453814820506,144.99648434383693,145.4188995361328,5273500,0.0,0.0,0.1360583333333333
2023-10-11,145.51073033928645,146.052512457086,143.28847925774784,143.4170379638672,6922900,0.0,0.0,0.1366
2023-10-12,143.17826550072346,143.7659643437679,142.39773563753312,143.5547637939453,5792400,0.0,0.0,0.3454
2023-10-13,143.92211491486995,144.50063617827058,143.2976908308217,144.03231811523438,5359800,0.0,0.0,-0.242
2023-10-16,144.9230322085334,145.31788608959843,144.02310724880016,144.65672302246094,6408100,0.0,0.0,0.32614375
2023-10-17,143.23338494931127,145.9606790882852,141.97534517899635,143.3343963623047,12244400,0.0,0.0,0.2170928571428572
2023-10-18,142.7099611751327,143.20582642886754,139.6245384523186,140.24896240234375,9097300,0.0,0.0,0.2405
2023-10-19,139.27559161116278,140.59791767676325,137.87980142949033,139.8724822998047,7733800,0.0,0.0,0.102025
2023-10-20,140.25815460393417,141.29580193722705,139.8816562736988,140.4969024658203,7207000,0.0,0.0,0.2553
2023-10-23,140.36835179181557,140.95605072622624,138.85319463630535,139.0184783935547,5874000,0.0,0.0,-0.12625
2023-10-24,138.43078081151978,139.54190634510397,137.86145140407967,138.87155151367188,6155300,0.0,0.0,0.2429166666666666
2023-10-25,138.88071216935418,139.73470608917472,137.95324013514866,139.18374633789062,5880800,0.0,0.0,0.059525
2023-10-26,139.5510856501333,139.5510856501333,136.7136023301106,136.82379150390625,7612500,0.0,0.0,0.1981833333333333
2023-10-27,136.3554749520692,136.51158095388752,133.10475417208087,133.70164489746094,11385800,0.0,0.0,0.18845
2023-10-30,134.15159982291496,135.20763084391731,134.0689579377149,135.01478576660156,8205300,0.0,0.0,0.1905166666666666
2023-10-31,135.48308527334532,136.4013656816316,134.65663851062646,136.21771240234375,7576900,0.0,0.0,0.0
2023-11-01,136.99826376413353,137.52167633900677,136.32792295314408,136.53912353515625,5733000,0.0,0.0,0.2802833333333334
2023-11-02,135.63919990013102,138.10936233061955,135.4830799064813,137.9624481201172,5349100,0.0,0.0,0.6724
2023-11-03,138.85319776273604,139.8265728311596,137.87980868246433,138.97256469726562,4926800,0.0,0.0,0.4048
2023-11-06,139.37661048231033,139.97348719106506,139.0001121217244,139.3031463623047,4851400,0.0,0.0,0.0
2023-11-07,139.51433968948862,139.8081961542187,138.36648914635052,138.56851196289062,4840400,0.0,0.0,0.157325
2023-11-08,138.9817570477528,139.42252775735665,138.0542847900646,138.0634765625,5460000,0.0,0.0,0.2438
2023-11-09,138.2011995880065,138.2011995880065,135.22596606091676,135.37289428710938,6973600,0.0,0.0,0.31845
2023-11-10,136.1350773291596,136.3646474426995,133.73836478332916,135.216796875,6930700,0.0,0.0,0.0
2023-11-13,135.21682949908424,135.81370633355877,134.6658554889146,135.56578063964844,5889300,0.0,0.0,0.3122666666666666
2023-11-14,135.57492270433232,136.40136949012657,134.95967649502373,135.59329223632812,6713600,0.0,0.0,0.1031874999999999
2023-11-15,135.30863283981077,137.20946612627688,135.23516872079958,136.64013671875,6729100,0.0,0.0,0.1085375
2023-11-16,137.28293417860854,137.898180429626,136.49321239142154,137.8339080810547,6875600,0.0,0.0,0.050575
2023-11-17,138.24712697534247,138.46750531962635,136.88807580881598,137.54922485351562,7023300,0.0,0.0,0.1568875
2023-11-20,136.9105571715328,139.21537727767472,136.5680629150258,138.76182556152344,8851700,1.19,0.0,-0.5399
2023-11-21,138.93765375438883,140.03914622892347,138.4840880596611,139.8817901611328,5916300,0.0,0.0,0.1058699999999999
2023-11-22,140.3539025937841,140.7334018391259,139.20611122928594,139.60414123535156,4633500,0.0,0.0,0.18394
2023-11-24,139.6411858336771,141.32583285207997,139.6411858336771,141.1592254638672,3351400,0.0,0.0,0.40175
2023-11-27,140.96482318210585,140.99260520166254,139.7429934079363,140.02993774414062,6449700,0.0,0.0,0.204175
2023-11-28,140.1410063271629,140.5205197229502,139.62265345684682,140.35391235351562,5909000,0.0,0.0,0.18805
2023-11-29,140.07620905170748,140.8815061932827,139.83554927207896,140.79820251464844,5190000,0.0,0.0,0.187475
2023-11-30,140.93703908295282,143.6028697369124,140.62232688743123,143.1585693359375,12481900,0.0,0.0,0.17
2023-12-01,144.80622649679424,146.67601166451072,143.90836013093354,146.60195922851562,10342900,0.0,0.0,0.0903
2023-12-04,146.25019572892217,148.11998066702768,146.25019572892217,147.06475830078125,8920300,0.0,0.0,0.37895
2023-12-05,146.99070113262064,147.7589791473781,146.4538316479447,146.75929260253906,7268200,0.0,0.0,-0.0359624999999999
2023-12-06,146.73152210979185,146.86111031937986,144.55627631593302,144.97280883789062,6642900,0.0,0.0,0.2572166666666666
2023-12-07,144.93579198138076,144.93579198138076,143.20486069934313,143.84353637695312,6532400,0.0,0.0,-0.46075
2023-12-08,143.86203537225208,144.26006533893795,142.3995319493635,142.9364013671875,6254700,0.0,0.0,0.1909
2023-12-11,143.01048621080156,143.91760378672305,142.87164672818096,143.52883911132812,6090400,0.0,0.0,0.0892916666666666
2023-12-12,143.47330002318287,143.76950974471353,142.22368821206788,143.53810119628906,5324400,0.0,0.0,0.228125
2023-12-13,142.23293779930884,144.34338239666374,140.4834899324474,144.20452880859375,10764600,0.0,0.0,0.2369833333333333
2023-12-14,144.8339604049962,145.47265015701467,143.51956175367835,145.20420837402344,9240700,0.0,0.0,0.0
2023-12-15,143.92685989191628,145.03761805346238,142.32550263393054,143.62139892578125,21727800,0.0,0.0,0.2787
2023-12-18,143.66766232954546,144.80618821838607,143.25111572167677,143.88055419921875,7231400,0.0,0.0,0.0
2023-12-19,143.75098330875645,144.8617414406789,143.41775445677413,144.82472229003906,6651500,0.0,0.0,0.5159750000000001
2023-12-20,144.8987461188598,145.009831807796,141.72382814751987,141.87193298339844,7008300,0.0,0.0,0.54635
2023-12-21,142.26072163825546,143.59363713842538,141.89972486729752,143.3251953125,4598600,0.0,0.0,0.20095
2023-12-22,143.70470423852942,144.88951484081306,143.49181233513409,143.8990936279297,3798900,0.0,0.0,0.0
2023-12-26,143.4733114357559,144.72292334627116,143.33447194527997,144.52853393554688,4170000,0.0,0.0,0.0
2023-12-27,143.9361360902407,144.88028704698385,143.8620836500982,144.72293090820312,5288100,0.0,0.0,0.0
2023-12-28,144.39893673780972,145.54672824269392,144.38968548037172,144.93580627441406,4377500,0.0,0.0,0.2393833333333333
2023-12-29,144.8710020479519,145.23199881722843,144.38041705698777,145.0839080810547,4313700,0.0,0.0,0.318425
2024-01-02,145.25974918380038,149.61949190885022,145.13016097775088,148.0736846923828,9622100,0.0,0.0,0.3078666666666667
2024-01-03,148.69386765226102,149.434377788911,147.9163383646038,148.99932861328125,8232000,0.0,0.0,0.2118416666666667
2024-01-04,149.57318625180577,149.93418292652566,148.49019622764612,148.68458557128906,6766600,0.0,0.0,0.2639
2024-01-05,148.56429160318703,149.34182095451408,147.61088949104754,149.14744567871094,5602500,0.0,0.0,0.4111
2024-01-08,149.1196690267337,149.63802189718376,147.74046904181336,149.51768493652344,6569800,0.0,0.0,0.0
2024-01-09,149.61026000976562,151.13755078753016,148.65685791532113,149.61026000976562,6357000,0.0,0.0,0.1461285714285714
2024-01-10,149.7861423061047,150.52663841274915,149.21223946217998,149.83241271972656,4945100,0.0,0.0,0.10947
2024-01-11,150.017519842074,150.1378426662853,148.8234439875754,149.16592407226562,4946000,0.0,0.0,0.2723125
2024-01-12,149.80466474542197,150.3878189248169,149.66582523797544,150.3137664794922,4496900,0.0,0.0,0.204175
2024-01-16,149.55472820731845,150.18415269948522,148.26808307810143,148.5828094482422,6923200,0.0,0.0,0.0
2024-01-17,148.33290431560386,149.30482320613416,147.98115874354963,148.49951171875,5072100,0.0,0.0,0.07465
2024-01-18,148.1014426895297,149.36955677286147,147.8144984041674,149.22146606445312,5368500,0.0,0.0,0.10115
2024-01-19,149.16593968185597,149.87868194192987,148.3606424799382,149.65652465820312,7071300,0.0,0.0,0.2088249999999999
2024-01-22,149.95270723993704,151.41521064741056,149.34178541326068,150.38775634765625,6824200,0.0,0.0,0.257525
2024-01-23,147.7867586651843,148.57353925491208,145.24126463407202,147.92559814453125,9149800,0.0,0.0,0.0857882352941176
2024-01-24,147.8700539605896,148.65684862972066,146.39829906681166,147.13880920410156,7247900,0.0,0.0,0.30635
2024-01-25,147.17583048322814,147.74971913899932,146.6852455115419,147.69418334960938,5478900,0.0,0.0,0.1101
2024-01-26,148.49948965267026,148.78644812221387,147.50906839166683,147.63865661621094,5591900,0.0,0.0,0.3062
2024-01-29,147.18508610757323,148.166270204117,147.13881569774614,147.50906372070312,6483200,0.0,0.0,-0.0721
2024-01-30,147.49980589759576,147.8793051608134,146.3705311165729,146.9629364013672,7200500,0.0,0.0,0.3391375
2024-01-31,148.47170309474942,148.67534372544543,146.87036006614477,147.083251953125,8256800,0.0,0.0,0.0
2024-02-01,146.39831104014473,146.70377202641137,145.3708564950869,146.58343505859375,8012000,0.0,0.0,0.0
2024-02-02,146.2224249964983,146.5371372116792,144.343388838019,144.96356201171875,8295900,0.0,0.0,0.0
2024-02-05,144.96356756833103,145.2227440053623,143.78800822061726,144.21380615234375,9121600,0.0,0.0,0.0
2024-02-06,144.2415950750863,146.9259289031153,144.0287031402158,146.30575561523438,9229900,0.0,0.0,0.0
2024-02-07,146.06506683242915,147.51830505504284,145.9632465143564,146.23167419433594,8690300,0.0,0.0,-0.1972
2024-02-08,145.6392479870792,145.6392479870792,143.76021212517043,144.76914978027344,9755000,0.0,0.0,0.0432333333333333
2024-02-09,144.64883483612698,145.50966771051117,144.09344876461464,145.10238647460938,6529200,0.0,0.0,0.3319
2024-02-12,144.93581443393083,146.62972682822033,144.72292250841429,146.1113739013672,6701500,0.0,0.0,0.0868666666666666
2024-02-13,145.91697469389686,146.66673613589802,144.16752662120854,144.833984375,8621000,0.0,0.0,0.2891833333333333
2024-02-14,144.72288622456867,144.8247065328199,143.32516980002407,144.1582489013672,9098800,0.0,0.0,0.0683
2024-02-15,144.3804299699814,146.69451565283688,144.2971262751726,146.17616271972656,7462500,0.0,0.0,0.0
2024-02-16,146.0549062199334,146.67045245617985,145.18752297361556,146.00827026367188,8541000,1.19,0.0,0.0
2024-02-20,146.01759304571857,147.92955341887853,145.90567813474394,147.2300567626953,9501700,0.0,0.0,0.0
2024-02-21,147.37928105007472,148.00416300029775,146.54921228260886,147.9948272705078,7472500,0.0,0.0,0.0973
2024-02-22,148.27463058744098,149.91612514550835,147.14611731006522,149.64564514160156,8065000,0.0,0.0,0.0
2024-02-23,150.04671454443027,151.32445733431663,149.3751965536571,150.9420623779297,6726000,0.0,0.0,0.0
2024-02-26,150.90475125369008,151.10060235193652,149.75758069864375,149.96275329589844,5465400,0.0,0.0,0.0
2024-02-27,149.5430503878831,150.19591106702242,148.89018970874383,150.13995361328125,5078600,0.0,0.0,0.1864333333333333
2024-02-28,150.1586028068804,150.72752727496572,149.49640643335368,150.67156982421875,6071100,0.0,0.0,-0.08285
2024-02-29,151.0912770182107,151.2684851139431,150.10265735917295,150.51303100585938,9849100,0.0,0.0,0.0979666666666666
2024-03-01,150.93272026836178,151.622895395551,150.24254514117254,151.20318603515625,5670100,0.0,0.0,0.510025
2024-03-04,150.45705608052057,150.7275218264523,147.6124338429217,149.0767059326172,8532900,0.0,0.0,-0.16975
2024-03-05,149.80419224344263,150.38245246246427,148.47981367817857,149.19796752929688,8298200,0.0,0.0,0.0
2024-03-06,148.72234175480307,150.09334229034698,148.49849767180723,148.61041259765625,5773700,0.0,0.0,0.23775
2024-03-07,149.2259403455957,149.56169928062508,147.58446012506022,148.17202758789062,5188700,0.0,0.0,0.0973666666666666
2024-03-08,148.17203558199452,149.58968607652457,147.7616619468967,148.7782745361328,5284000,0.0,0.0,0.0
2024-03-11,148.75028494786798,150.45705831578397,148.181360491896,150.37310791015625,4620800,0.0,0.0,0.129475
2024-03-12,150.69958711951384,152.1265594039583,150.27989190020048,151.78147888183594,8018700,0.0,0.0,0.27815
2024-03-13,151.58559225787909,151.725485900926,149.04874983445467,150.25189208984375,6260000,0.0,0.0,0.050575
2024-03-14,150.102637152822,150.6622258610041,148.0041474767279,148.4891357421875,6988300,0.0,0.0,0.33575
2024-03-15,147.41657325815018,148.47048601382667,146.521225587325,147.5284881591797,13165500,0.0,0.0,0.3016666666666667
2024-03-18,147.89224730530185,148.00416221182158,145.96162978006453,146.20411682128906,6602300,0.0,0.0,0.20881
2024-03-19,146.1201940366825,146.2974021424475,145.1782102807645,145.69117736816406,7840600,0.0,0.0,0.2441666666666666
2024-03-20,145.21548115155588,145.90565620519018,144.75848584623174,145.2714385986328,5982300,0.0,0.0,0.0
2024-03-21,145.11291662000872,146.3813378541382,144.65592122378118,145.26214599609375,5915800,0.0,0.0,-0.064
2024-03-22,145.20620685586348,145.83108893684062,144.6652609727866,144.7771759033203,7248600,0.0,0.0,0.180725
2024-03-25,144.9357099006424,145.47665572065048,144.46937876939026,144.76783752441406,7498100,0.0,0.0,0.265775
2024-03-26,145.13154762841583,145.7097935671508,144.33877916358097,145.28077697753906,6864100,0.0,0.0,0.131675
2024-03-27,145.48597291984245,147.56580551554248,144.9730058945456,147.3233184814453,8461600,0.0,0.0,0.525525
2024-03-28,147.5471480362409,148.42385272683563,147.4632118589614,147.53782653808594,6181500,0.0,0.0,0.4297
2024-04-01,147.0994990819811,147.50053703992424,146.21347274331598,147.15545654296875,4364700,0.0,0.0,0.1806
2024-04-02,146.02693304737934,147.20208234087585,145.44867278407153,147.1088104248047,6102300,0.0,0.0,0.16215
2024-04-03,147.1647478878329,147.40724914415267,143.8631302844044,143.87245178222656,8098200,0.0,0.0,0.362575
2024-04-04,144.8517505516222,145.028958630171,142.14703611534577,142.23097229003906,6947400,0.0,0.0,0.0
2024-04-05,141.79264372361794,142.70664876315846,141.4009272781006,142.12840270996094,6783000,0.0,0.0,0.0
2024-04-08,141.75533661213754,142.7346205627366,141.354284455365,141.38226318359375,5935400,0.0,0.0,0.2951428571428571
2024-04-09,141.34496478545316,142.2589697924448,140.7760402519459,142.03512573242188,6135300,0.0,0.0,0.10135
2024-04-10,141.32628826018333,141.59676824136014,139.67547234223488,140.08584594726562,6809500,0.0,0.0,0.3833999999999999
2024-04-11,140.64545779539762,140.71073674689092,138.3977385547712,138.7707977294922,8374400,0.0,0.0,0.3493166666666666
2024-04-12,138.08995024925227,139.0319480919256,137.2412243104477,137.58631896972656,7100200,0.0,0.0,0.2435583333333333
2024-04-15,138.37908670903346,139.4236780552141,137.44642450465895,137.651611328125,8502300,0.0,0.0,0.19378
2024-04-16,135.2453262195762,136.40183234873913,133.73441816911202,134.72303771972656,12774900,0.0,0.0,-0.0105076923076922
2024-04-17,135.2360232205098,135.61841814995475,133.87433010424328,135.02151489257812,9378100,0.0,0.0,0.17448
2024-04-18,135.21736086204157,135.9821506919211,133.49194434242062,135.9261932373047,9887700,0.0,0.0,0.10115
2024-04-19,136.30856353942588,138.155244788895,134.80697695263436,137.95005798339844,9750800,0.0,0.0,0.146475
2024-04-22,138.50964305583005,140.15113745639897,137.3811298867331,139.0785675048828,10118700,0.0,0.0,-0.11315
2024-04-23,139.7687541355194,140.35633585987125,138.22053150927846,139.48895263671875,10110400,0.0,0.0,0.3592249999999999
2024-04-24,138.16456739220152,138.95733589535283,136.97076100410416,138.52830505371094,9756300,0.0,0.0,0.13755
2024-04-25,139.31173339204193,139.5075986949085,136.47644686840596,136.93345642089844,7642700,0.0,0.0,0.0
2024-04-26,136.8215439338742,137.26921781178663,136.12204727344408,136.29925537109375,6183000,0.0,0.0,0.1642124999999999
2024-04-29,136.29923879231103,137.30651556856566,136.1593451697594,136.93345642089844,6149600,0.0,0.0,0.21075
2024-04-30,136.9894113175234,136.9894113175234,134.79764972975633,134.85360717773438,8817700,0.0,0.0,0.0
2024-05-01,138.7241788877566,141.62475886004435,137.67958756050768,140.99986267089844,14470900,0.0,0.0,0.3324749999999999
2024-05-02,141.80197717320095,142.07245722373378,139.09726205566085,139.82473754882812,8459800,0.0,0.0,0.6087
2024-05-03,139.79675193282858,139.79675193282858,137.8661483671995,139.218505859375,6532700,0.0,0.0,0.24032
2024-05-06,139.77807914626527,139.9459657422824,137.95006920658594,138.574951171875,5042800,0.0,0.0,0.0
2024-05-07,139.3210964110626,139.6475196713871,138.45371308745803,138.70553588867188,7333500,0.0,0.0,-0.15525
2024-05-08,139.07859482536867,139.64751938618053,138.68687837500104,138.9200439453125,7735100,0.0,0.0,0.0103166666666666
2024-05-09,138.94804968829172,139.99264132364928,138.86411348217274,139.7594757080078,6546200,0.0,0.0,-0.0074249999999999
2024-05-10,139.89933535562412,139.9832715413264,139.14388122171115,139.81539916992188,5710600,0.0,0.0,0.11315
2024-05-13,139.9366216810868,141.76464574322975,139.6288556974206,141.03717041015625,5628500,0.0,0.0,0.41925
2024-05-14,141.62476902405106,141.96052800488903,140.55219889270634,141.18641662597656,8254200,0.0,0.0,-0.0629999999999999
2024-05-15,141.59678726547045,142.6506859131193,141.11179891879263,142.38954162597656,5548000,0.0,0.0,0.3043833333333333
2024-05-16,142.6973220172222,143.98440045609826,142.07244002725528,143.89112854003906,7591000,0.0,0.0,0.0
2024-05-17,144.43205447785118,144.43205447785118,143.35949874718096,144.22686767578125,6521800,0.0,0.0,0.100475
2024-05-20,143.94482856883653,144.21748064064818,142.21484722794978,142.22425842285156,7742300,1.24,0.0,0.24695
2024-05-21,142.70376260742418,143.46532342073158,141.77295808764052,142.19606018066406,5492400,0.0,0.0,-0.018975
2024-05-22,141.81995355791082,144.86621078227856,141.33105923571543,144.32089233398438,6609800,0.0,0.0,-0.180075
2024-05-23,143.6157553982427,143.70037007614278,140.44728145753388,140.74813842773438,8000400,0.0,0.0,0.0
2024-05-24,140.58827864679975,140.85153382452935,137.98391741033404,138.18136596679688,9520600,0.0,0.0,0.0
2024-05-28,138.01215122831644,138.01215122831644,135.53002021345492,135.74627685546875,10499800,0.0,0.0,0.0
2024-05-29,135.21972275837877,136.72403584016124,135.11630006836694,135.80264282226562,8263800,0.0,0.0,0.2306
2024-05-30,135.97190147015198,136.90270588113495,135.40778932261634,136.59243774414062,8490300,0.0,0.0,0.06488
2024-05-31,136.86510969086308,138.66088326492417,136.50782860717555,137.89932250976562,14621200,0.0,0.0,0.11315
2024-06-03,138.4446611230051,139.99598775019564,137.9933684517682,138.90536499023438,7329200,0.0,0.0,0.28395
2024-06-04,138.66089015837102,139.4412589952385,137.4480367373284,138.96176147460938,8876400,0.0,0.0,0.4375
2024-06-05,139.12159842627557,139.14040647072486,137.1283761046841,137.24119567871094,5891300,0.0,0.0,0.0084999999999999
2024-06-06,136.79930778953792,138.2096099316981,136.0095420330487,137.66429138183594,5016300,0.0,0.0,0.382025
2024-06-07,137.90871617991775,139.43185200146706,137.58905118942369,138.28480529785156,5111600,0.0,0.0,-0.0088125
2024-06-10,137.76769112568175,138.7360972873424,136.89331082967726,138.33181762695312,5749900,0.0,0.0,0.1366
2024-06-11,138.0309454276366,138.36002160893975,136.74287428533472,137.9839324951172,5661200,0.0,0.0,0.1565666666666666
2024-06-12,138.2660023259817,138.40704113025402,136.12234448731016,136.7146759033203,6180500,0.0,0.0,0.3348333333333333
2024-06-13,136.39500682801622,137.269387133793,135.27616500733436,136.7522735595703,6840400,0.0,0.0,0.4767
2024-06-14,136.4608240004936,137.241192846187,135.84028766348428,136.83689880371094,4075300,0.0,0.0,0.7059500000000001
2024-06-17,136.3480012389224,137.67367421436646,136.08474601356232,137.22238159179688,6666600,0.0,0.0,0.381525
2024-06-18,137.23178205835944,137.6360617134377,136.57362970007802,136.9403076171875,6156600,0.0,0.0,-0.2198999999999999
2024-06-20,136.58303228259436,139.22499535805204,136.3385707890465,138.94293212890625,8749700,0.0,0.0,0.577925
2024-06-21,139.04634588015807,140.16518753103975,138.55743727087977,139.85491943359375,15172300,0.0,0.0,0.0878333333333333
2024-06-24,140.08996976074644,140.76691572877328,139.3096010935396,140.20278930664062,6914700,0.0,0.0,-0.025675
2024-06-25,140.25923620982869,140.27804425456696,138.1531942818489,138.38824462890625,5912500,0.0,0.0,0.2646
2024-06-26,137.4574097507348,138.38821408431838,137.0625269763958,138.04034423828125,5267800,0.0,0.0,0.0
2024-06-27,138.02156121440618,138.54807167562268,136.17876025381432,137.08135986328125,5739200,0.0,0.0,0.29417
2024-06-28,137.3069964067593,138.27541697871374,136.94031846061495,137.41983032226562,10495700,0.0,0.0,0.6948000000000001
2024-07-01,137.33518985520496,139.8079091419972,136.91208785759488,137.6830596923828,5144400,0.0,0.0,0.2130875
2024-07-02,137.6736516370428,138.35059763305065,137.02492487500578,137.29757690429688,5492000,0.0,0.0,-0.23835
2024-07-03,137.4574179984809,137.88050568592092,136.0847322262238,136.97792053222656,3246200,0.0,0.0,0.503925
2024-07-05,137.05318332035563,137.78653937822347,135.8591233404582,137.72071838378906,4888500,0.0,0.0,0.25985
2024-07-08,137.64543986206857,138.41641167585166,136.56421429977647,136.78045654296875,5260200,0.0,0.0,0.1366
2024-07-09,136.95910952689133,138.3318096157773,136.49840576598922,138.256591796875,5890400,0.0,0.0,0.0
2024-07-10,138.45402775092865,140.53187877840037,137.9087093168124,140.4942626953125,6093200,0.0,0.0,0.2310249999999999
2024-07-11,140.63531885720093,141.5755202018703,139.7515272977983,140.74813842773438,6350400,0.0,0.0,0.269325
2024-07-12,141.03017794997135,141.85755958477063,140.31563021303754,140.9173583984375,5336400,0.0,0.0,-0.0459499999999999
2024-07-15,141.1054089376664,141.2652414327025,139.9677590836255,140.31564331054688,6711400,0.0,0.0,0.153825
2024-07-16,140.7387390705312,142.04561834247528,140.24043351444467,141.97979736328125,6469600,0.0,0.0,-0.17565
2024-07-17,142.48750921207176,148.0723072031384,142.3652784528217,147.2167205810547,13801400,0.0,0.0,0.17262
2024-07-18,146.29531179055414,147.67740869595008,145.37390428940236,146.12606811523438,10166200,0.0,0.0,0.0
2024-07-19,147.1509174056219,147.1509174056219,144.9038366112367,145.43975830078125,7398000,0.0,0.0,0.69225
2024-07-22,145.51495285838257,145.83461784329194,144.40550791277647,145.0166473388672,6840600,0.0,0.0,0.4484
2024-07-23,144.14227034363077,144.32091090009325,142.50632913462576,143.23968505859375,6261900,0.0,0.0,0.11315
2024-07-24,143.62513427046403,147.05687735678046,143.22085462909735,146.9346466064453,7168200,0.0,0.0,0.0
2024-07-25,147.12271015113313,150.97754160598373,146.67141749887952,150.09375,10019600,0.0,0.0,0.0
2024-07-26,150.19717214191928,151.91774240820376,149.9339169002693,151.03395080566406,8356900,0.0,0.0,0.0
2024-07-29,150.40401070735362,150.4322156000719,148.59882584171282,149.0783233642578,5625000,0.0,0.0,0.0
2024-07-30,149.05950854835712,151.8895236574158,148.8902791997357,151.68267822265625,6545700,0.0,0.0,0.11315
2024-07-31,150.2911999240897,150.76130062532698,148.30737439101503,148.41079711914062,8293200,0.0,0.0,0.0
2024-08-01,149.0031162137646,151.1937872320034,148.27917145366553,151.1467742919922,7213400,0.0,0.0,-0.1743999999999999
2024-08-02,152.21857479806067,154.99217992912875,151.3723994218133,154.3246307373047,11280400,0.0,0.0,0.1897
2024-08-05,153.99554176912318,155.86654724323645,150.97750407780066,151.60743713378906,12032200,0.0,0.0,0.0
2024-08-06,151.41939571785946,151.82367531982246,149.4355707484115,149.46377563476562,7607100,0.0,0.0,0.0
2024-08-07,149.36977484524152,151.01512710818054,148.73044485216803,149.39797973632812,5993000,0.0,0.0,0.0
2024-08-08,149.08771183752677,151.09033064698448,148.57999515330854,150.6390380859375,5094800,0.0,0.0,0.334675
2024-08-09,150.54502083098947,151.30658155451,149.81166499750063,151.01512145996094,4579200,0.0,0.0,0.722
2024-08-12,151.3442130047437,152.0305559757532,149.21936311073662,150.31939697265625,7605400,0.0,0.0,0.18495
2024-08-13,150.68603975388717,150.78005125948292,147.0850676893289,148.91845703125,9711400,0.0,0.0,0.263075
2024-08-14,148.39197242965236,150.00911980822715,147.987678411842,149.0030975341797,5141200,0.0,0.0,0.3548
2024-08-15,148.89966832782923,149.96210033797803,148.40136280983597,149.5766143798828,7237800,0.0,0.0,0.0
2024-08-16,149.6236532585113,150.3758172630422,148.7210535838072,149.85870361328125,5012800,0.0,0.0,0.0
2024-08-19,149.92451807321106,150.70487259230651,149.6142498968593,150.0843505859375,4408400,0.0,0.0,0.6018
2024-08-20,150.43217546539972,151.3065555990539,150.12190738194272,150.58261108398438,7275100,0.0,0.0,-0.6452
2024-08-21,150.80823595510242,151.82365476537214,150.7236213074955,151.77664184570312,5019400,0.0,0.0,0.0
2024-08-22,152.31260168217923,152.77330545688525,151.17495186340136,152.6416778564453,6552100,0.0,0.0,0.3375499999999999
2024-08-23,152.782713846163,154.39986125734907,152.03054992411518,154.31524658203125,7093400,0.0,0.0,0.0
2024-08-26,154.35286486734637,155.80078308309896,153.76053338396258,154.7665557861328,6870600,0.0,0.0,0.1005833333333333
2024-08-27,154.88969089223045,155.4012468137778,153.62026203245918,154.36865234375,4388700,1.24,0.0,-0.0114999999999999
2024-08-28,154.41601834033486,156.3106934119954,154.14129681524247,155.28756713867188,5187000,0.0,0.0,0.180475
2024-08-29,155.96021206827868,156.04546899305848,154.75708912722297,155.58126831054688,7390100,0.0,0.0,0.0386
2024-08-30,155.47703939012942,157.23908787151527,155.18336705243584,157.1254119873047,7971000,0.0,0.0,-0.1394
2024-09-03,156.53807756865928,158.97272779811422,156.0928277193615,158.35696411132812,6956500,0.0,0.0,0.2326166666666666
2024-09-04,158.9727162543186,159.9579554279036,157.2959246979835,158.54641723632812,6939100,0.0,0.0,0.004875
2024-09-05,158.3948470574188,158.55589271807435,156.14966152532847,156.30123901367188,4600400,0.0,0.0,0.1810125
2024-09-06,156.48123199752385,157.20121789005614,155.4770563634403,155.72337341308594,6016900,0.0,0.0,0.0
2024-09-09,156.15911550121905,158.59377990001585,155.80860523961158,157.83590698242188,7538200,0.0,0.0,0.4424666666666666
2024-09-10,158.67904453619045,159.58849497263685,157.96854135170005,158.56536865234375,6559600,0.0,0.0,-0.5267
2024-09-11,158.00643961773903,158.00643961773903,155.4486308645566,156.14019775390625,5920200,0.0,0.0,-0.3080833333333333
2024-09-12,155.55281944276598,156.40543189239477,154.1412957752456,155.9696502685547,4540900,0.0,0.0,0.0
2024-09-13,156.06439208165418,157.0211977964731,155.19284327647554,156.80331420898438,3693400,0.0,0.0,0.150125
2024-09-16,157.5990954932833,158.44222544209046,157.04963790958948,158.1959228515625,5187800,0.0,0.0,-0.5307999999999999
2024-09-17,157.4853908812419,158.88744633090707,157.1917041144562,158.2716827392578,5066500,0.0,0.0,0.1591
2024-09-18,157.8548789691034,159.48430090131632,157.0117490296046,157.400146484375,4722800,0.0,0.0,0.18725
2024-09-19,157.47593284880938,157.6085595410418,155.76125402236698,156.14019775390625,4956100,0.0,0.0,0.0
2024-09-20,155.64758030736854,156.18755525642916,154.93707706292398,155.51495361328125,11839000,0.0,0.0,0.364
2024-09-23,155.7422867906515,155.8370263273473,154.15076665177324,154.6244354248047,4671600,0.0,0.0,-0.13795
2024-09-24,154.21706399623713,154.88021180496108,153.04237475724193,154.2075958251953,6041600,0.0,0.0,0.0
2024-09-25,154.4160145260626,154.7191694685473,151.91504407145678,152.1424102783203,5420000,0.0,0.0,0.0457833333333333
2024-09-26,151.8013605443854,153.03288768429283,151.59294514573776,152.8907928466797,6122000,0.0,0.0,0.24905
2024-09-27,153.4687074746325,154.8233934477827,152.84346112307418,152.90029907226562,7553800,0.0,0.0,0.246325
2024-09-30,153.06134178504044,153.63920383954925,152.218197450555,153.52552795410156,6010000,0.0,0.0,0.229175
2024-10-01,153.87602963190776,154.1791845831131,152.69185770730627,153.45921325683594,4408000,0.0,0.0,0.0258
2024-10-02,153.00447959730695,153.58235607006563,152.18976874153614,152.68238830566406,4684400,0.0,0.0,0.0
2024-10-03,152.31293708551095,152.9381833663065,151.78243034612967,152.0476837158203,4791200,0.0,0.0,0.7761
2024-10-04,151.2235077854285,152.04768688304785,150.41826503230683,151.84873962402344,5331100,0.0,0.0,0.21075
2024-10-07,151.81083783406876,152.38871430044483,150.83508134325365,151.12875366210938,4266000,0.0,0.0,0.3232
2024-10-08,151.09086985520352,151.81084118361343,150.579299487335,151.28033447265625,4766300,0.0,0.0,0.3098
2024-10-09,151.49822118674416,152.72976290844042,151.10980931705416,152.1897735595703,6047200,0.0,0.0,0.4696
2024-10-10,152.862402200084,152.89082117287185,151.57402243120973,152.05715942382812,4793900,0.0,0.0,0.2170166666666666
2024-10-11,153.63919252039454,154.0939249391325,152.71080579544542,152.95712280273438,5253500,0.0,0.0,0.348425
2024-10-14,152.9002883650504,153.601323418181,152.42661954798984,153.0897674560547,5964000,0.0,0.0,0.0504333333333333
2024-10-15,151.5739947099147,157.96852261173925,150.62665724297776,155.4580841064453,10548000,0.0,0.0,0.0602749999999999
2024-10-16,155.3633629672865,156.30123237444536,154.07498328154392,155.6286163330078,5982100,0.0,0.0,0.554475
2024-10-17,155.60966176170876,156.3106967571061,155.01284893091574,155.80860900878906,4798000,0.0,0.0,0.62225
2024-10-18,156.20649384427466,156.58542309626213,155.2970434021906,156.42437744140625,5908000,0.0,0.0,0.0
2024-10-21,156.40545011384313,156.54754497772373,153.76237000386195,154.25498962402344,6082700,0.0,0.0,0.0
2024-10-22,153.7718340994137,155.10756902458775,153.37393961805077,154.84231567382812,5680300,0.0,0.0,0.345375
2024-10-23,154.2455120972498,157.25803867062515,153.8665683911739,157.1254119873047,7441600,0.0,0.0,0.4426
2024-10-24,156.31069615300817,156.79383310087323,154.73811234669992,155.0507354736328,5386300,0.0,0.0,0.3780666666666666
2024-10-25,155.06020263272137,155.28756884770343,152.15188388243095,152.4076690673828,6400400,0.0,0.0,0.3381
2024-10-28,152.64451761159978,153.44027775500746,152.521359093492,153.0897674560547,4842500,0.0,0.0,0.5800000000000001
2024-10-29,152.95711817808706,153.62971970406292,151.63083701303637,151.6592559814453,5216900,0.0,0.0,0.0
2024-10-30,151.0529860968044,152.78661573891193,150.65510601659986,152.1519012451172,5820500,0.0,0.0,0.0
2024-10-31,151.56453423504848,152.39818141873138,151.0624465084954,151.44137573242188,8613900,0.0,0.0,0.70875
2024-11-01,152.12348840164955,152.5782064466023,151.46035490792133,151.6971893310547,5256400,0.0,0.0,0.0
2024-11-04,151.28978177238818,151.83923920585505,149.74563162071544,149.90667724609375,4644000,0.0,0.0,0.4064
2024-11-05,149.36672816294293,150.23827708161556,148.1162499597085,150.01092529296875,6547100,0.0,0.0,0.0258
2024-11-06,151.47927003240187,152.37925227840577,149.06357081905168,149.56565856933594,8926600,0.0,0.0,0.0
2024-11-07,150.12458410409516,150.38983746414945,148.2677961284912,148.47621154785156,7522800,0.0,0.0,0.0
2024-11-08,148.73200288314263,148.80779162560813,147.22573957160546,147.28257751464844,8926100,0.0,0.0,0.5783
2024-11-11,147.42467115998508,149.2814591970599,146.75206956587456,146.87521362304688,7146800,0.0,0.0,0.52125
2024-11-12,146.39206028460006,146.8751971976869,144.34580784936847,144.60159301757812,7181400,0.0,0.0,0.01985
2024-11-13,144.46897842689697,145.42578416210594,143.44585212373863,145.17001342773438,7161900,0.0,0.0,0.1909
2024-11-14,145.1131564626625,145.50156832070374,142.82060136590906,143.8721466064453,7716400,0.0,0.0,0.0
2024-11-15,142.95324686659777,146.29734764424117,142.95324686659777,145.88999938964844,11328500,0.0,0.0,0.0
2024-11-18,144.55421220860248,147.1499219210171,144.30790968539506,146.61941528320312,7510600,0.0,0.0,0.0
2024-11-19,145.84260997512632,145.8805115712834,144.04267444870175,144.94264221191406,8233700,0.0,0.0,0.0
2024-11-20,144.97108624980405,145.17950169903642,143.81533310596134,145.046875,9061300,0.0,0.0,0.0
2024-11-21,145.53000523022996,147.8415114100651,144.7626640462343,147.31100463867188,10141100,0.0,0.0,0.1101
2024-11-22,147.68993501081812,148.8456881092974,145.99420696432256,146.99838256835938,8266000,0.0,0.0,0.0
2024-11-25,146.99835646353927,148.7698729426599,146.9699374952813,147.57623291015625,12256200,0.0,0.0,-0.0386
2024-11-26,148.168319722549,148.25426072442906,146.25844196764493,147.55715942382812,5683500,1.24,0.0,0.4655
2024-11-27,147.66219903188156,149.57207673179872,147.63355203207965,148.39749145507812,4140400,0.0,0.0,0.0
2024-11-29,147.91048218789024,148.65533334681842,147.22292503023178,148.0250701904297,5687800,0.0,0.0,0.0
2024-12-02,147.77675881936798,148.01549348628134,146.99370211771247,147.8245086669922,6946500,0.0,0.0,0.389375
2024-12-03,147.82454482758982,147.82454482758982,145.44674171784374,145.49449157714844,8674400,0.0,0.0,0.0
2024-12-04,144.47267843580934,144.73051598067437,143.0020791583014,143.68963623046875,10333100,0.0,0.0,0.3526499999999999
2024-12-05,143.24082199478045,143.6037034066211,142.238133326575,142.78245544433594,7898100,0.0,0.0,0.0
2024-12-06,142.6583212988134,143.288584468184,141.69383825808168,142.58192443847656,8389600,0.0,0.0,0.0
2024-12-09,142.5627976939758,144.0907055022871,141.75110850991754,142.8588409423828,8410300,0.0,0.0,0.02495
2024-12-10,143.1739626469328,144.03341628178802,141.6460693592056,142.50550842285156,9398700,0.0,0.0,0.6992499999999999
2024-12-11,141.8084133325439,141.8084133325439,139.7743890037748,140.0322265625,13446700,0.0,0.0,0.2202
2024-12-12,140.567001729442,141.11132389106152,139.43062211865976,139.6502685546875,6176300,0.0,0.0,0.0763166666666666
2024-12-13,139.09637430919642,140.3091359649221,138.5043024077534,140.0131072998047,8324900,0.0,0.0,0.0
2024-12-16,140.11816423961312,140.61473648915697,137.05281889096622,137.36795043945312,8732400,0.0,0.0,0.6862
2024-12-17,137.3584068625023,140.0513415347569,137.2342747148445,139.81260681152344,10343000,0.0,0.0,0.0
2024-12-18,139.11548789025048,140.12773533447103,138.15100487508684,138.22740173339844,9336100,0.0,0.0,0.7160666666666667
2024-12-19,137.64488610858214,138.67622182151445,136.9095791095895,137.11012268066406,9516700,0.0,0.0,0.0
2024-12-20,136.60401050360704,138.9149608582862,136.31752592367584,137.96002197265625,17702800,0.0,0.0,0.0
2024-12-23,138.11277785177012,138.78123197432805,136.98594269842357,138.72393798828125,8720800,0.0,0.0,0.0
2024-12-24,138.46612820981196,139.27783203125,137.8263209521463,139.27783203125,3164100,0.0,0.0,0.36285
2024-12-26,138.95315155650007,139.774399578355,138.5520789743678,139.02000427246094,4656300,0.0,0.0,0.5164
2024-12-27,138.341973685197,139.99402823349809,138.16053298915855,138.5138702392578,5588300,0.0,0.0,0.0
2024-12-30,138.31334399006332,138.3515497051713,136.50851008830307,136.8809356689453,6268700,0.0,0.0,0.6273
2024-12-31,137.28199303751342,138.15099081978497,136.85227350303924,138.10324096679688,5811400,0.0,0.0,0.0
2025-01-02,138.68575647298846,139.20143157976784,137.30109814091938,137.53028869628906,6051300,0.0,0.0,0.0
2025-01-03,137.57803896070294,138.05550835740777,137.1483048467009,137.692626953125,5878800,0.0,0.0,0.1366
2025-01-06,137.04328910517032,138.2942714209387,136.48942274284548,137.18653869628906,7910500,0.0,0.0,0.4242
2025-01-07,137.2820012137064,140.5478902699118,137.11966336084586,139.6407012939453,8422000,0.0,0.0,0.36345
2025-01-08,138.93405019637285,139.02953533291765,135.06654517167328,135.85914611816406,11175600,0.0,0.0,0.30535
2025-01-10,134.6463670848387,137.19605186194266,134.3407796830898,135.65859985351562,8821500,0.0,0.0,0.4409499999999999
2025-01-13,136.53715778743165,138.53299113251865,135.8973504826049,137.96002197265625,10376400,0.0,0.0,0.43235
2025-01-14,137.98866701537875,138.28469573432943,136.42256784801805,138.22740173339844,8681700,0.0,0.0,0.23835
2025-01-15,138.76216044958142,139.4688204365145,137.75947175376876,138.43748474121094,7434600,0.0,0.0,0.43865
2025-01-16,137.81680667159682,141.3978280046782,137.56851320026013,141.11134338378906,8964000,0.0,0.0,0.25125
2025-01-17,140.7961915258505,141.69383640908086,140.00359050281116,140.4046630859375,10773100,0.0,0.0,0.4447875
2025-01-21,140.9107565171082,142.1521797790258,140.42374301096277,141.4741668701172,11111700,0.0,0.0,0.2864
2025-01-22,137.51116185586446,138.91492279883963,135.70632843935454,138.72393798828125,16834700,0.0,0.0,0.4615166666666666
2025-01-23,138.8863029043578,141.24500293154537,138.28468679106894,140.0322265625,10506400,0.0,0.0,0.4279
2025-01-24,140.19454285029258,140.97759954850454,139.783926219187,140.2041015625,9887300,0.0,0.0,0.43525
2025-01-27,141.76069404684412,146.53538912805286,141.33097440377796,146.00062561035156,15152300,0.0,0.0,0.31845
2025-01-28,145.7809734783312,146.07700220087548,143.5273171300188,143.6037139892578,10320600,0.0,0.0,0.0
2025-01-29,143.71826969262145,145.0360897187024,143.24080035809448,144.33897399902344,7156400,0.0,0.0,0.0
2025-01-30,145.06475799198023,147.19426745640064,144.53953873271692,145.9814910888672,8911000,0.0,0.0,0.0
2025-01-31,145.74278305941718,146.27754655900495,145.20801955982944,145.29396057128906,8457800,0.0,0.0,0.244
2025-02-03,145.15069699924203,145.5995193990812,143.98567050236713,145.02655029296875,6687500,0.0,0.0,0.0
2025-02-04,144.53952325485915,147.23244283120735,144.147994887952,146.57354736328125,9645000,0.0,0.0,0.63005
2025-02-05,146.88870551783992,147.75768882453178,146.4016773634581,147.71949768066406,8947000,0.0,0.0,0.0
2025-02-06,147.8149718773712,147.86272173207726,146.4685192304036,146.5926513671875,7418100,0.0,0.0,0.30865
2025-02-07,146.61175852291703,147.52850621804473,145.9146572516367,146.22023010253906,6204900,0.0,0.0,0.08895
2025-02-10,146.68816349950097,147.4139118103825,145.4276371703155,147.28977966308594,6936200,0.0,0.0,0.2309874999999999
2025-02-11,147.16560891037645,149.34286805865526,147.00327107410754,149.09458923339844,7554500,0.0,0.0,0.0
2025-02-12,148.27335265895783,148.64577821087994,147.31841385185393,148.2637939453125,7746000,0.0,0.0,0.136375
2025-02-13,148.26379011250998,151.0044743264707,147.81496771907698,150.16412353515625,10704700,0.0,0.0,-0.0048499999999999
2025-02-14,150.2023229262142,150.37421949352108,149.02775223925636,149.1136932373047,6411800,0.0,0.0,0.0
2025-02-18,148.37251831565297,149.63349948553457,147.5061996351102,149.1907196044922,9670700,1.24,0.0,0.0
2025-02-19,149.20032937491345,152.37685545401334,148.95968368237325,151.98219299316406,7974700,0.0,0.0,0.0
2025-02-20,151.07736850559772,153.96511692439032,151.07736850559772,153.70521545410156,7224000,0.0,0.0,0.3979166666666667
2025-02-21,153.89773954560965,157.39190504879872,153.32018400254907,156.22718811035156,12546900,0.0,0.0,0.5004875
2025-02-24,156.59294650949553,158.70100497152328,155.9865293965267,157.61329650878906,10201900,0.0,0.0,0.5998833333333333
2025-02-25,157.95985100517953,160.20265611249306,157.80583422463695,159.87538146972656,12303700,0.0,0.0,-0.1387499999999999
2025-02-26,158.90314688262492,158.9512789530751,156.47743447282306,156.9779815673828,11396400,0.0,0.0,0.0
2025-02-27,156.23680248198454,157.8154375911286,155.6785027291615,157.60366821289062,8364600,0.0,0.0,0.5822
2025-02-28,158.1619729769769,159.73098759604045,156.6122141259579,158.8454132080078,12037200,0.0,0.0,0.437925
2025-03-03,158.78765913218382,161.0689755816046,158.67213921282575,161.02084350585938,9191500,0.0,0.0,0.0
2025-03-04,161.79092740061927,163.6294641715902,159.13420401879517,159.23045349121094,11999700,0.0,0.0,0.3648666666666667
2025-03-05,158.35448955976102,160.23153775130362,157.41116253777426,158.94166564941406,8744800,0.0,0.0,0.0
2025-03-06,158.82616132836026,159.66360366070757,157.39190767480014,159.62510681152344,8037900,0.0,0.0,0.0
2025-03-07,158.95131495855085,162.15671769705472,158.53739668433371,160.45294189453125,9637600,0.0,0.0,0.0
2025-03-10,161.213355740882,163.54280424610616,160.79945220628036,161.4251251220703,17559000,0.0,0.0,0.3062
2025-03-11,160.94383380792385,161.04009795862825,158.8742867584048,159.6539764404297,9890300,0.0,0.0,0.0
2025-03-12,157.6036698897816,158.06572018604265,156.15979576162204,156.75660705566406,8010700,0.0,0.0,0.5966
2025-03-13,157.31488146631054,158.38334883625902,156.57370337266372,156.891357421875,5286700,0.0,0.0,0.549
2025-03-14,156.05392462416808,157.045383769915,155.07210070700123,156.71810913085938,6235800,0.0,0.0,0.0
2025-03-17,156.33305998972546,157.3822716087003,155.6784961153853,156.74696350097656,6669800,0.0,0.0,0.0
2025-03-18,157.32452784770112,158.69139359743707,156.87211277776453,158.10421752929688,7348800,0.0,0.0,0.2125
2025-03-19,157.83468434241854,158.21009100278712,156.14054410113783,156.891357421875,5936400,0.0,0.0,0.0
2025-03-20,156.90098654218272,157.09350015251783,155.871015960727,156.9202423095703,7485900,0.0,0.0,-0.0644
2025-03-21,156.9009991555119,157.98872243872594,156.4004519781238,157.50743103027344,17047100,0.0,0.0,0.10115
2025-03-24,156.74697070710167,158.2389768997674,156.419696098809,157.1801300048828,8046400,0.0,0.0,0.0
2025-03-25,157.40154367149503,158.0464723853749,154.55229211897932,154.99508666992188,7456200,0.0,0.0,0.0
2025-03-26,155.17798757070264,156.4100924425596,154.6293082965319,155.6688995361328,7223500,0.0,0.0,-0.6597
2025-03-27,156.27532488979918,157.93096849602637,155.2838657717251,157.02613830566406,6752500,0.0,0.0,0.36535
2025-03-28,157.46890696330888,158.36411654948375,156.81435775006014,157.5844268798828,5760300,0.0,0.0,0.0
2025-03-31,158.2197069065615,160.39515311539188,158.0849459218606,159.63470458984375,12481400,0.0,0.0,0.0
2025-04-01,154.71590704072668,155.75549807748948,147.40028762743242,147.5157928466797,23303100,0.0,0.0,-0.3592
2025-04-02,148.2473671265155,149.96076328216213,147.70832312534768,149.54685974121094,10356900,0.0,0.0,0.21545
2025-04-03,152.81001049363928,154.6389118307078,151.587526297093,153.83998107910156,13249300,0.0,0.0,-0.36755
2025-04-04,153.20468354010333,153.83999171968495,147.2077820595149,147.50619506835938,16601700,0.0,0.0,0.0
2025-04-07,145.619515284852,146.99601623650406,141.8846895650138,144.9842071533203,18083000,0.0,0.0,0.0
2025-04-08,147.84310502085526,147.84310502085526,142.46227010091147,144.38743591308594,12018400,0.0,0.0,0.2569375
2025-04-09,136.87926625366518,147.45805612927666,136.20546125569413,145.3211212158203,18773700,0.0,0.0,0.0
2025-04-10,144.74355089733726,145.5424962732716,139.69962712384958,143.1264190673828,13830500,0.0,0.0,0.3921833333333333
2025-04-11,143.74248066567873,146.64948461948305,142.64513694227333,146.05267333984375,9943900,0.0,0.0,0.4983
2025-04-14,145.91793093942584,148.88268788470197,145.5136479043221,148.58428955078125,10685300,0.0,0.0,0.0
2025-04-15,149.87415293212752,150.4517085408691,146.40886334322556,147.87197875976562,10847700,0.0,0.0,-0.22455
2025-04-16,149.5564703134863,149.80675121723854,146.5435964317969,148.15110778808594,7986900,0.0,0.0,0.1591
2025-04-17,148.39177966672162,153.4742160762023,148.39177966672162,151.5779266357422,10981100,0.0,0.0,0.74
2025-04-21,152.0495867769091,152.30947355975457,149.67200606670647,151.04849243164062,6285400,0.0,0.0,0.0
2025-04-22,151.65492899700843,152.78114915442566,150.41318891134569,151.84744262695312,7136300,0.0,0.0,0.27115
2025-04-23,150.63458380115318,151.2217598816267,148.5554014813275,149.5661163330078,9099400,0.0,0.0,0.0
2025-04-24,149.97040687347663,150.06665634313987,147.6987108219785,149.13294982910156,8310400,0.0,0.0,0.3010666666666666
2025-04-25,148.54576955182586,149.10405459341425,146.74572991221044,148.79603576660156,8643600,0.0,0.0,0.77555
2025-04-28,149.68161297819137,149.98001127137218,148.06448105856123,149.5372314453125,5815200,0.0,0.0,0.6134999999999999
2025-04-29,149.6334689492064,151.14473074920974,148.5168695580015,150.07626342773438,5246700,0.0,0.0,-0.55925
2025-04-30,152.28058447749746,152.28058447749746,149.2195784557302,150.4613037109375,9598200,0.0,0.0,-0.60175
2025-05-01,149.2003302283948,149.28695915312142,147.6216950638147,148.6805419921875,7325800,0.0,0.0,0.0
2025-05-02,150.2303097326726,150.8559826987175,149.23883590228314,150.27842712402344,5974500,0.0,0.0,0.0
2025-05-05,150.80784414042418,150.92334937526124,148.94043117537043,149.20033264160156,5464100,0.0,0.0,0.0
2025-05-06,149.02706485891864,150.06664127887538,147.939341677191,148.69015502929688,8644200,0.0,0.0,0.0
2025-05-07,148.95005151506132,152.03031320155694,148.7190263806318,151.4142608642578,7853100,0.0,0.0,0.4654
2025-05-08,149.98964908717855,151.15436597342557,148.98855481578678,149.83563232421875,7606100,0.0,0.0,0.0
2025-05-09,149.60462037415962,150.22067279248463,148.0548614438321,148.44952392578125,6520400,0.0,0.0,0.0
2025-05-12,146.33184197306454,149.54686501326165,145.52326125496006,148.3725128173828,9023800,0.0,0.0,-0.2621
2025-05-13,146.02381808353965,146.02381808353965,142.5392728027916,142.88580322265625,10549600,0.0,0.0,0.23835
2025-05-14,143.10716966603283,143.25156588517302,140.65258081911486,140.88360595703125,10216000,0.0,0.0,0.0
2025-05-15,142.46224982128726,144.05050551510183,141.8173211285569,144.0120086669922,7945800,0.0,0.0,0.4906
2025-05-16,144.0697574363664,145.8312856192595,143.63659813942314,145.6676483154297,8051200,0.0,0.0,0.0
2025-05-19,146.20670042818765,146.9478932943705,145.39813440390523,146.7842559814453,12639900,0.0,0.0,0.0
2025-05-20,146.63023979706358,148.27624816110944,146.42809094625815,147.9104766845703,7351500,0.0,0.0,0.0
2025-05-21,147.45806052112863,148.65165378512776,147.2751674402648,147.44842529296875,7032200,0.0,0.0,0.0
2025-05-22,146.93826186486518,147.58320528074356,145.70615702805415,146.89976501464844,7535300,0.0,0.0,0.0
2025-05-23,147.27515984115055,147.7371954457021,146.514725935996,147.2174072265625,6727300,0.0,0.0,0.2267499999999999
2025-05-27,148.07173598904868,149.54739430031267,147.49893216707943,148.7804412841797,6990700,1.3,0.0,0.3904166666666667
2025-05-28,148.80959069257366,149.1590918923527,147.49895748996062,147.984375,8459300,0.0,0.0,0.0
2025-05-29,147.32418530456823,149.54739054497975,147.1397243168512,149.10081481933594,6810600,0.0,0.0,0.0
2025-05-30,149.41148243505967,151.1687060152862,148.75132182581495,150.68328857421875,15529700,0.0,0.0,0.1909
2025-06-02,149.97458565876332,151.0036683817444,147.8581724833897,150.8677520751953,6669300,0.0,0.0,0.2553
2025-06-03,150.28525809293072,151.1201767695379,149.58625572117742,149.9163360595703,8209800,0.0,0.0,-0.601
2025-06-04,150.41146235996317,150.41146235996317,148.66397117704494,148.7513427734375,6983900,0.0,0.0,0.0
2025-06-05,149.1979033469359,149.59594921931134,148.18824154851782,149.17849731445312,5295400,0.0,0.0,0.0
2025-06-06,149.50858608317324,151.47937989644106,149.50858608317324,150.508544921875,5391500,0.0,0.0,0.0
2025-06-09,150.3337753429122,151.4405264270542,149.94543253300756,150.7026824951172,5319000,0.0,0.0,0.0
2025-06-10,150.89687490281506,152.84826270728874,150.49884381664958,151.8871307373047,6791600,0.0,0.0,0.0176999999999999
2025-06-11,151.74150341105252,152.03275685451254,150.21728545141227,150.73182678222656,6016000,0.0,0.0,0.0
2025-06-12,151.6832545257475,152.11040945062305,150.64445404189198,152.09100341796875,7075500,0.0,0.0,0.5861999999999999
2025-06-13,151.42112500798427,153.07154142395083,151.42112500798427,152.51817321777344,6587500,0.0,0.0,0.0
2025-06-16,151.8580074487937,151.93567602569203,149.94546133225077,150.69300842285156,7024000,0.0,0.0,0.0
2025-06-17,150.4502647611971,150.75122116823314,147.6639737252355,147.93580627441406,6407100,0.0,0.0,0.0
2025-06-18,148.12028605196923,148.19793980693774,146.31453256677307,146.3339385986328,8325200,0.0,0.0,0.3884
2025-06-20,146.84846931065263,146.9843855926896,144.6932148285212,145.4213409423828,22605500,0.0,0.0,0.0
2025-06-23,145.37281742317523,147.01351589474922,145.37281742317523,146.90673828125,7397900,0.0,0.0,0.0
2025-06-24,147.08147961624732,148.26589931707005,146.57664134693826,147.75135803222656,9544200,0.0,0.0,0.0
2025-06-25,146.9649995870065,148.60571302399958,146.3339479807507,147.8387451171875,7153700,0.0,0.0,0.4656749999999999
2025-06-26,148.2464775328281,148.75131579893812,147.11060254440363,147.57659912109375,7156900,0.0,0.0,0.0
2025-06-27,147.57660771353423,148.85811689125123,146.6057728142086,147.96495056152344,10010800,0.0,0.0,0.2113
2025-06-30,147.72223965966626,148.5086135463286,147.10090592580522,148.29502868652344,9039300,0.0,0.0,0.0
2025-07-01,148.53773775923037,153.1492034739777,148.35327676043812,151.37257385253906,10896700,0.0,0.0,0.064
2025-07-02,151.45024100569117,151.74149443191655,150.54737167953348,151.0230712890625,5544000,0.0,0.0,0.0
2025-07-03,150.8968748675792,151.72209053175558,150.36292747592347,151.4599609375,3482500,0.0,0.0,0.0
2025-07-07,151.46965750988292,151.79003478817216,150.3726093885074,150.7415313720703,6270900,0.0,0.0,0.7328749999999999
2025-07-08,149.97456187968828,152.18806412896572,149.71244713889567,151.24635314941406,6438200,0.0,0.0,0.0
2025-07-09,151.24637719479634,152.12013757764228,150.54738962779254,151.7220916748047,6147400,0.0,0.0,0.0
2025-07-10,151.54733370701027,154.59575469827723,151.27550112030607,153.09095764160156,6732900,0.0,0.0,0.0
2025-07-11,152.50846614661378,152.59583774105317,150.6541677467579,152.32400512695312,7872000,0.0,0.0,0.6150249999999999
2025-07-14,152.2948677851747,152.8773746574223,150.98424954326526,152.246337890625,10185600,0.0,0.0,0.0
2025-07-15,151.79975089790832,152.60554567091353,150.2852507708202,150.6444549560547,6873200,0.0,0.0,0.2104
2025-07-16,155.62483084994489,161.2750820257859,155.13941342047767,159.9741668701172,22134800,0.0,0.0,0.3229625
2025-07-17,158.42084860807233,159.8965219598269,157.56652387917572,158.2266845703125,11295700,0.0,0.0,0.4414249999999999
2025-07-18,159.148947043396,160.28483683397772,158.59557889181167,158.9256591796875,9792600,0.0,0.0,0.23835
2025-07-21,158.993632484751,160.1100866715211,158.03250062035818,159.56642150878906,8254000,0.0,0.0,0.0
2025-07-22,160.18776361914905,163.1585161378835,159.90622800720854,163.0323028564453,9288000,0.0,0.0,0.43335
2025-07-23,163.68274972458084,164.18757314393545,161.731362337271,164.1681671142578,10617600,0.0,0.0,0.32985
2025-07-24,164.55652888281114,165.0322433553102,163.9546159364473,164.61477661132812,6636900,0.0,0.0,0.5905
2025-07-25,164.79921759495198,164.92543086724078,162.55659143705802,163.39151000976562,6254900,0.0,0.0,0.0888499999999999
2025-07-28,162.9643457562342,163.04201432533776,160.23630207669302,161.37217712402344,8014600,0.0,0.0,0.0
2025-07-29,161.80904196073075,163.85750407777874,161.5177885442579,163.20704650878906,7663400,0.0,0.0,0.345025
2025-07-30,162.80900565290742,163.69246894488504,161.91583934513037,162.3818359375,6189200,0.0,0.0,0.0
2025-07-31,161.09062961083353,162.1973956301704,159.44021322550935,159.9353485107422,11036200,0.0,0.0,0.0
2025-08-01,160.65374817098856,162.73133417477788,159.98386974869538,162.44979858398438,8927800,0.0,0.0,0.0
2025-08-04,162.15854746259484,166.19722408485885,161.77992245511788,166.0515899658203,12679100,0.0,0.0,0.0
2025-08-05,165.56619712233535,166.55645298658033,164.70215455058468,165.7603759765625,7934400,0.0,0.0,0.3305
2025-08-06,164.95455498052752,167.15833945166182,164.7312522963263,165.61471557617188,8957200,0.0,0.0,-0.20095
2025-08-07,166.17779684066866,166.61466955343286,164.9642532975659,166.5272979736328,9315900,0.0,0.0,0.14545
2025-08-08,166.03218459824058,168.88644150314138,165.4205538861148,168.27481079101562,7686800,0.0,0.0,0.025675
2025-08-11,168.34277035231864,169.5077841152882,168.00298701625698,168.7505340576172,7256800,0.0,0.0,0.42985
2025-08-12,168.92527979892805,169.66310902141603,166.79914890711837,167.74085998535156,7916700,0.0,0.0,0.0
2025-08-13,167.9544392779886,169.4495185199788,167.6631858424992,169.33302307128906,5878700,0.0,0.0,0.2551333333333334
2025-08-14,169.22622173103392,170.5951024361437,167.68259786208765,169.624267578125,8241700,0.0,0.0,0.23465
2025-08-15,170.449495579225,172.09991199561782,169.85728568003967,171.48828125,9477600,0.0,0.0,0.0
2025-08-18,171.35235838112257,172.39115882582487,170.9640303499574,171.10964965820312,9284000,0.0,0.0,0.0
2025-08-19,170.90576208507196,172.98334809108246,170.84751436372582,172.61444091796875,9274200,0.0,0.0,0.07655
2025-08-20,173.29401944019594,175.34248155105917,172.80860201879483,173.6240997314453,9030000,0.0,0.0,0.0
2025-08-21,173.3425948429589,174.8279712303959,172.96396977976454,173.7115020751953,8859600,0.0,0.0,0.0
2025-08-22,174.78911558281357,175.87646078588406,172.29407749726226,174.0609893798828,9524000,0.0,0.0,0.1366
2025-08-25,174.28429241400747,175.00270078812704,173.09015477301065,173.2066650390625,6229100,0.0,0.0,0.5108999999999999
2025-08-26,172.85459100282205,173.25555855769375,171.8961934884329,172.60032653808594,9145000,1.3,0.0,0.2553
2025-08-27,173.06973272921007,173.77386573464747,172.27758682871757,172.89369201660156,5951100,0.0,0.0,0.3810499999999999
2025-08-28,172.48297426925092,172.60033973483283,170.78133170456726,171.583251953125,6424700,0.0,0.0,0.0
2025-08-29,172.091769803481,173.50003579736554,171.5832259895787,173.26531982421875,6942300,0.0,0.0,0.2648
2025-09-02,173.55871833290118,175.2505864747156,172.99149923256772,174.13571166992188,9049000,0.0,0.0,0.40065
2025-09-03,173.754312735633,174.36064372340013,172.63943789740028,174.07704162597656,7111700,0.0,0.0,0.1591
2025-09-04,174.0770522777431,174.9572111798103,173.6369728267095,174.82029724121094,7854800,0.0,0.0,0.1806833333333333
2025-09-05,174.07704256383926,175.5537581707923,172.66877646111618,174.49755859375,9733800,0.0,0.0,0.0
2025-09-08,173.45114379394553,175.49507846966029,172.8056860260886,174.2041778564453,8382500,0.0,0.0,0.0
2025-09-09,174.07703980883056,174.16505270823302,172.561197432737,173.05996704101562,6005700,0.0,0.0,0.0
2025-09-10,172.4145258819289,172.7176914018626,170.48794153380138,171.91575622558594,6891600,0.0,0.0,0.169025
2025-09-11,171.87663224164177,174.9083170723718,171.75928170606494,174.56602478027344,5792500,0.0,0.0,0.0
2025-09-12,173.79343431588362,174.85940809224363,172.8252476738922,174.13571166992188,7220200,0.0,0.0,-0.1366
2025-09-15,173.8423161383384,175.0452187336727,173.0306068383358,173.49024963378906,4768100,0.0,0.0,0.3252
2025-09-16,173.65653641793406,173.7054225283811,171.7788382257642,172.5709991455078,7959300,0.0,0.0,0.05435
2025-09-17,172.81548641822724,174.57580419407594,172.69812095667075,173.294677734375,6714900,0.0,0.0,0.6989000000000001
2025-09-18,172.7079129408542,173.118654756769,170.0380687536577,170.32168579101562,8200900,0.0,0.0,0.2956999999999999
2025-09-19,170.8400043448543,173.25556913608068,169.50997682791382,172.30694580078125,25621000,0.0,0.0,0.20095
2025-09-22,172.20913129583226,172.74701277532031,170.2825471290745,170.37057495117188,7193900,0.0,0.0,-0.4014
2025-09-23,171.0355829083302,173.06974339129886,170.97690764134543,172.68833923339844,8350400,0.0,0.0,0.0
2025-09-24,172.25804742843013,173.05019343926608,171.86686900314092,172.79592895507812,6676800,0.0,0.0,0.2706333333333333
2025-09-25,173.29467019297286,174.46822029996832,172.03310718551506,173.81298828125,8475000,0.0,0.0,0.47185
2025-09-26,174.66380677519905,175.94493304972775,173.4120181311941,175.7493438720703,8634400,0.0,0.0,0.47655
2025-09-29,175.86670514276065,177.86173875279522,175.83736751044387,177.61724853515625,8597100,0.0,0.0,0.26925
2025-09-30,177.69549554924257,181.8909562377616,177.07939031912738,181.33351135253903,11569000,0.0,0.0,0.36755
2025-10-01,181.90072970718464,182.44838543053112,179.85679498165965,181.9496307373047,13063800,0.0,0.0,0.0
2025-10-02,180.13063621234386,182.47773660731235,180.032834144845,181.8811798095703,7728100,0.0,0.0,0.1268999999999999
2025-10-03,182.93737906053053,185.59743412762745,182.79069088210625,184.4825592041016,8675100,0.0,0.0,0.1909
2025-10-06,183.8566452365672,185.7343283333897,183.2405251076493,184.01312255859372,5806100,0.0,0.0,0.61815
2025-10-07,179.71988044308327,185.05953865015417,178.90817109783274,184.7270355224609,8776800,0.0,0.0,0.40135
2025-10-08,184.70747953243605,186.0277327816568,184.1207119169489,185.5094146728516,5751200,0.0,0.0,0.1396
2025-10-09,185.81255965704935,187.8662833906792,185.54850605186883,186.86875915527344,7484800,0.0,0.0,0.0
2025-10-10,187.77827139842617,187.83696158868855,185.6658871464611,186.51670837402344,9598000,0.0,0.0,0.0752375
2025-10-13,185.6463081660922,187.0839117956073,185.10842671925013,186.69271850585935,7979500,0.0,0.0,-0.1839999999999999
2025-10-14,188.66821591723416,190.1155938776849,181.78337771502345,186.6438446044922,13613300,0.0,0.0,0.4653
2025-10-15,187.2599678902216,189.30391771901373,185.1280200754296,186.9568023681641,9473000,0.0,0.0,0.55345
2025-10-16,187.12304066781877,188.7953604231518,186.23309264058008,187.88584899902344,10611800,0.0,0.0,-0.0907099999999999
2025-10-17,188.2574758352493,189.33323880902185,187.45554072343717,188.96160888671875,7764400,0.0,0.0,0.0
2025-10-20,189.23542420173737,190.19382165505388,188.09121179958947,189.45057678222656,8034700,0.0,0.0,0.4171249999999999
2025-10-21,188.75622395203504,189.2843311834856,187.54356201203515,187.6511383056641,6716000,0.0,0.0,0.371
2025-10-22,187.7685194118937,189.18655993336867,187.5533667896008,188.68780517578125,6343100,0.0,0.0,0.3395
2025-10-23,188.31614705419025,189.7244131268554,187.31862276563595,188.22813415527344,8882500,0.0,0.0,0.0
2025-10-24,187.96408322637888,188.0716595229833,185.24535310037527,186.2037506103516,6903400,0.0,0.0,-0.38155
2025-10-27,185.8027915483585,186.59493746752628,185.35292298108493,186.10595703125,7126000,0.0,0.0,0.431
2025-10-28,185.0888771601165,185.3333673885486,182.5070609447738,182.8102264404297,8329500,0.0,0.0,0.48945
2025-10-29,182.58530545154943,182.97649878305907,180.59027168959963,182.48751831054688,10551100,0.0,0.0,0.2916
2025-10-30,182.95691510358745,185.20622801228868,182.7906635520636,184.8834991455078,7072500,0.0,0.0,0.0
2025-10-31,183.32856020199483,185.32359390824723,182.64397562159024,184.7074737548828,8791700,0.0,0.0,0.0
2025-11-03,184.83461711915595,184.86395475347013,181.43131723621423,182.15499877929688,7542600,0.0,0.0,0.02793
2025-11-04,182.71243787931192,183.68062454846097,181.52909861701863,182.7417755126953,7209400,0.0,0.0,0.249525
2025-11-05,182.52662069373764,183.6903965454173,181.31394381284892,181.90072631835935,5049400,0.0,0.0,0.0
2025-11-06,182.64398686311296,183.38724675672773,181.2846217007125,182.849365234375,6767400,0.0,0.0,0.1843375
2025-11-07,183.6024034971757,184.1989603040272,181.6073547007375,182.45819091796875,6959200,0.0,0.0,0.0
2025-11-10,181.90073988239692,184.26740363210232,181.0401294561404,184.25762939453125,5323800,0.0,0.0,0.5445500000000001
2025-11-11,185.2160176409071,189.64617940511584,184.88351451022683,189.55816650390625,7465600,0.0,0.0,-0.4914
2025-11-12,189.09852116392503,191.2402579332056,188.8149190674103,190.10581970214844,8803000,0.0,0.0,0.5454
2025-11-13,189.92979610949115,191.6803395836668,189.1865362627468,190.9468688964844,8631600,0.0,0.0,0.41355
2025-11-14,190.7023809412554,192.8343286012861,189.2843405802947,191.61187744140625,8824800,0.0,0.0,0.27285
2025-11-17,192.61918942480105,195.8660119204403,191.5825383144018,195.1814422607422,13257000,0.0,0.0,-0.0765333333333333
2025-11-18,194.62400687307817,195.88558487842093,194.1545897867298,195.5921936035156,12468600,0.0,0.0,0.17635
2025-11-19,195.5921832139753,198.99548302359867,194.9858522212118,198.0468597412109,14690800,0.0,0.0,0.4730374999999999
2025-11-20,197.54808768840363,200.00276399995727,197.1275716942422,198.59451293945312,10612600,0.0,0.0,0.364475
2025-11-21,199.46490967071523,202.37922894432936,198.51628641370849,199.40621948242188,13189100,0.0,0.0,0.0
2025-11-24,199.2204251313988,201.57729960220277,198.52606631385947,201.50885009765625,14803900,0.0,0.0,0.20095
2025-11-25,201.93203375943372,204.4318344688182,201.93203375943372,203.39845275878903,10275300,1.3,0.0,-0.35875
2025-11-26,203.2213139605992,204.5204108409229,202.68001733661197,204.2743682861328,6729000,0.0,0.0,0.39225
2025-11-28,203.723236152328,204.1759610624769,201.390757529436,203.64450073242188,5638300,0.0,0.0,0.0
2025-12-01,203.23114910855648,204.41215036142825,202.08950805664065,202.08950805664065,8473700,0.0,0.0,0.0
2025-12-02,201.9910999780921,202.3552381514841,199.8849763223805,202.16824340820312,8393600,0.0,0.0,0.5891
2025-12-03,202.6406353348706,203.74291615515872,201.7450518785209,202.0796661376953,8363300,0.0,0.0,0.251325
2025-12-04,201.3513800209524,201.61711018295784,198.516980022795,199.2747802734375,9049900,0.0,0.0,0.0
2025-12-05,199.7668717489871,200.2294329646455,197.63122412342935,198.7334899902344,7785300,0.0,0.0,0.0
2025-12-08,199.45193591844364,200.0424290268597,197.80837348995507,198.4283905029297,7785700,0.0,0.0,0.3243
2025-12-09,199.7078130861464,202.2863341775681,196.74546622144237,196.794677734375,7509400,0.0,0.0,0.40735
2025-12-10,197.4146980881505,203.5264016771889,197.01118469940695,203.2705078125,11599800,0.0,0.0,0.0
2025-12-11,204.60897767896304,207.89611754570484,204.5400935742317,206.68557739257807,9009000,0.0,0.0,0.0129
2025-12-12,206.951303914036,208.90980797527408,205.65220708750627,208.2307281494141,6922700,0.0,0.0,0.1772
2025-12-15,207.02021685633432,211.7835972337083,205.7014173161141,210.7797393798828,8467000,0.0,0.0,-0.3424166666666666
2025-12-16,210.61242873186924,211.33086879327527,205.50458284724823,205.98683166503903,9949800,0.0,0.0,0.0252
2025-12-17,206.0753964132944,208.1716837329721,205.16012534074213,207.00051879882807,8457600,0.0,0.0,0.0
2025-12-18,206.47891598813604,207.7189650641044,204.47120032162056,205.0124969482422,7499900,0.0,0.0,0.0
2025-12-19,204.27436010709684,205.927773818052,202.768580933452,203.1031951904297,24803900,0.0,0.0,0.0
2025-12-22,202.86701252411635,204.7861414522214,202.2469804791725,204.0381774902344,8187800,0.0,0.0,0.0
2025-12-23,201.77458850774812,203.2606801764464,200.0621268695276,202.5225524902344,7047300,0.0,0.0,0.0
2025-12-24,202.7390686836449,204.64836134488127,202.31588269030172,204.4908905029297,2376500,0.0,0.0,0.0
2025-12-26,204.2448234412372,204.74674479534212,203.43781175323053,204.3432464599609,2316700,0.0,0.0,0.0
2025-12-29,204.70740558532265,206.1541370088678,204.09722485496195,204.2743682861328,4348900,0.0,0.0,0.0
2025-12-30,204.22513661756275,204.40229504849637,203.25081780778308,203.6346435546875,3937400,0.0,0.0,0.43895
2025-12-31,203.63466628756984,204.21532312025465,203.10320595268348,203.6740264892578,4083800,0.0,0.0,0.0
2026-01-02,203.54607900663632,204.10704818695956,200.4557702982002,204.06768798828125,6325500,0.0,0.0,0.0
2026-01-05,202.6111087313451,202.68000785174,197.72963308240787,201.0758056640625,9477000,0.0,0.0,0.71885
2026-01-06,201.36123804146013,203.43783785814668,200.88882551165972,201.5482177734375,8107900,0.0,0.0,0.68485
2026-01-07,202.01077964740008,204.96329039065657,201.78442469524603,204.2054901123047,7545900,0.0,0.0,0.7492000000000001
2026-01-08,203.6543250611801,205.67187690313676,201.72535994719087,202.49301147460935,6557800,0.0,0.0,0.46685
2026-01-09,202.65049925535808,203.4279871432506,200.7805667748665,201.1545562744141,6154300,0.0,0.0,0.1589166666666666
2026-01-12,202.2961890410606,206.5773204309254,200.62310269270267,206.40017700195312,11794300,0.0,0.0,0.4780999999999999
2026-01-13,206.58715762456723,210.99623564550944,205.55377597445332,210.2679443359375,11379600,0.0,0.0,0.3048125
2026-01-14,211.3308708111333,215.395498695942,210.7600502715364,215.0904083251953,11858800,0.0,0.0,0.559275
2026-01-15,214.7754540862871,216.27139696408693,212.4921870786144,216.09425354003903,8492100,0.0,0.0,0.2227249999999999
2026-01-16,215.57264391506672,216.6257132857775,214.68689670122748,215.19866943359372,10021500,0.0,0.0,0.5291833333333334
2026-01-20,213.6535174405211,215.26755606095267,211.1045200795966,214.75579833984372,14057100,0.0,0.0,-0.14225
2026-01-21,207.65991685181095,215.2183369488501,207.16783174078773,214.55894470214844,14762900,0.0,0.0,0.140415
2026-01-22,215.30692327179185,218.65309601347727,214.6475310263463,215.03135681152344,13160000,0.0,0.0,0.16705
2026-01-23,216.3206133966017,217.70829698551927,214.3916331931512,216.6552276611328,6950600,0.0,0.0,0.06785
2026-01-26,216.7241195858665,218.51530148499805,216.5174372427288,217.98385620117188,6856700,0.0,0.0,0.0
2026-01-27,218.4857835732108,221.9303792601758,217.20635931460325,220.8871612548828,8154100,0.0,0.0,0.58445
2026-01-28,222.81613770071385,224.95180034983716,222.5012110309432,224.11524963378903,9026500,0.0,0.0,0.342425
2026-01-29,225.18797472711543,226.3591396349424,223.4853645338204,223.6920318603516,9645300,0.0,0.0,0.0
2026-01-30,224.6466859457881,224.88289220157367,221.7630744488117,223.65267944335935,11045500,0.0,0.0,0.4542499999999999
2026-02-02,224.70574839064852,227.530312073188,223.65267906312957,227.09727478027344,8187500,0.0,0.0,0.7598
2026-02-03,227.83540162689715,231.4768283686728,226.83154381662808,229.4100799560547,9346600,0.0,0.0,0.0822249999999999
2026-02-04,231.2799860551316,232.09684908454457,229.25259794183296,230.7583770751953,8641400,0.0,0.0,0.0
2026-02-05,231.2799897072634,235.78749088320205,231.27015341178196,234.02581787109372,10267500,0.0,0.0,0.4319875000000001
2026-02-06,235.1773306195327,237.12598351858577,234.2128329577192,236.19102478027344,8274000,0.0,0.0,0.3984333333333333
2026-02-09,236.4468956382332,236.92914445281932,233.28770262066075,234.8623809814453,9378500,0.0,0.0,0.82525
2026-02-10,236.1811524926561,236.69292518436984,234.11440415212087,234.57696533203125,6723300,0.0,0.0,0.0
2026-02-11,235.55129826274083,237.4409032943991,233.6420056217357,237.0472412109375,6803900,0.0,0.0,0.4458
2026-02-12,236.67325295914287,242.45034242715968,235.88591377085007,240.6788330078125,10254300,0.0,0.0,0.5288333333333334
2026-02-13,240.7181906333224,241.0724925134001,238.7695378015177,239.5962371826172,13268500,0.0,0.0,0.0
2026-02-17,240.26547331078996,240.61977517991008,238.04123907016248,239.47813415527344,12703000,0.0,0.0,0.1510333333333333
2026-02-18,239.38956433634297,241.1905976005163,238.97621465530665,241.1118621826172,8129700,0.0,0.0,0.2174749999999999
2026-02-19,240.7476915851859,243.05066109474427,240.4032410511913,243.0014495849609,7553900,0.0,0.0,0.0
2026-02-20,242.56842126641305,242.97193463736588,236.4764055549244,238.65142822265625,13565800,0.0,0.0,0.2202
2026-02-23,239.77338707530683,242.90304105661136,238.75969298572116,241.94839477539065,9622700,0.0,0.0,0.2724999999999999
2026-02-24,242.74983087068327,244.6296889736104,241.9484024234396,243.6699676513672,7246300,1.3,0.0,0.0
2026-02-25,242.26501930596683,244.62968992113937,241.13710142042595,242.5717315673828,7698200,0.0,0.0,0.5207999999999999
2026-02-26,242.51237425588351,242.86855965236887,239.4551250760139,240.88975524902344,7172600,0.0,0.0,0.0
2026-02-27,241.4438165545137,246.3017849576054,239.93003240320007,245.79718017578125,16428600,0.0,0.0,-0.0007333333333333
2026-03-02,246.54912469567304,249.04242234613037,244.2537044562187,245.92579650878903,9042400,0.0,0.0,0.599125
2026-03-03,243.84805926874756,245.25300850282144,241.7703087256774,244.13497924804688,6178700,0.0,0.0,0.0
2026-03-04,243.1455911306439,243.95690818284584,240.6028202250193,242.7003631591797,5768000,0.0,0.0,0.3533
2026-03-05,240.05866070262036,240.42473468568537,233.42965388259424,237.0904541015625,9375400,0.0,0.0,-0.05135
2026-03-06,235.59644388499385,238.23814591204695,232.93494958702288,237.85227966308597,7179800,0.0,0.0,0.0030749999999999
2026-03-09,238.3172853623119,241.5031614171852,237.49607978572496,240.01905822753903,7844000,0.0,0.0,0.0
2026-03-10,239.732151823879,242.40353469704283,238.26784082105456,241.1272125244141,7214100,0.0,0.0,0.53405
2026-03-11,240.29608691960013,241.10740390076984,238.80209516039704,240.41482543945312,6933200,0.0,0.0,0.5049
2026-03-12,238.9010440853151,241.80987365541037,237.75333399538243,239.47488403320312,7710200,0.0,0.0,0.4327916666666667
2026-03-13,241.6218975517249,242.98726220669957,238.94061117286776,238.9604034423828,6415300,0.0,0.0,0.2744
2026-03-16,241.3349607287423,242.4628785296478,239.1088059824489,240.6127014160156,7571500,0.0,0.0,0.23835
2026-03-17,240.99857884994995,241.55264164150103,234.70598053704475,235.5865478515625,7281800,0.0,0.0,0.37765
2026-03-18,235.349078713635,236.57594278395305,232.9250465260699,234.7653350830078,6811500,0.0,0.0,0.7727999999999999
2026-03-19,235.814102878936,236.72435103784144,233.80561773863,235.0819549560547,7511500,0.0,0.0,0.64515
2026-03-20,234.32011361954207,235.76463230802105,232.01480479225955,232.8755798339844,17156600,0.0,0.0,0.0
2026-03-23,234.88406082839504,235.78442039461373,231.7674501417346,232.925048828125,7313700,0.0,0.0,0.0
2026-03-24,231.65861261497412,233.49890116874656,229.77875461897236,232.77664184570312,9046200,0.0,0.0,0.0
2026-03-25,234.29043431536925,238.90105200048887,233.2317667584392,237.3872528076172,6456400,0.0,0.0,-0.73895
2026-03-26,237.4565300874115,239.0890376929306,236.3978624775069,236.70458984375,5171400,0.0,0.0,0.2629
2026-03-27,238.63391169766768,240.10811126821832,236.59574564385585,237.90174865722656,7617600,0.0,0.0,0.406225
2026-03-30,240.90953765922092,241.62190842303255,237.96110834902544,239.92013549804688,7241300,0.0,0.0,0.0
2026-03-31,240.43461907362288,242.73003938495023,240.0784336838334,241.84947204589844,7554200,0.0,0.0,0.4476
2026-04-01,242.99717824988343,244.58021265880905,241.1568896154117,241.5328521728516,6314600,0.0,0.0,-0.1403
2026-04-02,242.5123641523277,244.59011472810892,239.3066957175141,240.46429443359372,6878700,0.0,0.0,0.1926
2026-04-06,240.0784175573595,240.9392076648261,237.9512090454724,238.41622924804688,4442400,0.0,0.0,0.1183999999999999
2026-04-07,238.22825540792763,238.22825540792763,233.50880278778567,235.8833770751953,6241100,0.0,0.0,0.2514
2026-04-08,234.13213423473948,238.77243293320464,231.4211667922781,238.7427520751953,8771100,0.0,0.0,0.0
2026-04-09,238.7427511835681,241.61201149233705,237.9907958579282,238.7526397705078,6216500,0.0,0.0,0.0
2026-04-10,239.43532307826192,239.69256220529843,235.38867186110596,235.93284606933597,7354500,0.0,0.0,0.392725
2026-04-13,235.1907903330984,235.8635765445355,232.6875890190388,235.43814086914065,7663600,0.0,0.0,0.2406249999999999
2026-04-14,232.5193972079424,239.62331259842583,230.77805483364236,237.5554656982422,10318700,0.0,0.0,-0.0161
2026-04-15,237.3971547010872,237.8720635067345,234.24095942154312,236.1406097412109,6463500,0.0,0.0,0.85265
2026-04-16,234.90386545418735,235.61623623667955,229.66003084303983,232.05438232421875,8668900,0.0,0.0,0.3144666666666667
2026-04-17,231.8762966548944,233.0437839864675,229.58087633934963,231.6981964111328,8946300,0.0,0.0,0.32165
2026-04-20,232.32152567058696,232.7667536363879,227.09748331847635,228.2451934814453,7810500,0.0,0.0,0.64565
2026-04-21,226.91937872287343,227.25577181512992,222.3186498783577,223.76318359375,11681200,0.0,0.0,0.6410333333333333
2026-04-22,223.7829810531976,225.06920692516337,221.40842182578345,223.70384216308597,9003400,0.0,0.0,-0.2035
2026-04-23,224.8416507297823,228.93777524810503,224.62398103726105,228.2056121826172,7097600,0.0,0.0,0.0
2026-04-24,226.6027733404394,227.55260604771448,224.61408045271432,225.0889892578125,6067500,0.0,0.0,0.33215
2026-04-27,223.37733983631023,225.49465994910125,221.972390518204,222.95188903808597,7897800,0.0,0.0,0.0
2026-04-28,225.31655381218496,228.58158401963007,223.97096624596244,225.37591552734372,7179800,0.0,0.0,0.0
2026-04-29,223.12997454989517,226.2861697879244,222.47696551504524,224.94058227539065,7071100,0.0,0.0,0.0
2026-04-30,225.53421985117492,228.71020743451083,225.3957041523519,227.41409301757807,8157200,0.0,0.0,0.8161499999999999
2026-05-01,226.6324494909732,227.33493164601464,224.61407578841013,224.7822723388672,6863600,0.0,0.0,0.513
2026-05-04,223.12007375354,224.66355379145187,221.2105348477109,221.82395935058597,8215200,0.0,0.0,0.0
2026-05-05,223.00135999434525,224.12927789209027,222.51654748413543,223.15966796875,5556700,0.0,0.0,0.60655
2026-05-06,222.86284542864004,223.9412902027537,220.58721735046336,222.2395172119141,7982300,0.0,0.0,0.5466
2026-05-07,222.39781787364095,222.39781787364095,218.2918049197337,220.15187072753903,7269700,0.0,0.0,0.0
2026-05-08,220.5773139289545,221.00274959951287,218.578717393272,218.9744873046875,5550600,0.0,0.0,0.0
2026-05-11,218.9744932439037,220.91371302266228,218.034549114472,219.08331298828125,6223200,0.0,0.0,0.4767
2026-05-12,220.63667479230432,225.23738865385064,219.30097587916975,221.88331604003903,8632500,0.0,0.0,0.58355
2026-05-13,223.42680175059945,228.35402025227188,223.0508241008666,227.97804260253903,7464500,0.0,0.0,0.1742749999999999
2026-05-14,228.55191184757024,229.30385209662225,226.73141539381515,228.35403442382807,6974400,0.0,0.0,0.08895
2026-05-15,228.324343449484,229.6798195939985,224.0402302332647,224.307373046875,12167000,0.0,0.0,0.0
2026-05-18,224.30737192600984,227.26567474324528,223.46637404521803,226.4939422607422,10141600,0.0,0.0,0.20095
2026-05-19,226.5137209227187,228.40348257147707,225.62324996765844,227.5624847412109,9677900,0.0,0.0,0.172125
2026-05-20,229.2345877493695,229.54130000194291,226.74129009113187,226.88970947265625,7353800,0.0,0.0,0.0
2026-05-21,226.88970696918972,229.43246262946704,224.94058353722363,229.27415466308597,5239000,0.0,0.0,0.5296
2026-05-22,230.53071103197317,233.0042165151488,230.25367962562385,231.85650634765625,5462300,0.0,0.0,0.0
2026-05-26,231.85650632452897,232.0953339431715,227.9557463234551,229.0503387451172,6619600,1.34,0.0,0.0
2026-05-27,228.85132348090335,231.7470457253588,227.89604337347492,230.15489196777344,5835500,0.0,0.0,0.2657
2026-05-28,228.90107206919131,230.7320381891827,228.6025413534768,229.66729736328125,7193400,0.0,0.0,0.82735
2026-05-29,230.09517449736785,230.36385365376995,223.4877626284344,224.22413635253903,13897700,0.0,0.0,0.0
2026-06-01,222.10459450044488,223.3385143974124,219.7561761055088,222.4130706787109,8041000,0.0,0.0,0.44035
2026-06-02,221.48763589098957,224.39330345287863,220.08455216761317,221.79611206054688,5669000,0.0,0.0,0.6718999999999999
2026-06-03,221.35827776443836,223.82610240207563,220.9104892689172,222.1444091796875,6507200,0.0,0.0,0.295575
2026-06-04,225.97549994238423,227.5477475509985,224.79133771170052,227.0502014160156,7274800,0.0,0.0,0.0
2026-06-05,228.87122983792327,234.0656128776528,227.87613753428016,231.6276397705078,8034900,0.0,0.0,0.0
2026-06-08,231.62763678757383,233.7969306933057,229.42847614392605,231.0206298828125,7559800,0.0,0.0,0.0
2026-06-09,231.23954685180908,236.5433904796373,229.2792138627353,235.8368682861328,8354500,0.0,0.0,0.0
2026-06-10,237.67779864975017,239.7475772433621,235.886629497679,237.31956481933597,8350800,0.0,0.0,0.3993666666666666
2026-06-11,238.822141602048,240.41429528628944,236.971269397276,237.16033935546875,7399000,0.0,0.0,0.2578
2026-06-12,238.82214080935248,239.72767840405797,236.35431627248195,239.6878662109375,6459400,0.0,0.0,0.2584833333333333
2026-06-15,237.8270530309927,238.3245991670408,232.43365473829965,234.50344848632807,7732000,0.0,0.0,0.0
2026-06-16,235.20994955683125,235.20994955683125,229.88621514589732,234.0257873535156,7718100,0.0,0.0,0.4203
2026-06-17,232.88144953454835,234.27457267967245,229.5677903566066,233.0506134033203,8548000,0.0,0.0,0.0
2026-06-18,230.64248139608736,231.6077220970904,226.4830030630252,227.2691192626953,18989800,0.0,0.0,0.0386
2026-06-22,227.8263796240252,230.31411038031268,226.3834988221592,230.15489196777344,8518300,0.0,0.0,0.4531
2026-06-23,234.4835421454308,238.6231296371808,233.1998797966796,237.9066619873047,11802000,0.0,0.0,0.2202
2026-06-24,238.71267722908183,241.84721171654783,237.5782726810186,239.81723022460935,8139200,0.0,0.0,0.0
2026-06-25,240.0859235854152,246.9719604825856,239.70778365238823,243.6782073974609,10130400,0.0,0.0,0.0
2026-06-26,247.05156300573915,253.85799051268404,246.6535169859773,253.4102020263672,16316800,0.0,0.0,0.43656
2026-06-29,251.94740453022743,257.3109358669097,250.7930938975173,257.2413024902344,8608400,0.0,0.0,0.0
2026-06-30,257.7288999793201,258.62447695588,251.92751017702224,252.7235870361328,8469500,0.0,0.0,0.0
2026-07-01,252.0071226458085,252.95245728529045,249.8477741968348,252.7335357666016,6516500,0.0,0.0,0.0
2026-07-02,254.52470472933533,261.8087875806335,252.753441667793,261.74908447265625,7998700,0.0,0.0,0.0
2026-07-06,258.9528582650781,260.0972082397536,254.67394351620695,258.0572509765625,6803700,0.0,0.0,0.64115
2026-07-07,263.5899938466549,268.1076906797339,262.7540896546532,265.9284362792969,9089700,0.0,0.0,0.2935999999999999
2026-07-08,267.28179179450893,267.28179179450893,261.8386358221884,262.1072998046875,6769400,0.0,0.0,0.1145833333333333
2026-07-09,259.35088953644544,262.1570568783993,256.8631589924022,257.8283996582031,6426100,0.0,0.0,0.66945
2026-07-10,258.91306402533775,260.01760188497747,254.26598487714244,255.7188262939453,6534700,0.0,0.0,0.57605
2026-07-13,256.6840530111044,258.2562853735001,254.892868775476,256.5049133300781,5272200,0.0,0.0,0.5991500000000001
2026-07-14,254.2759347913044,255.1317299625397,250.9025724938729,252.60418701171875,8770600,0.0,0.0,0.0
2026-07-15,248.8626188136353,255.5695309055475,244.84245277781292,245.8076934814453,10547300,0.0,0.0,0.521975
2026-07-16,247.67845384783817,252.30564190006208,245.091223119708,248.7432098388672,11097600,0.0,0.0,0.5806499999999999
2026-07-17,251.35035299448896,254.40529355359888,250.7134945486414,251.7981414794922,10167700,0.0,0.0,0.0
2026-07-20,250.7731932271148,252.93254159418385,247.4097917368304,247.59886169433597,8114700,0.0,0.0,0.5261
2026-07-21,246.2355858738711,250.10649430212797,244.28521347459443,249.3800811767578,7793100,0.0,0.0,0.1647875
2026-07-22,251.51951735745217,255.0322070489389,249.9771364820368,254.3754425048828,9100200,0.0,0.0,0.6766000000000001
2026-07-23,253.98735319581928,258.9230174724852,253.17137025663587,257.99755859375,8063300,0.0,0.0,0.6269250000000001
2026-07-24,260.1469668034144,262.41577598127003,258.33589157019617,262.1072998046875,6351800,0.0,0.0,0.1915499999999999
2026-07-27,261.26146783773044,267.48079463226605,260.0673753138636,264.6448059082031,9647900,0.0,0.0,0.44425
2026-07-28,268.67490010822394,273.55084592551594,264.87364052953075,265.42095947265625,10491000,0.0,0.0,0.2594333333333333
2026-07-29,267.1822622796963,268.0181361041443,263.49047862976664,264.2268371582031,6105600,0.0,0.0,0.0201
2026-07-30,257.7587518734896,259.2414296518399,253.31068817063203,254.56451416015625,8216500,0.0,0.0,0.69475
2026-07-31,254.75357596655476,257.2114550322676,252.04690865509696,255.09190368652344,6782100,0.0,0.0,0.7074
2026-08-03,253.71867195954576,256.4850271972422,249.67859985775465,253.1614227294922,8136300,0.0,0.0,-0.20795
2026-08-04,253.1614264806184,254.2659795008061,249.21090897857135,253.67886352539065,7362400,0.0,0.0,0.0
2026-08-05,253.9972934738065,258.04732616634374,253.2211227437212,256.3258056640625,6472600,0.0,0.0,0.5471
2026-08-06,260.42559336590404,260.8236242062839,254.02715726257253,255.7188262939453,6931800,0.0,0.0,0.37895
2026-08-07,254.63416238175623,258.32596141364326,253.8679370762885,257.9677124023437,6532100,0.0,0.0,0.0
2026-08-10,257.78861210678537,260.71418593564044,257.28110530959395,260.5251159667969,8985100,0.0,0.0,0.0
2026-08-11,259.9479684253454,262.85362089025904,257.09202805973007,258.52496337890625,5945900,0.0,0.0,-0.14245
2026-08-12,254.7436088096904,260.1270613743755,254.00723509927005,259.5797424316406,4629300,0.0,0.0,0.0
2026-08-13,260.44550421552646,261.3311205223152,258.37569533996134,260.79376220703125,4852700,0.0,0.0,0.4559
2026-08-14,259.37078114396394,260.42557646804266,257.8881034534354,259.072265625,4998100,0.0,0.0,0.6073500000000001
2026-08-17,257.5995438259766,262.98299691726805,256.7437790079673,261.0823669433594,5515500,0.0,0.0,0.0
2026-08-18,266.3563600087168,270.3964321763198,265.02290964957547,269.7794494628906,7838200,0.0,0.0,0.0
2026-08-19,271.6601848020655,275.1131561312948,269.2321572777068,272.06817626953125,7728500,0.0,0.0,0.7393000000000001
2026-08-20,272.05823633214175,272.05823633214175,266.0578308105469,266.0578308105469,6475900,0.0,0.0,0.0
2026-08-21,266.51555077860934,271.32186347512464,265.68963755179993,268.9137268066406,6186800,0.0,0.0,0.0
2026-08-24,268.4161893708204,272.635401405727,267.2519483767422,271.70001220703125,5436100,0.0,0.0,0.0
2026-08-25,271.0,273.79998779296875,270.17999267578125,273.1400146484375,4687000,1.34,0.0,0.43645
2026-08-26,271.9700012207031,272.9100036621094,269.54998779296875,270.0,7214100,0.0,0.0,0.575
2026-08-27,268.45001220703125,268.45001220703125,263.8299865722656,265.7699890136719,7306200,0.0,0.0,0.7761
2026-08-31,267.1300048828125,267.7699890136719,265.1700134277344,265.8500061035156,7900100,0.0,0.0,0.476
2026-09-01,270.8299865722656,271.9100036621094,267.0199890136719,271.19000244140625,6033600,0.0,0.0,0.580925
2026-09-02,274.739990234375,281.07000732421875,273.5299987792969,275.2099914550781,7910600,0.0,0.0,0.15995
2026-09-03,277.32000732421875,278.70001220703125,273.1549987792969,277.760009765625,2333835,0.0,0.0,0.0
2026-09-04,275.1300048828125,277.79998779296875,274.75,275.2300109863281,4320100,0.0,0.0,0.7242
