Date,Open,High,Low,Close,Volume,Dividends,Stock Splits,sent
2021-09-07,372.60788240331436,379.62623605306027,369.90163679477064,378.85302734375,10793800,0.0,0.0,0.0
2021-09-08,376.8506838787292,377.554494807856,371.5274349497435,374.2832336425781,11067200,0.0,0.0,0.0
2021-09-09,374.35265150125184,376.5235596799351,373.2919586101133,374.7095031738281,9098900,0.0,0.0,0.0
2021-09-10,378.0401728089301,380.4490421796912,374.9671831109393,375.3934326171875,11549600,0.0,0.0,0.0
2021-09-13,378.3573682100579,378.42676610215375,371.091191093844,373.2323913574219,13026300,0.0,0.0,0.0
2021-09-14,374.1147105903398,375.2943540089102,371.8446366690672,373.2522888183594,8711600,0.0,0.0,0.0
2021-09-15,373.7181835773616,374.27330631053246,364.4694153158542,370.6650085449219,17940300,0.0,0.0,0.0
2021-09-16,369.54480025714764,370.30808636926264,366.49159530485406,369.81243896484375,11934200,0.0,0.0,0.0
2021-09-17,368.1769018696883,368.1769018696883,358.442377119898,361.5451354980469,26299000,0.0,0.0,0.0
2021-09-20,356.1722137811243,357.88716469623876,346.7549130689674,352.60357666015625,19822800,0.0,0.0,0.0
2021-09-21,355.3792435144386,356.90584622489916,352.09805961371984,354.3681335449219,11751900,0.0,0.0,0.0
2021-09-22,344.2072837407498,346.7945484933344,337.7242076653426,340.2222595214844,43692900,0.0,0.0,0.0
2021-09-23,342.3535812862905,346.6260900015658,340.0141399174007,342.9483642578125,21806300,0.0,0.0,0.0
2021-09-24,340.2520038562021,351.26530437450145,339.3895822550185,349.88739013671875,18801900,0.0,0.0,0.0
2021-09-27,346.76487371815995,352.05838496337213,344.05862769451767,350.5020446777344,15205800,0.0,0.0,0.0
2021-09-28,344.9408867412506,346.55670226470806,335.96968001839247,337.6846008300781,21710300,0.0,0.0,0.0
2021-09-29,340.1628485218163,342.2247589133075,335.93003006958673,336.6536560058594,14452200,0.0,0.0,0.0
2021-09-30,337.48631691218293,339.8158354226693,335.20632078756825,336.435546875,16547100,0.0,0.0,0.0
2021-10-01,338.63621089401767,342.0165298799602,335.69209430346353,340.0240478515625,14905300,0.0,0.0,0.0
2021-10-04,332.6091983075989,333.01563287337103,319.8908972208889,323.3901672363281,42885000,0.0,0.0,0.0
2021-10-05,325.7196471719252,332.26219920558924,323.3207305857964,330.0615234375,35377900,0.0,0.0,0.0
2021-10-06,326.86958228902955,331.46920530979725,322.96387782374825,330.73565673828125,26443000,0.0,0.0,0.0
2021-10-07,334.06639950885625,335.890378594045,326.11622486820954,326.3541259765625,28307500,0.0,0.0,0.0
2021-10-08,328.6241616109095,330.4976931247865,325.84851791179705,327.1768493652344,15946100,0.0,0.0,0.0
2021-10-11,324.77795902146374,327.58331033025894,322.4781475498492,322.616943359375,14708200,0.0,0.0,0.0
2021-10-12,320.21798954237187,321.5562437044352,314.60725679206337,320.9515380859375,31658700,0.0,0.0,0.0
2021-10-13,324.1236830099349,324.15342064578897,319.8512045646959,321.71484375,14761500,0.0,0.0,0.0
2021-10-14,325.50154103861985,327.64274140416654,324.252530180988,325.6700744628906,14302200,0.0,0.0,0.0
2021-10-15,325.8188120863073,326.20543163201086,319.70253927634974,321.9329528808594,21596400,0.0,0.0,0.0
2021-10-18,326.0864486097068,332.96603719606185,324.6490589958284,332.4208068847656,21585000,0.0,0.0,0.0
2021-10-19,336.6932978457845,339.4788340210917,334.34393383511576,337.03033447265625,18786300,0.0,0.0,0.0
2021-10-20,340.4602472700604,340.9856323597062,336.4950676495125,337.8134765625,13639500,0.0,0.0,0.0
2021-10-21,337.317852654751,339.3301802425629,334.8594302277221,338.9039306640625,16354400,0.0,0.0,0.0
2021-10-22,323.5090224716438,326.7604677878787,318.31461781562615,321.7841491699219,35224500,0.0,0.0,0.0
2021-10-25,317.51172656834376,326.6911265083267,316.9367888694215,325.8287048339844,38409000,0.0,0.0,0.0
2021-10-26,325.4024544129807,327.3354612031208,306.9048890368602,313.0608215332031,65654000,0.0,0.0,0.0
2021-10-27,311.45489652400113,316.47084548411294,309.34343388923537,309.5020446777344,29971800,0.0,0.0,0.0
2021-10-28,310.2653818889196,322.68630580861134,305.42785792385024,314.16119384765625,50806800,0.0,0.0,0.0
2021-10-29,317.4027143186417,323.1621352287927,316.81785396180146,320.7532958984375,37059400,0.0,0.0,0.0
2021-11-01,323.20180896504496,330.5473080610597,323.16214869712104,327.1075134277344,31518900,0.0,0.0,0.0
2021-11-02,328.4952901589308,331.875609206315,320.9812583023062,325.2239990234375,28353000,0.0,0.0,0.0
2021-11-03,324.63916248704476,329.2586004276397,320.3865290771259,328.73321533203125,20786500,0.0,0.0,0.0
2021-11-04,331.10235195126,334.3339520973096,329.7541754302046,332.92633056640625,22495300,0.0,0.0,0.0
2021-11-05,337.3475922815804,343.77119464377546,336.68344158594266,338.16046142578125,26872800,0.0,0.0,0.0
2021-11-08,341.4218002573743,341.78857452736924,335.39471036863415,335.6722717285156,18342500,0.0,0.0,0.0
2021-11-09,337.04026169208083,338.33885557432916,331.55840217522467,332.4505615234375,17556700,0.0,0.0,0.0
2021-11-10,329.59562832992003,330.2895468537602,322.67640935822544,324.7878723144531,21872600,0.0,0.0,0.0
2021-11-11,326.94887310974923,329.56587577012334,324.15341438577855,324.886962890625,12376600,0.0,0.0,0.0
2021-11-12,327.3057558051871,338.88407343601807,326.9092438798421,337.92254638671875,25414300,0.0,0.0,0.0
2021-11-15,341.34251378022515,350.5714677319461,340.21245322079113,344.53448486328125,25076600,0.0,0.0,0.0
2021-11-16,340.83690901944357,343.6323678721777,337.9026846129846,339.9744873046875,18181100,0.0,0.0,0.0
2021-11-17,341.2433529254867,344.2767129547134,337.1394076955589,337.8035583496094,13602800,0.0,0.0,0.0
2021-11-18,336.76273183814124,339.4788704029074,332.38119471540324,335.74169921875,17487200,0.0,0.0,0.0
2021-11-19,339.2211383258241,349.0349521165506,336.94114182774706,342.29412841796875,26488500,0.0,0.0,0.0
2021-11-22,346.01146236419726,350.74985063397304,337.5458259535409,338.0414733886719,27116800,0.0,0.0,0.0
2021-11-23,335.97954650603793,338.42804592460385,330.5968228871068,334.3141784667969,17225000,0.0,0.0,0.0
2021-11-24,333.07505413009153,338.8047368868956,329.91282128531026,338.09100341796875,13566200,0.0,0.0,0.0
2021-11-26,332.8768476557866,334.8098849993349,329.01080322061256,330.2201843261719,14750700,0.0,0.0,0.0
2021-11-29,333.95731151284855,337.70440455498925,332.3910488261399,335.0873718261719,16650900,0.0,0.0,0.0
2021-11-30,332.08375357003285,332.88669992716825,320.61446562657216,321.635498046875,25390000,0.0,0.0,0.0
2021-12-01,327.41480920775433,327.62297267144055,307.588910710239,307.8962097167969,30329600,0.0,0.0,0.0
2021-12-02,308.68917539543384,311.8613306581349,304.5257556465427,307.68798828125,24396200,0.0,0.0,0.0
2021-12-03,310.9989509816925,311.0187659884353,296.89281406704816,304.1689147949219,27471000,0.0,0.0,0.0
2021-12-06,305.4476730378926,317.31347306121404,303.6732468667955,315.1028747558594,21758300,0.0,0.0,0.0
2021-12-07,318.7706820353999,323.6974184932654,318.20563672841274,319.9998779296875,18794000,0.0,0.0,0.0
2021-12-08,322.17077694453087,329.8533108562851,320.25758543728875,327.682373046875,19937700,0.0,0.0,0.0
2021-12-09,326.6713217016124,333.2039513001033,325.1447191229976,326.9488830566406,16879200,0.0,0.0,0.0
2021-12-10,329.66502227155183,332.1135218307641,323.5289045553866,326.8794860839844,14528000,0.0,0.0,0.0
2021-12-13,328.06902424502766,338.1207377273347,326.72084759390367,331.57818603515625,22948700,0.0,0.0,0.0
2021-12-14,325.19427696326966,332.7777070826221,324.7977650571663,330.8347473144531,20461000,0.0,0.0,0.0
2021-12-15,329.59560422727736,339.1318555324003,321.1597059007008,338.685791015625,24681300,0.0,0.0,0.0
2021-12-16,336.0291497145093,341.46142630217054,330.8347439657992,331.9846496582031,22635000,0.0,0.0,0.0
2021-12-17,329.90293584106695,334.17541450753987,327.87079336466917,330.88433837890625,40012600,0.0,0.0,0.0
2021-12-20,326.90923704607127,327.02818759599614,319.722348886216,322.616943359375,17901800,0.0,0.0,0.0
2021-12-21,323.5686054604087,333.0751209060378,320.9317571230052,331.2908020019531,16116800,0.0,0.0,0.0
2021-12-22,330.89420831620754,331.5980494399973,325.40245663710306,327.5733947753906,16764600,0.0,0.0,0.0
2021-12-23,327.2264458403401,333.73926046044926,325.50157217835203,332.3216857910156,13987700,0.0,0.0,0.0
2021-12-27,335.90026495348917,344.841733582663,335.06758091224634,343.16644287109375,17795000,0.0,0.0,0.0
2021-12-28,343.61255025505903,349.6396098349676,342.19500583233264,343.20611572265625,16637600,0.0,0.0,0.0
2021-12-29,343.8901234286759,346.6459220889968,338.66601010462034,339.9546813964844,10747000,0.0,0.0,0.0
2021-12-30,341.0054225509634,344.2073157522339,340.2322137913024,341.3622741699219,10593300,0.0,0.0,0.0
2021-12-31,340.03394727133025,340.4503044176008,333.3427070591163,333.4220275878906,12870500,0.0,0.0,0.0
2022-01-03,335.355086206954,338.1108850952971,334.25476327850777,335.593017578125,14537900,0.0,0.0,0.0
2022-01-04,336.9907056585959,340.103355842502,328.9810261084693,333.6004638671875,15998000,0.0,0.0,0.0
2022-01-05,330.1210192265055,332.8371878445383,321.0209392355223,321.34808349609375,20564500,0.0,0.0,0.0
2022-01-06,320.00985016827264,336.2175290132258,319.9107146206738,329.56591796875,27962800,0.0,0.0,0.0
2022-01-07,329.8434453738167,334.0663712007667,326.01706169641426,328.9017333984375,14722000,0.0,0.0,0.0
2022-01-10,322.4781278394008,325.4817500490974,312.68412980194535,325.214111328125,24942400,0.0,0.0,0.0
2022-01-11,323.9353644660303,331.7170359199198,322.44842203223953,331.45928955078125,16226800,0.0,0.0,0.0
2022-01-12,332.2622170190989,333.44186036917864,327.15705433912973,330.35894775390625,14104900,0.0,0.0,0.0
2022-01-13,332.063945311924,332.7082808860371,322.9242059820677,323.637939453125,14797100,0.0,0.0,0.0
2022-01-14,318.98882533095343,329.8335950106645,318.41385729202096,329.01080322265625,16868500,0.0,0.0,0.0
2022-01-18,320.4757328930127,321.38770724912837,314.8749228247817,315.3804626464844,22645600,0.0,0.0,0.0
2022-01-19,316.7979692173923,324.25252524740955,316.5501455249458,316.8078918457031,20814700,0.0,0.0,0.0
2022-01-20,321.080391235349,324.966280302167,313.22935307761765,313.8042907714844,16925000,0.0,0.0,0.0
2022-01-21,312.0695722161433,315.53910466818434,300.4020411181144,300.5309143066406,28710700,0.0,0.0,0.0
2022-01-24,295.24727318173785,306.8355131318804,286.4941524130444,306.02264404296875,38878100,0.0,0.0,0.0
2022-01-25,297.3388990759173,303.56422945511866,294.98950489574133,297.5371398925781,25108500,0.0,0.0,0.0
2022-01-26,304.3374197499325,304.8330671393812,288.3180924927191,292.065185546875,28348800,0.0,0.0,0.0
2022-01-27,295.15804679430795,299.08356599902004,291.69843738739166,292.07513427734375,21629900,0.0,0.0,0.0
2022-01-28,293.0465751951822,299.27190556829635,290.4791251947652,299.08355712890625,21871600,0.0,0.0,0.0
2022-01-31,298.0625437346582,311.0584356248489,296.7143971894849,310.5330505371094,21579500,0.0,0.0,0.0
2022-02-01,311.82167138960386,316.8772806203968,309.40290980078396,316.2230224609375,18023800,0.0,0.0,0.0
2022-02-02,324.96631177071333,325.1447375979586,314.11162016781816,320.1882629394531,58458300,0.0,0.0,0.0
2022-02-03,242.52028286095725,245.84112671168018,233.6977646059621,235.6902618408203,188119900,0.0,0.0,0.0
2022-02-04,232.92456740840566,240.49805995464288,228.1068735160375,235.02610778808594,89342200,0.0,0.0,0.0
2022-02-07,235.63080405625365,236.22558707024265,222.05997391651653,222.9521484375,88613800,0.0,0.0,0.0
2022-02-08,218.92748656351395,223.8046556975706,214.26838839341522,218.2633056640625,94729700,0.0,0.0,0.0
2022-02-09,222.24831952087897,231.33849218278192,220.27565229753864,229.9804229736328,86563300,0.0,0.0,0.0
2022-02-10,226.28288119030293,232.9542913411008,224.72654100471263,226.08462524414062,49310400,0.0,0.0,0.0
2022-02-11,226.471234956997,228.41416445140362,216.86558514893198,217.6387939453125,46156900,0.0,0.0,0.0
2022-02-14,217.4008711781249,219.0761618951234,212.9103067167767,215.8048858642578,38184000,0.0,0.0,0.0
2022-02-15,218.55077156833923,219.22484478977512,213.18786292773044,219.07615661621094,42685500,0.0,0.0,0.0
2022-02-16,210.56094601163443,215.56698810761435,210.51137824316746,214.6549835205078,45817500,0.0,0.0,0.0
2022-02-17,212.15693913832794,215.60664116164554,205.35665550630617,205.90187072753906,38747500,0.0,0.0,0.0
2022-02-18,207.56725017584947,208.9154119206845,203.3938917567918,204.36537170410156,37128400,0.0,0.0,0.0
2022-02-22,200.57860830625324,205.67386353473034,198.31845712325313,200.3208770751953,39852400,0.0,0.0,0.0
2022-02-23,202.38277377288952,205.13857243054682,196.32596122833482,196.72247314453125,44481400,0.0,0.0,0.0
2022-02-24,189.3967909321892,206.53628729690607,188.56410689144704,205.79281616210938,49957200,0.0,0.0,0.0
2022-02-25,203.15595393014488,209.48041944495978,201.41126544277088,208.64772033691406,37627600,0.0,0.0,0.0
2022-02-28,205.87213368004936,211.2945184174018,205.02954202469644,209.19297790527344,34239800,0.0,0.0,0.0
2022-03-01,208.0430640988383,209.90670342528273,200.45966386254756,201.71861267089844,27094900,0.0,0.0,0.0
2022-03-02,202.99738674861155,207.32934101260844,200.26141802281788,206.29840087890625,29452100,0.0,0.0,0.0
2022-03-03,207.20046210869705,207.25993738193364,199.66661489556296,201.203125,27263500,0.0,0.0,0.0
2022-03-04,200.60833967639832,204.09770188319834,197.05950219705525,198.31845092773438,32130900,0.0,0.0,0.0
2022-03-07,199.0420824988162,199.1412180323185,185.6496947748115,185.83804321289062,38560600,0.0,0.0,0.0
2022-03-08,186.2147523045471,194.9877030604823,184.48989373978588,188.6334991455078,37508100,0.0,0.0,0.0
2022-03-09,194.03606526779308,197.36681666982452,192.23190132562794,196.77203369140625,31894700,0.0,0.0,0.0
2022-03-10,193.1438917592487,194.57135881377323,189.40672093356542,193.51068115234375,24853000,0.0,0.0,0.0
2022-03-11,190.96306497278132,191.8750545422777,185.04503271256127,185.9768524169922,34694500,0.0,0.0,0.0
2022-03-14,185.40188300136523,190.61608870370827,184.20242464895531,185.00537109375,31010500,0.0,0.0,0.0
2022-03-15,189.1390642063968,190.60617637861344,184.29163289751435,190.3583526611328,31721700,0.0,0.0,0.0
2022-03-16,193.0051051808488,201.95649650852528,192.8266793674669,201.8573760986328,40640300,0.0,0.0,0.0
2022-03-17,199.94416622902315,206.22897188521705,199.3593059035766,206.0307159423828,29499700,0.0,0.0,0.0
2022-03-18,204.90066726479952,214.9127525117437,204.2067638110222,214.60545349121094,52128000,0.0,0.0,0.0
2022-03-21,212.63274839506389,212.8409269719916,205.82255751754292,209.64895629882812,30142300,0.0,0.0,0.0
2022-03-22,209.52998723836356,217.5495740565906,208.3503439487697,214.76402282714844,31998800,0.0,0.0,0.0
2022-03-23,211.47293346902381,214.91272782980164,210.3131203024904,211.601806640625,23717300,0.0,0.0,0.0
2022-03-24,213.12840537772053,218.74904569512475,212.9202267914641,217.65863037109375,31502300,0.0,0.0,0.0
2022-03-25,218.59042908411953,223.53699599289988,216.98453621485453,219.8890380859375,40039000,0.0,0.0,0.0
2022-03-28,220.19633368710993,222.08969538769563,217.6288684853834,221.64361572265625,26224100,0.0,0.0,0.0
2022-03-29,224.1020384066852,228.8800718121414,223.3288144925983,227.85903930664062,31417900,0.0,0.0,0.0
2022-03-30,226.9172861340614,229.13777670598705,224.73644069693836,225.86651611328125,25588000,0.0,0.0,0.0
2022-03-31,226.46129821957717,226.50095848284667,220.3251808740348,220.42431640625,24192300,0.0,0.0,0.0
2022-04-01,222.59526293695754,225.30149365853208,220.7613614029989,222.8926544189453,19544800,0.0,0.0,0.0
2022-04-04,224.01281202415882,232.3099604286333,223.89386147924975,231.8539581298828,28054800,0.0,0.0,0.0
2022-04-05,232.0422984945777,234.7980969460223,229.00893869737314,229.82179260253906,29727200,0.0,0.0,0.0
2022-04-06,224.9347151034795,226.99661017964237,219.4825934997473,221.35614013671875,28995100,0.0,0.0,0.0
2022-04-07,221.98063519171617,223.55680540444948,216.6573870066658,221.00917053222656,21037200,0.0,0.0,0.0
2022-04-08,220.44417531652394,223.17023642278167,218.11462613897402,220.3946075439453,18375700,0.0,0.0,0.0
2022-04-11,216.51862836918798,218.6895666015548,213.34648774183083,214.57569885253906,20516600,0.0,0.0,0.0
2022-04-12,218.3227835510992,220.09719467995484,211.27467655152802,212.27587890625,20128800,0.0,0.0,0.0
2022-04-13,209.97609668254103,214.72439268188097,209.49035672762682,213.11849975585938,19231800,0.0,0.0,0.0
2022-04-14,213.01936274015176,213.1184982815987,208.1719312322115,208.35035705566406,18379500,0.0,0.0,0.0
2022-04-18,208.17190994324702,211.52249123883075,206.48671179270767,208.93521118164062,16580800,0.0,0.0,0.0
2022-04-19,208.68740356630022,216.52853461621248,207.1806311048147,215.4182891845703,20089900,0.0,0.0,0.0
2022-04-20,211.7505057324773,212.29572095663042,197.18838112552498,198.67532348632812,43036500,0.0,0.0,0.0
2022-04-21,199.8450653573932,201.20313458082896,183.96451623076376,186.43284606933594,49954100,0.0,0.0,0.0
2022-04-22,188.71280973536275,191.04235885583572,181.67462485450002,182.50730895996094,36426800,0.0,0.0,0.0
2022-04-25,181.13931758710004,185.55057698247137,180.0786398818122,185.36224365234375,29281100,0.0,0.0,0.0
2022-04-26,185.00538003576446,185.56050278364089,177.93744225250256,179.37481689453125,31747400,0.0,0.0,0.0
2022-04-27,172.91155490901065,179.6325479655742,167.52883108777505,173.42703247070312,71062900,0.0,0.0,0.0
2022-04-28,201.15356583343285,206.71473100829363,191.22078637719784,203.93910217285156,100890600,0.0,0.0,0.0
2022-04-29,202.68014045202173,210.63031381765938,198.15982348077375,198.72486877441406,49193400,0.0,0.0,0.0
2022-05-02,199.418809587904,210.03558549384303,199.24038375171799,209.2921142578125,49915300,0.0,0.0,0.0
2022-05-03,208.6180173147746,213.0292767771703,206.2785606489031,210.18426513671875,41556300,0.0,0.0,0.0
2022-05-04,208.81626224243902,222.34744654800306,205.15839680914934,221.46519470214844,41375900,0.0,0.0,0.0
2022-05-05,216.83585515286595,218.2533996208579,204.36536330702657,206.46690368652344,41129200,0.0,0.0,0.0
2022-05-06,205.53506951603146,207.55731947021067,199.27009396161898,201.99615478515625,34747200,0.0,0.0,0.0
2022-05-09,198.10035838901905,200.80660420921586,193.8774477905192,194.50196838378906,36303200,0.0,0.0,0.0
2022-05-10,197.77323719295447,201.19321664925386,192.49955626673494,195.92942810058594,34452500,0.0,0.0,0.0
2022-05-11,194.62094046425895,198.9231569416904,186.63110554161176,187.09701538085938,31153400,0.0,0.0,0.0
2022-05-12,185.4316205639354,196.3259569009474,183.17146941432156,189.5752410888672,38262200,0.0,0.0,0.0
2022-05-13,190.90359137350006,198.14995534482927,189.61490485871443,196.89100646972656,24549800,0.0,0.0,0.0
2022-05-16,195.33465259058252,203.58221785060556,194.2243920764948,198.29861450195312,27112600,0.0,0.0,0.0
2022-05-17,200.360492754977,203.67142876073973,196.63322988962383,200.85614013671875,24872700,0.0,0.0,0.0
2022-05-18,198.25898682246762,199.25028175657994,189.96185306425463,190.56654357910156,23960000,0.0,0.0,0.0
2022-05-19,189.53557347013006,193.58996580154144,187.9495107758702,189.62478637695312,24446900,0.0,0.0,0.0
2022-05-20,193.2727689309171,196.1871783731729,186.23456905164684,191.85520935058594,31465600,0.0,0.0,0.0
2022-05-23,193.49083435582054,195.27516802030826,189.57522292255692,194.5217742919922,25059200,0.0,0.0,0.0
2022-05-24,178.97826339191744,182.08100555682256,174.57691244765323,179.701904296875,50406300,0.0,0.0,0.0
2022-05-25,178.82958708537754,183.8356291645361,177.75900194507628,182.229736328125,28030200,0.0,0.0,0.0
2022-05-26,181.2880223555462,191.15140392285537,180.67340921086296,189.96185302734375,23056500,0.0,0.0,0.0
2022-05-27,189.69418020410123,193.62962190857738,188.14776268187097,193.43136596679688,22562700,0.0,0.0,0.0
2022-05-31,193.19346434021034,195.87988020083372,190.33853016005855,191.954345703125,26131100,0.0,0.0,0.0
2022-06-01,194.79934956020318,197.79306430443702,183.38955104588305,186.99786376953125,36623500,0.0,0.0,0.0
2022-06-02,186.80950815490593,199.19078605787604,186.09577466544653,197.12889099121094,31951600,0.0,0.0,0.0
2022-06-03,194.2739780991515,194.89849875163702,188.12795249655804,189.11924743652344,19465000,0.0,0.0,0.0
2022-06-06,192.30132026201116,195.20580731781783,186.7599697806363,192.55905151367188,30574200,0.0,0.0,0.0
2022-06-07,190.2592201932253,194.81918271881858,189.8230631492287,193.94683837890625,18828700,0.0,0.0,0.0
2022-06-08,192.97538565794966,200.27131707822286,192.71765441688768,194.92823791503906,22267200,0.0,0.0,0.0
2022-06-09,192.58874824259723,197.71374042928548,182.08101754635067,182.3982391357422,23501600,0.0,0.0,0.0
2022-06-10,181.44663154416335,181.50612195042973,173.49645647353194,174.0416717529297,27450800,0.0,0.0,0.0
2022-06-13,169.10500770703328,171.07769017073412,162.6021150315047,162.83010864257812,31749300,0.0,0.0,0.0
2022-06-14,164.58468395588787,165.29841746325724,159.9553387871744,162.30470275878906,27244300,0.0,0.0,0.0
2022-06-15,165.74448533100573,170.6613141290513,162.55251490737075,167.8757781982422,30008300,0.0,0.0,0.0
2022-06-16,162.29480098577153,163.6429626444072,158.2205783731708,159.4696044921875,26944100,0.0,0.0,0.0
2022-06-17,160.2725559821109,164.45582176964723,158.5080522282356,162.31463623046875,31374200,0.0,0.0,0.0
2022-06-21,164.48556555136005,166.29963714436744,154.61227621435427,155.68287658691406,50724900,0.0,0.0,0.0
2022-06-22,157.00127603788218,159.390285021925,154.086866891369,154.49330139160156,47267800,0.0,0.0,0.0
2022-06-23,154.90966528157492,158.35936745470903,152.90724525752032,157.36807250976562,40499200,0.0,0.0,0.0
2022-06-24,160.32211769945533,168.76795436460003,159.8958681588776,168.67874145507812,68736000,0.0,0.0,0.0
2022-06-27,169.82862813839694,170.25487763124974,166.54742972686054,168.01455688476562,29174600,0.0,0.0,0.0
2022-06-28,168.42098977082756,169.8088116430463,159.21186722566654,159.28125,27744500,0.0,0.0,0.0
2022-06-29,162.1461041676376,164.88207247948387,158.92439593906067,162.51287841796875,28595200,0.0,0.0,0.0
2022-06-30,160.7384422088374,163.7916319403162,157.11031481693823,159.84628295898438,35250600,0.0,0.0,0.0
2022-07-01,158.91444789729425,159.22174682826346,153.65067556112734,158.6368865966797,31423900,0.0,0.0,0.0
2022-07-05,156.76337437522923,166.7853663869358,155.65312893111812,166.72589111328125,28618600,0.0,0.0,0.0
2022-07-06,166.7357893546175,170.09627826306044,164.01965116887757,168.29212951660156,23085900,0.0,0.0,0.0
2022-07-07,167.97491709634667,171.21645564142614,166.31945643519762,170.69107055664062,24083400,0.0,0.0,0.0
2022-07-08,168.50029685970665,170.89922861706972,166.686225442263,169.39247131347656,19249200,0.0,0.0,0.0
2022-07-11,165.61562467931125,166.0319666680864,160.50054002986025,161.46209716796875,21885600,0.0,0.0,0.0
2022-07-12,163.36538896731187,164.46572681989724,160.6888959849567,161.8487091064453,16639700,0.0,0.0,0.0
2022-07-13,158.76577431384956,163.5438072493945,158.22055916405765,162.06678771972656,16555100,0.0,0.0,0.0
2022-07-14,159.81656687331278,161.17463606202577,155.91086250108654,156.67416381835938,23765200,0.0,0.0,0.0
2022-07-15,159.14247548359506,163.54382722913314,158.42875707644262,163.26626586914062,23342800,0.0,0.0,0.0
2022-07-18,165.29841367168555,170.19541257482624,164.198075800227,165.77423095703125,23574300,0.0,0.0,0.0
2022-07-19,168.88692262653726,174.95365825172885,168.0344083299951,174.2498321533203,25933700,0.0,0.0,0.0
2022-07-20,175.9449279721321,182.00174009691054,175.16179657187416,181.4961700439453,24784300,0.0,0.0,0.0
2022-07-21,179.05758778878263,182.24955831234044,177.31289922875095,181.57546997070312,27195800,0.0,0.0,0.0
2022-07-22,171.563432812095,174.07140795058012,166.94399448451284,167.7965087890625,42583900,0.0,0.0,0.0
2022-07-25,167.52885966802955,169.0852001218569,163.37533108214168,165.19931030273438,26166300,0.0,0.0,0.0
2022-07-26,164.49547276575285,164.55494803766118,156.57502132751043,157.7645721435547,28468400,0.0,0.0,0.0
2022-07-27,161.17461888480676,169.38253866879188,160.60958871085882,168.10377502441406,43846600,0.0,0.0,0.0
2022-07-28,159.657974789641,160.10405452704896,153.50204113629513,159.32093811035156,73214300,0.0,0.0,0.0
2022-07-29,156.3172822730475,158.74595155199424,153.8192150963796,157.7150115966797,42065400,0.0,0.0,0.0
2022-08-01,155.88113278266974,163.75201720151597,153.8787127240558,158.5377960205078,40596700,0.0,0.0,0.0
2022-08-02,156.9318929768912,160.8276897938803,156.63450148211984,158.7955322265625,27374500,0.0,0.0,0.0
2022-08-03,161.27378394485208,168.06414553400086,160.16353839910235,167.33059692382812,31721900,0.0,0.0,0.0
2022-08-04,166.83493095275554,170.65140715656858,165.34798863611059,169.08517456054688,23938200,0.0,0.0,0.0
2022-08-05,165.53633815049744,170.1161156749895,164.3566948181987,165.65528869628906,25832700,0.0,0.0,0.0
2022-08-08,166.53754603180064,175.96475524575519,165.67512429444318,168.76795959472656,27299100,0.0,0.0,0.0
2022-08-09,167.4792845832006,168.05423748924738,165.14975044552054,167.0629425048828,18655100,0.0,0.0,0.0
2022-08-10,174.4579875213586,178.90889175358808,172.43573754030913,176.7875213623047,30262100,0.0,0.0,0.0
2022-08-11,178.14560684060112,181.50609582783787,174.8346704958459,175.94493103027344,24079100,0.0,0.0,0.0
2022-08-12,179.23602518954743,179.8803759384062,177.35257096418084,178.92872619628906,21274000,0.0,0.0,0.0
2022-08-15,177.4021310965874,179.86053806278343,176.64873733810558,179.31532287597656,15878700,0.0,0.0,0.0
2022-08-16,177.87794669135258,179.41445670283701,175.49883002409837,177.90768432617188,21156700,0.0,0.0,0.0
2022-08-17,175.2212730535076,176.5892647931606,172.65382301032733,173.32791137695312,20118100,0.0,0.0,0.0
2022-08-18,172.82236574358237,174.23000282092323,170.3639583920266,173.13958740234375,18844500,0.0,0.0,0.0
2022-08-19,168.718400594473,170.81995621310926,165.59582749443462,166.49790954589844,26240800,0.0,0.0,0.0
2022-08-22,164.0493923798729,164.0493923798729,160.84749908058643,161.63063049316406,19499700,0.0,0.0,0.0
2022-08-23,161.06557329488396,163.6132081664498,159.30106977820242,159.70750427246094,18111800,0.0,0.0,0.0
2022-08-24,159.20197311267086,164.01966711697898,158.3791964989149,161.83880615234375,20891500,0.0,0.0,0.0
2022-08-25,163.74209262665752,167.409896043459,162.59220198006366,167.31076049804688,15550500,0.0,0.0,0.0
2022-08-26,167.01334580369445,169.43210756676726,160.2626305495521,160.37167358398438,24023600,0.0,0.0,0.0
2022-08-29,159.26145882808834,161.63065328045607,157.62581299739847,157.784423828125,20052700,0.0,0.0,0.0
2022-08-30,158.95414916201582,160.25274310903546,154.5527972225878,155.7919158935547,19567900,0.0,0.0,0.0
2022-08-31,165.61566408238514,166.37895034709413,160.7285718323034,161.51168823242188,40953000,0.0,0.0,0.0
2022-09-01,162.15601334520824,165.9031066673711,158.95413521562654,163.92051696777344,30145700,0.0,0.0,0.0
2022-09-02,165.99231447657763,166.46813175460187,157.8339623485163,158.9243927001953,22634200,0.0,0.0,0.0
2022-09-06,158.70631429044778,160.2824694990789,156.31729003024532,157.15988159179688,19339800,0.0,0.0,0.0
2022-09-07,156.3866642161884,159.55881971779763,155.44493716925498,158.9937744140625,16831200,0.0,0.0,0.0
2022-09-08,157.32840249210523,160.81774925591185,156.36684533746566,160.64923095703125,22530800,0.0,0.0,0.0
2022-09-09,161.82888708531772,168.06412514515839,161.60089350110928,167.67752075195312,22086800,0.0,0.0,0.0
2022-09-12,165.93287160540785,169.8980516570345,165.82382854894965,167.4892120361328,23220400,0.0,0.0,0.0
2022-09-13,160.13377591386535,160.22300395305948,151.3409947482943,151.7969970703125,44444100,0.0,0.0,0.0
2022-09-14,151.995252646758,152.20341611044483,147.75251157835422,150.1514434814453,43064200,0.0,0.0,0.0
2022-09-15,148.49597740879247,152.85766887034347,147.4055469804249,148.24815368652344,34606300,0.0,0.0,0.0
2022-09-16,146.76122942760276,147.28661457344126,143.0339505050214,145.01654052734375,40122800,0.0,0.0,0.0
2022-09-19,143.97569218103433,147.28661387232108,143.83691148517087,146.7314910888672,22169500,0.0,0.0,0.0
2022-09-20,144.51098405086626,147.54434433409074,143.9558612704018,144.8182830810547,23217400,0.0,0.0,0.0
2022-09-21,145.1156455422139,148.297708513864,140.76386196399903,140.8828125,38338600,0.0,0.0,0.0
2022-09-22,140.3177726437709,143.32139447816127,139.64368435905283,141.57672119140625,34418500,0.0,0.0,0.0
2022-09-23,140.1889006084037,141.37845127369607,137.68092612104357,139.1876983642578,31710700,0.0,0.0,0.0
2022-09-26,138.90024802794656,141.00180367529504,135.00446600941672,135.18289184570312,30497000,0.0,0.0,0.0
2022-09-27,136.71940412750206,138.20634662252763,132.9524801149117,133.23004150390625,30826500,0.0,0.0,0.0
2022-09-28,133.44808764513087,140.79358500078826,133.10114357577916,140.3772430419922,32658500,0.0,0.0,0.0
2022-09-29,138.14688214086394,138.6226995411943,134.02309100210084,135.22256469726562,38985400,0.0,0.0,0.0
2022-09-30,134.86566021029577,139.76265892956278,134.32044504653885,134.49887084960938,33166400,0.0,0.0,0.0
2022-10-03,135.9461615943145,138.4045683423802,134.91522170833778,137.4033660888672,27723100,0.0,0.0,0.0
2022-10-04,139.26701646086826,141.15047059220228,138.12701832793766,139.058837890625,34670700,0.0,0.0,0.0
2022-10-05,137.03662351437458,138.98947583553354,133.60673622730505,137.77017211914062,27979300,0.0,0.0,0.0
2022-10-06,136.5211511918853,140.2186773765416,135.41090561119663,137.85940551757812,36231100,0.0,0.0,0.0
2022-10-07,135.56949885152673,137.0861789925336,131.2871123139666,132.28831481933594,33214800,0.0,0.0,0.0
2022-10-10,132.387404139303,134.92511603477806,130.72202125417493,132.62530517578125,24024000,0.0,0.0,0.0
2022-10-11,130.4742179650908,131.50517303734162,125.88452572051676,127.42102813720703,38481400,0.0,0.0,0.0
2022-10-12,127.20296764266038,128.5412066696093,125.15097995832855,126.39009857177734,34605200,0.0,0.0,0.0
2022-10-13,122.4546448648166,129.99839886279543,121.46335006942364,129.15579223632812,34325700,0.0,0.0,0.0
2022-10-14,129.85962016618188,130.642736410999,125.4186160877497,125.65653228759766,23559400,0.0,0.0,0.0
2022-10-17,129.16575033193752,133.61665550479273,129.04678463817254,132.87318420410156,29612200,0.0,0.0,0.0
2022-10-18,135.89659941870124,136.6400705127759,130.25612963150132,131.64395141601562,25445000,0.0,0.0,0.0
2022-10-19,131.73315385736456,135.8073757344359,131.06898821450804,132.0701904296875,30691000,0.0,0.0,0.0
2022-10-20,131.7728319195805,135.57941606596407,130.1669389228935,130.38502502441406,26356300,0.0,0.0,0.0
2022-10-21,125.21044703283174,128.987277899163,124.3480253746499,128.87823486328125,46348600,0.0,0.0,0.0
2022-10-24,126.14225997579203,132.31802218177478,123.48558967928369,128.59075927734375,63563400,0.0,0.0,0.0
2022-10-25,129.740668266427,137.1456416326247,129.45318430388568,136.3129425048828,38433200,0.0,0.0,0.0
2022-10-26,130.53368940019047,134.3700104853309,127.41111689285002,128.6898956298828,82791500,0.0,0.0,0.0
2022-10-27,97.12708556812662,101.60773555462907,95.54100754810898,97.08743286132812,232316600,0.0,0.0,0.0
2022-10-28,98.71314556260309,99.97208672735346,96.66116547189773,98.3364486694336,95928300,0.0,0.0,0.0
2022-10-31,97.36497893611102,98.45540173117791,91.79389929610683,92.34902954101562,121361400,0.0,0.0,0.0
2022-11-01,93.50884752374887,96.64133540102044,92.73563873008625,94.37126922607422,110189600,0.0,0.0,0.0
2022-11-02,93.38988905186778,94.37126885823125,89.69236341187202,89.75183868408203,71821100,0.0,0.0,0.0
2022-11-03,89.295853037895,89.6725424051938,87.64039224708178,88.13603973388672,60664000,0.0,0.0,0.0
2022-11-04,89.56349213325879,90.59443973026505,87.32316355586093,89.99966430664062,55638100,0.0,0.0,0.0
2022-11-07,93.95492959844655,96.0366473799833,92.28955386062118,95.87804412841797,81987300,0.0,0.0,0.0
2022-11-08,95.08501088129792,96.94865024901628,93.96485029760152,95.6302261352539,52088300,0.0,0.0,0.0
2022-11-09,100.83450888217827,103.98682666795818,99.86303664453173,100.58668518066406,107677300,0.0,0.0,0.0
2022-11-10,106.18749852248179,111.76848535687554,103.69934653127113,110.89614868164062,80671000,0.0,0.0,0.0
2022-11-11,108.2791322482135,113.89977184094667,107.86278269236072,112.0361328125,59961700,0.0,0.0,0.0
2022-11-14,110.02381464557875,115.25785030828123,109.83547376457382,113.22570037841797,53395000,0.0,0.0,0.0
2022-11-15,115.05958876518682,117.70634410360653,113.41404330659984,116.06079864501953,50670500,0.0,0.0,0.0
2022-11-16,113.50325719818159,115.06950483314925,111.67927835465922,112.24431610107422,33287800,0.0,0.0,0.0
2022-11-17,109.44886503222872,111.35214927717924,108.84417458519039,110.47980499267578,35093800,0.0,0.0,0.0
2022-11-18,112.80937410027572,113.3248441729073,109.65705569565837,111.0746078491211,33357700,0.0,0.0,0.0
2022-11-21,110.54919382748199,111.39180046593846,108.23948266921633,108.90364837646484,24351100,0.0,0.0,0.0
2022-11-22,108.90364681747944,110.64832777485412,107.37705192514898,110.46989440917969,29029000,0.0,0.0,0.0
2022-11-23,110.74747701764295,111.68920422890963,109.76609709938876,111.26294708251953,21343100,0.0,0.0,0.0
2022-11-25,110.33111199849877,111.7486638358951,110.05354310729881,110.44015502929688,12007600,0.0,0.0,0.0
2022-11-28,109.81564330754605,111.06467694794803,107.4365341325355,107.83305358886719,23309400,0.0,0.0,0.0
2022-11-29,108.5864465220532,109.97426092364222,107.59515160134391,108.50714111328125,23899200,0.0,0.0,0.0
2022-11-30,108.5567100978068,117.13141277037444,108.427836916367,117.07192993164062,43348600,0.0,0.0,0.0
2022-12-01,118.16232960829507,120.14491908201128,117.36929835659576,119.39154052734375,36551400,0.0,0.0,0.0
2022-12-02,116.80427590530408,122.96021611715648,116.58618982465244,122.41500091552734,39950500,0.0,0.0,0.0
2022-12-05,120.69015408971502,123.58473338295278,120.29363461707071,121.3642349243164,35474900,0.0,0.0,0.0
2022-12-06,118.8661697773399,119.5005978799502,112.74987476980014,113.12657165527344,43689200,0.0,0.0,0.0
2022-12-07,112.76971409777941,114.87125452292487,111.8973697133219,112.938232421875,29461100,0.0,0.0,0.0
2022-12-08,115.37681234494076,116.31853947098587,113.59247850687862,114.32604217529297,30619400,0.0,0.0,0.0
2022-12-09,114.29631491404662,116.5168135651114,112.87876278150952,114.8910903930664,26033400,0.0,0.0,0.0
2022-12-12,114.17733554806748,114.71263564847612,112.15509324529451,113.71142578125,24747100,0.0,0.0,0.0
2022-12-13,121.06683980846766,122.22666055478824,117.6072228281434,119.10408020019531,44701100,0.0,0.0,0.0
2022-12-14,118.35070171403657,123.05935265645726,118.35070171403657,120.53154754638672,36922000,0.0,0.0,0.0
2022-12-15,117.29992387771452,117.59730780116884,113.01753033834721,115.13890075683594,34531000,0.0,0.0,0.0
2022-12-16,119.183396968375,122.23657971267696,117.7856674375095,118.3903579711914,67064000,0.0,0.0,0.0
2022-12-19,115.81298573134167,116.77454300063903,113.33474846530926,113.48344421386719,29769900,0.0,0.0,0.0
2022-12-20,112.27406311760701,116.30863308058215,111.48102416799355,116.07071685791016,28742500,0.0,0.0,0.0
2022-12-21,115.68411587690649,119.29242883488126,114.61352309508618,118.71748352050781,20392800,0.0,0.0,0.0
2022-12-22,116.17975407839512,117.58739852154194,113.38430288746622,116.10045623779297,23618100,0.0,0.0,0.0
2022-12-23,115.01993130171148,117.15121657626835,114.53419898057305,117.01243591308594,17796600,0.0,0.0,0.0
2022-12-27,116.90339613513855,117.5675618364134,115.03976463271712,115.86253356933594,21392300,0.0,0.0,0.0
2022-12-28,115.23803081847723,117.12149261971926,114.50447471842836,114.61351776123047,19612500,0.0,0.0,0.0
2022-12-29,115.38672820613152,119.97642088372568,114.76220757701917,119.21312713623047,22366200,0.0,0.0,0.0
2022-12-30,117.1313964151074,119.37171720278398,116.71504685402691,119.29241180419922,19583800,0.0,0.0,0.0
2023-01-03,121.75084455355073,125.26994462514445,121.21554437696301,123.65412902832031,35528500,0.0,0.0,0.0
2023-01-04,126.27114560210994,127.92661388492843,124.75446556758857,126.26123809814453,32397100,0.0,0.0,0.0
2023-01-05,125.03201460904681,127.40121621871867,123.45585945423423,125.83496856689453,25447100,0.0,0.0,0.0
2023-01-06,127.84730565506447,129.1954673366725,124.94281126846515,128.88816833496094,27584500,0.0,0.0,0.0
2023-01-09,130.0182164886261,131.79262734629245,128.15457761222828,128.34292602539062,26649100,0.0,0.0,0.0
2023-01-10,126.16209066362623,132.27838555996667,126.04314012341165,131.83230590820312,28684400,0.0,0.0,0.0
2023-01-11,129.81996275410842,132.68480388032555,129.20534974410532,131.733154296875,25423000,0.0,0.0,0.0
2023-01-12,132.27838952682893,136.48147008401705,130.6130062840878,135.51992797851562,30757700,0.0,0.0,0.0
2023-01-13,133.79506989412366,136.19400166584558,133.66619672063948,135.78756713867188,22423800,0.0,0.0,0.0
2023-01-17,134.99450970068324,135.5595549598786,133.08131812331774,134.18165588378906,21147600,0.0,0.0,0.0
2023-01-18,134.62773568755287,136.05520252766846,131.6439439772816,131.86203002929688,20215500,0.0,0.0,0.0
2023-01-19,131.3366848928604,136.25349980566895,130.98972557953786,134.96481323242188,28625200,0.0,0.0,0.0
2023-01-20,134.70705181876295,138.72179884510555,133.43819566551292,138.15675354003906,28688600,0.0,0.0,0.0
2023-01-23,138.07746248379212,142.50855197768175,137.45295697105522,142.0228271484375,27470100,0.0,0.0,0.0
2023-01-24,140.45657683585247,143.73776053550952,140.1294477036565,141.89395141601562,21970200,0.0,0.0,0.0
2023-01-25,139.9906728793258,141.92369499048152,139.088590852133,140.2682342529297,26622000,0.0,0.0,0.0
2023-01-26,143.14298160387807,146.22590943609623,142.05256625826522,146.0177459716797,25482100,0.0,0.0,0.0
2023-01-27,146.94955074370452,151.85645711696716,146.10694408954603,150.41908264160156,35771900,0.0,0.0,0.0
2023-01-30,148.1093800836338,149.80448595440728,145.67078788457044,145.7798309326172,28040100,0.0,0.0,0.0
2023-01-31,146.66206232671513,148.57526915219435,146.23581282407054,147.67318725585938,29842100,0.0,0.0,0.0
2023-02-01,146.7413764088904,152.24306588807985,145.77981918793483,151.7870635986328,55661000,0.0,0.0,0.0
2023-02-02,181.7836755049325,195.44371891127255,178.59170450785547,187.1267547607422,150475700,0.0,0.0,0.0
2023-02-03,181.8728597875318,195.05708377026508,181.29790698329094,184.90621948242188,76809700,0.0,0.0,0.0
2023-02-06,184.90623267945966,189.03993051222616,183.90503029642124,184.44032287597656,42483800,0.0,0.0,0.0
2023-02-07,183.9644903741285,192.0931046901585,182.79475464733247,189.951904296875,47080700,0.0,0.0,0.0
2023-02-08,188.34603637486495,189.16881298045985,181.3276664674653,181.83322143554688,36139100,0.0,0.0,0.0
2023-02-09,184.50970705549832,185.02516946385683,175.726834470518,176.3711700439453,37118800,0.0,0.0,0.0
2023-02-10,174.8148481387777,177.33273033452983,171.84096366888724,172.6339874267578,33433600,0.0,0.0,0.0
2023-02-13,176.66856844178548,179.42436690011945,174.28946686476417,177.86802673339844,31463200,0.0,0.0,0.0
2023-02-14,175.61779119928158,179.9299145233757,174.34893505957058,177.91758728027344,24034600,0.0,0.0,0.0
2023-02-15,174.88421902803222,176.63881498131627,173.80371137428614,175.61778259277344,25308900,0.0,0.0,0.0
2023-02-16,171.2461875370984,174.3192076619539,170.29453781345282,170.9388885498047,25827500,0.0,0.0,0.0
2023-02-17,168.7382280890579,171.6724526790404,168.2227504782921,171.3750762939453,24171300,0.0,0.0,0.0
2023-02-21,172.7926146811642,176.61901366845885,170.3837752916554,170.58203125,34592600,0.0,0.0,0.0
2023-02-22,169.58083370599772,171.25610945926005,168.2128418399416,169.63038635253906,22433200,0.0,0.0,0.0
2023-02-23,170.50272851531994,172.17801937262993,167.90554063056828,170.54237365722656,20017800,0.0,0.0,0.0
2023-02-24,167.17197219726032,169.2338674150604,166.20050742549483,168.90673828125,19791300,0.0,0.0,0.0
2023-02-27,170.3837588103686,171.61295470878045,167.5883001524476,168.06411743164062,19277000,0.0,0.0,0.0
2023-02-28,170.40358459714915,176.00440977021506,170.37384696069057,173.41712951660156,46051100,0.0,0.0,0.0
2023-03-01,173.07016779754176,176.3017987557463,171.54358035250698,171.9103546142578,30998400,0.0,0.0,0.0
2023-03-02,170.8794184422329,173.48651372435538,169.93767619340952,173.0106964111328,17352000,0.0,0.0,0.0
2023-03-03,177.36247652852418,184.99544401107892,175.50875995980698,183.6373748779297,45877700,0.0,0.0,0.0
2023-03-06,186.3634562800606,188.00900957744497,183.03270454150618,183.29043579101562,33209400,0.0,0.0,0.0
2023-03-07,187.35471231628523,188.7028738141815,182.40814594788083,182.90379333496094,36701500,0.0,0.0,0.0
2023-03-08,181.27812235102397,183.6473169337543,179.76144212290586,183.35984802246094,19432400,0.0,0.0,0.0
2023-03-09,184.72779000880985,187.28531725397823,178.73045350925022,180.1083526611328,26582800,0.0,0.0,0.0
2023-03-10,179.43433042669787,183.16160988732062,177.24357660632973,177.9473876953125,25665000,0.0,0.0,0.0
2023-03-13,176.4108467930736,182.18017523686387,173.29818141681156,179.3252410888672,24728000,0.0,0.0,0.0
2023-03-14,185.94709789585886,192.62843092188572,184.93597286944848,192.33103942871094,41642600,0.0,0.0,0.0
2023-03-15,191.2703161801879,196.05827156753384,189.1786836833468,196.02853393554688,42123600,0.0,0.0,0.0
2023-03-16,196.53410718154342,203.96881839258782,194.38299921959626,203.1460418701172,50447100,0.0,0.0,0.0
2023-03-17,198.81410277601756,200.14243431213578,193.72875509737597,193.90719604492188,50141100,0.0,0.0,0.0
2023-03-20,196.75222429620607,197.62456872290872,191.9543602012637,196.0880584716797,25186300,0.0,0.0,0.0
2023-03-21,201.4311170239478,201.77807628307767,196.22681889275694,200.40017700195312,31827000,0.0,0.0,0.0
2023-03-22,200.7372186543796,205.56482001084692,197.93185225263778,198.0706329345703,28477800,0.0,0.0,0.0
2023-03-23,201.07422684142568,206.0703609359866,200.39023103226907,202.50169372558594,27389700,0.0,0.0,0.0
2023-03-24,203.3938677558255,205.77298444441905,201.7780674543026,204.21664428710938,27716400,0.0,0.0,0.0
2023-03-27,203.02710138580258,204.06796403208844,199.6071370845429,201.07424926757812,18527200,0.0,0.0,0.0
2023-03-28,198.40767458850203,199.28001896896532,196.17726099151233,198.9330596923828,19127300,0.0,0.0,0.0
2023-03-29,201.7879972778657,203.92919799665844,200.7768721952202,203.5624237060547,18851100,0.0,0.0,0.0
2023-03-30,201.60954942594012,206.2785396524153,201.05442673562075,206.0307159423828,22608300,0.0,0.0,0.0
2023-03-31,205.43596391529096,210.3230405925682,204.97005409451702,210.0950469970703,25440300,0.0,0.0,0.0
2023-04-03,207.02202167585494,211.63155200058463,206.387593549827,211.2152099609375,17924600,0.0,0.0,0.0
2023-04-04,211.53240612071065,214.35760247602127,210.6897994530681,212.850830078125,21026400,0.0,0.0,0.0
2023-04-05,212.2857781628593,213.31673323896115,208.11243547048335,209.63902282714844,19396600,0.0,0.0,0.0
2023-04-06,207.42843564582947,215.05149503189162,206.8336527190424,214.21881103515625,26104400,0.0,0.0,0.0
2023-04-10,212.84093957529885,213.7826667269681,208.8261921119088,212.88058471679688,16106100,0.0,0.0,0.0
2023-04-11,213.60421896645255,214.1395266783531,211.5522464067262,211.98841857910156,16710100,0.0,0.0,0.0
2023-04-12,212.96981490996805,214.95240491685877,210.72949364752768,212.1371307373047,18972200,0.0,0.0,0.0
2023-04-13,213.85203129059846,219.224847500562,213.81238615247736,218.43182373046875,23310400,0.0,0.0,0.0
2023-04-14,215.98334485267608,220.17651818419773,215.6562157096552,219.56192016601562,21591200,0.0,0.0,0.0
2023-04-17,217.87670046778837,219.0563438246389,215.23986751678353,216.95480346679688,15481900,0.0,0.0,0.0
2023-04-18,217.99567564546845,218.52106075783294,214.32788736305116,215.99325561523438,12281000,0.0,0.0,0.0
2023-04-19,211.61169776107383,215.43809621446016,211.07639010968043,213.82228088378906,15898100,0.0,0.0,0.0
2023-04-20,211.62162937104753,214.8631679041083,210.91781846805821,211.2152099609375,16475400,0.0,0.0,0.0
2023-04-21,208.38011057201217,211.55225127229988,207.75558993575115,211.03677368164062,17717200,0.0,0.0,0.0
2023-04-24,211.81987387171196,212.05779007834377,208.8757421166724,210.9376220703125,15750900,0.0,0.0,0.0
2023-04-25,208.98477861278425,209.42093562235263,205.32689835234027,205.7432403564453,19198200,0.0,0.0,0.0
2023-04-26,210.6501996831943,212.2461853305384,207.0617164159579,207.57717895507812,41992700,0.0,0.0,0.0
2023-04-27,237.80171556165394,239.58604927632857,234.70888054019042,236.48329162597656,71196500,0.0,0.0,0.0
2023-04-28,236.92937263012743,238.3370094781109,233.69775691934507,238.2279815673828,39554000,0.0,0.0,0.0
2023-05-01,236.54279260820323,241.8759642001365,234.4016070438007,241.06309509277344,29143900,0.0,0.0,0.0
2023-05-02,241.0630835614137,242.78794211157887,236.9095706872228,237.1573944091797,24350100,0.0,0.0,0.0
2023-05-03,237.3854064212788,239.6455577308559,230.7239030480112,234.96664428710938,34463900,0.0,0.0,0.0
2023-05-04,234.00508036001702,236.126450919723,230.9023223675368,231.48719787597656,17889400,0.0,0.0,0.0
2023-05-05,230.21832376395497,232.63707051688766,227.84912965326185,230.7536163330078,27000500,0.0,0.0,0.0
2023-05-08,229.40549329159964,233.56892937905184,228.26551006114116,231.23939514160156,16400500,0.0,0.0,0.0
2023-05-09,229.4451239565892,233.8266455946459,229.0684270546972,231.33848571777344,16865600,0.0,0.0,0.0
2023-05-10,234.1141231112111,234.68907598893915,228.71156873771375,231.051025390625,19119000,0.0,0.0,0.0
2023-05-11,231.02125814556425,236.13634298764202,230.27778703919103,233.73739624023438,20449000,0.0,0.0,0.0
2023-05-12,234.67916012630428,234.89724621443213,229.43520163353872,231.774658203125,16161400,0.0,0.0,0.0
2023-05-15,234.85760129014986,238.16852284298355,233.28144592604744,236.7807159423828,20653200,0.0,0.0,0.0
2023-05-16,233.7373907173731,237.55388169029442,233.46975201609268,236.74102783203125,18163800,0.0,0.0,0.0
2023-05-17,236.37426476658152,241.71734364737938,236.06696576918233,240.3791046142578,21193100,0.0,0.0,0.0
2023-05-18,239.1994518791044,244.9390424423486,239.09040883985995,244.70114135742188,22943300,0.0,0.0,0.0
2023-05-19,245.31574994768903,246.52513093495048,241.29109507655596,243.50167846679688,21733600,0.0,0.0,0.0
2023-05-22,243.2736839367334,251.36265391430516,242.98619994649877,246.15835571289062,27738500,0.0,0.0,0.0
2023-05-23,244.66150008940815,249.41971879486397,244.50288926983555,244.5921173095703,17748100,0.0,0.0,0.0
2023-05-24,243.14482191294246,247.41730068840283,242.81769276730455,247.04061889648438,17724300,0.0,0.0,0.0
2023-05-25,251.19412157731733,253.39479746511117,247.00094838612523,250.4903106689453,22371400,0.0,0.0,0.0
2023-05-26,250.7281698558531,260.0265193027739,250.510098930214,259.7588806152344,25727200,0.0,0.0,0.0
2023-05-30,262.940956499197,266.31135290723864,259.0154374005094,260.2347106933594,23816500,0.0,0.0,0.0
2023-05-31,257.7366752187053,262.6931497421419,256.2001802172078,262.41558837890625,25473700,0.0,0.0,0.0
2023-06-01,263.5852973969688,271.6147918186333,263.5754050196668,270.23687744140625,25609500,0.0,0.0,0.0
2023-06-02,270.2864603355899,272.9530459308971,268.7598577796487,270.23687744140625,19416900,0.0,0.0,0.0
2023-06-05,267.9469888352594,273.1711321141078,267.2134403187121,269.02752685546875,20742900,0.0,0.0,0.0
2023-06-06,267.7884683922397,274.1624885190308,267.34237350387025,268.7599182128906,19419000,0.0,0.0,0.0
2023-06-07,269.30517942036107,271.8627077172076,260.51236561329296,261.305419921875,26163600,0.0,0.0,0.0
2023-06-08,258.3512750536968,265.320077073053,256.6264315879081,262.27679443359375,20899400,0.0,0.0,0.0
2023-06-09,260.1950856912926,265.61746978448156,259.42187691072445,262.6435852050781,16949800,0.0,0.0,0.0
2023-06-12,264.8442615526915,269.38437870914413,263.0202523851898,268.6904602050781,15442500,0.0,0.0,0.0
2023-06-13,272.48716809809827,273.3198522484866,266.74756171115075,268.9581604003906,16164000,0.0,0.0,0.0
2023-06-14,269.5231769435399,272.59616684149415,265.9842469943128,270.970458984375,19175100,0.0,0.0,0.0
2023-06-15,269.9296080997618,281.5178487136144,269.0572939381977,279.37664794921875,25973500,0.0,0.0,0.0
2023-06-16,282.2712193553558,285.3442395585109,277.6914418131458,278.5538635253906,43127700,0.0,0.0,0.0
2023-06-20,276.3036313019316,282.3207681995998,273.81547148594564,281.8548583984375,20701600,0.0,0.0,0.0
2023-06-21,281.06182497496616,281.52773476017416,275.93681733767835,279.18829345703125,20556200,0.0,0.0,0.0
2023-06-22,276.6505271956497,282.7767517792298,275.37177874177934,282.4000549316406,17563100,0.0,0.0,0.0
2023-06-23,279.059492475702,287.14846409857233,276.5217794471848,286.2166442871094,51092000,0.0,0.0,0.0
2023-06-26,286.18685639120184,287.26736422711815,275.183476694736,276.0458984375,24232700,0.0,0.0,0.0
2023-06-27,279.555073656432,286.8311743118034,278.2068969133884,284.5511779785156,26108300,0.0,0.0,0.0
2023-06-28,282.340639228578,287.02944505240964,281.5872453744649,282.8065490722656,16722100,0.0,0.0,0.0
2023-06-29,282.0234012362909,284.0753889556589,278.2465700581659,279.0792541503906,15395700,0.0,0.0,0.0
2023-06-30,282.2811357109331,286.53376890451335,281.9440990867374,284.4818115234375,19694900,0.0,0.0,0.0
2023-07-03,284.2042548786633,286.88073290993367,282.3703532958794,283.5301513671875,8629300,0.0,0.0,0.0
2023-07-05,285.14599171696096,295.52485125008354,283.8672127367066,291.8074951171875,33865500,0.0,0.0,0.0
2023-07-06,293.3142553701415,295.5248235823149,288.7741078971482,289.44818115234375,47600500,0.0,0.0,0.0
2023-07-07,289.6365461155744,293.6215711054286,286.1471988438877,288.00091552734375,25586000,0.0,0.0,0.0
2023-07-10,292.9771541725064,295.5347115939885,284.55114871379277,291.539794921875,37058300,0.0,0.0,0.0
2023-07-11,291.3415603139649,297.56689097448395,289.35897054625923,295.693359375,27585900,0.0,0.0,0.0
2023-07-12,299.1232312229929,306.75621392994793,297.48760071490796,306.64715576171875,36677100,0.0,0.0,0.0
2023-07-13,310.88989563213556,313.4870833791565,307.58889699038366,310.6817321777344,30281000,0.0,0.0,0.0
2023-07-14,309.0758690549912,312.13896690077314,304.68440931960316,306.1812744140625,23054100,0.0,0.0,0.0
2023-07-17,304.8628406574557,308.9965234309528,302.05745916188715,307.916015625,25323100,0.0,0.0,0.0
2023-07-18,308.17381985947526,311.4649267913978,304.94218821230464,309.3336181640625,20731900,0.0,0.0,0.0
2023-07-19,310.3049944741406,315.905803762913,307.81683497029235,313.2590637207031,21763700,0.0,0.0,0.0
2023-07-20,310.7709017726767,312.79315151790587,299.58909828739195,299.886474609375,23836900,0.0,0.0,0.0
2023-07-21,301.9187041196789,302.80094087646535,288.665095744608,291.6984558105469,42139300,0.0,0.0,0.0
2023-07-24,293.2052158926609,294.93005940617286,285.7903188571034,289.0715026855469,24915700,0.0,0.0,0.0
2023-07-25,292.6203803553864,295.70329335700313,289.3193509866379,291.9066467285156,19585600,0.0,0.0,0.0
2023-07-26,298.56807368309666,299.14301133786523,289.35893681509447,295.97088623046875,47256900,0.0,0.0,0.0
2023-07-27,322.28978907131307,322.51779778619095,307.14280439627186,308.99652099609375,64229200,0.0,0.0,0.0
2023-07-28,314.12152548725567,323.3604010020382,311.51441512024616,322.64666748046875,39220300,0.0,0.0,0.0
2023-07-31,320.87222512758746,322.82507714780235,314.8253206295678,315.8265380859375,25799600,0.0,0.0,0.0
2023-08-01,314.7758393915576,321.3183927874067,311.9209048005017,319.90081787109375,22817900,0.0,0.0,0.0
2023-08-02,315.23182523877813,315.61844482839075,307.94580058617623,311.5739440917969,20461100,0.0,0.0,0.0
2023-08-03,307.23202249512775,313.1996371815222,307.23202249512775,310.4636535644531,15180200,0.0,0.0,0.0
2023-08-04,312.2182436549531,315.63822327487594,307.49970034475876,308.02508544921875,17612800,0.0,0.0,0.0
2023-08-07,310.5032922794214,314.30986081830895,307.75738622328373,313.8042907714844,16236500,0.0,0.0,0.0
2023-08-08,311.66314620132135,315.1227863698251,307.4104821227682,309.9184875488281,15183500,0.0,0.0,0.0
2023-08-09,310.1563455945085,310.89981675139177,300.21365919986573,302.5531005859375,19955800,0.0,0.0,0.0
2023-08-10,305.2593213413318,309.6210123853604,301.224744268541,303.0784606933594,14358900,0.0,0.0,0.0
2023-08-11,299.93611822813244,302.0673963056542,297.74533462225077,299.01422119140625,14046300,0.0,0.0,0.0
2023-08-14,298.3599590509755,303.5444121758859,295.6537130002151,303.52459716796875,15641900,0.0,0.0,0.0
2023-08-15,303.4750306746695,304.5555384693023,297.4182031951271,299.3215026855469,11623600,0.0,0.0,0.0
2023-08-16,297.5867363272898,298.4590504137435,291.7182573021849,291.7281799316406,18547700,0.0,0.0,0.0
2023-08-17,290.4989757740898,293.47286065252206,282.4695108038598,282.6082763671875,23950100,0.0,0.0,0.0
2023-08-18,276.60100568899685,283.20303313726754,271.9914906051631,280.7842712402344,35347900,0.0,0.0,0.0
2023-08-21,280.98250976931354,287.97112567547384,279.39643211452176,287.3763427734375,20181500,0.0,0.0,0.0
2023-08-22,290.0033584733458,290.35031779565327,284.2538592108278,285.0964660644531,12980200,0.0,0.0,0.0
2023-08-23,285.98859599429807,294.81111508897186,285.1658344882448,291.6786193847656,18287000,0.0,0.0,0.0
2023-08-24,295.9014345549872,296.85306888905137,284.1446952607545,284.25372314453125,18360900,0.0,0.0,0.0
2023-08-25,283.6392301342168,285.87956641170797,273.62714504469477,283.01470947265625,23701400,0.0,0.0,0.0
2023-08-28,285.49294014239996,288.91291975529066,283.3120791933217,287.7332763671875,14239300,0.0,0.0,0.0
2023-08-29,286.0678766841328,296.54587132156684,285.67136476377044,295.3959655761719,20844500,0.0,0.0,0.0
2023-08-30,294.5831156113279,295.69336104721475,290.87565215344677,292.5311279296875,17717000,0.0,0.0,0.0
2023-08-31,293.22505736284154,298.4789391656425,293.086291789836,293.3143005371094,17229900,0.0,0.0,0.0
2023-09-01,296.76394986830445,299.1133139449209,291.90661090057637,293.79998779296875,12842300,0.0,0.0,0.0
2023-09-05,294.43438220602286,298.7663660643128,292.9375475703508,297.5371398925781,14956000,0.0,0.0,0.0
2023-09-06,299.0835715746785,300.65972681313633,293.08624961534355,296.5657043457031,15418100,0.0,0.0,0.0
2023-09-07,295.4058265509968,304.37703166595776,289.676144279648,296.07000732421875,33748700,0.0,0.0,0.0
2023-09-08,296.61522269992525,302.59272896122013,294.196461037625,295.29681396484375,17548000,0.0,0.0,0.0
2023-09-11,298.78620226973936,306.34978726869906,298.65732909121135,304.8826599121094,19489300,0.0,0.0,0.0
2023-09-12,303.6633574024578,305.97309149092956,297.61648263441475,299.0340270996094,13480400,0.0,0.0,0.0
2023-09-13,299.7278803744034,304.5059285575894,298.6969555666473,302.4043884277344,13210900,0.0,0.0,0.0
2023-09-14,304.06977984776057,310.1464222632418,302.37467408444013,309.0064392089844,19343100,0.0,0.0,0.0
2023-09-15,308.89742224638235,309.2840418195797,296.1493829923059,297.69580078125,28131100,0.0,0.0,0.0
2023-09-18,295.5941984466041,300.9571069378391,295.2075789541885,299.9162292480469,14234200,0.0,0.0,0.0
2023-09-19,299.8469173004536,303.50479820729083,297.2001463854222,302.41436767578125,15924400,0.0,0.0,0.0
2023-09-20,302.39448120124234,305.3782883735429,296.8234089972703,297.06134033203125,19379500,0.0,0.0,0.0
2023-09-21,293.1259325272159,297.6462351362966,290.7170627767557,293.1556701660156,21319600,0.0,0.0,0.0
2023-09-22,296.6945570394368,302.7216470856656,295.6735244833445,296.4764709472656,25369600,0.0,0.0,0.0
2023-09-25,293.0664797740678,298.3302540096242,291.1433649787579,298.2112731933594,18987000,0.0,0.0,0.0
2023-09-26,295.0688421646148,297.6858449572033,293.4332116377571,296.3575134277344,19417200,0.0,0.0,0.0
2023-09-27,297.83453247540683,298.67710884740836,284.29344198108106,295.1481018066406,36429800,0.0,0.0,0.0
2023-09-28,296.3377057544672,303.6633594810206,294.1172148146599,301.3139953613281,22167100,0.0,0.0,0.0
2023-09-29,304.70418479612954,307.93581535856936,296.75398154770994,297.5965881347656,25373700,0.0,0.0,0.0
2023-10-02,300.1046087482149,304.50596053027635,299.0042859286593,304.14910888671875,16265600,0.0,0.0,0.0
2023-10-03,301.61138822655596,304.0995177904984,297.03161074620874,298.3202819824219,17362300,0.0,0.0,0.0
2023-10-04,296.1295452893803,304.2284079253051,295.9015365648199,302.9198913574219,16880500,0.0,0.0,0.0
2023-10-05,301.97813847002794,303.5443709364718,296.8927913275171,302.1367492675781,19130000,0.0,0.0,0.0
2023-10-06,298.8159662591981,313.5565180214866,298.29058112096453,312.6841735839844,21803900,0.0,0.0,0.0
2023-10-09,309.7796495788927,317.5414751678971,309.10557632186953,315.588623046875,22503700,0.0,0.0,0.0
2023-10-10,316.34206740226483,321.8338503783934,315.3904326371778,319.03839111328125,19038000,0.0,0.0,0.0
2023-10-11,320.1981824390359,325.9774185235088,320.13870716386896,324.96630859375,22036300,0.0,0.0,0.0
2023-10-12,325.1447032712535,327.66260060248845,319.88093015978995,321.338134765625,20530500,0.0,0.0,0.19839375000000004
2023-10-13,320.713603882826,322.2203610808488,309.65075033810035,311.9505615234375,21341000,0.0,0.0,0.202
2023-10-16,315.86624034074185,319.01855105073963,312.77337465622486,318.3543701171875,16536100,0.0,0.0,0.34829
2023-10-17,315.4101915615611,321.57604680606164,314.5378472437151,321.1795349121094,16387800,0.0,0.0,0.29018928571428576
2023-10-18,318.5922912851323,323.1026711047013,312.81302491646005,314.21075439453125,16851000,0.0,0.0,0.2728
2023-10-19,317.09543774973184,319.08795030688776,309.03620485654955,310.08697509765625,18709200,0.0,0.0,0.53232
2023-10-20,311.4053948634876,312.5552703274842,303.80214965849547,305.9631652832031,22312300,0.0,0.0,0.10468333333333335
2023-10-23,306.80577011666287,314.59733347334077,304.5852792316508,311.2765197753906,17796800,0.0,0.0,0.2124166666666667
2023-10-24,314.02244308057266,315.578783561365,307.9259846054587,309.8292541503906,19525500,0.0,0.0,0.28789705882352945
2023-10-25,307.3014047174126,308.1737490291754,296.2385505173556,296.92254638671875,42192500,0.0,0.0,0.16693333333333335
2023-10-26,292.4320101500182,292.4320101500182,276.9678028849212,285.83990478515625,66684100,0.0,0.0,0.078703125
2023-10-27,291.9165286472556,296.70446963131815,290.41966369017985,294.1469421386719,29596300,0.0,0.0,0.06910384615384617
2023-10-30,296.4863994004334,306.7066477918955,296.4467391323724,300.02532958984375,28435100,0.0,0.0,0.32990769230769235
2023-10-31,300.669680667848,301.0364549734393,294.2758158885733,298.6474304199219,19434200,0.0,0.0,0.20160499999999998
2023-11-01,299.22239566233213,310.017582259887,299.22239566233213,309.1353454589844,20434600,0.0,0.0,0.26185833333333336
2023-11-02,314.53783684335446,316.0446243432361,305.64592102556026,308.163818359375,21631800,0.0,0.0,0.11458333333333333
2023-11-03,309.82921641467783,312.8031011868626,308.31253639094047,311.86138916015625,16764300,0.0,0.0,0.1424
2023-11-06,313.22932885081644,315.5588473330183,311.7126490795683,313.0508728027344,12887700,0.0,0.0,0.3187833333333333
2023-11-07,314.29992816341377,318.20563211166666,312.37681382333324,316.04461669921875,14055600,0.0,0.0,0.4425428571428571
2023-11-08,315.37056897639883,318.53277182519207,312.13893797333276,316.99627685546875,13609700,0.0,0.0,0.26959999999999995
2023-11-09,316.63941423329265,321.35795714702647,316.0247860148068,317.7595520019531,16103100,0.0,0.0,0.087455
2023-11-10,317.1548694871678,326.23513373605715,316.67903707934255,325.9079895019531,19096200,0.0,0.0,0.27022142857142856
2023-11-13,323.36037901996815,329.4369907917262,322.8647316151257,326.3243408203125,16908900,0.0,0.0,0.09274285714285717
2023-11-14,331.62780417236013,335.1568115946723,330.4283155624995,333.38238525390625,17179400,0.0,0.0,0.3233045454545455
2023-11-15,334.9882813381861,335.4541911554932,327.1471349777592,329.813720703125,14531200,0.0,0.0,0.33897307692307693
2023-11-16,326.5028044744622,331.667442561079,323.5388423305294,331.2808532714844,18932600,0.0,0.0,0.09998124999999998
2023-11-17,327.38505530805384,332.5794307757708,326.4829733409951,332.1234436035156,14494400,0.0,0.0,0.2538666666666667
2023-11-20,331.97473371871814,338.8939521370626,331.2808152503726,337.010498046875,16960500,0.0,0.0,0.21112777777777778
2023-11-21,335.38476311199616,336.94110323972745,332.97592396005564,334.0465393066406,12027900,0.0,0.0,0.2316166666666667
2023-11-22,336.25712187256374,339.9348475941971,335.6326012688178,338.51727294921875,10702700,0.0,0.0,0.16215000000000004
2023-11-24,337.1691599420157,338.8840808634013,333.83839314189083,335.28570556640625,5467500,0.0,0.0,0.11606666666666667
2023-11-27,333.25353518012435,336.94115367224947,331.290790504135,331.78643798828125,15684500,0.0,0.0,0.024500000000000004
2023-11-28,330.4977574222185,336.4257126007519,330.4977574222185,336.0390930175781,12637200,0.0,0.0,0.5752214285714287
2023-11-29,336.7329553677821,336.9411188190531,327.90051448369286,329.30816650390625,16024500,0.0,0.0,0.20622499999999996
2023-11-30,329.00085151227404,330.59682164758357,319.593443122573,324.3020935058594,23146400,0.0,0.0,0.36294999999999994
2023-12-01,322.64668993525703,324.01465154921027,317.96777657976315,321.992431640625,15276400,0.0,0.0,0.37328
2023-12-04,314.5279458457028,318.0668454059469,310.92954076374997,317.2341613769531,19037100,0.0,0.0,0.25878636363636365
2023-12-05,316.2032524808111,319.078001589407,312.644507483201,315.5192565917969,16952100,0.0,0.0,0.33053333333333335
2023-12-06,319.12753540502547,319.4447570091409,314.2801194470397,314.6865539550781,11294300,0.0,0.0,0.21204499999999998
2023-12-07,315.0037509944529,325.38260919838507,315.0037509944529,323.7469787597656,15905100,0.0,0.0,0.26176000000000005
2023-12-08,320.27745110653814,330.26972018709864,320.18823819980867,329.8533630371094,14087400,0.0,0.0,0.36597222222222225
2023-12-11,326.5325557121071,327.0183108166974,317.2143890831733,322.44842529296875,25802500,0.0,0.0,0.3219785714285714
2023-12-12,321.77432544730783,331.55840111361704,321.73466518140424,331.3105773925781,18485500,0.0,0.0,0.31246875
2023-12-13,331.02307290083434,335.4244243340028,329.74432436086573,331.8260192871094,16353300,0.0,0.0,0.17715000000000003
2023-12-14,330.9437875845794,331.7863942469266,325.77914995119795,330.26971435546875,19607300,0.0,0.0,0.3854
2023-12-15,329.0999691679317,335.7119191603619,328.33668302041815,332.0044860839844,31776900,0.0,0.0,0.2000136363636364
2023-12-18,334.54222603722934,344.53446568560287,334.08620858508846,341.62005615234375,18993900,0.0,0.0,0.27090333333333333
2023-12-19,342.57167029164464,350.5218745666176,342.11568311875016,347.31005859375,17729400,0.0,0.0,0.3065409090909091
2023-12-20,345.6149812888574,351.8700500578923,344.76248214532603,346.239501953125,16369900,0.0,0.0,0.14651818181818183
2023-12-21,349.90727608593943,353.30741024884486,346.17007504363573,351.0075988769531,15289600,0.0,0.0,0.2944333333333334
2023-12-22,352.4846287114761,354.0905518678329,348.1625974502464,350.313720703125,11772800,0.0,0.0,0.37734375000000003
2023-12-26,351.8997607137992,353.8724581015916,350.3731883758891,351.74114990234375,9898600,0.0,0.0,0.2117
2023-12-27,352.9703684711443,355.87485515386163,352.21697469605425,354.71502685546875,13207900,0.0,0.0,0.3965538461538462
2023-12-28,356.5687668691386,358.7495973710055,354.6952050963075,355.2007751464844,11798800,0.0,0.0,0.35189166666666666
2023-12-29,355.8649660737051,356.8661836584728,348.7573981902497,350.8787536621094,14987100,0.0,0.0,0.38121
2024-01-02,348.2617247349704,350.08570368515996,337.0501820548259,343.2755126953125,19042200,0.0,0.0,0.125565
2024-01-03,341.9769751823711,344.9211226732362,340.19262595195124,341.4714050292969,15451100,0.0,0.0,0.26435
2024-01-04,341.5010789113967,345.11929909621364,340.41064851615806,344.0982666015625,12099900,0.0,0.0,0.004606250000000013
2024-01-05,343.96938628900244,350.42272536747254,343.24576041821206,348.88623046875,13920700,0.0,0.0,0.23675000000000002
2024-01-08,351.61229217973874,355.8550328888557,348.98533664973183,355.5378112792969,13890200,0.0,0.0,0.4513642857142857
2024-01-09,353.2974794746207,357.50059022164334,352.2665243572093,354.3185119628906,13463900,0.0,0.0,0.255553125
2024-01-10,357.0346705179699,369.69349454560995,355.9541325367698,367.2449951171875,22117200,0.0,0.0,0.23795833333333336
2024-01-11,368.8905728121484,369.5349084412359,359.7706477096314,366.4519958496094,17205400,0.0,0.0,0.3596928571428571
2024-01-12,366.9377174545656,373.7776460956339,366.32311946752475,371.2300109863281,19310000,0.0,0.0,0.0770625
2024-01-16,370.39728650901986,372.3402157968574,364.03319099664327,364.26116943359375,15306900,0.0,0.0,0.27405454545454544
2024-01-17,363.1113118453537,365.33183300535507,355.48825160061466,365.1632995605469,12724800,0.0,0.0,0.14622142857142856
2024-01-18,368.25606041918786,373.5694157709935,367.72078305966306,372.8556823730469,16354300,0.0,0.0,0.17231000000000002
2024-01-19,375.70075575671575,381.0140817393726,374.6797232506199,380.1120300292969,21670800,0.0,0.0,0.27849999999999997
2024-01-22,384.5728454450382,386.9519470116833,377.8419450079911,378.45654296875,17680500,0.0,0.0,0.2673535714285714
2024-01-23,381.2718337835055,384.9991122312808,378.75393630536456,381.8468017578125,15506100,0.0,0.0,0.43399444444444446
2024-01-24,386.60500116462015,392.70145859414,384.4340629686961,387.2989196777344,15698500,0.0,0.0,0.15908333333333333
2024-01-25,386.7735471204069,392.047213033443,382.302797409854,389.75732421875,15091100,0.0,0.0,0.2355966666666667
2024-01-26,390.91714783237995,393.3359097959545,388.18116424199445,390.708984375,13163700,0.0,0.0,0.21503333333333333
2024-01-29,391.5515760143711,399.42246020474215,389.6780443214767,397.5290832519531,18742400,0.0,0.0,0.22081666666666672
2024-01-30,400.0766927751704,402.8225686731587,396.09169829023307,396.5774230957031,18614700,0.0,0.0,0.1392357142857143
2024-01-31,385.6137446586027,394.53539941934156,383.73029025949774,386.74383544921875,20180800,0.0,0.0,0.3223325
2024-02-01,390.5106692838904,397.0135606410284,389.6284024059907,391.3433532714844,29727100,0.0,0.0,0.21258
2024-02-02,455.59918004099586,481.72970126070106,449.0665497360696,470.8551940917969,84707600,0.0,0.0,0.3527391891891892
2024-02-05,465.7896247984481,467.7920294868746,455.2224181615912,455.4107666015625,40832400,0.0,0.0,0.24037857142857147
2024-02-06,459.96081170368444,463.05364680414374,449.05656832277816,450.7615966796875,21655200,0.0,0.0,0.1569159090909091
2024-02-07,454.01303276517825,467.415327994543,452.2088689116338,465.50213623046875,23066000,0.0,0.0,0.34456578947368416
2024-02-08,464.2432012847288,466.4934296544483,460.98183282884037,465.9085693359375,18815100,0.0,0.0,0.23982500000000004
2024-02-09,468.8329280456372,469.4673410411531,463.4006211841716,464.0350341796875,18413100,0.0,0.0,0.26125000000000004
2024-02-12,464.1143348840818,474.97891789094643,462.5183344561305,464.8181457519531,19382000,0.0,0.0,0.22810555555555562
2024-02-13,452.892854856831,463.81694302069843,451.12835130568254,456.11456298828125,20916600,0.0,0.0,0.3470642857142857
2024-02-14,463.85666092774244,469.98285675193705,462.0326817625416,469.16009521484375,16858400,0.0,0.0,0.24055000000000004
2024-02-15,471.1426069795392,484.366476420445,468.10924721096126,479.8164367675781,24212300,0.0,0.0,0.22027777777777777
2024-02-16,473.94795697120554,474.7905636276594,465.1254390286169,469.1996765136719,23324600,0.0,0.0,0.38741875000000003
2024-02-20,465.63104413431995,472.0348007521129,462.49854860329634,467.64337158203125,18015500,0.0,0.0,0.0847888888888889
2024-02-21,462.9297393124739,465.41060608263723,458.25579479701133,464.4480285644531,12921800,0.5,0.0,0.26197777777777786
2024-02-22,476.5645485214587,486.23992842019754,472.41654676636847,482.40948486328125,21625800,0.0,0.0,0.4221115384615385
2024-02-23,484.31475349723246,490.57645821723105,478.658395960272,480.3255310058594,18374300,0.0,0.0,0.2217083333333333
2024-02-26,479.7698406915825,482.41941959747976,476.92181062419036,478.0530700683594,12101400,0.0,0.0,0.22554000000000002
2024-02-27,476.3065805684811,483.5407662161046,476.2470421891275,483.32244873046875,10809600,0.0,0.0,0.4012
2024-02-28,481.28818456722973,487.29187042605827,479.0554043295467,480.315673828125,12715500,0.0,0.0,0.35748749999999996
2024-02-29,484.70177703360076,487.9368366492081,478.9163793809535,486.37884521484375,17732000,0.0,0.0,0.22983928571428572
2024-03-01,488.3437040291378,500.39080710945973,488.0857144887077,498.4557189941406,16273600,0.0,0.0,0.4006857142857143
2024-03-04,499.1503823962354,500.5595280134549,492.62075453598,494.377197265625,12324100,0.0,0.0,0.3215222222222222
2024-03-05,491.21161670016596,491.7871644614326,484.15604619661946,486.46820068359375,15325300,0.0,0.0,0.22569523809523812
2024-03-06,493.8214657207925,499.120593170195,490.50703156108455,492.2932434082031,11757900,0.0,0.0,0.2265131578947368
2024-03-07,499.42823746816646,515.8713989915751,497.5427848270461,508.2700500488281,18586400,0.0,0.0,0.19190000000000002
2024-03-08,510.2547468573878,519.5629636532714,495.52832561465306,502.07781982421875,18597100,0.0,0.0,0.3099681818181818
2024-03-11,493.2062214717345,493.51384651254926,472.3570085263561,479.888916015625,20428300,0.0,0.0,0.27867368421052635
2024-03-12,489.48497219166796,498.46569824988035,481.02025554605336,495.92529296875,15448200,0.0,0.0,0.306421875
2024-03-13,491.59863706276775,497.14585137802413,487.27198978393096,491.7772521972656,12090700,0.0,0.0,0.2574472222222222
2024-03-14,496.43130042569084,497.51295454338015,484.42390097766923,488.0657958984375,12620000,0.0,0.0,0.19612894736842107
2024-03-15,485.2674143918524,488.0658087524492,477.61640039856326,480.3949890136719,29153600,0.0,0.0,0.27441739130434784
2024-03-18,488.1452478161507,493.6130875886428,483.0842738072249,493.17645263671875,11755300,0.0,0.0,0.39064375
2024-03-19,484.43389344040116,492.82913789689565,477.59661025996246,492.4421081542969,10903100,0.0,0.0,0.22256363636363635
2024-03-20,495.677115993422,504.31054334054676,491.38026863320005,501.6510314941406,11711100,0.0,0.0,0.23845416666666666
2024-03-21,510.77072210524216,511.098152862603,502.13729487901685,503.8739013671875,9712500,0.0,0.0,0.3327071428571429
2024-03-22,503.11978200634246,506.0670529466161,500.4801361234696,505.6800231933594,8120600,0.0,0.0,0.375325
2024-03-25,501.91901611098194,503.33806453967446,496.4114740821437,499.1701965332031,8380600,0.0,0.0,-0.027530769230769248
2024-03-26,501.26402973226214,506.09675270183544,491.41993839395826,492.0947570800781,11205400,0.0,0.0,0.32370000000000004
2024-03-27,495.47865983348026,496.0641709946274,484.3346265696149,490.0802917480469,9989700,0.0,0.0,0.45565
2024-03-28,489.0680934492514,489.1177289495324,481.436945692201,481.8636474609375,15212800,0.0,0.0,0.28434375000000006
2024-04-01,483.4713059825083,493.62299295598973,478.0927737479156,487.58953857421875,9247000,0.0,0.0,0.3680045454545455
2024-04-02,481.3873933760893,493.7222556696209,480.94082524456064,493.5634765625,11081000,0.0,0.0,0.30310454545454546
2024-04-03,495.11150004572073,503.3578981717305,494.9328849193272,502.8617248535156,12099200,0.0,0.0,0.3420653846153846
2024-04-04,512.467703628433,525.943789766792,506.6724021073493,507.00982666015625,26476300,0.0,0.0,0.2868363636363636
2024-04-05,512.9042437043852,526.6383471527769,510.4729824465434,523.3040771484375,19263300,0.0,0.0,0.27810624999999994
2024-04-08,525.2292670059732,527.4223143515474,514.9187707168354,515.2760009765625,13260600,0.0,0.0,0.257625
2024-04-09,518.2331333714253,521.845289446962,502.86169458913326,512.9439697265625,10863800,0.0,0.0,0.3796111111111111
2024-04-10,505.39228040139363,518.5607107573752,501.92896968081385,515.8516235351562,11418500,0.0,0.0,0.360184375
2024-04-11,517.1217682967572,519.8507216900733,513.3309966786047,519.1560668945312,10369500,0.0,0.0,0.22963571428571425
2024-04-12,513.787472668167,516.2088008915841,505.43190063751956,507.98223876953125,11984500,0.0,0.0,0.30377727272727273
2024-04-15,512.7653372648631,514.5615428654139,493.4741460488993,496.4015808105469,13512900,0.0,0.0,0.17812
2024-04-16,494.29775401725584,500.90678605584037,493.30540740997316,495.9351501464844,9847900,0.0,0.0,0.3088357142857143
2024-04-17,499.2496185150052,499.30915689281545,483.41177405310106,490.3879699707031,12193700,0.0,0.0,0.286978125
2024-04-18,495.994706718665,508.28989617034574,495.22067754794534,497.95953369140625,14808700,0.0,0.0,0.3109433333333333
2024-04-19,498.95191950753076,498.95191950753076,472.0891167696375,477.38824462890625,25215400,0.0,0.0,0.19663750000000002
2024-04-22,485.9719917197624,488.2444739766785,469.7768874878293,478.04315185546875,17271100,0.0,0.0,0.2933684210526316
2024-04-23,487.4902744828821,494.9428072503399,485.2277254126733,492.30316162109375,15079200,0.0,0.0,0.21182399999999998
2024-04-24,504.1715858072767,506.09674053713906,480.87127790932203,489.7230224609375,37772700,0.0,0.0,0.23733529411764706
2024-04-25,418.1748277483047,442.3583081895984,411.3276426488301,438.0019226074219,82890700,0.0,0.0,0.23977200000000004
2024-04-26,438.0813276050655,443.02322464354364,428.65403477490287,439.8973388671875,32691400,0.0,0.0,0.31333666666666665
2024-04-29,436.195878453334,436.3943598912081,425.28006561859786,429.3089904785156,21502600,0.0,0.0,0.3070428571428572
2024-04-30,427.751047303974,436.2554660770885,426.4312394735651,426.8778076171875,18429500,0.0,0.0,0.38017499999999993
2024-05-01,425.3197579943867,446.5162667930731,423.8411409701157,435.8287048339844,20344900,0.0,0.0,0.2740954545454546
2024-05-02,435.48142162693887,440.562231878881,428.9716297061358,438.2996826171875,15221300,0.0,0.0,0.3150875
2024-05-03,442.5171275663126,450.694084429791,440.4530598909977,448.5009765625,16489100,0.0,0.0,0.33971666666666667
2024-05-06,452.0933195880774,462.5923651748557,449.870472556269,462.11602783203125,15094600,0.0,0.0,0.2541136363636364
2024-05-07,462.7213143300044,467.9212009325345,457.7794172557727,464.6563720703125,13406800,0.0,0.0,0.28379375
2024-05-08,459.95273152661434,471.94026727789463,459.4565581376968,468.98309326171875,11683900,0.0,0.0,0.42907500000000004
2024-05-09,466.40290121752565,472.4363552104369,464.0510446249137,471.78143310546875,9437700,0.0,0.0,-0.0558875
2024-05-10,473.4386842914545,473.8455500732435,466.00601718642696,472.5555114746094,10750000,0.0,0.0,0.40445624999999996
2024-05-13,469.13187501336745,469.7272890553807,459.30764931420595,464.42816162109375,14668800,0.0,0.0,0.141225
2024-05-14,459.82368906593655,468.9235216998096,456.558859918331,468.2388000488281,10478600,0.0,0.0,0.37521000000000004
2024-05-15,471.3447925555496,478.80722798374535,467.5937236699598,477.8545837402344,13100500,0.0,0.0,0.43752857142857143
2024-05-16,471.36468862920213,474.0341037096342,469.1319085251691,469.6082458496094,16608200,0.0,0.0,0.46054999999999996
2024-05-17,467.2265884372279,469.1815126685142,464.83505951456476,468.29833984375,10807300,0.0,0.0,0.33607777777777786
2024-05-20,466.35335165798784,469.5784784874787,463.46561907811537,465.2518310546875,11745100,0.0,0.0,0.0
2024-05-21,463.54493846751484,467.0975562508918,458.73205140568564,461.0740051269531,11742200,0.0,0.0,0.36727000000000004
2024-05-22,464.28919769640606,470.094431348203,462.0861870387401,464.19989013671875,10078600,0.0,0.0,0.39177999999999996
2024-05-23,469.2608460752158,470.7294996020498,458.00763972040886,462.2151794433594,11747900,0.0,0.0,0.315925
2024-05-24,464.04117710669794,476.17758862327844,462.73127214344584,474.56005859375,12024300,0.0,0.0,0.2949071428571428
2024-05-28,472.93251456909275,477.17975667341176,471.20584122977107,476.2469787597656,10175800,0.0,0.0,0.4622625
2024-05-29,471.0272753949379,476.17755705003367,470.07463106847433,470.72955322265625,9226200,0.0,0.0,0.3639833333333333
2024-05-30,468.06016138210737,468.1196997588506,461.1534068397315,463.4754943847656,10719600,0.0,0.0,0.1725
2024-05-31,462.2350557963907,465.52965393072293,450.9818484598858,463.2571716308594,16919800,0.0,0.0,0.1569
2024-06-03,467.25636863239123,475.9294996806374,464.6564250347683,473.83563232421875,11279400,0.0,0.0,0.29397500000000004
2024-06-04,473.3493496612414,475.22489935660434,469.60821371186694,473.33941650390625,7088700,0.0,0.0,0.09685625
2024-06-05,480.7423648637953,492.84897628065335,480.2064891730306,491.2711486816406,15690500,0.0,0.0,0.25524166666666664
2024-06-06,489.20711088439725,498.9717992536911,487.1331098145105,489.98114013671875,10667300,0.0,0.0,0.22511666666666666
2024-06-07,492.1146295476639,495.0916694898727,486.4185694824564,489.18719482421875,9380700,0.0,0.0,0.4416666666666667
2024-06-10,490.0803178915368,498.81298686453346,489.63378005499686,498.7534484863281,11220900,0.0,0.0,0.5188499999999999
2024-06-11,496.332099600009,503.71516103182034,494.4565499121785,503.5861511230469,9673700,0.0,0.0,0.33622499999999994
2024-06-12,510.056288859241,510.0761551757221,500.6091588400746,504.9457092285156,11983200,0.0,0.0,0.3373285714285714
2024-06-13,501.8396375159677,505.46169688773693,497.5229233456596,500.2419738769531,9954600,0.0,0.0,0.37098
2024-06-14,499.29830731982713,503.76830117284993,497.41098264470133,500.7982482910156,10243300,0.5,0.0,0.1328
2024-06-17,498.32479160431706,507.3442312664129,492.7025298188683,503.251708984375,11266600,0.0,0.0,0.02504
2024-06-18,501.1955938495888,502.625994361436,491.71919803712245,496.1593933105469,13060400,0.0,0.0,0.12877142857142856
2024-06-20,498.652632230771,500.31150990328194,493.45749528868265,498.3546447753906,11801200,0.0,0.0,0.2735
2024-06-21,500.09297514636967,500.09297514636967,489.1067263628177,491.48077392578125,22359200,0.0,0.0,0.39385000000000003
2024-06-24,495.8712961742398,504.4139262555408,490.9940329117928,495.5832214355469,13525300,0.0,0.0,0.29471428571428576
2024-06-25,493.73567575796005,507.30459499064085,492.1960232296981,507.1953430175781,12063200,0.0,0.0,0.21055000000000001
2024-06-26,503.27159725374554,510.38385724147327,501.3147322130294,509.6984558105469,8882300,0.0,0.0,0.17579999999999998
2024-06-27,510.8208696393797,519.3933277808096,510.47322776643625,516.095458984375,10121200,0.0,0.0,0.2906357142857143
2024-06-28,513.7016545830614,518.4000954188623,500.48037812073636,500.85784912109375,15855100,0.0,0.0,0.27863
2024-07-01,501.58294679281164,503.2020522993896,489.8814984155555,501.3147277832031,10328200,0.0,0.0,0.2878357142857143
2024-07-02,497.42088904280774,507.0959319918616,496.11962668652535,506.10260009765625,7739500,0.0,0.0,0.4893700000000001
2024-07-03,502.99354242868384,507.8708064039529,502.64587015035653,506.5596008300781,6005600,0.0,0.0,0.20779375000000003
2024-07-05,508.18856248198745,537.2633737862543,508.18856248198745,536.3097534179688,21354100,0.0,0.0,0.32433125
2024-07-08,538.7336124129018,539.1905669814913,523.1383477493558,525.79052734375,14917500,0.0,0.0,0.32461249999999997
2024-07-09,530.1909987251714,533.8961079897183,524.6680747748195,526.4660034179688,8753200,0.0,0.0,0.23875625
2024-07-10,527.2506757341519,535.2867583710278,524.8368862253591,531.1246948242188,10983300,0.0,0.0,0.4284666666666667
2024-07-11,527.3499903194348,531.8895244068907,504.98013638714235,509.2812805175781,16458300,0.0,0.0,0.126085
2024-07-12,494.44087322434433,504.7019779354112,490.93441299316135,495.54345703125,19750500,0.0,0.0,0.1227
2024-07-15,495.3051548612854,503.3014655754088,490.0802186841152,492.85162353515625,12539200,0.0,0.0,0.1700357142857143
2024-07-16,498.1559561053816,500.58963142634576,482.55072018571695,486.5240478515625,14075800,0.0,0.0,0.130075
2024-07-17,475.9748583365877,475.9748583365877,456.0585356169319,458.9093933105469,28076600,0.0,0.0,0.2307
2024-07-18,471.83266375516723,476.04438141112735,461.4424203212603,472.677001953125,19267200,0.0,0.0,0.0
2024-07-19,472.885574584568,483.4645530933458,472.5379023621215,473.6107177734375,15149400,0.0,0.0,0.19567500000000002
2024-07-22,483.3354239432015,488.77889368380687,480.67330171898413,484.14996337890625,12023100,0.0,0.0,0.4946
2024-07-23,486.57366099330596,491.9177911002036,484.4678023595281,485.43133544921875,9455500,0.0,0.0,0.06230625000000001
2024-07-24,469.1606069922724,473.12399173942754,457.5088124022394,458.1942138671875,17649700,0.0,0.0,0.004961111111111107
2024-07-25,460.1709526223855,460.45899705158166,439.69836609184694,450.3866271972656,18240500,0.0,0.0,0.0
2024-07-26,461.1046981366571,466.63753399730916,456.3565726815499,462.5946960449219,14222400,0.0,0.0,0.80305
2024-07-29,466.74682183029705,470.7996028508264,461.9192127867245,462.6046142578125,11339600,0.0,0.0,0.47639000000000004
2024-07-30,463.88600206485654,469.57780482339075,453.6546955153981,460.1014099121094,11390400,0.0,0.0,0.3553625
2024-07-31,467.8792258794459,473.32269613102295,463.6377091692654,471.663818359375,24285800,0.0,0.0,0.3574
2024-08-01,517.5259306837595,523.6547716585801,488.8186442383986,494.4210205078125,43083100,0.0,0.0,0.3476333333333333
2024-08-02,485.73929115246585,497.80826747717975,472.9749703834954,484.8850402832031,24044700,0.0,0.0,0.45455000000000007
2024-08-05,448.34036348534045,480.2561225927905,447.79401274658,472.55780029296875,21396200,0.0,0.0,0.27252
2024-08-06,475.8060337333228,499.20893351019396,475.4583614663161,490.79541015625,20955000,0.0,0.0,0.68015
2024-08-07,499.77512044060245,506.74829997819876,483.6135898383969,485.6598815917969,20105300,0.0,0.0,0.5738749999999999
2024-08-08,494.18262946631637,506.55953668319745,491.4211679453795,506.23175048828125,16156800,0.0,0.0,0.5085166666666666
2024-08-09,504.3245575432351,514.8837113715979,502.3279809305961,514.3175048828125,13696600,0.0,0.0,0.24664999999999998
2024-08-12,513.4136101164537,514.5659092940476,505.70537370217875,512.5097045898438,9767400,0.0,0.0,0.75875
2024-08-13,516.5425953987603,527.9559706517589,514.6950123852472,525.0156860351562,13743800,0.0,0.0,0.591425
2024-08-14,524.5388780300436,530.4392723612109,519.6417586898049,523.24755859375,11444200,0.0,0.0,0.4350625
2024-08-15,528.2439121362164,536.1707413680679,523.1878870724586,533.7470092773438,13482100,0.0,0.0,0.26675
2024-08-16,528.3533057155574,530.1015190770014,521.1615312349661,523.9031372070312,14776700,0.0,0.0,0.34809999999999997
2024-08-19,523.3567686125551,528.1148065447744,519.2741890909025,525.750732421875,9879700,0.0,0.0,0.0
2024-08-20,524.8269052919596,527.5486857302659,522.3734045061494,523.2177124023438,7944400,0.0,0.0,0.0
2024-08-21,523.6348937052984,535.803208512871,523.4163291780279,531.5914306640625,13423300,0.0,0.0,0.44884999999999997
2024-08-22,533.4192569001465,540.6010274942679,525.0653618809546,528.383056640625,15708300,0.0,0.0,0.457975
2024-08-23,533.3397517008707,536.2700929585844,521.55884980876,524.479248046875,11323900,0.0,0.0,0.300425
2024-08-26,524.0820368330744,524.4793939585595,511.5164210630617,517.645263671875,9584000,0.0,0.0,0.46495
2024-08-27,515.5193548304624,520.5158432413665,511.87384384105246,515.6385498046875,6282700,0.0,0.0,0.09735
2024-08-28,514.2180646497437,517.6153031156273,509.0329016673362,513.3340454101562,9106100,0.0,0.0,0.33321666666666666
2024-08-29,515.5889478445253,523.6846276660798,512.2414239497651,514.7644653320312,8317400,0.0,0.0,0.2861
2024-08-30,517.8736347952997,520.0490343879956,511.7646791262931,517.8339233398438,9157500,0.0,0.0,0.27159285714285714
2024-09-03,516.1750252560046,521.9859928695383,505.22848784642304,508.3475646972656,12459100,0.0,0.0,0.14692499999999997
2024-09-04,502.6954771522908,513.1453480424364,500.70881337108693,509.32098388671875,8335200,0.0,0.0,0.5840000000000001
2024-09-05,508.307802962019,518.1517257651456,507.74159650154314,513.4135131835938,8640900,0.0,0.0,0.5612166666666667
2024-09-06,518.4000613773472,521.0820696565472,494.9276235238455,496.93414306640625,14744500,0.0,0.0,0.6149
2024-09-09,502.78490166446124,507.9204108518389,498.7320903469637,501.4240417480469,11047800,0.0,0.0,0.17871666666666666
2024-09-10,504.77156555740726,510.751412962104,496.69577198232815,501.4240417480469,9899000,0.0,0.0,0.29295
2024-09-11,503.6292165016286,509.69845986206315,492.29529588084,508.41705322265625,10782500,0.0,0.0,0.30798333333333333
2024-09-12,513.6022993894097,523.1979204782829,511.7844848502824,522.0952758789062,11970500,0.0,0.0,0.2553
2024-09-13,516.8704572987319,524.0621720816487,513.6619533531348,521.1218872070312,10321400,0.0,0.0,0.23835
2024-09-16,521.5393768501115,531.0446869851908,514.4402669362904,530.2294311523438,9527600,0.5,0.0,0.3749
2024-09-17,534.5246604241431,538.9989183875797,527.5349067624319,533.2520141601562,11690800,0.0,0.0,0.2795375
2024-09-18,533.9976488950548,541.0868659284195,530.8458001640214,534.8726196289062,10323500,0.0,0.0,0.09981250000000001
2024-09-19,546.8538127706381,558.8547755441265,543.393738974814,555.9017333984375,15647000,0.0,0.0,0.34561250000000004
2024-09-20,556.7965408444652,561.2707987619654,553.1176944195414,558.1387939453125,22066800,0.0,0.0,0.4403
2024-09-23,566.2421838477487,570.6965366558616,559.1927153838685,561.1812744140625,12830700,0.0,0.0,0.0577
2024-09-24,563.4383563302257,564.5022427843289,551.0198138385321,560.1075439453125,12993000,0.0,0.0,0.12407500000000005
2024-09-25,560.8233803106601,573.580004208347,560.4952510598988,565.0590209960938,16543400,0.0,0.0,0.2704
2024-09-26,572.4366792659449,574.0971701952249,559.1332109326764,564.5918579101562,14400800,0.0,0.0,-0.05798333333333333
2024-09-27,566.8387572234752,567.5745750797583,561.2807684246667,564.1144409179688,9398400,0.0,0.0,0.38225
2024-09-30,564.4524692436476,571.3925205491627,561.5690344960939,569.1653442382812,12792300,0.0,0.0,0.0
2024-10-01,574.6736128791929,579.7046644318758,566.8386860157418,573.1722412109375,15259300,0.0,0.0,0.14845
2024-10-02,571.5715250916941,572.705018338464,566.0831432657689,569.5332641601562,6524700,0.0,0.0,0.37895
2024-10-03,566.8884769556879,580.0228702133212,565.4765563823341,579.436279296875,11581000,0.0,0.0,0.029825000000000004
2024-10-04,580.3907101459058,593.4356513652355,578.1038796024136,592.5308837890625,14169500,0.0,0.0,0.429575
2024-10-07,594.7979355563699,599.5009195077625,580.6990575803541,581.4348754882812,12014200,0.0,0.0,0.508625
2024-10-08,586.3167064096679,590.1645633879729,582.6179549512773,589.4984130859375,7857400,0.0,0.0,0.542475
2024-10-09,590.5920924118491,590.9898285010107,578.2829068901802,587.1320190429688,9529700,0.0,0.0,0.562225
2024-10-10,584.2088301034865,586.8535869486327,579.1877306195246,580.490234375,7740400,0.0,0.0,0.4242
2024-10-11,581.4846102064073,587.8281195065246,579.376742110834,586.5753173828125,8587100,0.0,0.0,0.83265
2024-10-14,590.8207303998246,596.6670986656153,586.585150741633,587.04248046875,8252000,0.0,0.0,0.29081666666666667
2024-10-15,586.7839608852024,587.2313987957768,576.8213215978997,582.916259765625,9564200,0.0,0.0,0.3628833333333333
2024-10-16,578.0742148752304,578.7503177573541,570.7463786831075,573.4905395507812,11268400,0.0,0.0,-0.064
2024-10-17,579.9930514580655,581.6236236428501,571.9095546343025,573.629638671875,8701200,0.0,0.0,0.6031166666666666
2024-10-18,577.7757598855744,580.6293370312779,571.9592494201094,573.1722412109375,7694300,0.0,0.0,0.4700125
2024-10-21,572.7348299431258,573.9378692579733,565.8543723443174,571.8697509765625,8171900,0.0,0.0,0.5644
2024-10-22,571.0047942012734,580.1919884331684,568.8472245196812,578.6806640625,8544500,0.0,0.0,0.45288333333333336
2024-10-23,576.6522939692993,581.6535493433651,559.2822589840049,560.4654541015625,14248400,0.0,0.0,0.3759833333333333
2024-10-24,563.885859438398,565.625848939079,558.3079648037167,564.5321655273438,7184700,0.0,0.0,0.40745
2024-10-25,570.6468058786587,577.9646881740268,568.4494264147659,569.970703125,11337900,0.0,0.0,0.48835
2024-10-28,578.67078290133,580.4107723688168,570.8358540442795,574.8527221679688,10925100,0.0,0.0,0.34140000000000004
2024-10-29,576.8313344603039,590.2739533915471,572.1085063582906,589.88623046875,13019100,0.0,0.0,0.0
2024-10-30,597.5420905900066,597.7608636426235,586.0084723536592,588.4146118164062,26864900,0.0,0.0,-0.0129
2024-10-31,581.6535232859577,586.5255172425846,559.7893261973286,564.3331909179688,26838400,0.0,0.0,0.05056000000000003
2024-11-01,564.3630263338429,570.3883582518947,559.3419265164682,563.9155883789062,15303200,0.0,0.0,0.13430999999999998
2024-11-04,560.8731367595427,565.4369071400736,554.698698856843,557.4727172851562,12064600,0.0,0.0,0.4055833333333334
2024-11-05,564.0547369200507,570.1993768247104,563.4283359927113,569.1553955078125,9775400,0.0,0.0,0.42653333333333326
2024-11-06,559.5308004818795,569.7221655728422,551.9941447200907,568.777587890625,18305400,0.0,0.0,0.46177500000000005
2024-11-07,573.5899087480227,591.39742768716,571.9195264894807,588.315185546875,14653700,0.0,0.0,0.5930333333333334
2024-11-08,588.156055247851,589.7071287920577,581.1762546419226,585.9686889648438,9415700,0.0,0.0,0.522275
2024-11-11,583.0057999151439,583.6421534545929,573.2121696554306,579.8340454101562,10209100,0.0,0.0,0.09142499999999999
2024-11-12,585.1731775517687,596.2295596498808,577.0598843312688,581.4744873046875,16287700,0.0,0.0,0.342375
2024-11-13,579.2771839216865,582.2898800347385,571.8797417717248,576.68212890625,10757600,0.0,0.0,0.383025
2024-11-14,573.6993404002395,577.4378414789874,569.7321744285508,573.8583984375,11053700,0.0,0.0,0.519025
2024-11-15,567.9523048385856,569.2946185704093,548.3451422976771,550.910400390625,17712900,0.0,0.0,0.0
2024-11-18,553.853551058886,556.6972371675329,546.9433555826829,551.2286987304688,14327300,0.0,0.0,0.3308375
2024-11-19,548.7031890906989,558.2184532479198,547.4503869397267,557.8804321289062,9522400,0.0,0.0,0.0
2024-11-20,559.709823243458,563.110242576314,551.0297815177419,562.2850341796875,9797300,0.0,0.0,-0.18694999999999998
2024-11-21,566.2620449532839,566.739279664007,545.9091133005595,559.8688354492188,11154700,0.0,0.0,0.41407499999999997
2024-11-22,560.32621328156,560.6046406773982,551.4175075908335,555.9414672851562,9164000,0.0,0.0,0.41934000000000005
2024-11-25,558.8845280879963,569.3145718667378,553.207230520728,561.8773193359375,13599800,0.0,0.0,-0.17467500000000002
2024-11-26,562.7622479761632,574.1964632618979,561.9668364413141,570.2590942382812,10356600,0.0,0.0,0.386375
2024-11-27,571.601423170664,571.6908743519631,560.8731072719025,565.9439697265625,7200200,0.0,0.0,0.4838875
2024-11-29,565.7450327371056,575.1509386081322,563.6570700717043,571.0346069335938,7130500,0.0,0.0,0.29295
2024-12-02,574.1963992934365,591.0991504414684,572.2774471807156,589.438720703125,12522400,0.0,0.0,0.510625
2024-12-03,591.5963703951107,610.6865511232141,587.8678218422003,610.1397094726562,14907200,0.0,0.0,0.10850000000000001
2024-12-04,609.4536043990507,614.2460390304662,601.6385211482492,610.2689208984375,14697000,0.0,0.0,0.0
2024-12-05,613.5500580968196,616.353933785045,603.5774048146206,605.4466552734375,8081200,0.0,0.0,0.529225
2024-12-06,606.6098772133706,626.1872423031517,605.0489118572826,620.2017211914062,16935500,0.0,0.0,0.2971
2024-12-09,620.350888846341,622.8167434326103,602.7024265777296,610.0601196289062,11426000,0.0,0.0,0.17240000000000003
2024-12-10,614.0272190903004,622.0113122599781,609.2347848248279,615.7771606445312,10938900,0.0,0.0,0.13954999999999998
2024-12-11,619.8039905100828,634.7480401253283,617.9745502630952,629.0607299804688,10837200,0.0,0.0,0.0
2024-12-12,627.887478818055,633.017934128409,623.6220417827839,627.1815185546875,7474700,0.0,0.0,0.70825
2024-12-13,623.6320266186848,627.4699920270454,613.3611619616729,616.8013305664062,8453300,0.0,0.0,0.41089285714285717
2024-12-16,626.8814975325155,628.0457867533739,615.5376035416824,621.1697387695312,10885600,0.5,0.0,0.33545625
2024-12-17,623.0902515630854,629.2597698587709,613.5076105410767,616.3933715820312,12897800,0.0,0.0,0.4751
2024-12-18,617.945699059959,624.2744037203172,593.387091448316,594.2528076171875,17075500,0.0,0.0,0.0
2024-12-19,607.3878634532757,608.512310503509,592.0735432784724,592.6407470703125,14958100,0.0,0.0,0.37825
2024-12-20,587.675323062813,600.1436642411298,577.1473424651591,582.3715209960938,48989400,0.0,0.0,0.33598333333333336
2024-12-23,586.7000120717197,598.1335492116074,583.366513431805,596.8995971679688,10205800,0.0,0.0,0.432625
2024-12-24,599.7555744761255,604.99967413285,596.3325519539701,604.7608642578125,4726100,0.0,0.0,0.5490999999999999
2024-12-26,602.5019749107529,603.3179490935831,595.994163249834,600.3824462890625,6081400,0.0,0.0,0.6892
2024-12-27,596.4618673609139,598.8898690255031,586.8991472446073,596.8599243164062,8084200,0.0,0.0,0.395525
2024-12-30,585.8541662451341,594.0038852291777,582.6997752560201,588.3319091796875,7025900,0.0,0.0,0.0
2024-12-31,589.3569487521584,591.048538740922,580.9783186606066,582.6301879882812,6019500,0.0,0.0,0.5307
2025-01-02,586.8194676993116,601.9347590067932,584.9288491785778,596.2926635742188,12682300,0.0,0.0,0.459575
2025-01-03,601.7855544308446,606.5022314682295,593.4765866809927,601.6561889648438,11436800,0.0,0.0,0.3654
2025-01-06,608.8208189352832,627.8865565009487,602.6413400646944,627.1004638671875,14560800,0.0,0.0,0.6768
2025-01-07,628.5930258941997,628.9910220723464,605.2384303850833,614.8509521484375,12071500,0.0,0.0,0.29155
2025-01-08,610.382997271492,613.4080230721381,599.82513672869,607.7161254882812,10085800,0.0,0.0,0.33540000000000003
2025-01-10,607.0296506844576,626.811816790901,594.4020628949343,612.8309326171875,19256600,0.0,0.0,0.39638333333333337
2025-01-13,604.1138991919983,605.9746965682851,595.5064814439484,605.337890625,10785000,0.0,0.0,0.1656125
2025-01-14,602.0940612489228,602.5119785361296,585.6552929558646,591.3272705078125,13598000,0.0,0.0,0.0
2025-01-15,607.2087300599234,619.3984789584875,603.5169556717734,614.084716796875,15524300,0.0,0.0,0.235325
2025-01-16,608.4924244716136,613.2190622741323,606.7112501958828,608.2933959960938,8355300,0.0,0.0,0.24284375
2025-01-17,620.9806532892833,621.8961113451103,600.7008856525179,609.7561645507812,17280600,0.0,0.0,0.38185
2025-01-21,614.791235345522,618.4431675349931,606.0146090104106,613.427978515625,11674000,0.0,0.0,0.4393
2025-01-22,620.2343821669388,630.5832556521083,616.3834210286319,620.4334106445312,12274000,0.0,0.0,0.2656
2025-01-23,624.27438359991,633.4689279487995,618.0949656788501,633.3197021484375,9910200,0.0,0.0,0.3715875
2025-01-24,633.2699982280365,648.7932479651176,631.0808064099955,644.305419921875,19065300,0.0,0.0,0.20677500000000001
2025-01-27,623.5280757089856,660.6048263723562,622.025492753922,656.6344604492188,28399200,0.0,0.0,0.2823875
2025-01-28,662.7243202820943,679.222789585596,656.2264085295512,671.0133666992188,20950100,0.0,0.0,0.40309285714285714
2025-01-29,671.6800579089199,677.7002892439266,662.3959298804792,673.1627197265625,21377800,0.0,0.0,0.2638125
2025-01-30,693.3927409364592,707.294001197109,672.774619401076,683.6210327148438,29322900,0.0,0.0,0.5297333333333333
2025-01-31,687.6014000766061,701.8310551092019,682.2080746968453,685.7903442382812,19303900,0.0,0.0,0.36769375000000004
2025-02-03,672.5855459885331,700.5374135449807,671.9288188867163,694.0296020507812,21415700,0.0,0.0,0.3209875
2025-02-04,699.0447502736523,704.2291467274541,688.2082982161528,700.7264404296875,13826300,0.0,0.0,0.4700166666666667
2025-02-05,700.0896222542642,714.6078889974233,695.5719738179728,701.4031372070312,17778200,0.0,0.0,0.5276166666666667
2025-02-06,702.4082250040422,715.364207246352,700.0399258686745,708.4881591796875,13080700,0.0,0.0,0.28840000000000005
2025-02-07,713.2743693522815,721.4440099000519,708.249220189881,711.005615234375,16427100,0.0,0.0,0.423675
2025-02-10,715.0258499928055,717.6528800590577,707.8314292796238,713.87158203125,12904300,0.0,0.0,0.7247
2025-02-11,709.8115954275665,720.1007048878689,706.5476987131067,716.2597045898438,12998000,0.0,0.0,0.6131
2025-02-12,711.7818168815365,723.523766963731,709.0950845634602,721.812255859375,12016500,0.0,0.0,0.124
2025-02-13,717.9712711727863,725.4144618537392,714.5083460221898,724.9766235351562,12569100,0.0,0.0,0.06705
2025-02-14,722.5685149916063,737.2658278537506,722.0510531620941,733.0466918945312,16901200,0.0,0.0,0.40695
2025-02-18,732.3800758046814,733.375157429416,702.9654654069245,712.8466186523438,21938700,0.0,0.0,0.4572833333333333
2025-02-19,700.6369269472729,703.5226878675882,691.9698051227019,700.30859375,17535500,0.0,0.0,0.260405
2025-02-20,693.8504254939003,702.1593313419692,690.2283144244507,691.4224243164062,12587400,0.0,0.0,0.28862499999999996
2025-02-21,693.1538679639241,700.4079900217689,679.0037778663954,680.1879272460938,15660400,0.0,0.0,0.23340000000000002
2025-02-24,682.9045646514273,683.8896856241412,659.1917553729045,664.8438110351562,15677000,0.0,0.0,0.27644
2025-02-25,662.6944247816905,664.7144694629277,638.703023401866,654.26611328125,20579700,0.0,0.0,0.4339375
2025-02-26,656.4055307530449,679.650619839028,654.7636219966097,670.3864135742188,14488700,0.0,0.0,0.33390000000000003
2025-02-27,679.0934498337167,685.2629678985895,654.3358147754243,655.0025024414062,12500000,0.0,0.0,0.48321250000000004
2025-02-28,654.8034504822056,666.3364725318584,639.4393887052988,664.9135131835938,17534200,0.0,0.0,0.033049999999999996
2025-03-03,670.3665609910959,677.8993359462462,647.6389313945824,651.8281860351562,10843800,0.0,0.0,0.52895
2025-03-04,642.3350817447994,646.554217672348,620.5826142922276,636.8521728515625,21495200,0.0,0.0,0.602425
2025-03-05,637.847267619745,656.256276123591,634.523668550264,653.2411499023438,13770000,0.0,0.0,0.46605
2025-03-06,644.8129097915485,647.3603163884869,621.0403945748483,624.8416137695312,13446500,0.0,0.0,-0.023749999999999993
2025-03-07,622.294150848658,631.6678021460568,597.6559216844704,622.5827026367188,21375700,0.0,0.0,0.0
2025-03-10,605.0792675215534,607.109212093194,583.9835257431913,595.048828125,21999900,0.0,0.0,-0.03427499999999997
2025-03-11,592.1232321992892,611.9054572036264,590.4117211785095,602.7308349609375,17401500,0.0,0.0,0.4474
2025-03-12,626.8018027522027,630.2149246910475,606.3528312442298,616.5126342773438,15747000,0.0,0.0,0.30355
2025-03-13,617.1992715803975,617.4480419437915,583.625233054342,587.7349243164062,16480300,0.0,0.0,0.5114666666666667
2025-03-14,600.3688460487675,606.4044031406513,592.381232702444,605.1494750976562,12364500,0.525,0.0,0.05732499999999999
2025-03-17,605.01006095703,610.6272679434014,595.5881924170304,602.4603881835938,15473900,0.0,0.0,0.359875
2025-03-18,597.6298861819188,597.8290917063831,572.34227369431,580.01123046875,20297700,0.0,0.0,0.36036666666666667
2025-03-19,581.9236121177603,589.9311646960157,572.4519564790293,581.7044677734375,20537500,0.0,0.0,0.18475
2025-03-20,580.4096129893901,607.7389439842362,577.172720940167,583.6365356445312,24336500,0.0,0.0,0.451725
2025-03-21,581.0669435562578,595.1299901540924,578.6069346961235,593.84521484375,25015900,0.0,0.0,0.2031333333333333
2025-03-24,612.4897086743648,620.0291850741187,609.7309218178737,616.3540649414062,15741300,0.0,0.0,0.41175
2025-03-25,624.2321938231848,631.3234729455945,618.674681768664,623.7839965820312,15312500,0.0,0.0,0.0
2025-03-26,622.3697410659778,624.2222248223229,604.163437823038,608.5158081054688,12609800,0.0,0.0,0.3554333333333333
2025-03-27,599.572102422941,611.7726975303846,597.6797409070035,600.1497802734375,10436500,0.0,0.0,0.6306499999999999
2025-03-28,597.8889510971005,599.3231460176767,571.605367212507,574.4140014648438,17602800,0.0,0.0,0.0
2025-03-31,561.2273418254761,576.3660506926756,551.0684674021583,574.0354614257812,21124700,0.0,0.0,0.6123999999999999
2025-04-01,568.537705940541,587.5307390242879,567.70106709451,583.6365356445312,12836600,0.0,0.0,0.0
2025-04-02,572.5912500878843,590.2696609066593,571.0475136953103,581.5748901367188,13470800,0.0,0.0,0.167775
2025-04-03,544.016982785148,550.3314393515183,528.1612075786397,529.4758911132812,34777500,0.0,0.0,0.37645
2025-04-04,504.5767280238223,515.9108358048159,492.2068365877987,502.6943664550781,38589800,0.0,0.0,0.2947625
2025-04-07,483.14354512484755,537.1946573822175,479.95643891438516,514.1679077148438,36606100,0.0,0.0,-0.1897
2025-04-08,541.0589972717423,545.2221314563009,500.8318811641039,508.39129638671875,28034200,0.0,0.0,0.207475
2025-04-09,507.21603593950647,585.5189766353849,500.0849095170737,583.4075317382812,39216600,0.0,0.0,-0.0753
2025-04-10,573.1689763297147,578.9555415344041,533.141064552052,544.0867309570312,28173500,0.0,0.0,0.0
2025-04-11,533.3501954996136,545.1922554454453,526.4581222037267,541.377685546875,17642300,0.0,0.0,0.457125
2025-04-14,553.926912857093,555.5204964254532,526.1494412576809,529.3364868164062,14130900,0.0,0.0,0.7784500000000001
2025-04-15,529.9639426413264,535.7704467995947,515.41288054515,519.4166870117188,15558700,0.0,0.0,0.30433750000000004
2025-04-16,506.459094542153,511.29947867102186,493.6310371089192,500.2840881347656,18735100,0.0,0.0,0.0
2025-04-17,503.2123040095489,505.2540241094821,496.0015129816489,499.45751953125,14593500,0.0,0.0,0.11825000000000001
2025-04-21,489.3483735420339,491.50963495584347,477.8648771062618,482.7052917480469,16166000,0.0,0.0,0.44089999999999996
2025-04-22,489.886213659528,504.8356859267328,484.3984265448332,498.2622985839844,17399400,0.0,0.0,-0.148
2025-04-23,526.3984497963002,533.1809824042,514.4368768066369,518.1717529296875,18173900,0.0,0.0,0.25143333333333334
2025-04-24,516.637810582109,531.7466698835482,515.4127909372843,530.9996948242188,13910000,0.0,0.0,0.3452875
2025-04-25,544.5946081566364,547.6422639879924,534.0871710746434,545.062744140625,17098900,0.0,0.0,0.07220000000000001
2025-04-28,553.3989944115831,556.2374754096683,538.409706579595,547.5227661132812,15179000,0.0,0.0,0.4391625
2025-04-29,543.7978948573555,554.3252716550422,541.9254723342877,552.203857421875,11835000,0.0,0.0,0.33313333333333334
2025-04-30,536.2286028212618,546.8854000110363,527.3644731031741,546.7858276367188,29244000,0.0,0.0,-0.1532
2025-05-01,589.6920784232152,590.5585647326062,568.1990964565776,569.9022216796875,31159000,0.0,0.0,0.3847346153846154
2025-05-02,581.1068141330562,601.9026058918658,575.9974995584959,594.6121215820312,24739300,0.0,0.0,0.040475
2025-05-05,588.8355064073843,600.7772002962906,585.6783084359005,596.8530883789062,13887700,0.0,0.0,0.36
2025-05-06,590.1403242884969,593.6262086030198,584.2143087960085,584.9413452148438,10600700,0.0,0.0,0.35177
2025-05-07,587.9789559689339,600.6476855016655,584.3038359796805,594.4029541015625,13139100,0.0,0.0,0.37995
2025-05-08,603.8447184228645,608.8345220578558,594.2137360230962,595.59814453125,14622800,0.0,0.0,0.27385000000000004
2025-05-09,601.2851535548689,604.5220462267766,589.3236412362096,590.1004638671875,10427300,0.0,0.0,0.4392375
2025-05-12,628.3753263945498,637.8071631499196,618.5252614130806,636.8510131835938,21965100,0.0,0.0,-0.30515
2025-05-13,642.9364120582926,658.254386921773,640.2373808266427,653.3841552734375,18570800,0.0,0.0,0.0
2025-05-14,658.543319934739,659.9973927569988,651.6711237576287,656.7007446289062,12348200,0.0,0.0,0.171625
2025-05-15,651.6412216753015,654.6589696292252,636.0045299274248,641.2831420898438,14341800,0.0,0.0,0.569325
2025-05-16,635.3870402976211,637.8570186595293,623.6246741050281,637.7574462890625,18519000,0.0,0.0,0.4107
2025-05-19,625.7161768945482,640.4066880114517,625.2679796518272,637.8470458984375,9592400,0.0,0.0,0.533825
2025-05-20,633.4449476478025,636.7714432087338,629.7100715967877,634.530517578125,6743500,0.0,0.0,0.38195
2025-05-21,629.2418916838421,644.0021281038256,627.6284302053292,632.9369506835938,11464600,0.0,0.0,0.5287999999999999
2025-05-22,631.492768599171,640.6556757699244,628.1662733645643,634.0026245117188,8228400,0.0,0.0,0.5646666666666667
2025-05-23,621.4832888202177,629.8992205141227,620.1387579436545,624.5309448242188,8454100,0.0,0.0,0.387425
2025-05-27,632.847326590347,640.4864367881302,630.1980812771392,639.7294921875,9508400,0.0,0.0,0.45423333333333327
2025-05-28,640.0082861312126,648.2549209907568,639.958499945528,640.984375,9042900,0.0,0.0,-0.08436666666666666
2025-05-29,649.0218431897822,650.6850908623647,636.9208212538034,642.4484252929688,8858800,0.0,0.0,0.0
2025-05-30,639.9087965132786,646.7909017255059,630.2280264669267,644.878662109375,16241000,0.0,0.0,0.0
2025-06-02,641.7910045196929,670.5445586492476,641.6615239839366,668.194091796875,15766300,0.0,0.0,0.5005166666666666
2025-06-03,668.7420068089284,672.8553550898889,662.3479161440031,664.1605224609375,11585000,0.0,0.0,0.17045000000000002
2025-06-04,666.6206069146197,686.2212292149324,665.8736317013958,685.1754760742188,14031900,0.0,0.0,0.5188125
2025-06-05,688.8703488193835,691.5794100418087,679.4983282686153,681.8587646484375,13083100,0.0,0.0,0.3302333333333333
2025-06-06,693.3622292653906,699.9754637799698,689.0795839414949,694.8960571289062,11728000,0.0,0.0,0.2377
2025-06-09,695.6429591747781,702.345795960264,691.1411700052762,691.2606811523438,12773200,0.0,0.0,0.40198333333333336
2025-06-10,698.5213248498013,700.3937473880201,688.7708312874433,699.567138671875,10850100,0.0,0.0,0.1156
2025-06-11,700.871802415462,706.0109642368116,689.199040180601,691.3403930664062,9582500,0.0,0.0,0.48692857142857143
2025-06-12,690.5038430500748,692.5754712333077,684.229263706634,690.5635986328125,7322700,0.0,0.0,0.6896166666666667
2025-06-13,685.1754345871889,691.768730540237,678.2634219344503,680.1159057617188,9274400,0.0,0.0,0.28035
2025-06-16,697.0454302800655,704.839891030923,691.2444358848513,699.8262939453125,13720300,0.525,0.0,0.556
2025-06-17,699.7066458929623,703.6636471536132,693.7860487635145,694.9522094726562,10066100,0.0,0.0,0.62305
2025-06-18,695.8991705300261,699.2980647722242,692.6299173050131,693.4970703125,10068300,0.0,0.0,0.170025
2025-06-20,698.4607641474819,699.5272759324512,676.4528788689065,680.120849609375,22538600,0.0,0.0,0.5711833333333333
2025-06-23,681.4565596787132,696.7663678330139,676.5326949790629,696.2481079101562,11080100,0.0,0.0,0.0
2025-06-24,702.5872956643889,710.860169242287,699.8163481052391,709.8734130859375,13823200,0.0,0.0,0.4800166666666667
2025-06-25,710.9897247556078,714.2390846812559,703.0756608117819,706.3648681640625,9320400,0.0,0.0,0.44811666666666666
2025-06-26,712.0262960706955,725.84100327131,708.7271116959034,723.718017578125,13964800,0.0,0.0,0.20261428571428572
2025-06-27,724.1465793868571,733.0274448848292,723.488701447296,731.2333374023438,18775700,0.0,0.0,0.423725
2025-06-30,742.1177521024767,745.4568450948445,731.8514114766995,735.6788940429688,15402100,0.0,0.0,0.0
2025-07-01,734.4727647300622,735.3399177465482,713.0330238804761,716.8704223632812,13431200,0.0,0.0,-0.03565000000000003
2025-07-02,712.9931517050737,717.946886332231,710.4713875973353,711.2388916015625,9336700,0.0,0.0,0.0
2025-07-03,724.2363423193813,726.6484806198991,712.0861613983789,716.6611938476562,8601700,0.0,0.0,0.0
2025-07-07,715.2557459712787,724.625062725977,711.1791411032029,716.0032958984375,9457100,0.0,0.0,0.23835
2025-07-08,719.2126969006005,720.5482851617525,712.4747715361043,718.3156127929688,7770700,0.0,0.0,0.494775
2025-07-09,720.3589752323313,735.1206520424314,720.3589752323313,730.3861694335938,11418000,0.0,0.0,0.18146666666666667
2025-07-10,729.1601141641413,733.3962299961528,717.2491410105094,724.8641967773438,9913600,0.0,0.0,0.41999
2025-07-11,720.1397657932962,722.791049443565,707.3815924903404,715.1660766601562,10873900,0.0,0.0,0.34092
2025-07-14,715.2557188520466,725.6217684499236,714.2091611608587,718.5648803710938,8939400,0.0,0.0,0.6893
2025-07-15,721.5352116480268,722.1032960553172,707.501190694441,708.0693359375,11529500,0.0,0.0,0.254425
2025-07-16,711.0394977501286,711.6375132851348,696.985585155631,700.6136474609375,13067600,0.0,0.0,0.32572999999999996
2025-07-17,702.0888975460598,703.5939743779064,694.8326508122145,699.1185913085938,11803300,0.0,0.0,0.23365909090909093
2025-07-18,699.8960490076172,702.407835998619,689.3905035678976,701.979248046875,12779800,0.0,0.0,0.62523
2025-07-21,704.4909815749821,714.6576719200774,703.4544009949688,710.6408081054688,9404400,0.0,0.0,0.61365
2025-07-22,713.8502737130124,714.2589075119218,699.1185294508831,702.5074462890625,8921100,0.0,0.0,0.32463333333333333
2025-07-23,704.062433018762,712.2954590710364,702.6271347622425,711.2489013671875,8771600,0.0,0.0,0.31870625
2025-07-24,714.7075545657141,721.256099225235,711.6675303636672,712.4649047851562,10920800,0.0,0.0,0.5015833333333334
2025-07-25,714.5778842585692,718.2957401275581,709.5743254141869,710.3517456054688,8271700,0.0,0.0,0.48633750000000003
2025-07-28,712.8635901780652,722.3724029167645,710.3518030699777,715.28564453125,8715700,0.0,0.0,0.4232916666666668
2025-07-29,717.6478585379464,722.1032264585367,697.6234630507284,697.7131958007812,13267000,0.0,0.0,-0.03501666666666666
2025-07-30,705.7768321791035,706.1854660197899,688.9419939778502,692.9389038085938,27077300,0.0,0.0,0.3198875
2025-07-31,772.667590247117,782.1863801577031,763.0092430876867,770.913330078125,38831100,0.0,0.0,0.35361818181818183
2025-08-01,758.2448261685668,763.497629588928,742.8752172910131,747.5598754882812,19028700,0.0,0.0,0.3356038461538462
2025-08-04,757.5172228150747,774.3121526971289,755.9323902785536,773.833740234375,15801700,0.0,0.0,0.44065
2025-08-05,773.913496774336,780.571667176634,760.507423214992,760.9659423828125,11640300,0.0,0.0,0.25689
2025-08-06,767.4845892138412,771.1127127816184,757.9757760743282,769.4680786132812,9733900,0.0,0.0,0.7456499999999999
2025-08-07,770.963067577982,772.4681442766814,757.0686058784653,759.3411865234375,9019700,0.0,0.0,0.30710000000000004
2025-08-08,760.2582747146965,767.3849416766147,756.101914160301,766.786865234375,7320800,0.0,0.0,0.13085
2025-08-11,767.5643106154529,770.9332736584846,762.171949999175,763.3680419921875,7612000,0.0,0.0,0.4063
2025-08-12,770.4747258826147,791.077183084039,769.9065806861354,787.419189453125,14563100,0.0,0.0,0.3682875
2025-08-13,788.5655214330485,792.861439232817,775.687684264025,777.5316772460938,8811800,0.0,0.0,0.3992
2025-08-14,775.3387743217048,785.2363270315518,769.986322264654,779.5748901367188,8116200,0.0,0.0,0.3220416666666666
2025-08-15,781.5883668624648,793.6488143059948,778.269228256533,782.664794921875,13375400,0.0,0.0,0.6711
2025-08-18,772.5579712024165,773.2755899130946,754.0884756033142,764.8631591796875,16513700,0.0,0.0,0.529675
2025-08-19,764.613945820292,764.6637703117248,746.9119549568848,749.0250244140625,12286700,0.0,0.0,0.42497857142857143
2025-08-20,745.1278702665168,747.7492835360712,728.611993296026,745.27734375,11898200,0.0,0.0,0.3344111111111111
2025-08-21,742.2771438441821,743.064541108265,730.7150031484181,736.6854248046875,8876300,0.0,0.0,0.07150000000000005
2025-08-22,736.81505282597,754.4273720053774,731.9908982789533,752.32421875,10612700,0.0,0.0,0.3041125
2025-08-25,752.354165267511,756.40089964729,747.6794841015795,750.839111328125,6861200,0.0,0.0,0.13661
2025-08-26,748.3472672479323,752.4039786334924,745.4966249237331,751.636474609375,7601800,0.0,0.0,0.34816250000000004
2025-08-27,749.8423869559551,751.6863799088018,740.4133296583533,744.9384765625,8315400,0.0,0.0,0.37631666666666663
2025-08-28,741.5694916361576,750.5899148175357,738.3799332684189,748.65625,7468000,0.0,0.0,0.3804875
2025-08-29,742.845387064901,744.69929631257,732.9477723395529,736.286865234375,9070500,0.0,0.0,0.7372000000000001
2025-09-02,723.6681190637612,733.5956032036421,719.3722015925617,732.70849609375,9350900,0.0,0.0,0.24927499999999997
2025-09-03,733.5955932459119,737.8317091036498,731.5921498947655,734.6421508789062,7699300,0.0,0.0,0.36676250000000005
2025-09-04,746.1245900119145,758.6734271200463,743.3835736708148,746.204345703125,11439100,0.0,0.0,0.5279833333333334
2025-09-05,750.1613099282893,755.4739147328357,742.596139272426,749.9918823242188,9663400,0.0,0.0,0.12365
2025-09-08,753.5302710608411,764.0059463353695,749.5632925404257,749.8423461914062,13087800,0.0,0.0,0.23850000000000002
2025-09-09,755.0154070864886,763.7966239723705,750.9686728075005,763.1986083984375,10999000,0.0,0.0,0.24641000000000002
2025-09-10,762.6305038555339,763.1986490989516,748.5466583985636,749.5234375,12478300,0.0,0.0,0.639525
2025-09-11,752.1847098305358,754.6266574243845,745.9251963321232,748.4469604492188,7923300,0.0,0.0,0.2129875
2025-09-12,746.2840072815898,755.095155276553,741.330272625368,753.1216430664062,8248600,0.0,0.0,0.17824166666666663
2025-09-15,754.9954213012545,771.5412279036273,749.5333431691193,762.2018432617188,10533800,0.0,0.0,0.6363166666666666
2025-09-16,764.494341124313,778.8074148399552,762.6005237676653,776.4551391601562,11782500,0.0,0.0,0.4926625
2025-09-17,777.4419223006557,780.7311297077449,763.8066193659058,773.1858520507812,9400900,0.0,0.0,0.3164111111111111
2025-09-18,778.1994774600552,786.203274581819,770.8336042127465,777.7011108398438,10955000,0.0,0.0,0.39366666666666666
2025-09-19,783.8508708699721,788.2165669565625,766.6771780735046,775.837158203125,23696800,0.0,0.0,0.0
2025-09-22,779.8218176027002,783.6917575585782,762.4868973227559,763.1751098632812,11706900,0.525,0.0,0.03885
2025-09-23,767.254476840496,768.6009504341728,749.1216451610411,753.4404296875,10872600,0.0,0.0,0.0
2025-09-24,755.5349916265823,759.1356124217834,750.5779133776451,758.686767578125,8828200,0.0,0.0,0.2182
2025-09-25,751.4954858581857,754.8068807440363,742.6185490172081,746.9672241210938,10591100,0.0,0.0,0.24695
2025-09-26,748.0544043789391,749.9793904076555,735.4371957410184,741.8206176757812,9696300,0.0,0.0,0.1935
2025-09-29,746.777703342028,748.8324179023273,737.2325826153279,741.4715576171875,9246800,0.0,0.0,0.44665
2025-09-30,740.3245554260684,741.0426584785586,724.4159185837501,732.4749755859375,16226800,0.0,0.0,0.43925
2025-10-01,719.6183236513255,719.9773751402398,708.357633728991,715.4791259765625,20419600,0.0,0.0,0.18053124999999998
2025-10-02,720.7055653205383,725.8821043267139,716.2770807321521,725.1639404296875,11415300,0.0,0.0,0.24734545454545456
2025-10-03,727.7372737109582,729.1037149276121,708.3377167266436,708.7167358398438,16154300,0.0,0.0,0.22947
2025-10-06,703.3607165744016,715.0203947681905,688.718804278428,713.8035278320312,21654700,0.0,0.0,0.4733583333333333
2025-10-07,715.8581417735932,716.636147605649,703.9192222306009,711.230224609375,12062900,0.0,0.0,0.44425
2025-10-08,711.599278595462,717.7832075860277,705.9738944950672,715.9779052734375,10790600,0.0,0.0,0.588875
2025-10-09,716.4167658258609,731.6072387695312,710.5918883665408,731.6072387695312,12717200,0.0,0.0,0.40169999999999995
2025-10-10,729.0239332852144,733.3626856542741,702.6824691715568,703.4703979492188,16980100,0.0,0.0,0.4801642857142857
2025-10-13,711.1603595995662,718.072374881022,705.8042950194317,713.8433837890625,9251800,0.0,0.0,0.2674944444444445
2025-10-14,705.9439682909708,713.6937706407739,697.5158763660478,706.8117065429688,8829800,0.0,0.0,0.34129
2025-10-15,715.1998794771447,722.0221626881838,707.6694770310874,715.6885986328125,10246800,0.0,0.0,0.4286375
2025-10-16,715.6886043056783,723.6080097298942,702.0540824517458,710.2228393554688,9017000,0.0,0.0,0.28883571428571425
2025-10-17,705.2458014471516,716.6760344343375,704.2882698394852,715.0602416992188,12232400,0.0,0.0,0.40625
2025-10-20,719.3191931642514,731.8665769499745,718.3118034233538,730.2706909179688,8900200,0.0,0.0,0.63127
2025-10-21,734.110725168398,736.5842723709278,726.8595646449745,731.3678588867188,7647300,0.0,0.0,0.35824999999999996
2025-10-22,731.9264006052239,738.6787972623451,722.1518348008319,731.5074462890625,8734500,0.0,0.0,0.4565125
2025-10-23,732.7941435868839,740.4841042897723,731.1982575844598,732.095947265625,9856000,0.0,0.0,0.3747583333333333
2025-10-24,734.8787064697904,739.2872845910176,729.253383189777,736.4446411132812,9151300,0.0,0.0,0.50081
2025-10-27,747.7850542762595,753.7894568601143,746.0695454676272,748.8722534179688,11321100,0.0,0.0,0.4027083333333333
2025-10-28,750.6776381609803,756.4326899204912,743.5860965317024,749.49072265625,12193800,0.0,0.0,0.35872000000000004
2025-10-29,752.7921200604676,757.1906533932021,740.5838813084906,749.7200927734375,26818600,0.0,0.0,0.33048750000000005
2025-10-30,667.4142515632169,679.1936140289573,648.4834442213796,664.7411499023438,88440100,0.0,0.0,0.06165
2025-10-31,672.7602632515434,673.1392823636344,643.8953340746643,646.6680908203125,56953200,0.0,0.0,0.07358750000000001
2025-11-03,654.298319497033,657.6196984387726,634.5297257704245,636.0557861328125,33003600,0.0,0.0,0.38222222222222224
2025-11-04,626.410791028598,640.0752642850032,624.3860886703497,625.6926879882812,27356600,0.0,0.0,0.30066666666666664
2025-11-05,630.6697208898194,640.5639703518489,624.9146693781357,634.30029296875,20219900,0.0,0.0,-0.15731666666666666
2025-11-06,634.2005186436334,634.3501538797125,616.3968476378337,617.3344116210938,23628800,0.0,0.0,0.23785000000000003
2025-11-07,614.8907386759073,620.5161224262619,599.640424749484,620.0972290039062,29946800,0.0,0.0,-0.017783333333333335
2025-11-10,629.4529708548182,633.3528014765299,616.5065997528014,630.1212158203125,19245000,0.0,0.0,0.33628
2025-11-11,626.3709656116134,627.9269165306073,617.7833145947981,625.453369140625,13302200,0.0,0.0,0.0750875
2025-11-12,626.5005716840028,627.3583261459861,606.1934022078184,607.43017578125,24493300,0.0,0.0,0.152475
2025-11-13,611.4796659420805,616.0478021853295,601.4357808374693,608.3079223632812,20973800,0.0,0.0,0.0681875
2025-11-14,600.2288811530552,612.088052043071,593.6560102918138,607.8790283203125,20724100,0.0,0.0,0.42603125000000003
2025-11-17,607.4600346656293,610.1031845088386,593.8554651895852,600.4483032226562,16501300,0.0,0.0,0.3947555555555555
2025-11-18,590.065358149623,602.0940719298206,582.2656968950795,596.1395874023438,25500600,0.0,0.0,0.24409999999999998
2025-11-19,592.1797786556917,593.7856483585136,579.7421567881397,588.7886352539062,24744700,0.0,0.0,0.47790000000000005
2025-11-20,601.9344542639864,605.1460720070379,581.8367012414765,587.6217041015625,20603000,0.0,0.0,0.016916666666666653
2025-11-21,586.9734117815261,596.5684523172222,580.3506215479276,592.70849609375,21052600,0.0,0.0,0.181125
2025-11-24,597.1668722231478,615.1002729325323,596.0797338085368,611.459716796875,23554900,0.0,0.0,0.29011875
2025-11-25,622.3812488080194,635.3973829418613,616.6960233021972,634.5695190429688,25213000,0.0,0.0,0.3213416666666667
2025-11-26,636.0358029520913,636.7040478933542,629.9915253276793,631.9663696289062,15209500,0.0,0.0,0.1777
2025-11-28,634.4299618769652,646.3688812783262,633.8514494094911,646.2691650390625,11033200,0.0,0.0,0.39472999999999997
2025-12-01,637.8909364271796,643.6459879981971,636.1056017671217,639.20751953125,13029900,0.0,0.0,0.27397499999999997
2025-12-02,640.6737247939117,646.1893476978298,636.4147821721649,645.4213256835938,11640900,0.0,0.0,0.2998
2025-12-03,642.7383158920676,647.1668005690203,635.8961259576193,637.9407958984375,11134300,0.0,0.0,0.47747500000000004
2025-12-04,674.246461597851,674.3461778479464,658.3378235904052,659.8140258789062,29874600,0.0,0.0,0.1854583333333333
2025-12-05,662.2775487290173,672.9398207362489,660.6717397649775,671.673095703125,21207900,0.0,0.0,0.24162777777777775
2025-12-08,667.603701448277,674.9545781663558,663.344758713728,665.0702514648438,13161000,0.0,0.0,0.3667714285714285
2025-12-09,662.0481917138827,662.7563110037405,651.645254570885,655.255859375,12997100,0.0,0.0,0.28294
2025-12-10,648.2639556943986,652.8121240146866,641.730959438269,648.4434814453125,16910900,0.0,0.0,-0.0045799999999999955
2025-12-11,641.6211778682233,653.5801249698833,639.1376470786419,651.0167846679688,13056700,0.0,0.0,-0.009199999999999986
2025-12-12,648.1143965293088,709.1556549538686,636.9534211280841,642.558837890625,14016900,0.0,0.0,0.45845
2025-12-15,644.5502809809109,651.8372704406642,637.5627451568915,646.3570556640625,15549100,0.525,0.0,0.17076
2025-12-16,642.3541999133257,661.3602758295988,642.054746271156,655.9799194335938,14309100,0.0,0.0,0.27079000000000003
2025-12-17,654.4426118233187,660.0526000253047,648.0440522221027,648.343505859375,15598500,0.0,0.0,0.07946666666666667
2025-12-18,655.8600753372949,669.3659511843067,655.2910830082761,663.266845703125,20260300,0.0,0.0,0.6396875
2025-12-19,665.2333263832898,669.8051880946751,657.0080086354003,657.5969848632812,49977100,0.0,0.0,0.69695
2025-12-22,660.4719008376494,672.3806511570199,655.4808037586267,660.3221435546875,15659400,0.0,0.0,0.613625
2025-12-23,658.8746741689592,664.8140915262984,657.0778915122911,663.7559814453125,8486800,0.0,0.0,0.2375388888888889
2025-12-24,661.3503083186049,666.9902112020924,661.0208788671576,666.361328125,5627500,0.0,0.0,0.6380666666666667
2025-12-26,666.8704739599774,667.7589038803495,660.1424847097468,662.1089477539062,7133800,0.0,0.0,0.013625000000000002
2025-12-29,656.8383689858442,659.0743707339258,653.2248195668056,657.5171508789062,8506500,0.0,0.0,0.5091249999999999
2025-12-30,657.5171386037911,671.0230153954109,656.6686764849229,664.7642211914062,9187500,0.0,0.0,0.38267500000000004
2025-12-31,663.5662869980947,663.8158418258488,658.2657448936569,658.9146118164062,7940400,0.0,0.0,0.4965125
2026-01-02,661.5499009554064,663.2069792218492,642.3541620430398,649.2518310546875,13726500,0.0,0.0,0.286175
2026-01-05,649.8508280292294,663.3567049684374,646.5966230035071,657.616943359375,12213700,0.0,0.0,0.54527
2026-01-06,658.3955464147172,664.3349637543794,650.7392210314413,659.4436645507812,11074400,0.0,0.0,0.416315
2026-01-07,654.4725487720359,657.9763084361789,643.6618161601232,647.534912109375,12846300,0.0,0.0,0.38307142857142856
2026-01-08,644.7299347572825,645.9477331499952,634.5879917891143,644.9096069335938,11921700,0.0,0.0,0.27777500000000005
2026-01-09,644.2907288447692,653.7838050409127,641.7053138036724,651.8971557617188,11634900,0.0,0.0,0.3893615384615384
2026-01-12,651.3680980277007,652.8054753941815,640.0881706951194,640.8268432617188,14797200,0.0,0.0,0.41476428571428575
2026-01-13,641.1263941859123,641.1263941859123,622.9887038024194,629.96630859375,18030400,0.0,0.0,0.13627142857142857
2026-01-14,625.3844405077801,627.3309804807691,613.7252454803604,614.4240112304688,15527900,0.0,0.0,0.3455142857142857
2026-01-15,617.378703801015,623.0585745209008,613.1362714280776,619.694580078125,13076100,0.0,0.0,0.4640625
2026-01-16,623.0685636897582,627.9598630097294,618.9758886129073,619.1455688476562,17012500,0.0,0.0,0.5784800000000001
2026-01-20,606.7976262932837,610.3113781504126,598.9316523845154,603.0443115234375,15169600,0.0,0.0,0.34831999999999996
2026-01-21,605.659634898437,617.169133937088,599.0115204374271,611.8685913085938,14494700,0.0,0.0,0.585125
2026-01-22,628.2293275614567,659.3937675491238,625.4343255489129,646.476806640625,21394700,0.0,0.0,0.5865249999999999
2026-01-23,643.6219561683764,665.3032527677875,643.3025186421843,657.5870361328125,22797700,0.0,0.0,0.36892499999999995
2026-01-26,663.9456136216552,674.0775639748149,660.1124246688775,671.1627197265625,16327400,0.0,0.0,0.5221111111111111
2026-01-27,673.3888389297905,675.6148486525956,663.4764668627315,671.7716674804688,13297400,0.0,0.0,0.5366222222222221
2026-01-28,673.2989295276801,676.4732596455591,664.9138628916613,667.5391845703125,25709600,0.0,0.0,0.24738000000000002
2026-01-29,736.1169233837337,742.6752321400184,711.2812198864386,736.995361328125,59852900,0.0,0.0,0.4419384615384615
2026-01-30,726.2045952530067,730.8662626744616,712.3193905555435,715.2241821289062,23744600,0.0,0.0,0.4754150000000001
2026-02-02,713.3275184694113,720.0156002559207,702.2672920108814,705.152099609375,14365200,0.0,0.0,0.3382045454545455
2026-02-03,706.1104025957663,715.7232596178901,685.1877035052055,690.4683227539062,13760700,0.0,0.0,0.35218571428571427
2026-02-04,686.5054510943589,687.6035290584308,666.2715840299333,667.798828125,16882800,0.0,0.0,0.482828125
2026-02-05,662.3984629374214,680.2865379695924,652.3363940764909,669.0166625976562,17131800,0.0,0.0,0.4822699999999999
2026-02-06,664.3050190645899,670.7934451675868,645.3488423980709,660.2822265625,18159300,0.0,0.0,0.3847333333333333
2026-02-09,661.9991209626965,682.0932819515241,657.6069922476072,676.0140991210938,14837500,0.0,0.0,0.4703142857142857
2026-02-10,676.39338857878,679.4380062536881,668.5972981068446,669.525634765625,10455800,0.0,0.0,0.5594
2026-02-11,672.7998711552045,678.0605068549233,655.9299390360635,667.4993286132812,14323800,0.0,0.0,0.07987142857142857
2026-02-12,668.7770306530766,674.7963229561075,644.1310518439949,648.6529541015625,14960100,0.0,0.0,0.405153125
2026-02-13,643.9512634857649,650.2700088851722,633.4400456540794,638.6307983398438,12336400,0.0,0.0,0.333705
2026-02-17,638.3613203754355,641.4557762130754,627.6803603746322,638.1516723632812,12674700,0.0,0.0,0.32875
2026-02-18,632.67143641335,643.8515057528024,627.0315334227189,642.0746459960938,14649200,0.0,0.0,0.35576250000000004
2026-02-19,637.432932921519,646.0375787806976,635.5861905818066,643.6318969726562,10035700,0.0,0.0,0.09919999999999998
2026-02-20,638.5510179511008,662.1688639053526,637.642665037141,654.4925537109375,14183500,0.0,0.0,0.6035083333333334
2026-02-23,651.3781101885919,656.5289567660449,634.8675821094057,636.1153564453125,8605900,0.0,0.0,0.40819999999999995
2026-02-24,631.9527863953055,639.9684568961466,627.8600500948714,638.1616821289062,10135600,0.0,0.0,0.5353687500000001
2026-02-25,641.3858999809694,652.7156650876909,640.9965798171046,652.5260009765625,11330700,0.0,0.0,0.3235100000000001
2026-02-26,649.3916295582877,659.823034651462,646.3470725216666,655.8401489257812,10637700,0.0,0.0,0.3220285714285715
2026-02-27,642.3042597917192,648.2835840137412,636.9837335400734,647.0258178710938,15703000,0.0,0.0,0.31995
2026-03-02,636.0254184162494,658.764884603327,633.3701817354564,652.396240234375,9816100,0.0,0.0,0.6451666666666668
2026-03-03,647.1356255764312,657.866484005116,637.7025010942567,653.91357421875,12263800,0.0,0.0,0.2769333333333333
2026-03-04,656.788453587829,671.5720803574089,656.4989309709863,666.541015625,10810100,0.0,0.0,0.4004583333333333
2026-03-05,660.751362594833,669.5057662619517,649.1520579976961,659.393798828125,13341400,0.0,0.0,0.5575625
2026-03-06,646.7463568472266,648.3135076492586,634.9773114336934,643.7117309570312,13159400,0.0,0.0,0.35767499999999997
2026-03-09,633.6497121926325,646.5965879982328,625.6639573427893,646.2372436523438,13489700,0.0,0.0,0.22593749999999996
2026-03-10,652.3962938458964,659.1242831137364,647.8444156429986,652.9053955078125,9859300,0.0,0.0,0.2632714285714286
2026-03-11,653.5941721528687,657.9463943013674,647.2055433479961,653.6939697265625,8977200,0.0,0.0,0.4665125
2026-03-12,647.5948883988538,652.3364309343367,635.7660119177681,637.043701171875,11617500,0.0,0.0,-0.10587000000000005
2026-03-13,622.7790526456299,628.0496188589474,608.4645611002024,612.6171875,18957600,0.0,0.0,0.30110000000000003
2026-03-16,631.4147932406764,634.1622468505053,622.5230098937741,626.8690185546875,15134900,0.525,0.0,0.31702692307692304
2026-03-17,627.4085169382369,635.9605885584036,621.1243629754691,622.0834350585938,10348800,0.0,0.0,0.12172857142857142
2026-03-18,615.769347359454,622.0735023862151,614.04090772979,615.1099243164062,11726300,0.0,0.0,0.2760916666666667
2026-03-19,611.5832104537112,612.4323990135786,601.7023533616688,606.1382446289062,13247700,0.0,0.0,0.5254899999999999
2026-03-20,602.9712077810872,603.400802317344,586.7062525156723,593.1102905273438,21214900,0.0,0.0,0.5225333333333334
2026-03-23,605.2290499891692,608.0764476338709,598.4553596033379,603.5006713867188,13638000,0.0,0.0,0.18854166666666664
2026-03-24,598.5452420228083,600.443507118967,590.4527665679026,592.3709716796875,10739700,0.0,0.0,0.487235
2026-03-25,598.1855830392399,603.1110107561809,592.850561795072,594.3391723632812,12585000,0.0,0.0,0.437025
2026-03-26,581.9506076701073,582.460145169462,542.8468364624507,547.032958984375,35780100,0.0,0.0,0.13645000000000004
2026-03-27,539.599843303006,543.0966023049141,519.7782492802263,525.233154296875,30133000,0.0,0.0,0.11863333333333333
2026-03-30,535.8833618164062,539.0504095872608,528.0505941707193,535.8833618164062,22795200,0.0,0.0,0.278875
2026-03-31,549.4707059552647,573.1587727471259,546.2637174010383,571.6002197265625,32898300,0.0,0.0,0.33127083333333335
2026-04-01,579.5928556215499,592.0013387220274,573.2887005646345,578.6936645507812,23608100,0.0,0.0,0.3320666666666667
2026-04-02,565.5158531822124,577.9643377947169,559.1817578546791,573.9281005859375,13518500,0.0,0.0,0.39172142857142855
2026-04-06,577.1550997330287,582.2503530791108,571.4703658572956,572.4894409179688,9515700,0.0,0.0,0.0143625
2026-04-07,571.9498894780604,574.6973431004155,564.2370671243236,574.5175170898438,9580800,0.0,0.0,0.38085
2026-04-08,605.4388670235439,629.3667024291958,591.2820049792073,611.8529052734375,32036600,0.0,0.0,0.2648769230769231
2026-04-09,626.3894374266143,636.9097166035551,622.4231426572783,627.8081665039062,19012900,0.0,0.0,0.17523333333333335
2026-04-10,633.882449891805,637.9886903650855,623.7518859014353,629.2767333984375,13294800,0.0,0.0,0.18699000000000002
2026-04-13,628.9171329935918,634.4120404303904,623.8218795800174,633.9425048828125,9538900,0.0,0.0,0.24352000000000001
2026-04-14,642.624350345733,665.6430543798978,638.7779398291946,661.8765258789062,17818000,0.0,0.0,0.3979615384615384
2026-04-15,666.3824145357423,677.8717665104965,663.6049593103575,670.9581909179688,14952600,0.0,0.0,0.21203181818181818
2026-04-16,675.3640350842893,676.9525896021297,667.131674939706,676.2432250976562,9544800,0.0,0.0,0.32311923076923077
2026-04-17,677.9716157075654,690.8796961433965,674.5048580761284,687.9124145507812,16283500,0.0,0.0,0.3369888888888889
2026-04-20,680.7290935491282,682.7472426832454,667.381478611767,670.2887573242188,12534000,0.0,0.0,0.1997375
2026-04-21,670.3786762058809,675.5738733736962,666.7120915784461,668.220703125,8660100,0.0,0.0,0.3709
2026-04-22,673.7355628200382,677.7518600207422,669.1298460769134,674.09521484375,9215600,0.0,0.0,0.50668
2026-04-23,663.0854475032797,668.9400066983026,652.4452846667049,658.5396728515625,11667000,0.0,0.0,0.08710833333333333
2026-04-24,659.7085674039201,680.0396994180859,653.2345872360809,674.4049682617188,13348300,0.0,0.0,0.37478333333333336
2026-04-27,670.3786986745525,681.8680504402118,670.2188736545023,677.9916381835938,12805200,0.0,0.0,0.3011035714285714
2026-04-28,673.6156618787633,677.5520159823654,665.0136491453696,670.7183837890625,10606800,0.0,0.0,0.3803599999999999
2026-04-29,668.290599742094,673.6256820299297,663.1953464496755,668.5004272460938,18947500,0.0,0.0,0.275215625
2026-04-30,618.7465567527638,620.2751083620838,599.4444385151393,611.3433837890625,52765000,0.0,0.0,0.4634499999999999
2026-05-01,614.120842749119,618.3069655430758,605.548770151405,608.1863403320312,21404000,0.0,0.0,0.26668125000000004
2026-05-04,607.3771038685389,613.4314904063681,602.1919069095087,609.8447875976562,16203900,0.0,0.0,0.261565
2026-05-05,612.7420849871345,613.7811000159977,599.8040642277598,604.3998413085938,17171300,0.0,0.0,0.42766363636363636
2026-05-06,600.4934370812971,619.3759607512419,597.5461564796674,612.3125,19915500,0.0,0.0,0.6319625
2026-05-07,614.150739078972,624.4012480600104,612.9718390781961,616.2388305664062,12307400,0.0,0.0,0.4524
2026-05-08,614.6303402495529,616.1988937552933,605.4987892063378,609.0654907226562,13557000,0.0,0.0,0.3418625
2026-05-11,604.010215830275,604.3498668649182,597.5262348938886,598.3054809570312,15940600,0.0,0.0,0.7079333333333332
2026-05-12,594.2692320029287,603.1909559259367,592.0512559095129,602.441650390625,11351600,0.0,0.0,0.18397083333333333
2026-05-13,598.275515544453,619.3260125714435,596.1074810052941,616.0590209960938,14634400,0.0,0.0,0.3911625
2026-05-14,615.429618202359,623.152441138389,614.4305441468357,617.8573608398438,10651200,0.0,0.0,0.3626133333333333
2026-05-15,613.421486859321,620.6248329546977,608.7458274653094,613.6612548828125,13272600,0.0,0.0,0.2734111111111111
2026-05-18,608.5459509764945,615.0199919776213,603.1309869574205,610.64404296875,13772400,0.0,0.0,0.22964499999999996
2026-05-19,608.3561568042173,613.361527578881,599.9939118379299,602.052001953125,11749900,0.0,0.0,0.32862749999999996
2026-05-20,600.2037495434126,607.4370360716302,597.2564688338498,604.499755859375,11329700,0.0,0.0,0.1622625
2026-05-21,599.4443949814065,609.0354809096541,594.2591985256718,606.8175659179688,13476100,0.0,0.0,0.51456
2026-05-22,607.3171451453314,614.2407210713809,606.3880135859368,609.6949462890625,11688600,0.0,0.0,0.1481333333333333
2026-05-26,608.3261927003538,613.9009818092591,604.7394901495815,611.7730102539062,12234200,0.0,0.0,0.26946666666666663
2026-05-27,608.8357727220844,637.908804248614,608.4361186960156,634.6718139648438,23143600,0.0,0.0,0.2245666666666667
2026-05-28,638.9078448274123,642.4046039468743,628.7272779804616,634.7017211914062,16772400,0.0,0.0,0.22375
2026-05-29,632.9133899267435,633.9124639439917,622.7727642602187,631.92431640625,19806500,0.0,0.0,0.2371916666666667
2026-06-01,629.8162791560948,635.1613007084701,598.974869401479,599.9139404296875,29138800,0.0,0.0,0.41187777777777773
2026-06-02,602.68138962268,608.3161816139932,596.1274666259658,597.0765991210938,18252000,0.0,0.0,0.4124555555555556
2026-06-03,602.4416570391962,623.5720977596394,599.7142043737263,622.4031372070312,23020100,0.0,0.0,0.23221111111111112
2026-06-04,623.0924785224576,641.8051764288737,621.8536364911718,626.9888916015625,21469200,0.0,0.0,0.33380624999999997
2026-06-05,622.8827460758752,628.567480013855,582.3702434655938,592.450927734375,30091600,0.0,0.0,0.25933333333333336
2026-06-08,591.4518261333767,591.4518261333767,578.6836307521693,584.8479614257812,19512400,0.0,0.0,0.08207727272727273
2026-06-09,590.4527436689563,597.0766092757164,580.4720040020986,584.0487060546875,16977400,0.0,0.0,0.37428333333333336
2026-06-10,580.192266144374,590.7724873942649,570.0716409197756,570.4512939453125,17064000,0.0,0.0,0.33169090909090904
2026-06-11,565.3060574843756,571.6401524850257,556.4942175026772,567.9036254882812,17628000,0.0,0.0,0.21539545454545453
2026-06-12,572.4194595335534,575.5365655300229,560.3806300495169,566.4549560546875,14326400,0.0,0.0,0.23281250000000003
2026-06-15,579.9000244140625,601.27001953125,579.2999877929688,593.47998046875,17653300,0.525,0.0,0.48162499999999997
2026-06-16,593.6500244140625,605.8099975585938,592.0,600.2100219726562,11344400,0.0,0.0,0.16969166666666669
2026-06-17,592.0,593.8099975585938,566.1900024414062,567.5800170898438,20478300,0.0,0.0,0.25265714285714286
2026-06-18,572.8200073242188,580.219970703125,563.0999755859375,577.219970703125,28824600,0.0,0.0,0.3536625
2026-06-22,572.02001953125,575.8099975585938,559.8099975585938,563.8499755859375,15405500,0.0,0.0,0.45712857142857144
2026-06-23,562.25,572.2000122070312,561.02001953125,562.2000122070312,13103300,0.0,0.0,0.38123636363636365
2026-06-24,561.8900146484375,569.0399780273438,555.5499877929688,557.6699829101562,13963600,0.0,0.0,0.09595000000000001
2026-06-25,555.5499877929688,556.3400268554688,540.1799926757812,542.8699951171875,16968600,0.0,0.0,0.44823124999999997
2026-06-26,543.3400268554688,556.8499755859375,540.4000244140625,550.25,18867700,0.0,0.0,0.19402000000000003
2026-06-29,560.0,570.9000244140625,558.0,562.5999755859375,15011400,0.0,0.0,0.103025
2026-06-30,560.9400024414062,565.5399780273438,551.4299926757812,563.2899780273438,18111100,0.0,0.0,0.15702000000000002
2026-07-01,607.9099731445312,628.280029296875,595.0999755859375,612.9099731445312,45536300,0.0,0.0,0.261965
2026-07-02,607.9000244140625,610.0,580.4199829101562,582.9000244140625,21705900,0.0,0.0,0.33004
2026-07-06,594.8400268554688,603.5800170898438,581.760009765625,600.2899780273438,17674100,0.0,0.0,0.495375
2026-07-07,607.5900268554688,625.3699951171875,603.6599731445312,615.5800170898438,18560800,0.0,0.0,0.0684142857142857
2026-07-08,614.3900146484375,616.0,598.010009765625,603.1199951171875,13606500,0.0,0.0,0.46348928571428566
2026-07-09,583.989990234375,633.27001953125,577.0700073242188,631.47998046875,26579700,0.0,0.0,0.436545
2026-07-10,660.3400268554688,677.8599853515625,658.010009765625,669.2100219726562,40608900,0.0,0.0,0.31449999999999995
2026-07-13,661.3800048828125,676.6199951171875,654.2000122070312,656.72998046875,19840700,0.0,0.0,0.66762
2026-07-14,652.0,666.5,649.0499877929688,661.0399780273438,16748200,0.0,0.0,0.4103944444444444
2026-07-15,663.5999755859375,686.0800170898438,656.6599731445312,681.3099975585938,19003400,0.0,0.0,0.35555000000000003
2026-07-16,677.280029296875,681.9000244140625,660.1599731445312,664.5399780273438,15816000,0.0,0.0,0.4866444444444445
2026-07-17,647.7000122070312,652.2000122070312,626.0,646.010009765625,22267900,0.0,0.0,0.41991428571428574
2026-07-20,646.7000122070312,653.2999877929688,636.010009765625,645.8499755859375,10225200,0.0,0.0,0.27632
2026-07-21,654.1799926757812,655.8800048828125,643.2000122070312,643.8099975585938,9140500,0.0,0.0,0.3148166666666667
2026-07-22,647.7000122070312,649.0,624.0,627.1699829101562,11019600,0.0,0.0,0.33958000000000005
2026-07-23,608.4099731445312,614.6500244140625,597.219970703125,606.0999755859375,15494800,0.0,0.0,0.57418125
2026-07-24,605.2999877929688,609.97998046875,594.4500122070312,595.1900024414062,11503500,0.0,0.0,0.40765000000000007
2026-07-27,607.219970703125,611.260009765625,593.1300048828125,593.8699951171875,11195300,0.0,0.0,0.26210625
2026-07-28,596.8200073242188,601.0,587.0,593.4099731445312,12009300,0.0,0.0,-0.07774999999999999
2026-07-29,593.25,599.969970703125,582.219970703125,585.6099853515625,22371100,0.0,0.0,0.2604611111111111
2026-07-30,526.0,539.8800048828125,524.489990234375,539.030029296875,42271500,0.0,0.0,0.5161849999999999
2026-07-31,543.5999755859375,558.3300170898438,540.219970703125,556.7100219726562,24261500,0.0,0.0,0.0008700000000000152
2026-08-03,562.239990234375,597.52001953125,559.3599853515625,590.239990234375,25938100,0.0,0.0,0.22918571428571427
2026-08-04,581.5,592.7899780273438,578.25,587.9400024414062,17959200,0.0,0.0,0.2923928571428571
2026-08-05,600.4600219726562,601.0,580.1199951171875,588.77001953125,14897200,0.0,0.0,0.055574999999999986
2026-08-06,586.9500122070312,595.3099975585938,586.0,589.9000244140625,11811500,0.0,0.0,0.36404166666666665
2026-08-07,585.6400146484375,598.739990234375,585.6199951171875,592.0999755859375,11250300,0.0,0.0,0.45868749999999997
2026-08-10,599.1300048828125,608.2100219726562,592.030029296875,594.9199829101562,14967300,0.0,0.0,0.41995
2026-08-11,598.0,612.4299926757812,593.4000244140625,599.1199951171875,13146900,0.0,0.0,0.22280000000000003
2026-08-12,601.0700073242188,604.5,578.2100219726562,578.8499755859375,16186900,0.0,0.0,0.35843749999999996
2026-08-13,580.7100219726562,595.8499755859375,579.3900146484375,594.969970703125,11164200,0.0,0.0,0.45965
2026-08-14,596.97998046875,601.8599853515625,589.2899780273438,589.8499755859375,8758000,0.0,0.0,0.0
2026-08-17,589.75,590.239990234375,564.75,568.969970703125,17225600,0.0,0.0,0.57575
2026-08-18,557.47998046875,560.6599731445312,543.2100219726562,543.6699829101562,27094900,0.0,0.0,0.17803
2026-08-19,541.3400268554688,554.0700073242188,537.27001953125,546.030029296875,16971700,0.0,0.0,0.05435000000000001
2026-08-20,546.9500122070312,549.989990234375,539.3099975585938,545.8300170898438,13872200,0.0,0.0,0.5087583333333333
2026-08-21,546.8900146484375,553.8699951171875,543.22998046875,549.9000244140625,13848000,0.0,0.0,0.3767625
2026-08-24,550.2000122070312,561.4199829101562,546.2999877929688,559.02001953125,12990600,0.0,0.0,0.23394999999999996
2026-08-25,563.8800048828125,570.7999877929688,561.4000244140625,570.0499877929688,9769100,0.0,0.0,0.48972222222222217
2026-08-26,590.3099975585938,593.3400268554688,561.8800048828125,576.1400146484375,31416300,0.0,0.0,0.3639833333333334
2026-08-27,576.47998046875,588.3900146484375,567.6199951171875,571.0999755859375,15221400,0.0,0.0,0.44581666666666664
2026-08-28,571.5499877929688,589.1900024414062,571.0,578.02001953125,16042400,0.0,0.0,0.1709
2026-08-31,577.6300048828125,578.6799926757812,569.1400146484375,572.3400268554688,13383800,0.0,0.0,0.41776
2026-09-01,558.3499755859375,584.9500122070312,556.0999755859375,578.5399780273438,15796900,0.0,0.0,0.3671166666666667
2026-09-02,578.7899780273438,600.3800048828125,577.0,592.8499755859375,16487300,0.0,0.0,0.30254000000000003
2026-09-03,604.489990234375,619.4400024414062,604.3499755859375,614.35498046875,10765619,0.0,0.0,0.26715
