Date,Open,High,Low,Close,Volume,Dividends,Stock Splits,sent
2021-09-07,22.758309804466514,22.824093892750362,22.448326313698814,22.58786964416504,198107000,0.0,0.0,0.0
2021-09-08,22.439356967135367,22.536039786741064,21.90510910488169,22.265926361083984,254434000,0.0,0.0,0.0
2021-09-09,22.23901265299159,22.464273188352024,22.058604988452572,22.104454040527344,196856000,0.0,0.0,0.0
2021-09-10,22.274896532355616,22.551987038677307,22.197152562012025,22.40447235107422,248376000,0.0,0.0,0.0
2021-09-13,22.609795740171823,22.88888048395177,21.786497552074803,22.07953643798828,297500000,0.0,0.0,0.0
2021-09-14,22.202130131232664,22.336688726101833,22.013749239081235,22.169239044189453,199755000,0.0,0.0,0.0
2021-09-15,22.236024626845165,22.293835464685625,21.894146209939382,22.267919540405273,166538000,0.0,0.0,0.0
2021-09-16,22.1104320390737,22.204124394587865,21.855268989494725,22.169239044189453,156033000,0.0,0.0,0.0
2021-09-17,22.227052672404977,22.247983887075033,21.758590795663608,21.82836151123047,294503000,0.0,0.0,0.0
2021-09-20,21.076826867613953,21.362888683857676,20.594410879277827,21.043935775756836,349440000,0.0,0.0,0.0
2021-09-21,21.346942396030226,21.354915649191057,20.88147094862816,21.176502227783203,204688000,0.0,0.0,0.0
2021-09-22,21.29610478128571,21.888161496452156,21.126660825026075,21.869224548339844,268726000,0.0,0.0,0.0
2021-09-23,22.067578357802937,22.46128674955399,21.818396120154357,22.40846061706543,248555000,0.0,0.0,0.0
2021-09-24,21.99780629061381,22.076548344372082,21.789490317687935,22.008769989013672,217655000,0.0,0.0,0.0
2021-09-27,21.638981339967028,21.7276909027937,21.255242424863432,21.58914566040039,245215000,0.0,0.0,0.0
2021-09-28,21.14460514549343,21.34893447038271,20.58344521216512,20.631288528442383,343069000,0.0,0.0,0.0
2021-09-29,20.87149907318932,20.94824684688675,20.400044932702517,20.44988250732422,218394000,0.0,0.0,0.0
2021-09-30,20.700065269029956,20.99709081329455,20.62032703375371,20.648235321044922,221009000,0.0,0.0,0.0
2021-10-01,20.68212371981342,20.79076641966092,20.13691215457875,20.674150466918945,240978000,0.0,0.0,0.0
2021-10-04,20.436929771403975,20.47480557735373,19.491034606293546,19.667455673217773,345635000,0.0,0.0,0.0
2021-10-05,19.884737541485297,20.58045410102996,19.789050920867343,20.384098052978516,279282000,0.0,0.0,0.0
2021-10-06,20.054181613694748,20.65221729292301,20.01431155448803,20.63228416442871,297202000,0.0,0.0,0.0
2021-10-07,21.023000423462637,21.25224946522736,20.903394046211478,21.006057739257812,256919000,0.0,0.0,0.0
2021-10-08,21.03197467494621,21.136630744836808,20.707040866525467,20.76285743713379,151258000,0.0,0.0,0.0
2021-10-11,20.507693882375722,20.994096456605053,20.44390216537423,20.627300262451172,163388000,0.0,0.0,0.0
2021-10-12,20.759868133383815,20.988119137089015,20.460850231226793,20.603382110595703,162134000,0.0,0.0,0.0
2021-10-13,20.849575070301597,20.92134005530111,20.645245715278612,20.870506286621094,180652000,0.0,0.0,0.0
2021-10-14,21.218358128233028,21.683829432378424,21.052900818856443,21.67486000061035,243589000,0.0,0.0,0.0
2021-10-15,21.738653534036047,21.85925800191469,21.59113886513245,21.790483474731445,226994000,0.0,0.0,0.0
2021-10-18,21.677854960050606,22.218081780697908,21.57319699245635,22.149307250976562,189494000,0.0,0.0,0.0
2021-10-19,22.203128841785272,22.305792542429998,21.964912250814812,22.217084884643555,161473000,0.0,0.0,0.0
2021-10-20,22.232039597473953,22.359621161989526,21.910096191330364,22.03070068359375,146276000,0.0,0.0,0.0
2021-10-21,22.024714435687386,22.63670618326787,22.010760294577082,22.617767333984375,187590000,0.0,0.0,0.0
2021-10-22,22.748341829119337,23.054336786211532,22.487199745002837,22.65165901184082,249384000,0.0,0.0,0.0
2021-10-25,22.897851941944545,23.278602340486742,22.695516863119877,23.090221405029297,230235000,0.0,0.0,0.0
2021-10-26,23.9105273389636,25.17637336256749,23.84573943509634,24.636144638061523,485898000,0.0,0.0,0.0
2021-10-27,24.393937207117244,25.007921262227864,24.202563973433747,24.37101173400879,245990000,0.0,0.0,0.0
2021-10-28,24.796619505924756,24.868384481883496,24.442781235893953,24.859413146972656,234204000,0.0,0.0,0.0
2021-10-29,24.91921749719109,25.624901707362692,24.91822131585797,25.483366012573242,292503000,0.0,0.0,0.0
2021-11-01,25.565096437115333,25.809293921603484,25.144476013269458,25.74251365661621,265740000,0.0,0.0,0.0
2021-11-02,25.737529816984793,26.590728607704555,25.71560052254652,26.314634323120117,294112000,0.0,0.0,0.0
2021-11-03,26.582755112755702,26.69638250653968,26.149178650654214,26.510990142822266,239910000,0.0,0.0,0.0
2021-11-04,27.139927249878582,31.26239704427072,27.02929029769168,29.703514099121094,1153631000,0.0,0.0,0.0
2021-11-05,30.088252938531244,31.29728433418583,29.313794225323047,29.65467643737793,851260000,0.0,0.0,0.0
2021-11-08,30.05037382681619,30.998263036065406,29.809164902811037,30.703231811523438,503101000,0.0,0.0,0.0
2021-11-09,32.176395219195165,32.20430349924664,29.865977457167652,30.55670928955078,646746000,0.0,0.0,0.0
2021-11-10,29.259970949508748,30.74908322904024,28.68386069593988,29.362632751464844,636206000,0.0,0.0,0.0
2021-11-11,30.36833615848351,30.489936824221612,29.679596512350646,30.290590286254883,332172000,0.0,0.0,0.0
2021-11-12,29.91183414544948,30.57964257619569,29.533076103534594,30.290590286254883,413054000,0.0,0.0,0.0
2021-11-15,30.45205718413863,30.543755287298133,29.15132584547051,29.926780700683594,384909000,0.0,0.0,0.0
2021-11-16,29.661650656013027,30.290585092245067,29.608822634811435,30.104196548461914,264484000,0.0,0.0,0.0
2021-11-17,30.31849611458015,30.409199941675634,28.705788874793846,29.165281295776367,428508000,0.0,0.0,0.0
2021-11-18,32.26111820971524,32.65283033546003,31.218538566380822,31.571380615234375,781711000,0.0,0.0,0.0
2021-11-19,32.137524780788404,32.97976178244582,31.800631120790957,32.877098083496094,533867000,0.0,0.0,0.0
2021-11-22,33.40735381658586,34.533658301488515,31.795644847195604,31.85146141052246,754335000,0.0,0.0,0.0
2021-11-23,31.43183877897173,32.254140700605305,30.778980809021654,31.642148971557617,532163000,0.0,0.0,0.0
2021-11-24,31.35808076043458,32.74751961280794,30.82682344260041,32.56711196899414,435162000,0.0,0.0,0.0
2021-11-26,32.493359824591494,32.60300060926562,31.247450631165712,31.39995002746582,283069000,0.0,0.0,0.0
2021-11-29,32.26013201040134,33.30270817410921,31.931209614612694,33.26682662963867,454964000,0.0,0.0,0.0
2021-11-30,33.06049048348585,33.24389046679486,31.759761224855104,32.5691032409668,622066000,0.0,0.0,0.0
2021-12-01,33.11438635947544,33.184165606771984,31.281175255165692,31.336002349853516,484368000,0.004,0.0,0.0
2021-12-02,31.11570313644076,32.375722550194084,30.9272972457991,32.02482986450195,472890000,0.0,0.0,0.0
2021-12-03,31.899227266863253,32.027822639120906,30.035115336865402,30.596343994140625,544325000,0.0,0.0,0.0
2021-12-06,29.78590054452752,30.14576373785318,27.94970234622703,29.942407608032227,658938000,0.0,0.0,0.0
2021-12-07,30.859514259780514,32.346816391112846,30.554476224251633,32.32488250732422,593053000,0.0,0.0,0.0
2021-12-08,31.898230293439173,32.18831425036044,31.322049493917223,31.72577476501465,475551000,0.0,0.0,0.0
2021-12-09,31.63405989309718,32.103579151197884,30.332173100678283,30.393978118896484,488507000,0.0,0.0,0.0
2021-12-10,31.051903118678588,31.206415682530494,29.766962833942674,30.102901458740234,488825000,0.0,0.0,0.0
2021-12-13,30.153734827249867,30.198593181017998,28.027451140250424,28.072309494018555,598344000,0.0,0.0,0.0
2021-12-14,27.61177507418998,28.58769228803621,27.164189571352388,28.247766494750977,667035000,0.0,0.0,0.0
2021-12-15,28.31056675334451,30.403954139971678,27.75033624261141,30.363082885742188,698297000,0.0,0.0,0.0
2021-12-16,31.05389325517119,31.06186748271779,28.004526966053838,28.29759979248047,707366000,0.0,0.0,0.0
2021-12-17,27.896871959169967,28.830921489909592,27.672580135131074,27.713451385498047,713758000,0.0,0.0,0.0
2021-12-20,27.219010461900748,28.055367052682545,27.059514491494653,27.63170623779297,461847000,0.0,0.0,0.0
2021-12-21,28.284643989318436,29.028294944690636,27.314706725168943,28.983436584472656,524385000,0.0,0.0,0.0
2021-12-22,28.800017170257917,29.46192565947625,28.359407778692482,29.30741310119629,395184000,0.0,0.0,0.0
2021-12-23,29.66129709262339,29.964340611891693,29.338318000778614,29.546659469604492,343022000,0.0,0.0,0.0
2021-12-27,29.56659806861277,30.98910437388651,29.54666059393546,30.847551345825195,403686000,0.0,0.0,0.0
2021-12-28,31.21339111350028,31.231334077242877,29.91748399123054,30.22650909423828,420591000,0.0,0.0,0.0
2021-12-29,30.177665528495464,30.451799123179573,29.273520345909006,29.90652084350586,343139000,0.0,0.0,0.0
2021-12-30,29.733070560375477,30.361087673132488,29.446975608009016,29.492830276489258,308864000,0.0,0.0,0.0
2021-12-31,29.580548773634128,29.93542853604102,29.238628557646763,29.318376541137695,266530000,0.0,0.0,0.0
2022-01-03,29.72110414229306,30.614282277910625,29.691197936820654,30.026140213012695,391547000,0.0,0.0,0.0
2022-01-04,30.18164886854297,30.372047335762616,28.259721233713027,29.197757720947266,527154000,0.0,0.0,0.0
2022-01-05,28.857832469761814,29.323362739600288,27.446293309746405,27.51706886291504,498064000,0.0,0.0,0.0
2022-01-06,27.55295802996534,28.348445375941616,26.97976990821359,28.089263916015625,454186000,0.0,0.0,0.0
2022-01-07,28.05238144846275,28.332496683528657,26.97179355482779,27.161195755004883,409939000,0.0,0.0,0.0
2022-01-10,26.497290128969677,27.382494114013422,25.5632406683439,27.313711166381836,594681000,0.0,0.0,0.0
2022-01-11,27.23695493896439,27.97661882621992,26.754479886883722,27.729398727416992,404089000,0.0,0.0,0.0
2022-01-12,27.978608560513216,28.504945618330236,27.52105444566208,27.910823822021484,383413000,0.0,0.0,0.0
2022-01-13,28.289625832276567,28.390307586035668,26.414549141387052,26.491308212280273,540171000,0.0,0.0,0.0
2022-01-14,26.217178269218586,27.111354801279813,26.127461534880105,26.85715675354004,395832000,0.0,0.0,0.0
2022-01-18,26.177302480368454,26.554112344866216,25.688845811972694,25.821426391601562,424270000,0.0,0.0,0.0
2022-01-19,25.996872119985937,26.459409683048193,24.97310593684919,24.98805809020996,488315000,0.0,0.0,0.0
2022-01-20,25.224317030343393,25.49845065849649,24.00217604422895,24.073949813842773,435181000,0.0,0.0,0.0
2022-01-21,23.432974653185838,24.744830454694682,23.189743544758542,23.30039405822754,718958000,0.0,0.0,0.0
2022-01-24,22.259678694181396,23.30637129274654,20.82222037714528,23.298397064208984,913982000,0.0,0.0,0.0
2022-01-25,22.474995512389242,22.870746504571382,21.9307154992586,22.253694534301758,664616000,0.0,0.0,0.0
2022-01-26,23.166807633010286,23.98123400750133,22.22976753998485,22.700281143188477,755959000,0.0,0.0,0.0
2022-01-27,23.493785506024345,23.919440934944628,21.60674498365233,21.87489891052246,573353000,0.0,0.0,0.0
2022-01-28,21.94267865750041,22.78601509261585,21.22893388945279,22.7680721282959,543774000,0.0,0.0,0.0
2022-01-31,23.10899542114048,24.43181805477135,22.97940564831107,24.408889770507812,564680000,0.0,0.0,0.0
2022-02-01,25.024939661803632,25.065810904904282,23.814762231762714,24.560407638549805,518925000,0.0,0.0,0.0
2022-02-02,25.712773586139047,25.73569997115753,24.47568045285035,25.162511825561523,543419000,0.0,0.0,0.0
2022-02-03,24.38097558762337,24.998025678674647,23.705111287686467,23.872581481933594,410178000,0.0,0.0,0.0
2022-02-04,23.89650713053911,24.55741930721573,23.557577711661764,24.242414474487305,354829000,0.0,0.0,0.0
2022-02-07,24.295243866146766,25.102692363027224,24.12577917901465,24.650123596191406,376868000,0.0,0.0,0.0
2022-02-08,24.28229068862886,25.1505481244359,23.90448448091836,25.028932571411133,410359000,0.0,0.0,0.0
2022-02-09,25.54131148574977,26.640838580536943,25.27315951224319,26.620901107788086,524282000,0.0,0.0,0.0
2022-02-10,25.913138706568642,26.84020840080806,25.519382164128384,25.74267578125,513200000,0.0,0.0,0.0
2022-02-11,25.834385491481136,26.069642339244744,23.698134593993387,23.873579025268555,605472000,0.0,0.0,0.0
2022-02-14,23.858630725496297,24.79666745710509,23.680193553099095,24.190582275390625,440424000,0.0,0.0,0.0
2022-02-15,24.870431043038703,26.461405654812495,24.705951642944154,26.411563873291016,699869000,0.0,0.0,0.0
2022-02-16,26.176305909012655,26.498288671486034,25.47153166394175,26.42751121520996,732676000,0.0,0.0,0.0
2022-02-17,25.549283587406155,25.70379613633401,24.088899004953028,24.429821014404297,810595000,0.0,0.0,0.0
2022-02-18,24.590314838865833,24.9073141846699,23.027253892651444,23.567546844482422,761255000,0.0,0.0,0.0
2022-02-22,22.9624597952012,23.988218678165815,22.92757016662024,23.316341400146484,633422000,0.0,0.0,0.0
2022-02-23,23.727044613283795,24.078933611616357,22.230771994916,22.316499710083008,566511000,0.0,0.0,0.0
2022-02-24,20.948817318078245,23.725046427228275,20.82421097780637,23.67321014404297,735801000,0.0,0.0,0.0
2022-02-25,23.64630098063684,24.14073741705025,23.30737152091748,24.0809268951416,528866000,0.0,0.0,0.0
2022-02-28,23.91644642718018,24.587327391046674,23.632344083996866,24.308208465576172,477319000,0.0,0.0,0.0
2022-03-01,24.21450233159208,24.3002319386135,23.059151897859554,23.403064727783203,412056000,0.0,0.0,0.0
2022-03-02,23.685224100178537,24.336278491001387,23.34524043941183,24.14784049987793,389642000,0.004,0.0,0.0
2022-03-03,24.189714450005976,24.253524852561736,23.39907779476586,23.643348693847656,365095000,0.0,0.0,0.0
2022-03-04,23.31433339065873,23.609451053409828,22.4150202714538,22.86766815185547,431415000,0.0,0.0,0.0
2022-03-07,22.749016800661877,22.96437474060364,21.266447763904743,21.288381576538086,450821000,0.0,0.0,0.0
2022-03-08,21.24551620790643,22.30634551586361,20.58847910622701,21.449905395507812,557467000,0.0,0.0,0.0
2022-03-09,22.3202962123776,23.150814439662312,22.180713956250962,22.9454288482666,492742000,0.0,0.0,0.0
2022-03-10,22.46387362746883,22.72010791806969,21.816807022974896,22.590496063232422,428066000,0.0,0.0,0.0
2022-03-11,22.953404847731406,23.07603946211015,21.980313026762005,22.03415298461914,367209000,0.0,0.0,0.0
2022-03-14,21.80384262804617,22.195671367540292,21.095958926406958,21.266448974609375,385354000,0.0,0.0,0.0
2022-03-15,21.45388764879963,22.969359327340563,21.25847247473295,22.904552459716797,491996000,0.0,0.0,0.0
2022-03-16,23.429984670978083,24.523716417538445,23.102962788581674,24.423017501831055,671422000,0.0,0.0,0.0
2022-03-17,24.04813969626861,24.76798684900342,23.834776570421486,24.692214965820312,471941000,0.0,0.0,0.0
2022-03-18,24.725117703242326,26.489844911193696,24.550639830280833,26.374189376831055,730719000,0.0,0.0,0.0
2022-03-21,26.42802919116261,27.071108036211722,25.889637069261166,26.65435218811035,591727000,0.0,0.0,0.0
2022-03-22,26.647373045195117,27.1568522339767,25.994325666723434,26.444978713989258,547007000,0.0,0.0,0.0
2022-03-23,26.048159533733372,26.53271160406256,25.498802493887702,25.557626724243164,502120000,0.0,0.0,0.0
2022-03-24,26.088045093021876,28.23562710130492,25.82981594503605,28.066133499145508,877379000,0.0,0.0,0.0
2022-03-25,27.802915490968033,28.27350932502247,27.18974806430795,27.609493255615234,579016000,0.0,0.0,0.0
2022-03-28,27.67330780734801,28.165835529081235,27.124945266667112,28.13492774963379,425494000,0.0,0.0,0.0
2022-03-29,28.60950485138546,28.85975646589663,27.896634994206327,28.570621490478516,488984000,0.0,0.0,0.0
2022-03-30,28.219676873805547,28.411104299754804,27.421062639533556,27.607505798339844,463487000,0.0,0.0,0.0
2022-03-31,27.69922486553173,28.1638360522598,27.188751204527012,27.204702377319336,523440000,0.0,0.0,0.0
2022-04-01,27.293444485136895,27.414084291366482,26.188745633064283,26.63241958618164,517235000,0.0,0.0,0.0
2022-04-04,26.648369216228314,27.475896299662303,26.533712066907064,27.278486251831055,397120000,0.0,0.0,0.0
2022-04-05,27.17280089255996,27.237607768198263,25.743073244909805,25.853742599487305,436615000,0.0,0.0,0.0
2022-04-06,24.859716112456148,25.22462494159722,23.93149001085727,24.334285736083984,703833000,0.0,0.0,0.0
2022-04-07,24.368179386256767,24.64834229932388,23.40804924530621,24.135873794555664,557992000,0.0,0.0,0.0
2022-04-08,23.845738250132285,23.851720890168128,22.993286209983477,23.05011558532715,524781000,0.0,0.0,0.0
2022-04-11,22.147819689580633,22.25350288523599,21.595469340905495,21.851703643798828,575207000,0.0,0.0,0.0
2022-04-12,22.4698511510868,22.657290726979376,21.21858938714233,21.43992805480957,662258000,0.0,0.0,0.0
2022-04-13,21.66326329916609,22.432962530129032,21.39107597210752,22.1368465423584,516943000,0.0,0.0,0.0
2022-04-14,22.437948470033938,22.70913934444599,21.09994772609378,21.194664001464844,569097000,0.0,0.0,0.0
2022-04-18,21.136834574331875,22.02218733055563,21.01619480926674,21.718097686767578,525701000,0.0,0.0,0.0
2022-04-19,21.655284301108995,22.306338557655973,21.250493846316246,22.131860733032227,512781000,0.0,0.0,0.0
2022-04-20,22.449911553032234,22.6024555729677,21.13683607316311,21.41799545288086,468974000,0.0,0.0,0.0
2022-04-21,21.6443221623934,22.325287868143974,19.940414139309308,20.12286949157715,656209000,0.0,0.0,0.0
2022-04-22,20.242508087919838,20.424963414737594,19.44190107394043,19.45685577392578,624713000,0.0,0.0,0.0
2022-04-25,19.144785898892376,19.88557210636069,19.03910273774108,19.842700958251953,641566000,0.0,0.0,0.0
2022-04-26,19.65925871162989,19.729049871054343,18.61438046339,18.73202896118164,653143000,0.0,0.0,0.0
2022-04-27,18.542589470786602,19.10989445940128,18.235508451875706,18.360136032104492,499460000,0.0,0.0,0.0
2022-04-28,18.910490135420694,19.977303851455268,18.43491199008361,19.72306251525879,570327000,0.0,0.0,0.0
2022-04-29,19.344195296792407,20.06803212955995,18.46183178332937,18.491743087768555,500435000,0.0,0.0,0.0
2022-05-02,18.48576074197281,19.515682143130196,18.336208020718836,19.47480583190918,572049000,0.0,0.0,0.0
2022-05-03,19.342198449627805,19.765933327881584,19.075993762803037,19.543596267700195,475751000,0.0,0.0,0.0
2022-05-04,19.863641752299557,20.33921986356432,18.695132726502678,20.27341651916504,648855000,0.0,0.0,0.0
2022-05-05,19.8078139209031,19.86563979176818,18.444885832875407,18.787860870361328,626331000,0.0,0.0,0.0
2022-05-06,18.680180965141894,19.453868144607874,17.936403191321382,18.619361877441406,633297000,0.0,0.0,0.0
2022-05-09,17.980269856071814,18.200610175903677,16.776865264300895,16.899499893188477,644455000,0.0,0.0,0.0
2022-05-10,17.63630138327549,18.14378578300302,16.974279965454567,17.54258155822754,761474000,0.0,0.0,0.0
2022-05-11,17.295314714048374,17.700105173473105,16.518636414884845,16.5804500579834,670167000,0.0,0.0,0.0
2022-05-12,16.17067961115199,16.73798466846581,15.520622598818264,16.12681007385254,708728000,0.0,0.0,0.0
2022-05-13,16.737985372316167,17.8745884809046,16.5435666197067,17.653249740600586,670437000,0.0,0.0,0.0
2022-05-16,17.456833430342392,17.735001491928404,17.055034273977807,17.212562561035156,521446000,0.0,0.0,0.0
2022-05-17,18.020149031920944,18.31626502100498,17.58146135414091,18.12284278869629,585830000,0.0,0.0,0.0
2022-05-18,17.652250113395763,18.064019738570103,16.813756162184983,16.887535095214844,545161000,0.0,0.0,0.0
2022-05-19,16.88654341885772,17.634309101018864,16.684147154926208,17.072986602783203,621310000,0.0,0.0,0.0
2022-05-20,17.28035996987774,17.358126686206212,15.708058031276178,16.64426040649414,739105000,0.0,0.0,0.0
2022-05-23,16.225514794885957,16.86460579941811,16.13079851441161,16.84765625,639889000,0.0,0.0,0.0
2022-05-24,16.460813405318188,16.54755410720824,15.732987737093548,16.105873107910156,588550000,0.0,0.0,0.0
2022-05-25,15.972272324867756,17.060021530351076,15.952331454150205,16.924427032470703,781132000,0.0,0.0,0.0
2022-05-26,15.9882223241749,18.03809652185166,15.974264096032462,17.797815322875977,996575000,0.0,0.0,0.0
2022-05-27,18.131815573979985,18.82474451489988,18.046071370079833,18.754953384399414,738379000,0.0,0.0,0.0
2022-05-31,18.923450248875827,19.14279599466487,18.295328116993222,18.616369247436523,664100000,0.0,0.0,0.0
2022-06-01,18.668212704516566,18.996231017813137,18.06800517898297,18.26541519165039,544514000,0.0,0.0,0.0
2022-06-02,18.237500543404728,19.560546538437922,18.14378074438324,19.533626556396484,648656000,0.0,0.0,0.0
2022-06-03,19.025149434663984,19.274404605825605,18.466816482062402,18.664226531982422,598779000,0.0,0.0,0.0
2022-06-06,19.081982890174334,19.27939298217494,18.50869511363227,18.73003387451172,422406000,0.0,0.0,0.0
2022-06-07,18.416965795176733,18.9433925831492,18.133811531545238,18.869613647460938,388914000,0.0,0.0,0.0
2022-06-08,18.74695362356912,19.12689931949138,18.4836845843309,18.596372604370117,363252000,0.004,0.0,0.0
2022-06-09,18.429833350813585,18.880581583160353,17.991051027241866,17.998031616210938,395574000,0.0,0.0,0.0
2022-06-10,17.551268086229637,17.64799962656787,16.82229123999066,16.927001953125,465248000,0.0,0.0,0.0
2022-06-13,15.955703971257755,16.266840472595092,15.562794707707624,15.603681564331055,604153000,0.0,0.0,0.0
2022-06-14,15.68744737975274,16.021519942748558,15.369330314017972,15.792157173156738,469680000,0.0,0.0,0.0
2022-06-15,16.05043807467459,16.82129863210318,15.881906301777965,16.481243133544922,563936000,0.0,0.0,0.0
2022-06-16,15.816088757865616,15.897862458387,15.35835993661818,15.557806015014648,545749000,0.0,0.0,0.0
2022-06-17,15.604676739581116,15.950716157739642,15.285562995334534,15.836034774780273,630334000,0.0,0.0,0.0
2022-06-21,16.429386318006205,16.960909651002094,16.36157379723121,16.52013397216797,483089000,0.0,0.0,0.0
2022-06-22,16.181077014713374,16.61587073985761,16.135204840649315,16.314706802368164,437135000,0.0,0.0,0.0
2022-06-23,16.473263235618262,16.539080487355168,15.809107764015794,16.180078506469727,463680000,0.0,0.0,0.0
2022-06-24,16.454320190454215,17.092547758876677,16.264845667803225,17.07858657836914,472153000,0.0,0.0,0.0
2022-06-27,17.264068491152564,17.28201830452183,16.579966999575007,16.822294235229492,427968000,0.0,0.0,0.0
2022-06-28,16.853210426478878,17.15437435755345,15.900854507260869,15.937752723693848,461149000,0.0,0.0,0.0
2022-06-29,15.770219221628231,15.776202177014092,15.128002076209375,15.498971939086914,482352000,0.0,0.0,0.0
2022-06-30,15.318471504237966,15.523901498559498,14.820853441865891,15.11703109741211,686070000,0.0,0.0,0.0
2022-07-01,14.857749366858286,15.021294859447558,14.352153126123206,14.482789993286133,577610000,0.0,0.0,0.0
2022-07-05,14.13575420188145,14.929549863734284,14.016086557176527,14.922569274902344,651397000,0.0,0.0,0.0
2022-07-06,14.9684432720513,15.276587784305496,14.748054467101642,15.08811092376709,529066000,0.0,0.0,0.0
2022-07-07,15.41320992490336,15.900855482165372,15.346395028402622,15.814096450805664,492903000,0.0,0.0,0.0
2022-07-08,15.387281829188536,15.992601679207207,15.346394973873567,15.79415225982666,467972000,0.0,0.0,0.0
2022-07-11,15.483015309181383,15.484012943856513,14.996366451757986,15.110051155090332,437321000,0.0,0.0,0.0
2022-07-12,15.22572805239749,15.388276870570849,14.83581079611465,15.040243148803711,458483000,0.0,0.0,0.0
2022-07-13,14.549606661502255,15.332433178961859,14.424952733218012,15.122016906738281,521918000,0.0,0.0,0.0
2022-07-14,15.066172037556123,15.430161276206992,14.687223985290593,15.32944107055664,456235000,0.0,0.0,0.0
2022-07-15,15.615646381948205,15.738305033694623,15.402238169306203,15.718360900878906,385935000,0.0,0.0,0.0
2022-07-18,16.256868850127862,16.850220940420993,15.957700144549596,16.056425094604492,670517000,0.0,0.0,0.0
2022-07-19,16.44035994202508,17.062632997757373,16.127230046583808,16.94495964050293,702366000,0.0,0.0,0.0
2022-07-20,16.900084012250357,17.8833544065657,16.754488293525725,17.757701873779297,760538000,0.0,0.0,0.0
2022-07-21,17.835482614701714,18.093764403863,17.49642380939711,18.000024795532227,557049000,0.0,0.0,0.0
2022-07-22,17.843463625700892,17.917258166341586,17.089556062811305,17.271053314208984,536671000,0.0,0.0,0.0
2022-07-25,16.971880453577725,17.076591197104143,16.602905897371375,16.97686767578125,480748000,0.0,0.0,0.0
2022-07-26,16.84223788619785,16.872155507315675,16.43237655784187,16.487224578857422,397865000,0.0,0.0,0.0
2022-07-27,16.984844729606653,17.886343144331377,16.866174710818715,17.740747451782227,569776000,0.0,0.0,0.0
2022-07-28,17.925237772890636,18.08977999214664,17.39171903743578,17.93421173095703,474646000,0.0,0.0,0.0
2022-07-29,17.763681512135797,18.19348797443547,17.643016231379985,18.112712860107422,435460000,0.0,0.0,0.0
2022-08-01,18.131658489520138,18.7938215256265,17.94019064521122,18.389942169189453,476469000,0.0,0.0,0.0
2022-08-02,18.07182959440469,18.885570510659182,18.041911963650172,18.47471046447754,489527000,0.0,0.0,0.0
2022-08-03,18.133661328929822,18.91549138084864,18.08679055626089,18.8406982421875,418146000,0.0,0.0,0.0
2022-08-04,18.796812618454407,19.22063513569803,18.708058337909296,19.16179847717285,409652000,0.0,0.0,0.0
2022-08-05,18.75792468015069,19.17576531807126,18.61432423658541,18.936429977416992,386068000,0.0,0.0,0.0
2022-08-08,17.45354536402082,18.188504443935763,17.19426496293747,17.743738174438477,981859000,0.0,0.0,0.0
2022-08-09,17.20423514221183,17.398694940794755,16.677697139131496,17.038694381713867,668263000,0.0,0.0,0.0
2022-08-10,17.64900236749365,18.067839657584745,17.269056663137828,18.046897888183594,597422000,0.0,0.0,0.0
2022-08-11,18.080806109395972,18.655211706632087,17.826510993938886,17.8923282623291,509327000,0.0,0.0,0.0
2022-08-12,18.109721945226894,18.666177625548745,17.903294316475968,18.657201766967773,478094000,0.0,0.0,0.0
2022-08-15,18.649229834982375,19.110947447873812,18.561474101575005,18.979312896728516,457666000,0.0,0.0,0.0
2022-08-16,18.867617579479603,19.08900306515244,18.449777011947884,18.826730728149414,451240000,0.0,0.0,0.0
2022-08-17,18.47171996728055,18.636262177287165,18.094766197974923,18.284238815307617,446799000,0.0,0.0,0.0
2022-08-18,18.250332132443727,18.812769810722802,18.13265879882492,18.721025466918945,415447000,0.0,0.0,0.0
2022-08-19,18.355042477008766,18.468727183536906,17.72080358497965,17.799585342407227,441588000,0.0,0.0,0.0
2022-08-22,17.44158008519119,17.509392623810882,16.91903057051117,16.98684310913086,409593000,0.0,0.0,0.0
2022-08-23,16.941964523094743,17.41664650068236,16.923016122259966,17.133432388305664,369986000,0.0,0.0,0.0
2022-08-24,16.964898742460186,17.35780889595624,16.848223999149923,17.174318313598633,522661000,0.0,0.0,0.0
2022-08-25,16.797366467637275,17.897313400062618,16.78639724119501,17.863407135009766,770691000,0.0,0.0,0.0
2022-08-26,17.807557483692953,17.874371409562567,16.192042139496785,16.21497917175293,769127000,0.0,0.0,0.0
2022-08-29,15.97564814658675,16.29276663412164,15.723348333249264,15.757253646850586,496132000,0.0,0.0,0.0
2022-08-30,15.915815109572485,15.994595920392342,15.139969108143745,15.425177574157715,530181000,0.0,0.0,0.0
2022-08-31,15.341407879469896,15.496976116815032,14.91758433882462,15.052210807800293,573710000,0.0,0.0,0.0
2022-09-01,14.169659947404499,14.340186988303111,13.233260527452883,13.89841365814209,1178865000,0.0,0.0,0.0
2022-09-02,14.060962564890257,14.131765139366534,13.553371026300562,13.609216690063477,743157000,0.0,0.0,0.0
2022-09-06,13.692984371926862,13.740851814141763,13.314036323816168,13.42772102355957,535751000,0.0,0.0,0.0
2022-09-07,13.529468955559182,13.803789664823167,13.313005420498245,13.680095672607422,512657000,0.004,0.0,0.0
2022-09-08,13.425725497360691,13.973368965250524,13.335948799799713,13.955412864685059,624873000,0.0,0.0,0.0
2022-09-09,14.121999969055892,14.438216654464224,14.091077423081934,14.351431846618652,486612000,0.0,0.0,0.0
2022-09-12,14.333476599142045,14.511036035425132,14.162898875313989,14.46914005279541,484159000,0.0,0.0,0.0
2022-09-13,13.767878093148786,13.887581309355834,13.06661601426547,13.098536491394043,714956000,0.0,0.0,0.0
2022-09-14,13.221233728873338,13.2571449823335,12.881077130493788,13.095545768737793,588507000,0.0,0.0,0.0
2022-09-15,12.982823422794079,13.200283922132007,12.758379308646864,12.897035598754883,523625000,0.0,0.0,0.0
2022-09-16,12.710498889536233,13.179337223190453,12.585807914194328,13.165371894836426,670751000,0.0,0.0,0.0
2022-09-19,12.97983183509863,13.429717086609914,12.977836924096026,13.348917007446289,569685000,0.0,0.0,0.0
2022-09-20,13.182329079094677,13.44966616014184,13.024719705664902,13.143424987792969,524818000,0.0,0.0,0.0
2022-09-21,13.18033355166007,13.996311035255735,13.077587561187178,13.228214263916016,807679000,0.0,0.0,0.0
2022-09-22,13.03768878499316,13.116493957539719,12.397276654319372,12.529947280883789,759162000,0.0,0.0,0.0
2022-09-23,12.38929449653901,12.579822277960686,12.22669736982,12.48505687713623,663309000,0.0,0.0,0.0
2022-09-26,12.460119453590893,12.627704338358164,12.183803837251507,12.197769165039062,547343000,0.0,0.0,0.0
2022-09-27,12.47607929062904,12.70451323216134,12.227695289178223,12.382311820983887,553854000,0.0,0.0,0.0
2022-09-28,12.37932021781137,12.791299318139588,12.323458902869692,12.704514503479004,542414000,0.0,0.0,0.0
2022-09-29,12.417225794477423,12.469097284845578,11.916466992118151,12.189789772033691,532763000,0.0,0.0,0.0
2022-09-30,12.057117275528151,12.601767882452046,12.045146859340639,12.108988761901855,565638000,0.0,0.0,0.0
2022-10-03,12.316476553047927,12.646658600455845,12.075074233627726,12.48106861114502,547478000,0.0,0.0,0.0
2022-10-04,12.847158079623396,13.187315557606139,12.847158079623396,13.134446144104004,584182000,0.0,0.0,0.0
2022-10-05,12.87908219169331,13.288068453828838,12.589799156184034,13.176344871520996,507131000,0.0,0.0,0.0
2022-10-06,13.187317554392024,13.622239538294219,13.07060622540916,13.097539901733398,644157000,0.0,0.0,0.0
2022-10-07,12.474084749119333,12.638676791416017,11.992279039061453,12.04614543914795,672478000,0.0,0.0,0.0
2022-10-10,12.007240867482555,12.094025672565365,11.379796220873162,11.641148567199707,698699000,0.0,0.0,0.0
2022-10-11,11.532417118510912,11.816712348676244,11.255104551505667,11.557355880737305,667482000,0.0,0.0,0.0
2022-10-12,11.550373264718909,11.705986765590792,11.31695158643632,11.47156810760498,492590000,0.0,0.0,0.0
2022-10-13,10.943876148054613,12.048139665363264,10.786266778590695,11.930431365966797,850103000,0.0,0.0,0.0
2022-10-14,12.027193495602644,12.081059900782172,11.176302548165202,11.19924545288086,713432000,0.0,0.0,0.0
2022-10-17,11.489523129293081,11.918460323463654,11.488526149600807,11.85860824584961,580774000,0.0,0.0,0.0
2022-10-18,12.313480989431524,12.46111484348481,11.589276093854338,11.937413215637207,659362000,0.0,0.0,0.0
2022-10-19,11.849630266886663,12.319466443972402,11.804741448040044,12.021204948425293,523131000,0.0,0.0,0.0
2022-10-20,12.08305357020032,12.73743191217373,12.075072975272215,12.163853645324707,652398000,0.0,0.0,0.0
2022-10-21,12.068090417832614,12.467102092739703,11.85761257031653,12.4351806640625,609494000,0.0,0.0,0.0
2022-10-24,12.477077391333092,12.678577660700563,12.034174829585528,12.567852020263672,517457000,0.0,0.0,0.0
2022-10-25,12.662616631719668,13.267118353397784,12.632690116328606,13.228214263916016,505482000,0.0,0.0,0.0
2022-10-26,12.837185850244591,13.354901886783574,12.676583621317251,12.864118576049805,532953000,0.0,0.0,0.0
2022-10-27,13.59630304820485,13.803788998303101,13.089558589412318,13.143424987792969,583113000,0.0,0.0,0.0
2022-10-28,13.071604141512527,13.815760155792058,13.028710226197942,13.799798965454102,521040000,0.0,0.0,0.0
2022-10-31,13.743936087967768,13.803788166627177,13.264125332932366,13.463630676269531,486341000,0.0,0.0,0.0
2022-11-01,13.776856684484033,13.890575176364532,13.485578741755033,13.509519577026367,432817000,0.0,0.0,0.0
2022-11-02,13.815759886644688,14.174869538553562,13.17833970749939,13.186319351196289,672628000,0.0,0.0,0.0
2022-11-03,13.010755424842653,13.746930863679363,12.923970612064814,13.38782024383545,500065000,0.0,0.0,0.0
2022-11-04,13.951423355113537,14.1938226319805,13.663137321682004,14.121003150939941,612576000,0.0,0.0,0.0
2022-11-07,14.19282459299917,14.376369715229352,13.919502771881342,14.265644073486328,410061000,0.0,0.0,0.0
2022-11-08,14.76440920283428,14.85418686064914,14.180855378354366,14.565901756286621,595292000,0.0,0.0,0.0
2022-11-09,14.126988780724597,14.175868382440134,13.724985188452262,13.741943359375,454414000,0.0,0.0,0.0
2022-11-10,14.76341213300267,15.734006289264514,14.51103733225041,15.711063385009766,700819000,0.0,0.0,0.0
2022-11-11,15.767918688568072,16.34847952206211,15.44372241385744,16.286632537841797,655487000,0.0,0.0,0.0
2022-11-14,16.177901866300843,16.499106232735553,15.882633238435714,16.254711151123047,527852000,0.0,0.0,0.0
2022-11-15,16.68065530390621,16.9559719708209,16.341495795044064,16.624794006347656,545876000,0.0,0.0,0.0
2022-11-16,16.12204333727618,16.321547735639033,15.833757322153295,15.870665550231934,649547000,0.0,0.0,0.0
2022-11-17,15.676150794914285,16.225789250714072,15.496595471995533,15.63824462890625,710894000,0.0,0.0,0.0
2022-11-18,15.926527067026893,15.962439267152297,15.082618903576678,15.370904922485352,492072000,0.0,0.0,0.0
2022-11-21,15.109553050431892,15.438737129847263,15.042718303446582,15.279132843017578,404739000,0.0,0.0,0.0
2022-11-22,15.290106315115047,16.018302109906227,15.084615259338909,15.998351097106934,472866000,0.0,0.0,0.0
2022-11-23,16.05820398423219,16.486144313073122,16.008328349427657,16.47816276550293,427241000,0.0,0.0,0.0
2022-11-25,16.277661873589395,16.446242818507432,16.132022884269546,16.229780197143555,167934000,0.0,0.0,0.0
2022-11-28,15.986378789361892,16.316561753105944,15.686124245692138,15.787871360778809,303741000,0.0,0.0,0.0
2022-11-29,15.787871013684132,15.89261191979211,15.48163079273218,15.600336074829102,298384000,0.0,0.0,0.0
2022-11-30,15.662201761260052,16.8924691470814,15.562424016528215,16.88548469543457,565298000,0.004,0.0,0.0
2022-12-01,16.961313400800822,17.22672251600334,16.59812007687738,17.09701156616211,470977000,0.0,0.0,0.0
2022-12-02,16.622066938764753,16.895459640770735,16.408540682249722,16.838584899902344,371389000,0.0,0.0,0.0
2022-12-05,16.64202078226574,16.957320143368804,16.43547900431618,16.57317352294922,352255000,0.0,0.0,0.0
2022-12-06,16.49335453097424,16.53625847140246,15.783930339637903,15.951558113098145,352694000,0.0,0.0,0.0
2022-12-07,15.737028239030783,16.15011076540868,15.632260566162017,16.084257125854492,372388000,0.0,0.0,0.0
2022-12-08,16.236924067023104,17.140915635032428,15.923619112619104,17.130937576293945,515456000,0.0,0.0,0.0
2022-12-09,17.121956228129644,17.544018774553155,16.93736690492108,16.963308334350586,465338000,0.0,0.0,0.0
2022-12-12,16.999227301100692,17.499115967644453,16.75975964222129,17.496122360229492,457328000,0.0,0.0,0.0
2022-12-13,18.48991481040543,18.748341354532826,17.67173314781312,18.031932830810547,656589000,0.0,0.0,0.0
2022-12-14,17.947122938893273,18.21153673692968,17.38138052214265,17.634817123413086,496888000,0.0,0.0,0.0
2022-12-15,17.107987414571323,17.281601445328924,16.662977044280925,16.914417266845703,478542000,0.0,0.0,0.0
2022-12-16,16.826609420854215,17.003217021729515,16.37361555870543,16.534257888793945,478232000,0.0,0.0,0.0
2022-12-19,16.53525606050728,16.572172773420323,16.109202785089362,16.217960357666016,354039000,0.0,0.0,0.0
2022-12-20,16.02838403707244,16.27383892516191,15.816855115740298,16.04933738708496,403260000,0.0,0.0,0.0
2022-12-21,16.07827163091564,16.590134671337612,16.066297202560737,16.464412689208984,325025000,0.0,0.0,0.0
2022-12-22,16.0583199304805,16.10222300797655,14.849007005999164,15.304993629455566,565045000,0.0,0.0,0.0
2022-12-23,15.162309883054668,15.304992495444772,14.850004092190744,15.172287940979004,349326000,0.0,0.0,0.0
2022-12-27,15.040581290027674,15.066523670848282,14.024837595300793,14.089694023132324,464902000,0.0,0.0,0.0
2022-12-28,13.896126149600791,14.230383547095608,13.853221252851984,14.004884719848633,351066000,0.0,0.0,0.0
2022-12-29,14.370073535236154,14.650449789414111,14.195461291454878,14.570627212524414,354923000,0.0,0.0,0.0
2022-12-30,14.30222215199044,14.596568233600799,14.201446229451317,14.581602096557617,310490000,0.0,0.0,0.0
2023-01-03,14.818075144951218,14.962754136499147,14.064748866809973,14.283263206481934,401277000,0.0,0.0,0.0
2023-01-04,14.534704309371103,14.820069526606867,14.209426861493185,14.716300010681152,431324000,0.0,0.0,0.0
2023-01-05,14.458872413551465,14.531710520758232,14.11663246222546,14.233373641967773,389168000,0.0,0.0,0.0
2023-01-06,14.441909831289994,14.976721722809424,14.002885769126838,14.826056480407715,405044000,0.0,0.0,0.0
2023-01-09,15.250114184790577,16.020401941381497,15.1074306292161,15.593351364135742,504231000,0.0,0.0,0.0
2023-01-10,15.472620524555069,15.926611700930899,15.437698272766157,15.873729705810547,384101000,0.0,0.0,0.0
2023-01-11,15.804881372380587,15.992464284529852,15.528495081310508,15.965523719787598,353285000,0.0,0.0,0.0
2023-01-12,16.06430761543747,16.600115869170452,15.457654762499619,16.474395751953125,551409000,0.0,0.0,0.0
2023-01-13,16.241910621869895,16.884483841910928,16.129162184625386,16.861534118652344,447287000,0.0,0.0,0.0
2023-01-17,16.861534824609727,17.68869739083552,16.861534824609727,17.66275405883789,511102000,0.0,0.0,0.0
2023-01-18,17.62783226446367,17.833374940410984,17.243685577032387,17.338476181030273,439624000,0.0,0.0,0.0
2023-01-19,16.998229980422312,17.158874241400532,16.693907773124163,16.72783088684082,452932000,0.0,0.0,0.0
2023-01-20,16.973288293899945,17.816416246275402,16.78770171499723,17.799453735351562,564967000,0.0,0.0,0.0
2023-01-23,18.023954731552497,19.202338339087234,17.778501680528674,19.150453567504883,655163000,0.0,0.0,0.0
2023-01-24,18.7852576049282,19.451777728959655,18.778273155345232,19.222286224365234,496204000,0.0,0.0,0.0
2023-01-25,18.87107002531869,19.327057588077132,18.538808102919397,19.280160903930664,449537000,0.0,0.0,0.0
2023-01-26,19.657320791237296,20.121289984084356,19.235258296776955,19.75809669494629,489535000,0.0,0.0,0.0
2023-01-27,19.41885115591402,20.582266410433473,19.36197832095678,20.319849014282227,542142000,0.0,0.0,0.0
2023-01-30,19.905775353099752,20.09535278848975,19.107547661178327,19.119522094726562,488611000,0.0,0.0,0.0
2023-01-31,19.127499744923487,19.643353741949113,18.90798817511003,19.49368667602539,498017000,0.0,0.0,0.0
2023-02-01,19.647343286751223,21.14501488817615,19.567520729990026,20.896568298339844,660477000,0.0,0.0,0.0
2023-02-02,20.953438165318428,21.90033342006355,20.654104095633148,21.660865783691406,564276000,0.0,0.0,0.0
2023-02-03,20.95344017438409,21.696789246514708,20.74290754825101,21.053218841552734,429366000,0.0,0.0,0.0
2023-02-06,20.759868575425514,21.52217456940096,20.73991246279001,21.0422420501709,452197000,0.0,0.0,0.0
2023-02-07,21.33459738007037,22.209653931499272,21.10311135974189,22.123844146728516,664150000,0.0,0.0,0.0
2023-02-08,22.337368891274036,22.82728150904177,21.95920939412325,22.155773162841797,559651000,0.0,0.0,0.0
2023-02-09,22.555880179506847,22.968961841072108,22.07095764976335,22.2874755859375,523876000,0.0,0.0,0.0
2023-02-10,21.641912436236254,22.02905079986804,20.76486152389426,21.217853546142578,550737000,0.0,0.0,0.0
2023-02-13,21.490250748186387,21.99912031573908,20.91552751667087,21.739696502685547,474919000,0.0,0.0,0.0
2023-02-14,21.53016116062426,22.997900655540672,21.318631266584543,22.920074462890625,675474000,0.0,0.0,0.0
2023-02-15,22.49900989243005,22.804331263638748,22.056993110518953,22.713533401489258,420575000,0.0,0.0,0.0
2023-02-16,22.083928543019674,22.50000383331045,21.878385888019974,21.95322036743164,412026000,0.0,0.0,0.0
2023-02-17,21.583045106514625,21.691802710091036,20.928499305845392,21.34058380126953,465888000,0.0,0.0,0.0
2023-02-21,20.953445458280317,21.44634980045972,20.57229233801295,20.609210968017578,410015000,0.0,0.0,0.0
2023-02-22,20.661090150563847,21.05720930150761,20.375723053454355,20.707984924316406,513184000,0.0,0.0,0.0
2023-02-23,23.388031723311734,23.83503841711281,22.97395090605858,23.611534118652344,1117995000,0.0,0.0,0.0
2023-02-24,23.17350941362294,23.421957916477858,22.89612587509221,23.234373092651367,589716000,0.0,0.0,0.0
2023-02-27,23.617522349762986,23.827055854409227,23.40200162980687,23.448896408081055,452994000,0.0,0.0,0.0
2023-02-28,23.32018024556822,23.77217689153847,23.154547928957133,23.164525985717773,455963000,0.0,0.0,0.0
2023-03-01,23.140580708274207,23.204439895549427,22.45809718193452,22.647676467895508,460026000,0.0,0.0,0.0
2023-03-02,22.43814303132255,23.328163685156042,22.382265528634285,23.262310028076172,389415000,0.0,0.0,0.0
2023-03-03,23.26830010651087,23.847014191551843,23.078720796703625,23.8370361328125,412393000,0.0,0.0,0.0
2023-03-06,23.83803809487831,24.19424512815878,23.434932467158927,23.501785278320312,437429000,0.0,0.0,0.0
2023-03-07,23.5516758916116,24.07560049580581,23.193409839893587,23.240314483642578,515154000,0.004,0.0,0.0
2023-03-08,23.438905826491442,24.150447084590173,23.37603510396069,24.131484985351562,513573000,0.0,0.0,0.0
2023-03-09,24.12549713017086,24.403927067293445,23.335119057261018,23.388011932373047,501257000,0.0,0.0,0.0
2023-03-10,23.36106553205838,23.578619542231447,22.679463555166457,22.9179744720459,474866000,0.0,0.0,0.0
2023-03-13,22.705413316762304,23.250294843227117,22.25134506080111,22.918973922729492,421890000,0.0,0.0,0.0
2023-03-14,23.447888767567775,24.169407892174178,23.411961279895785,24.01372718811035,474910000,0.0,0.0,0.0
2023-03-15,23.712343919246344,24.23626848807537,23.312165981923513,24.178388595581055,524486000,0.0,0.0,0.0
2023-03-16,23.97780468614888,25.535607427755508,23.845075681386035,25.488704681396484,583253000,0.0,0.0,0.0
2023-03-17,25.9287988632653,26.3449448193976,25.61544073749828,25.672325134277344,848547000,0.0,0.0,0.0
2023-03-20,25.56255140531931,25.970714347329455,25.07854386503028,25.846967697143555,432747000,0.0,0.0,0.0
2023-03-21,26.12639693275394,26.337962757604163,25.329033093000934,26.145357131958008,547408000,0.0,0.0,0.0
2023-03-22,26.37088997719431,27.532507969585293,26.183275210273973,26.413803100585938,797295000,0.0,0.0,0.0
2023-03-23,27.05948178238723,27.442696318613994,26.635352731683053,27.135326385498047,564889000,0.0,0.0,0.0
2023-03-24,26.97564975875482,27.1113709568097,26.301033385062095,26.724164962768555,454920000,0.0,0.0,0.0
2023-03-27,26.782050151047695,26.944716509158773,26.3110164665487,26.47667694091797,361026000,0.0,0.0,0.0
2023-03-28,26.392847592513167,26.45871243560378,25.79706988863312,26.35592269897461,356104000,0.0,0.0,0.0
2023-03-29,26.770070458700065,27.022550738950102,26.542536701119406,26.928743362426758,393694000,0.0,0.0,0.0
2023-03-30,27.17324699449219,27.44269460926943,27.04650622795167,27.32693099975586,364516000,0.0,0.0,0.0
2023-03-31,27.08442659853217,27.77700578403353,27.049498418004845,27.720123291015625,433933000,0.0,0.0,0.0
2023-04-03,27.452673959085395,27.942667821784,27.280027855037655,27.907739639282227,398716000,0.0,0.0,0.0
2023-04-04,27.908735793018696,27.94266656976958,27.251084780335454,27.396785736083984,368592000,0.0,0.0,0.0
2023-04-05,26.774064682882994,26.942717354778598,26.340953337844432,26.825958251953125,515015000,0.0,0.0,0.0
2023-04-06,26.529564526400943,27.024549174224266,26.372886420842022,26.981637954711914,397654000,0.0,0.0,0.0
2023-04-10,26.768078927982756,27.564445330206645,26.61439491835625,27.522531509399414,395279000,0.0,0.0,0.0
2023-04-11,27.667236759205327,27.73310161069259,27.070459671596023,27.113372802734375,314378000,0.0,0.0,0.0
2023-04-12,27.313960457156856,27.4117593746922,26.39384737924561,26.440752029418945,446259000,0.0,0.0,0.0
2023-04-13,26.679254629480894,26.831941201476347,26.275085187583688,26.408809661865234,353615000,0.0,0.0,0.0
2023-04-14,26.449725532334245,26.827949137004605,26.16630670397961,26.703205108642578,395660000,0.0,0.0,0.0
2023-04-17,26.510610758067617,26.950707829580917,26.37888104827375,26.94671630859375,321471000,0.0,0.0,0.0
2023-04-18,27.476625156577658,28.05244337278638,27.30098493529646,27.610349655151367,604812000,0.0,0.0,0.0
2023-04-19,27.304980955738124,27.942672601702498,27.176245360575123,27.87381362915039,358660000,0.0,0.0,0.0
2023-04-20,27.614340416338198,27.972606485594795,26.944714827313312,27.04850196838379,427713000,0.0,0.0,0.0
2023-04-21,26.896812971013922,27.127340875735126,26.66728437395246,27.0634708404541,345103000,0.0,0.0,0.0
2023-04-24,26.957689535565127,27.309965480209698,26.61638884445198,26.986629486083984,339282000,0.0,0.0,0.0
2023-04-25,27.02255529680181,27.191209883551597,26.17130312906319,26.18726921081543,378527000,0.0,0.0,0.0
2023-04-26,26.946713672472086,27.274041202719886,26.65032090270942,26.900806427001953,406337000,0.0,0.0,0.0
2023-04-27,27.306972360442714,27.43870204664904,26.57048262204744,27.170251846313477,377161000,0.0,0.0,0.0
2023-04-28,27.1692571711631,27.70116489389645,27.015571252856407,27.692184448242188,292216000,0.0,0.0,0.0
2023-05-01,27.782996461743867,28.99850296142685,27.723119847489293,28.850805282592773,570329000,0.0,0.0,0.0
2023-05-02,28.621277734605123,28.776958460184716,28.025499975903916,28.152238845825195,402730000,0.0,0.0,0.0
2023-05-03,27.782995617159955,28.30891697061435,27.415749094927655,27.745073318481445,383387000,0.0,0.0,0.0
2023-05-04,27.594384121705687,27.80195842799496,27.184226337640972,27.50556755065918,321850000,0.0,0.0,0.0
2023-05-05,27.769027213873315,28.696124060234265,27.674222409101244,28.621278762817383,361494000,0.0,0.0,0.0
2023-05-08,28.46359684267218,29.160167550884644,28.291950055367597,29.09130859375,344979000,0.0,0.0,0.0
2023-05-09,28.83982635316878,28.91367423632623,28.3917463228912,28.512496948242188,314869000,0.0,0.0,0.0
2023-05-10,28.94561039227481,29.053390963914687,28.402725530757564,28.825857162475586,369350000,0.0,0.0,0.0
2023-05-11,28.83683515837139,28.89072544575844,28.18816641833993,28.519485473632812,322149000,0.0,0.0,0.0
2023-05-12,28.470583157825374,28.72107056378974,27.988572349830026,28.281970977783203,274222000,0.0,0.0,0.0
2023-05-15,28.449630148158924,28.90968670611311,28.094360052477484,28.893718719482422,293926000,0.0,0.0,0.0
2023-05-16,28.78194306415263,29.808837256233236,28.772962619924,29.153181076049805,449405000,0.0,0.0,0.0
2023-05-17,29.523423532319487,30.137164031905737,29.369739532230806,30.116207122802734,432535000,0.0,0.0,0.0
2023-05-18,30.347734802848134,31.762830690352914,30.25791892725925,31.61313819885254,748725000,0.0,0.0,0.0
2023-05-19,31.471424084571897,31.515334611569322,30.852694703812897,31.199981689453125,473908000,0.0,0.0,0.0
2023-05-22,30.837727010931786,31.455460948812917,30.617180758045432,31.112165451049805,372000000,0.0,0.0,0.0
2023-05-23,30.936521612122302,31.223931984014826,30.56827772744353,30.625160217285156,356253000,0.0,0.0,0.0
2023-05-24,30.14814396527104,30.54433236973777,29.744971827236576,30.475473403930664,721419000,0.0,0.0,0.0
2023-05-25,38.44412056648187,39.39916178020132,36.55998587698389,37.9022331237793,1543911000,0.0,0.0,0.0
2023-05-26,37.81241541975771,39.08979325980009,37.47311145513567,38.86625289916992,714397000,0.0,0.0,0.0
2023-05-30,40.5118797580755,41.85212836748926,39.86720258532556,40.02886962890625,923401000,0.0,0.0,0.0
2023-05-31,39.40714336242504,40.21249015793831,37.74455429743757,37.75653076171875,1002580000,0.0,0.0,0.0
2023-06-01,38.41019641111065,39.968001257141275,38.26150320820574,39.688575744628906,635873000,0.0,0.0,0.0
2023-06-02,40.01489905431234,40.41707376526735,38.97802500871207,39.24647521972656,482731000,0.0,0.0,0.0
2023-06-05,38.82932905392205,39.48398404045427,38.627743010740026,39.09079360961914,396094000,0.0,0.0,0.0
2023-06-06,38.75049794421731,39.07982029424169,38.06989131464503,38.57485580444336,388729000,0.0,0.0,0.0
2023-06-07,38.8393365135724,39.42220064737449,37.28336583715142,37.40213394165039,511998000,0.004,0.0,0.0
2023-06-08,37.650648624822814,38.788431404042456,37.43207648828261,38.43511962890625,417772000,0.0,0.0,0.0
2023-06-09,38.96109737948555,39.6337866781629,38.492013810296655,38.694618225097656,427717000,0.0,0.0,0.0
2023-06-12,39.12378588583667,39.453142301230535,38.542916712430916,39.405235290527344,388701000,0.0,0.0,0.0
2023-06-13,40.107864800357326,41.0210866253636,39.66273283742683,40.942237854003906,613208000,0.0,0.0,0.0
2023-06-14,40.744627187256896,42.91639507972652,40.47315286932789,42.91340255737305,740465000,0.0,0.0,0.0
2023-06-15,42.519176450195246,43.20484109231197,42.06505921158456,42.57007598876953,568622000,0.0,0.0,0.0
2023-06-16,43.3655191410193,43.63599213320871,42.5780517641451,42.60899353027344,655709000,0.0,0.0,0.0
2023-06-20,42.914401391724816,43.90447325497645,42.591030025374586,43.72282409667969,451153000,0.0,0.0,0.0
2023-06-21,43.416422222584046,43.53020280046162,41.998187390967416,42.961307525634766,551603000,0.0,0.0,0.0
2023-06-22,42.170846843287116,43.341566542076215,42.15188658669768,42.941349029541016,417737000,0.0,0.0,0.0
2023-06-23,42.38143932936339,42.725765968157205,41.9333109957247,42.12693405151367,358140000,0.0,0.0,0.0
2023-06-26,42.378435975213705,42.68084821314237,40.02202672023089,40.55299377441406,594322000,0.0,0.0,0.0
2023-06-27,40.71968036738126,41.85846093359961,40.369364835566834,41.794586181640625,462175000,0.0,0.0,0.0
2023-06-28,40.58094379252524,41.76364114383004,40.43922159164072,41.03705596923828,582639000,0.0,0.0,0.0
2023-06-29,41.47720297369155,41.51912113593417,40.52106530278883,40.74263381958008,380514000,0.0,0.0,0.0
2023-06-30,41.5989647398468,42.467272192490576,41.420311904436474,42.21975326538086,501148000,0.0,0.0,0.0
2023-07-03,42.434326127886784,42.81458581035407,42.11994000015232,42.330528259277344,198209000,0.0,0.0,0.0
2023-07-05,42.053076792694064,43.09305068763653,42.00317476731274,42.23472595214844,323618000,0.0,0.0,0.0
2023-07-06,41.76264953628558,42.09699732253943,41.265616640980895,42.02114486694336,303582000,0.0,0.0,0.0
2023-07-07,42.23971652222752,43.129984404943556,42.097994303095824,42.42036437988281,355881000,0.0,0.0,0.0
2023-07-10,42.57406186731793,42.72776176918797,41.56801853142634,42.09798812866211,353908000,0.0,0.0,0.0
2023-07-11,42.398400353937646,42.67486219078261,41.98520766702778,42.322547912597656,298244000,0.0,0.0,0.0
2023-07-12,42.949329116868,43.84957572671799,42.69382635632928,43.8166389465332,481277000,0.0,0.0,0.0
2023-07-13,44.43144838419821,46.065262910266576,44.40549795947818,45.887611389160156,478204000,0.0,0.0,0.0
2023-07-14,46.49243252940778,47.994507542631396,44.97239476607481,45.38059997558594,772075000,0.0,0.0,0.0
2023-07-17,46.19900003919172,46.40559448511717,45.17399644703976,46.370662689208984,510488000,0.0,0.0,0.0
2023-07-18,46.61019966194242,47.8028759240553,45.645080740043866,47.40165710449219,569164000,0.0,0.0,0.0
2023-07-19,47.37171457968649,47.725026374946644,46.65111827083296,46.98546600341797,427502000,0.0,0.0,0.0
2023-07-20,46.41657614955658,46.99545027981004,44.974385975713794,45.431495666503906,537865000,0.0,0.0,0.0
2023-07-21,45.698975360580505,45.77682663388391,44.014257511133955,44.22285079956055,963769000,0.0,0.0,0.0
2023-07-24,44.644025212328465,45.02129240158318,43.95437069346409,44.5252571105957,382516000,0.0,0.0,0.0
2023-07-25,44.85362300335587,46.093204951452925,44.835656447425045,45.590187072753906,348081000,0.0,0.0,0.0
2023-07-26,45.93152233751283,45.96346161310325,44.54322798421179,45.36362838745117,364237000,0.0,0.0,0.0
2023-07-27,46.42855262404122,47.30284884094631,45.66104681024001,45.81075668334961,455976000,0.0,0.0,0.0
2023-07-28,46.57726209617673,46.93556524542494,46.29082136263418,46.65910339355469,331194000,0.0,0.0,0.0
2023-07-31,46.6630907290073,47.038359066996236,46.415571856481925,46.63813781738281,251055000,0.0,0.0,0.0
2023-08-01,46.369666884333206,46.8088138287661,45.93751010661882,46.41657638549805,237858000,0.0,0.0,0.0
2023-08-02,45.74188936339505,45.750870737209425,43.302641133046315,44.182926177978516,530142000,0.0,0.0,0.0
2023-08-03,43.71483776411609,45.03027593449394,43.71483776411609,44.42844772338867,324176000,0.0,0.0,0.0
2023-08-04,44.89753933286693,45.553259657619556,44.306691262413594,44.59313201904297,362666000,0.0,0.0,0.0
2023-08-07,45.02329239286848,45.45145915668349,44.47635751419299,45.328697204589844,322154000,0.0,0.0,0.0
2023-08-08,44.765791580742274,45.154035175235585,43.97034032891443,44.5771598815918,353843000,0.0,0.0,0.0
2023-08-09,44.18790919409857,44.22583731482129,42.05207094997095,42.471256256103516,586449000,0.0,0.0,0.0
2023-08-10,42.07803041712352,43.48928271463046,41.753661535765616,42.30558776855469,492705000,0.0,0.0,0.0
2023-08-11,41.66981614067662,41.93629907044149,40.5599788718329,40.77555847167969,533085000,0.0,0.0,0.0
2023-08-14,40.407280716905284,43.71483628671642,40.2326217412967,43.66792678833008,690286000,0.0,0.0,0.0
2023-08-15,44.47335805342104,45.17998158741425,43.62500852532823,43.85456085205078,676512000,0.0,0.0,0.0
2023-08-16,44.43344502691715,44.58814245881994,43.32160863340614,43.40145492553711,527451000,0.0,0.0,0.0
2023-08-17,43.884505920253574,43.97632609118521,42.91738827793847,43.25972366333008,452395000,0.0,0.0,0.0
2023-08-18,42.55210279035976,43.4932701006516,41.57900001272248,43.214813232421875,583768000,0.0,0.0,0.0
2023-08-21,44.407491420923556,46.97349186656967,44.13602090022551,46.87568283081055,692573000,0.0,0.0,0.0
2023-08-22,48.041406896438666,48.09330773941367,45.24485683130546,45.57920455932617,755293000,0.0,0.0,0.0
2023-08-23,45.77681789721082,47.10822366199411,45.12009638799368,47.02438735961914,779046000,0.0,0.0,0.0
2023-08-24,50.11836604551162,50.16826807045973,47.06731047667301,47.0713005065918,1156044000,0.0,0.0,0.0
2023-08-25,46.92059466008382,47.71205208326433,44.936457196698406,45.92852783203125,925341000,0.0,0.0,0.0
2023-08-28,46.39162792536596,46.88866080793937,44.80072902830529,46.74394226074219,685192000,0.0,0.0,0.0
2023-08-29,46.575266020642104,48.985571364963455,46.30079918990067,48.68914794921875,701397000,0.0,0.0,0.0
2023-08-30,48.94864322959215,49.82992584763343,48.33084725951484,49.168216705322266,735206000,0.0,0.0,0.0
2023-08-31,49.283997565683826,49.647288301131454,48.86281712543133,49.2590446472168,528570000,0.0,0.0,0.0
2023-09-01,49.66524637506185,49.7031706927899,48.0483934780796,48.41468048095703,463830000,0.0,0.0,0.0
2023-09-05,48.129240595849275,48.75602175102256,47.76694740479326,48.453609466552734,382653000,0.0,0.0,0.0
2023-09-06,48.350797071158595,48.45859385625443,46.49326248710991,46.973365783691406,468670000,0.004,0.0,0.0
2023-09-07,45.44023319735737,46.257708449088824,45.067926633125616,46.15489959716797,433330000,0.0,0.0,0.0
2023-09-08,45.8564467422701,46.51920787567737,45.18669486734432,45.48713302612305,473069000,0.0,0.0,0.0
2023-09-11,46.06207486144372,46.077046323407,44.22949481132284,45.0938835144043,473966000,0.0,0.0,0.0
2023-09-12,44.6546914479524,45.587951736657104,44.44807617569655,44.78644561767578,349256000,0.0,0.0,0.0
2023-09-13,44.51694497475434,45.8444700948222,44.42012548496772,45.400299072265625,398355000,0.0,0.0,0.0
2023-09-14,45.86444047531069,45.90137033130358,45.04696523433204,45.49612808227539,370097000,0.0,0.0,0.0
2023-09-15,45.256567267439614,45.514086250608685,43.7264210191702,43.81825256347656,506831000,0.0,0.0,0.0
2023-09-18,42.66839815481211,44.15961559349167,41.921789942113186,43.88412857055664,500271000,0.0,0.0,0.0
2023-09-19,43.75138559586022,43.88413737856735,42.921931591888146,43.438968658447266,373064000,0.0,0.0,0.0
2023-09-20,43.51880884841662,43.821246018935675,42.14437412203361,42.160343170166016,367108000,0.0,0.0,0.0
2023-09-21,41.50556449339025,42.02160003234205,40.90368675780257,40.940616607666016,450736000,0.0,0.0,0.0
2023-09-22,41.494585230845004,42.03657715904044,41.154220620543846,41.53251647949219,479236000,0.0,0.0,0.0
2023-09-25,41.5135611839681,42.45680138074449,41.10033054981687,42.14338684082031,419091000,0.0,0.0,0.0
2023-09-26,41.92279078773523,42.74026599878411,41.577434392681035,41.83295822143555,402282000,0.0,0.0,0.0
2023-09-27,42.2511801171412,42.79217068875673,41.55148521974545,42.388919830322266,444935000,0.0,0.0,0.0
2023-09-28,42.38093579889095,43.36509986355093,42.03658080053992,43.008766174316406,424663000,0.0,0.0,0.0
2023-09-29,43.74538760189782,44.06179864340564,43.22635545841842,43.417999267578125,397830000,0.0,0.0,0.0
2023-10-02,43.94800606273331,45.09087429927052,43.779322054087544,44.6986083984375,433298000,0.0,0.0,0.0
2023-10-03,44.7245629218231,45.045965740925496,43.16547120468859,43.43596649169922,470850000,0.0,0.0,0.0
2023-10-04,43.660548982906214,44.06080325905543,43.21138616245394,43.95899200439453,361821000,0.0,0.0,0.0
2023-10-05,43.967980976112926,44.816400615425316,43.80628385856815,44.604793548583984,393483000,0.0,0.0,0.0
2023-10-06,44.11070969679084,45.70373848025028,43.9440208476475,45.676788330078125,434436000,0.0,0.0,0.0
2023-10-09,44.7584930492937,45.52007265706839,44.285376719881796,45.188690185546875,409675000,0.0,0.0,0.0
2023-10-10,45.22563248789511,46.17286291728584,45.00404573819931,45.71272277832031,368582000,0.0,0.0,0.0
2023-10-11,46.109980599288626,46.77174808079545,45.96425254771436,46.71884536743164,378137000,0.0,0.0,0.0
2023-10-12,46.68989946190785,47.52035097000379,46.243733198035265,46.85758590698242,481325000,0.0,0.0,0.0
2023-10-13,46.87255588078778,47.02826743741539,45.19568386802554,45.376346588134766,474115000,0.0,0.0,0.0
2023-10-16,44.97908693457242,46.13892190023753,44.82836714020883,46.0091667175293,375099000,0.0,0.0,0.0
2023-10-17,43.91806310129906,44.67066061522734,42.40089319179751,43.856178283691406,812333000,0.0,0.0,0.0
2023-10-18,42.51168892025405,43.13852165493323,41.74711648202066,42.11742401123047,627294000,0.0,0.0,0.0
2023-10-19,42.731290656514126,43.21638582989178,41.80401951663401,42.022613525390625,501233000,0.0,0.0,0.0
2023-10-20,41.81199440818419,42.39091619548763,41.00150619051564,41.309932708740234,477266000,0.0,0.0,0.0
2023-10-23,41.152230295210934,43.1674718539468,40.86875871685224,42.89497756958008,478530000,0.0,0.0,0.0
2023-10-24,42.996784415979555,43.615628825296106,42.611505424258,43.58169174194336,401463000,0.0,0.0,0.0
2023-10-25,43.31719108723883,43.56872457047859,41.47762427336827,41.70120620727539,398379000,0.0,0.0,0.0
2023-10-26,41.775064849583806,42.17731428874224,39.80573926150373,40.25090789794922,541001000,0.0,0.0,0.0
2023-10-27,41.053411354619094,41.1292700454015,39.94048596248548,40.424583435058594,416784000,0.0,0.0,0.0
2023-10-30,41.01049849985918,41.68823125867914,40.405624059194345,41.08435821533203,388028000,0.0,0.0,0.0
2023-10-31,40.37467987980174,40.802881903079644,39.1569503913023,40.704063415527344,517969000,0.0,0.0,0.0
2023-11-01,40.807863086135576,42.3020769589568,40.792891628938285,42.24618148803711,437593000,0.0,0.0,0.0
2023-11-02,43.247317846401735,43.802282272530825,42.814127888386025,43.42498779296875,409172000,0.0,0.0,0.0
2023-11-03,43.93802583979857,45.22462310173902,43.64157803370364,44.92119216918945,424610000,0.0,0.0,0.0
2023-11-06,45.20067395834923,45.849465106470674,44.815391150878824,45.66580581665039,400733000,0.0,0.0,0.0
2023-11-07,45.63387372397261,46.13194133469671,45.07391747451028,45.86943435668945,343165000,0.0,0.0,0.0
2023-11-08,46.01415021384401,46.77972399420801,45.882396057118896,46.48727035522461,346719000,0.0,0.0,0.0
2023-11-09,47.3786111235174,48.14019083451283,46.662947187934414,46.86257553100586,540496000,0.0,0.0,0.0
2023-11-10,47.41155087354873,48.38174104695151,47.194955890683396,48.2449951171875,421245000,0.0,0.0,0.0
2023-11-13,48.23002031531456,49.02453947075824,48.009431181663935,48.52946090698242,384136000,0.0,0.0,0.0
2023-11-14,49.5874835308016,49.7411960735644,48.94867598251322,49.56352615356445,416954000,0.0,0.0,0.0
2023-11-15,49.84202172257436,49.866972887678294,48.11025170692205,48.79697036743164,475497000,0.0,0.0,0.0
2023-11-16,48.588356005845505,49.432781344923285,48.240006851203624,49.38786315917969,339756000,0.0,0.0,0.0
2023-11-17,49.43178822340236,49.62442966359735,48.91575254512535,49.20621109008789,325205000,0.0,0.0,0.0
2023-11-20,49.22017851068948,50.453877068941594,49.08942192234672,50.31513595581055,414120000,0.0,0.0,0.0
2023-11-21,50.03265822480747,50.42292897370047,49.130342262240724,49.85099792480469,565747000,0.0,0.0,0.0
2023-11-22,49.7591723537565,50.2412708632355,47.6011956303171,48.62528610229492,899420000,0.0,0.0,0.0
2023-11-24,48.37974638442562,48.829906801279186,47.656094105123046,47.68703842163086,294645000,0.0,0.0,0.0
2023-11-27,47.710997549377275,48.43963786164908,47.56327430743016,48.15217590332031,395662000,0.0,0.0,0.0
2023-11-28,48.14617697047183,48.233016759843025,47.38459731024166,47.73194885253906,401491000,0.0,0.0,0.0
2023-11-29,48.288914999950215,48.67120123627393,47.7708804254883,48.050357818603516,382005000,0.0,0.0,0.0
2023-11-30,47.934569759213595,48.0204119586937,46.33555556358415,46.68290710449219,526247000,0.0,0.0,0.0
2023-12-01,46.43836652084653,47.11210883022558,46.10099466756543,46.67791748046875,369317000,0.0,0.0,0.0
2023-12-04,45.99119649745045,45.99119649745045,44.92618209165027,45.42525100708008,437543000,0.0,0.0,0.0
2023-12-05,45.385328820380614,46.51731562556562,45.19067511548695,46.48337936401367,371718000,0.004,0.0,0.0
2023-12-06,47.13122440124437,47.30292009715476,45.331422145943435,45.42226028442383,380590000,0.0,0.0,0.0
2023-12-07,45.618910872891085,46.54626331215597,45.52308054469381,46.51332092285156,350823000,0.0,0.0,0.0
2023-12-08,46.51232804934258,47.65629461849747,46.467405912391875,47.42171096801758,359224000,0.0,0.0,0.0
2023-12-11,47.40673492251671,47.446661054028745,45.74868283771919,46.54426574707031,509728000,0.0,0.0,0.0
2023-12-12,45.96430321028968,47.581427820158346,45.96430321028968,47.572444915771484,372387000,0.0,0.0,0.0
2023-12-13,47.54449269431196,48.50778063121328,47.52353004634861,48.00267791748047,447792000,0.0,0.0,0.0
2023-12-14,48.30413587026834,48.58363781796952,47.33785498826681,48.26420593261719,391232000,0.0,0.0,0.0
2023-12-15,48.10848894942567,49.31634111544804,48.034618938742405,48.803253173828125,479948000,0.0,0.0,0.0
2023-12-18,49.3123545622575,50.343518919127504,49.062798119752,49.98815155029297,412587000,0.0,0.0,0.0
2023-12-19,49.33629886505029,49.61181008886036,48.808238224699814,49.5159797668457,464444000,0.0,0.0,0.0
2023-12-20,49.5668939044448,49.91028529819524,48.012657344636494,48.025634765625,397894000,0.0,0.0,0.0
2023-12-21,48.724392927903814,49.007889407965415,48.333086371904265,48.903076171875,300425000,0.0,0.0,0.0
2023-12-22,49.10770498591239,49.29537111268927,48.380996155276534,48.74335479736328,252507000,0.0,0.0,0.0
2023-12-26,48.88111364335506,49.51199224313979,48.87312841671405,49.19156265258789,244200000,0.0,0.0,0.0
2023-12-27,49.42315398247824,49.59185284551433,48.997907338293054,49.32931900024414,233648000,0.0,0.0,0.0
2023-12-28,49.55491529927827,49.795484989479434,49.324322381717465,49.43412780761719,246587000,0.0,0.0,0.0
2023-12-29,49.72461182444803,49.90828725509975,48.66449595698359,49.43412780761719,389293000,0.0,0.0,0.0
2024-01-02,49.156625856562634,49.20753405733888,47.510553413556266,48.08253479003906,411254000,0.0,0.0,0.0
2024-01-03,47.40074566328975,48.09850289557728,47.23603751691528,47.484596252441406,320896000,0.0,0.0,0.0
2024-01-04,47.68224884044641,48.41395003873669,47.42370949212884,47.912841796875,306535000,0.0,0.0,0.0
2024-01-05,48.37600851565981,49.459082326064205,48.22028328844258,49.00988006591797,415039000,0.0,0.0,0.0
2024-01-08,49.42414475274484,52.18224245073565,49.3912023650384,52.1602783203125,642510000,0.0,0.0,0.0
2024-01-09,52.30801680768988,54.22860250811975,51.59827611241043,53.04570388793945,773100000,0.0,0.0,0.0
2024-01-10,53.52086794542818,54.50311934146144,53.39409057576156,54.253562927246094,533796000,0.0,0.0,0.0
2024-01-11,54.9014155282273,55.247799966123495,53.46496957614301,54.724727630615234,596759000,0.0,0.0,0.0
2024-01-12,54.523089827328256,54.8724711273318,54.23360725157901,54.61293029785156,352994000,0.0,0.0,0.0
2024-01-16,54.920385030235444,56.734158722808395,54.80259436306696,56.28196334838867,449580000,0.0,0.0,0.0
2024-01-17,56.24702551752996,56.370806056804064,54.64287831771136,55.953548431396484,474394000,0.0,0.0,0.0
2024-01-18,57.15840851212512,57.49780544166529,56.00745426886676,57.005680084228516,491650000,0.0,0.0,0.0
2024-01-19,57.88610696898355,59.394427545023596,57.12346261571884,59.38544464111328,543501000,0.0,0.0,0.0
2024-01-22,59.94245635666948,60.223957503871716,58.96519328035112,59.54815673828125,452955000,0.0,0.0,0.0
2024-01-23,59.46430941121268,59.803706328736965,58.481056408623395,59.76677322387695,294654000,0.0,0.0,0.0
2024-01-24,60.19700279855746,62.73748534909312,59.831651069260054,61.25312423706055,560271000,0.0,0.0,0.0
2024-01-25,62.23937252647403,62.607721109617174,60.742033936667,61.50767517089844,482777000,0.0,0.0,0.0
2024-01-26,60.85183724757184,61.67337885004867,60.465526677085045,60.92271041870117,390309000,0.0,0.0,0.0
2024-01-29,61.12335769472333,62.378127434562785,60.798937371656514,62.35417175292969,348733000,0.0,0.0,0.0
2024-01-30,62.788400246614664,63.38034661468554,62.1495325776363,62.662620544433594,410735000,0.0,0.0,0.0
2024-01-31,61.330983989988475,62.15851544921119,60.59229912426738,61.41783142089844,453795000,0.0,0.0,0.0
2024-02-01,61.98981163068563,63.07887923181449,61.5406131324354,62.91516876220703,369146000,0.0,0.0,0.0
2024-02-02,63.8604917267368,66.48183193924027,63.57699522405565,66.04261779785156,476578000,0.0,0.0,0.0
2024-02-05,68.10394628020288,69.37369252800232,67.08575942583846,69.208984375,680078000,0.0,0.0,0.0
2024-02-06,69.50644505901005,69.63022558045657,66.18235963384292,68.10194396972656,683111000,0.0,0.0,0.0
2024-02-07,68.19776917750116,70.09539685563645,67.48004326560577,69.974609375,495575000,0.0,0.0,0.0
2024-02-08,69.9496558671256,70.66837949372972,69.33175856710787,69.51742553710938,414422000,0.0,0.0,0.0
2024-02-09,70.40785287358678,72.05692221360141,70.08742326576261,72.00502014160156,436637000,0.0,0.0,0.0
2024-02-12,72.47117717433613,74.4786104438433,71.12357413495056,72.11980438232422,613710000,0.0,0.0,0.0
2024-02-13,70.2750920169868,73.31967588505927,69.49647717607553,72.0000228881836,602580000,0.0,0.0,0.0
2024-02-14,73.07211558631658,74.1042774694229,71.8103584587589,73.76887512207031,504917000,0.0,0.0,0.0
2024-02-15,73.7379485382384,73.84375566502169,72.27155299901098,72.52909088134766,420122000,0.0,0.0,0.0
2024-02-16,73.96851471281462,74.2699807907232,72.37235296886776,72.4841537475586,495327000,0.0,0.0,0.0
2024-02-20,71.81934960299229,71.82833631589585,67.61382690331146,69.32878112792969,704833000,0.0,0.0,0.0
2024-02-21,67.8853441158395,68.7657830962581,66.1304674517911,67.352294921875,673755000,0.0,0.0,0.0
2024-02-22,74.89189108055353,78.43558804957509,74.08831901858908,78.3986587524414,865100000,0.0,0.0,0.0
2024-02-23,80.64665337566204,82.24780364536768,77.4323654765101,78.67715454101562,829388000,0.0,0.0,0.0
2024-02-26,79.55858308487059,80.5029113343283,78.36570371037314,78.95166778564453,503973000,0.0,0.0,0.0
2024-02-27,79.24014935736925,79.33898034064636,77.0250924240117,78.56135559082031,391705000,0.0,0.0,0.0
2024-02-28,77.48227691873889,78.7929431019633,76.98815248522881,77.52519989013672,393110000,0.0,0.0,0.0
2024-02-29,78.95366047452625,79.84806674793919,78.21097730890395,78.97162628173828,507289000,0.0,0.0,0.0
2024-03-01,79.85805518730493,82.15397732028299,79.29405523547015,82.13301086425781,479135000,0.0,0.0,0.0
2024-03-04,83.98072393894745,87.53940093463996,83.57045769196934,85.08576202392578,615616000,0.0,0.0,0.0
2024-03-05,85.12270452666515,85.94827947163024,83.2729084960246,85.81550598144531,520639000,0.004,0.0,0.0
2024-03-06,87.86993807352297,89.56899358821315,86.87964744648528,88.54676055908203,582520000,0.0,0.0,0.0
2024-03-07,90.00226219768649,92.60675668423116,89.44722285119568,92.50892639160156,608119000,0.0,0.0,0.0
2024-03-08,94.97364703765751,97.23174040772027,86.35655527181379,87.37679290771484,1142269000,0.0,0.0,0.0
2024-03-11,86.27969121669621,88.64359662209651,84.02060015441661,85.62582397460938,678364000,0.0,0.0,0.0
2024-03-12,87.8969031445505,91.80114256968415,86.0011815049168,91.75422668457031,668075000,0.0,0.0,0.0
2024-03-13,90.89769886633881,91.34592070136199,88.28222228746216,90.73098754882812,635713000,0.0,0.0,0.0
2024-03-14,89.42226608746894,90.48941971581641,86.4504036300163,87.79208374023438,602318000,0.0,0.0,0.0
2024-03-15,86.77984124405515,89.39131979974543,86.10800722766477,87.68527221679688,642086000,0.0,0.0,0.0
2024-03-18,90.23185202169164,92.24536587684682,86.9345566695886,88.30219268798828,668976000,0.0,0.0,0.0
2024-03-19,86.55022352343148,90.38758481674583,84.86314816147532,89.24356842041016,672171000,0.0,0.0,0.0
2024-03-20,89.6418701073994,90.25381771221527,88.07059173697641,90.21588134765625,479063000,0.0,0.0,0.0
2024-03-21,92.14054972284487,92.48794810720764,90.24881917443113,91.27703857421875,480372000,0.0,0.0,0.0
2024-03-22,90.9835495525749,94.61426754269417,90.67708069798141,94.12611389160156,586719000,0.0,0.0,0.0
2024-03-25,93.77873394650949,96.59885116766948,93.34847867328837,94.83789825439453,552136000,0.0,0.0,0.0
2024-03-26,95.68541767838448,96.20851455285562,92.34220396856466,92.4011001586914,513648000,0.0,0.0,0.0
2024-03-27,92.95115660792449,93.07893385392306,88.96904884364167,90.09410095214844,586067000,0.0,0.0,0.0
2024-03-28,89.84454040996891,91.14229792904378,89.03893515637932,90.1999282836914,435212000,0.0,0.0,0.0
2024-04-01,90.14300911365386,92.0656767674512,89.04989954343785,90.20689392089844,452441000,0.0,0.0,0.0
2024-04-02,88.295199136712,89.93835929549583,87.46863424504667,89.29747009277344,433064000,0.0,0.0,0.0
2024-04-03,88.33114383542578,90.21787822523544,88.24728931215489,88.81031036376953,370067000,0.0,0.0,0.0
2024-04-04,90.24980742241583,90.4774179638533,85.73162583573242,85.75658416748047,434965000,0.0,0.0,0.0
2024-04-05,86.71594667786945,88.32816244191248,85.7775755946387,87.8559799194336,399678000,0.0,0.0,0.0
2024-04-08,88.54676191015398,88.67654220104028,86.58216705957724,86.98247528076172,283220000,0.0,0.0,0.0
2024-04-09,87.29094090122678,87.4836082761363,82.87857850073121,85.20654296875,501700000,0.0,0.0,0.0
2024-04-10,83.78102010903869,87.24901778988773,83.56439211342133,86.88864135742188,431929000,0.0,0.0,0.0
2024-04-11,87.2689793680449,90.58224601063488,86.77583708331596,90.45945739746094,431637000,0.0,0.0,0.0
2024-04-12,89.54405551793229,90.0192388417283,87.37880342967303,88.0336685180664,426805000,0.0,0.0,0.0
2024-04-15,88.94406648002054,90.45644843108836,85.78054278674153,85.8524169921875,443077000,0.0,0.0,0.0
2024-04-16,86.28368645109244,87.965773191981,85.91532822119116,87.26399230957031,370453000,0.0,0.0,0.0
2024-04-17,88.18738725935935,88.62164096734257,83.80497167986917,83.88983154296875,495400000,0.0,0.0,0.0
2024-04-18,84.82320627802973,86.0410998135889,82.25964198597137,84.52471923828125,447260000,0.0,0.0,0.0
2024-04-19,83.00635763015296,84.17832549176838,75.47539137545536,76.068359375,875198000,0.0,0.0,0.0
2024-04-22,77.96907171420484,79.93467203595871,76.26802061217705,79.38063049316406,596341000,0.0,0.0,0.0
2024-04-23,80.62947459576492,82.62601974052421,80.1253496885507,82.2806167602539,438559000,0.0,0.0,0.0
2024-04-24,83.80497344877082,83.93674919660243,79.0462101404743,79.53936004638672,512208000,0.0,0.0,0.0
2024-04-25,78.73175981196158,83.17906608261447,78.08787733468318,82.48926544189453,424641000,0.0,0.0,0.0
2024-04-26,83.67321658546781,88.17842147858853,83.2429613231266,87.58345031738281,551011000,0.0,0.0,0.0
2024-04-29,87.44366977250507,87.83997945690294,85.11869103843989,87.60539245605469,388971000,0.0,0.0,0.0
2024-04-30,87.08929643239856,88.66557118869024,86.15092540038592,86.25274658203125,363709000,0.0,0.0,0.0
2024-05-01,84.93003072487383,85.85143274518,81.11462711525115,82.89754486083984,559863000,0.0,0.0,0.0
2024-05-02,84.30310641773906,86.08801954331209,83.05626359727954,85.66874694824219,377898000,0.0,0.0,0.0
2024-05-03,87.6373400551101,89.12675929539812,86.8896334546632,88.63561248779297,398341000,0.0,0.0,0.0
2024-05-06,89.23557796278553,92.06069095925291,88.90115758999175,91.98082733154297,376203000,0.0,0.0,0.0
2024-05-07,90.94061902784969,91.62243773928878,88.8572265315021,90.3975601196289,437342000,0.0,0.0,0.0
2024-05-08,89.32842516703573,91.03646805439529,89.26553046184982,90.25582122802734,325721000,0.0,0.0,0.0
2024-05-09,90.37260819958134,90.91466942223298,88.07858152551931,88.59368896484375,378013000,0.0,0.0,0.0
2024-05-10,90.14899684375659,91.24310415488777,89.07285618291228,89.72273254394531,335325000,0.0,0.0,0.0
2024-05-13,90.32169428450598,90.84080023922876,88.37606371894472,90.24283599853516,289680000,0.0,0.0,0.0
2024-05-14,89.44422015487879,91.49267735254841,88.78036800318161,91.19818878173828,296507000,0.0,0.0,0.0
2024-05-15,92.31226052004403,94.69813133508781,91.44076747625896,94.4665298461914,417735000,0.0,0.0,0.0
2024-05-16,94.74604213563502,95.65346838301872,93.94042944222824,94.19599151611328,323952000,0.0,0.0,0.0
2024-05-17,94.20598653059943,94.57634022771545,91.64741042469609,92.31924438476562,359691000,0.0,0.0,0.0
2024-05-20,93.58805245494568,95.03554461976276,93.27859039868353,94.61627197265625,318764000,0.0,0.0,0.0
2024-05-21,93.43729892728764,95.23519004733342,93.01902406434208,95.2212142944336,328946000,0.0,0.0,0.0
2024-05-22,95.29408831779949,95.85411617010452,93.0879071432018,94.78596496582031,548648000,0.0,0.0,0.0
2024-05-23,101.85176064066984,106.13634662239213,101.34463491102811,103.61970520019531,835065000,0.0,0.0,0.0
2024-05-24,104.2685576920773,106.29105867121642,102.82206339543845,106.28507232666016,429494000,0.0,0.0,0.0
2024-05-28,110.05355122917427,114.74044007562202,109.69317481392171,113.70423126220703,652728000,0.0,0.0,0.0
2024-05-29,112.85471267036033,115.29248791517858,110.70942292973874,114.62664031982422,557442000,0.0,0.0,0.0
2024-05-30,114.45194499585061,115.61892428256706,109.47356046717066,110.30911254882812,484553000,0.0,0.0,0.0
2024-05-31,112.3256250740568,112.52229098316289,106.75526997887016,109.44361877441406,613263000,0.0,0.0,0.0
2024-06-03,113.42472260342709,114.80133819580078,111.80951385006522,114.80133819580078,438392000,0.0,0.0,0.0
2024-06-04,115.51610755402032,116.39857553569502,113.8479889155611,116.23585510253906,403324000,0.0,0.0,0.0
2024-06-05,118.16652151115385,122.23747225440593,117.26508152569082,122.2284927368164,528402000,0.0,0.0,0.0
2024-06-06,123.83370517037008,125.3700480295792,118.11560338652608,120.78897857666016,664696000,0.0,0.0,0.0
2024-06-07,119.56308862810559,121.481772978908,117.81811489560457,120.67916107177734,412386000,0.0,0.0,0.0
2024-06-10,120.16206002224595,122.88733960177423,116.80786391189227,121.57960510253906,313434100,0.0,10.0,0.0
2024-06-11,121.56962216023484,122.66781818606155,118.54460929253459,120.71104431152344,222551200,0.01,0.0,0.0
2024-06-12,122.85749488714337,126.67120854134929,122.3683033445049,124.99397277832031,299595000,0.0,0.0,0.0
2024-06-13,129.177104537848,129.58643359087407,126.95077798576432,129.39674377441406,260704500,0.0,0.0,0.0
2024-06-14,129.74617063783822,132.6214215295718,128.10886970168357,131.6630096435547,309320400,0.0,0.0,0.0
2024-06-17,132.77118307637525,133.5099557271365,129.3667902512595,130.7644805908203,288504400,0.0,0.0,0.0
2024-06-18,130.92420671975586,136.10566894087242,130.47495024767164,135.35690307617188,294335100,0.0,0.0,0.0
2024-06-20,139.56996619369176,140.52837801062054,129.30688285479897,130.56480407714844,517768400,0.0,0.0,0.0
2024-06-21,126.91083052082259,130.4150570517715,124.09547105255645,126.36173248291016,649445800,0.0,0.0,0.0
2024-06-24,123.0371892837608,124.25518282254679,117.84574965469585,117.91563415527344,476060900,0.0,0.0,0.0
2024-06-25,121.00056206941291,126.29184395373642,119.1236583558784,125.88251495361328,414192600,0.0,0.0,0.0
2024-06-26,125.92246422081828,127.90918776205926,122.39827366611266,126.19202423095703,362975900,0.0,0.0,0.0
2024-06-27,123.8957921998042,126.2019962793405,122.71773358253314,123.78597259521484,252571700,0.0,0.0,0.0
2024-06-28,124.3750052910358,127.49985213027985,122.54801473015355,123.33671569824219,315516700,0.0,0.0,0.0
2024-07-01,123.26682297750608,124.63456367500987,118.63445902087864,124.095458984375,284885500,0.0,0.0,0.0
2024-07-02,120.93068793490033,123.20694278300529,120.83085399993702,122.46815490722656,218374000,0.0,0.0,0.0
2024-07-03,121.45982152361671,128.0689239501953,121.16031210370706,128.0689239501953,215749000,0.0,0.0,0.0
2024-07-05,127.17040031042268,128.63799033992214,125.4732006158399,125.62295532226562,214176700,0.0,0.0,0.0
2024-07-08,127.28019064518816,130.5547992263396,126.83093424608442,127.98902130126953,237677300,0.0,0.0,0.0
2024-07-09,130.13552958791902,133.59982130546845,128.4383145629174,131.16383361816406,285366600,0.0,0.0,0.0
2024-07-10,133.80946190177127,134.87770860466375,132.20211043348235,134.68801879882812,248978600,0.0,0.0,0.0
2024-07-11,135.52661932549566,135.92595502009132,126.84093848175796,127.19036102294922,374782700,0.0,0.0,0.0
2024-07-12,128.04893020829968,131.70291097832524,127.01064833229333,129.02732849121094,252680500,0.0,0.0,0.0
2024-07-15,130.34514408452472,131.1737800395054,126.97070905664152,128.2286376953125,208326200,0.0,0.0,0.0
2024-07-16,128.22865593379024,128.82765950066548,124.37500690887067,126.1520767211914,214769500,0.0,0.0,0.0
2024-07-17,121.15031675281162,121.64949400158038,116.52793817127537,117.79584503173828,390086200,0.0,0.0,0.0
2024-07-18,121.64948329559192,122.19858126764932,116.36818755438776,120.89073181152344,320979500,0.0,0.0,0.0
2024-07-19,120.15197050658449,121.3999137142076,117.17687816504188,117.73595428466797,217223800,0.0,0.0,0.0
2024-07-22,120.15196240961751,123.86584236392231,119.66277083791101,123.33671569824219,258068900,0.0,0.0,0.0
2024-07-23,122.57796493987696,124.48482570104972,121.89908357161131,122.38827514648438,173911000,0.0,0.0,0.0
2024-07-24,118.9739065074374,119.75262181556741,113.25333936427286,114.06200408935547,327776900,0.0,0.0,0.0
2024-07-25,112.85399693651604,116.43808604158575,106.12508953993542,112.09524536132812,460067000,0.0,0.0,0.0
2024-07-26,115.99880916186419,116.00878722251285,111.3963944118867,112.87395477294922,293399100,0.0,0.0,0.0
2024-07-29,113.50293033164324,116.0886649396649,111.11686358531041,111.40637969970703,248152100,0.0,0.0,0.0
2024-07-30,111.33649361290321,111.8057214597651,102.37127421675278,103.55931854248047,486833300,0.0,0.0,0.0
2024-07-31,112.71422275560462,118.14526596856572,110.6975424326974,116.82743835449219,473174200,0.0,0.0,0.0
2024-08-01,117.3365974252001,119.96227450650746,106.63423649015627,109.03028869628906,523462300,0.0,0.0,0.0
2024-08-02,103.58925680976456,108.54109382170915,101.20319035397925,107.09347534179688,482027500,0.0,0.0,0.0
2024-08-05,91.90851250035082,103.239842127859,90.5407717150732,100.28470611572266,552842400,0.0,0.0,0.0
2024-08-06,103.66912407688663,107.53275860175525,100.38454458708775,104.07845306396484,409012100,0.0,0.0,0.0
2024-08-07,107.63260292939728,108.62097943024764,98.52761419555756,98.74725341796875,411440400,0.0,0.0,0.0
2024-08-08,101.83215768316434,105.3263983879788,97.3595262295921,104.79727172851562,391910000,0.0,0.0,0.0
2024-08-09,105.46617163856445,106.42459107060563,103.2598090475883,104.57763671875,290844200,0.0,0.0,0.0
2024-08-12,106.14504508504662,110.88722873441804,106.08514625528547,108.8405990600586,325559900,0.0,0.0,0.0
2024-08-13,112.25498209343158,116.03874655153282,111.39639661656214,115.94889068603516,312646700,0.0,0.0,0.0
2024-08-14,118.33496052966188,118.40484504167927,113.88230026594151,117.88570404052734,339246400,0.0,0.0,0.0
2024-08-15,118.56458490618095,123.03720888953038,117.27670666159618,122.6578369140625,318086700,0.0,0.0,0.0
2024-08-16,121.73935231230438,124.79431469874058,120.98060074622069,124.37500762939453,302589900,0.0,0.0,0.0
2024-08-19,124.0754979878485,129.7860870361328,123.21691249503145,129.7860870361328,318333600,0.0,0.0,0.0
2024-08-20,128.18869746225192,129.66627292631446,125.68283342982758,127.04059600830078,300087400,0.0,0.0,0.0
2024-08-21,127.11051541152283,129.13718177592708,126.45160529458104,128.28857421875,257883600,0.0,0.0,0.0
2024-08-22,129.80605728559254,130.5348518103843,122.89743830728821,123.53638458251953,376189100,0.0,0.0,0.0
2024-08-23,125.65290085977209,129.38675225949072,125.01395457447234,129.15711975097656,323230300,0.0,0.0,0.0
2024-08-26,129.35679802537265,131.04400430992783,124.16535012958609,126.25190734863281,331964700,0.0,0.0,0.0
2024-08-27,124.84426014055718,128.98742611377176,123.67617933536566,128.0889129638672,303134600,0.0,0.0,0.0
2024-08-28,127.90916927864866,128.11883041927797,122.4381910717034,125.40330505371094,448101100,0.0,0.0,0.0
2024-08-29,121.16030816238968,124.22525631015377,116.51795800585043,117.3965072631836,453023300,0.0,0.0,0.0
2024-08-30,119.33330911013266,121.54965726206557,117.02711271158417,119.17357635498047,333751600,0.0,0.0,0.0
2024-09-03,115.8191103772934,116.01877823521122,107.1134577156826,107.8222885131836,477155100,0.0,0.0,0.0
2024-09-04,105.23656107081584,113.08362114689852,103.94868273468121,106.03524017333984,372470300,0.0,0.0,0.0
2024-09-05,104.817243866478,109.4695798052194,104.58762658147727,107.0335922241211,306850700,0.0,0.0,0.0
2024-09-06,107.86221523834789,107.97203483673319,100.78387825686288,102.6607894897461,413638100,0.0,0.0,0.0
2024-09-09,104.7074122640328,106.37466998895037,103.5193756446925,106.2947998046875,273912000,0.0,0.0,0.0
2024-09-10,107.63259542371279,109.21998302790867,104.77730096516093,107.922119140625,268283700,0.0,0.0,0.0
2024-09-11,109.20999122026392,116.99715887318843,107.24323176128858,116.71762084960938,441422400,0.0,0.0,0.0
2024-09-12,116.6577172050991,120.60155948017247,115.19999582839206,118.95413208007812,366052700,0.01,0.0,0.0
2024-09-13,118.89421149690212,119.77283576592933,117.41651726252482,118.91417694091797,238358300,0.0,0.0,0.0
2024-09-16,116.60779536966285,117.99562620382233,114.1815861384539,116.59780883789062,248772300,0.0,0.0,0.0
2024-09-17,117.98564481894722,118.61466685067687,114.65085910577872,115.40966796875,231925900,0.0,0.0,0.0
2024-09-18,115.70919560695407,117.51636932909096,113.04336298957726,113.19313049316406,310318900,0.0,0.0,0.0
2024-09-19,117.16692604230532,119.47332749554481,117.06708357128667,117.68611907958984,293506400,0.0,0.0,0.0
2024-09-20,116.87737463970251,118.43494609535816,115.2099818009,115.81903076171875,382462400,0.0,0.0,0.0
2024-09-23,116.36817703420066,116.80748542405605,114.68081111279044,116.07862854003906,206228500,0.0,0.0,0.0
2024-09-24,116.33820757520982,121.60997636399935,115.19998675947464,120.68142700195312,354966800,0.0,0.0,0.0
2024-09-25,121.82962567540989,124.74507579152808,121.42026930294443,123.31730651855469,284692900,0.0,0.0,0.0
2024-09-26,126.60219307193894,127.47083098319244,121.60999314981979,123.84649658203125,302582900,0.0,0.0,0.0
2024-09-27,123.7765997601264,123.83650371853182,119.07394858799772,121.21060943603516,271009200,0.0,0.0,0.0
2024-09-30,118.12541998168962,121.31044564232414,117.96567356169257,121.25054168701172,226553700,0.0,0.0,0.0
2024-10-01,121.5800295838127,122.2489901408394,115.60936293760753,116.81747436523438,302094500,0.0,0.0,0.0
2024-10-02,116.25834508658102,119.19375323018366,114.96037016184738,118.66458129882812,221845900,0.0,0.0,0.0
2024-10-03,120.73135113827638,124.16598683922703,120.15225416683853,122.65834045410156,277118000,0.0,0.0,0.0
2024-10-04,124.74507834860822,124.84492081095192,121.63992977952229,124.72510528564453,243678100,0.0,0.0,0.0
2024-10-07,124.79500006476454,130.43618698242878,124.7550615549546,127.52074432373047,346250200,0.0,0.0,0.0
2024-10-08,130.0567764001493,133.27175410957346,129.2180905372518,132.68267822265625,285722500,0.0,0.0,0.0
2024-10-09,133.9007832398008,134.31014727855833,131.1750464230449,132.44305419921875,246191600,0.0,0.0,0.0
2024-10-10,131.70420101079952,134.78937641455914,130.79561711338704,134.59967041015625,242311300,0.0,0.0,0.0
2024-10-11,133.8009151704973,135.5681579226704,133.45147037350253,134.58969116210938,170209500,0.0,0.0,0.0
2024-10-14,136.2571192904559,139.38224162417205,136.08738630461323,137.85462951660156,232347700,0.0,0.0,0.0
2024-10-15,137.654906403531,138.3538265330219,128.5391603262797,131.3946990966797,377831000,0.0,0.0,0.0
2024-10-16,133.7709642153392,136.40684475827754,131.37471471629812,135.5082550048828,264879700,0.0,0.0,0.0
2024-10-17,139.12262899690117,140.6702140778628,136.65648092397825,136.7163848876953,306435900,0.0,0.0,0.0
2024-10-18,138.45366668655112,138.6833036103306,137.06583575895257,137.7847137451172,176090200,0.0,0.0,0.0
2024-10-21,137.91451267760561,143.48580932617188,137.78471061125512,143.48580932617188,264554500,0.0,0.0,0.0
2024-10-22,142.6870350476968,144.19467365659466,141.55879320187643,143.365966796875,226311600,0.0,0.0,0.0
2024-10-23,141.80843319617813,142.20780310560568,137.2455702792771,139.34228515625,285930000,0.0,0.0,0.0
2024-10-24,140.6003278006047,141.1294997806309,138.24400879643727,140.1909637451172,172354900,0.0,0.0,0.0
2024-10-25,140.7101495657632,143.90516992810382,140.58036271847078,141.31919860839844,205122100,0.0,0.0,0.0
2024-10-28,142.77687691949686,142.91665786792092,139.83148285521668,140.30075073242188,173586700,0.0,0.0,0.0
2024-10-29,140.0711387385227,142.03806672701694,138.6833077693045,141.02964782714844,157593600,0.0,0.0,0.0
2024-10-30,139.32230457284558,140.11108066863528,136.59656776236113,139.12261962890625,179418100,0.0,0.0,0.0
2024-10-31,137.38536388537344,137.39534280178046,131.90392225052622,132.5529022216797,270039600,0.0,0.0,0.0
2024-11-01,134.48984636430032,137.09577501351765,134.36005954202903,135.18875122070312,207127800,0.0,0.0,0.0
2024-11-04,136.99596264099162,138.74323268611076,135.35852160810796,135.8377685546875,187528200,0.0,0.0,0.0
2024-11-05,137.23555788662173,140.151000495864,137.11574997671616,139.6917266845703,160537400,0.0,0.0,0.0
2024-11-06,142.73698322061895,146.2614750565614,141.73854326176877,145.38284301757812,242043900,0.0,0.0,0.0
2024-11-07,146.1616297903136,148.69766066609404,145.9419717733186,148.6477508544922,207323300,0.0,0.0,0.0
2024-11-08,148.53787885494532,149.53631855776948,146.03178545046896,147.399658203125,175665800,0.0,0.0,0.0
2024-11-11,148.44803352101476,148.6177817068004,143.3460203778287,145.0333709716797,182325600,0.0,0.0,0.0
2024-11-12,146.55101593198214,149.4165337385062,145.7822128979203,148.05865478515625,198634700,0.0,0.0,0.0
2024-11-13,148.83744386134128,149.09703275189045,145.6723759576151,146.04180908203125,191903300,0.0,0.0,0.0
2024-11-14,147.40966837696516,148.7675472701728,145.32293261192063,146.53103637695312,194463300,0.0,0.0,0.0
2024-11-15,144.6439744081883,145.0134075079149,139.86145428913719,141.75848388671875,250132900,0.0,0.0,0.0
2024-11-18,139.282386032682,141.32919116833153,136.93604583706178,139.93136596679688,221205300,0.0,0.0,0.0
2024-11-19,141.09954425974988,146.90047806374457,140.77005724054902,146.78065490722656,227834900,0.0,0.0,0.0
2024-11-20,147.18003223590216,147.32979212988033,142.50732548898966,145.6623992919922,309871700,0.0,0.0,0.0
2024-11-21,149.11700420524105,152.65147472524168,140.4804899844899,146.44117736816406,400946600,0.0,0.0,0.0
2024-11-22,145.70233282975542,146.93042492260167,140.8798813363258,141.72854614257812,236406200,0.0,0.0,0.0
2024-11-25,141.76848775116036,141.82839170792872,135.60811535874635,135.80780029296875,344941900,0.0,0.0,0.0
2024-11-26,137.4851722903331,139.08268223719327,135.45834049580736,136.70639038085938,190287700,0.0,0.0,0.0
2024-11-27,134.7993734587721,137.00593247284488,131.59438972010054,135.1288604736328,226370900,0.0,0.0,0.0
2024-11-29,136.56662423239774,139.13262238748922,135.837767286179,138.03433227539062,141863200,0.0,0.0,0.0
2024-12-02,138.6134117376161,140.23087948399635,137.60499293345052,138.41372680664062,171682800,0.0,0.0,0.0
2024-12-03,138.04428850809262,140.3207301527637,137.7347745914462,140.04116821289062,164414000,0.0,0.0,0.0
2024-12-04,141.77844351730124,145.56252344018102,140.07110485324333,144.91354370117188,231224300,0.0,0.0,0.0
2024-12-05,144.89361745373108,146.3214777724878,143.7353435501018,144.84368896484375,172621200,0.01,0.0,0.0
2024-12-06,144.38435184545514,145.48270218050342,141.09924996942553,142.22756958007812,188505600,0.0,0.0,0.0
2024-12-09,138.76276188244717,139.74129618907318,136.9255094433844,138.60299682617188,189308600,0.0,0.0,0.0
2024-12-10,138.80270319338828,141.60852572754877,133.59048602384692,134.86859130859375,210020900,0.0,0.0,0.0
2024-12-11,137.155160163518,139.96096726526153,135.00837248215075,139.1022491455078,184905200,0.0,0.0,0.0
2024-12-12,136.8755708420711,138.23354324797214,135.59748095840345,137.1351776123047,159211400,0.0,0.0,0.0
2024-12-13,138.7327975455873,139.39181692680097,132.34233289302693,134.04978942871094,231514900,0.0,0.0,0.0
2024-12-16,133.9798879813558,134.19956111084232,130.22550081237128,131.8031463623047,237951100,0.0,0.0,0.0
2024-12-17,128.89747709842524,131.39374870651014,126.67080709010266,130.19554138183594,259410300,0.0,0.0,0.0
2024-12-18,133.6603731199009,136.49613412730267,128.08869283192976,128.71775817871094,277444500,0.0,0.0,0.0
2024-12-19,131.56349862817564,133.8301176053825,129.3568029702355,130.485107421875,209719200,0.0,0.0,0.0
2024-12-20,129.61642290138565,135.07826717246132,128.0287975903948,134.49913024902344,306528600,0.0,0.0,0.0
2024-12-23,136.0767567466981,139.58151660116854,134.91848306333998,139.46170043945312,176053500,0.0,0.0,0.0
2024-12-24,139.79122163679293,141.6883821217358,138.44322876231024,140.01089477539062,105157000,0.0,0.0,0.0
2024-12-26,139.49166074428362,140.63995487774488,137.52459740894255,139.7213134765625,116205600,0.0,0.0,0.0
2024-12-27,138.34337590905767,138.81267619141968,134.50910636621433,136.8056640625,170582600,0.0,0.0,0.0
2024-12-30,134.628921256616,140.06081067569033,133.82013169900247,137.2849578857422,167734700,0.0,0.0,0.0
2024-12-31,137.82414956509464,137.86409844380188,133.63041622678574,134.0897216796875,155659200,0.0,0.0,0.0
2025-01-02,135.7971917031726,138.67290181477085,134.4292395740467,138.10374450683594,198247200,0.0,0.0,0.0
2025-01-03,139.8011917981673,144.6838985290199,139.52161059265686,144.25454711914062,229322500,0.0,0.0,0.0
2025-01-06,148.3684248105369,151.93310868099036,147.5995839740372,149.20716857910156,265377400,0.0,0.0,0.0
2025-01-07,152.80180879971968,152.90166577959354,139.8012192468087,139.9310302734375,351782200,0.0,0.0,0.0
2025-01-08,142.36737985085435,143.73533196712347,137.3548616440079,139.90106201171875,227349900,0.0,0.0,0.2676833333333334
2025-01-10,137.24501786219508,139.71133557177419,134.0198390250661,135.7073211669922,207602500,0.0,0.0,0.43967500000000004
2025-01-13,129.79613768131526,133.29091776199226,129.31684258602223,133.0312957763672,204808900,0.0,0.0,0.31466944444444445
2025-01-14,135.84710238324766,136.1766120600162,129.85605059334506,131.56349182128906,195590500,0.0,0.0,0.3490892857142857
2025-01-15,133.45067056072713,136.24649773538883,131.09418961528783,136.0368194580078,185217300,0.0,0.0,0.287065625
2025-01-16,138.43325045720013,138.5430870275282,133.2909365646461,133.37081909179688,209235600,0.0,0.0,0.39356842105263157
2025-01-17,136.4861555399997,138.29345383465838,135.25799411499426,137.504638671875,201188800,0.0,0.0,0.4346772727272727
2025-01-21,138.95245710585658,141.61847317570314,136.88553704004724,140.61996459960938,197749000,0.0,0.0,0.11118000000000001
2025-01-22,144.44426793757484,147.56958971587568,143.45573886876412,146.85067749023438,237651400,0.0,0.0,0.3798107142857143
2025-01-23,144.83369562852502,147.0104373660888,143.50567717742842,147.00045776367188,155915500,0.0,0.0,0.34140499999999996
2025-01-24,148.14875950594703,148.74787093586673,141.6684465446306,142.40733337402344,234657600,0.0,0.0,0.33657000000000004
2025-01-27,124.61389107098998,128.20851331467108,116.52596435964819,118.24340057373047,818830900,0.0,0.0,0.24558125
2025-01-28,121.62835222502514,128.80763280108368,116.07664583818587,128.7976531982422,579666400,0.0,0.0,0.1935952380952381
2025-01-29,126.31135328562937,126.70077107762197,119.8709750783515,123.5155258178711,467120600,0.0,0.0,0.30360882352941176
2025-01-30,122.91641225704781,124.81358019968631,117.92386904906036,124.46410369873047,392925500,0.0,0.0,0.4217676470588236
2025-01-31,123.59541198682592,127.65934229890306,119.01226047612725,119.89094543457031,388161100,0.0,0.0,0.4273115384615385
2025-02-03,114.57887527254843,118.39317826666118,112.84147223806173,116.48603057861328,371235700,0.0,0.0,0.28045454545454546
2025-02-04,116.78557092036435,121.01924546805154,116.52595653802958,118.47305297851562,256550000,0.0,0.0,0.21797500000000003
2025-02-05,121.57842315704723,124.8135892575584,120.57991444298676,124.64384460449219,262230800,0.0,0.0,0.34418125000000005
2025-02-06,127.22996749994309,128.57796024161053,125.02326434711814,128.4880828857422,251483600,0.0,0.0,0.32851538461538465
2025-02-07,129.0273069895586,130.17558600299384,124.81359867926386,129.64637756347656,228186300,0.0,0.0,0.3260178571428571
2025-02-10,129.89599772289156,134.79867927002743,129.76620194780145,133.37081909179688,216989100,0.0,0.0,0.11842499999999999
2025-02-11,132.38228609427233,134.27944654160947,130.82461495038982,132.60195922851562,178902400,0.0,0.0,0.44062999999999997
2025-02-12,129.8261026458349,132.04279313100764,128.88750205027108,130.94442749023438,160278600,0.0,0.0,0.2667611111111111
2025-02-13,131.36380821970238,136.29644386397356,130.9743904181038,135.08824157714844,197430000,0.0,0.0,0.39125
2025-02-14,136.27645326854343,139.04232643389201,135.29791907929888,138.64292907714844,195479600,0.0,0.0,0.2562342105263158
2025-02-18,141.0593143400208,143.2260761760307,137.7242840330443,139.1920928955078,219176600,0.0,0.0,0.28667000000000004
2025-02-19,139.3019353271886,141.14918241151278,137.01535723812603,139.02235412597656,167536000,0.0,0.0,0.34600384615384616
2025-02-20,139.8211794831435,140.45024487315197,136.5860056380014,139.90106201171875,143903600,0.0,0.0,0.37150833333333333
2025-02-21,139.83117324566518,141.2490692264154,133.83014051658057,134.2295379638672,228217600,0.0,0.0,0.349153125
2025-02-24,136.35634186179794,138.383313247837,129.88600993089565,130.08570861816406,251381100,0.0,0.0,0.1154309523809524
2025-02-25,129.78615711570163,130.00583024952502,124.25442559786755,126.44115447998047,271428700,0.0,0.0,0.12784666666666666
2025-02-26,129.79615892181477,133.53057192522448,128.29839578499454,131.084228515625,322553800,0.0,0.0,0.3537695652173913
2025-02-27,134.7986782828192,134.80865788512716,119.83103458283094,119.9708251953125,443175800,0.0,0.0,0.342225
2025-02-28,117.8439849269481,124.90344062232614,116.22640582508673,124.73369598388672,389091100,0.0,0.0,0.186815
2025-03-03,123.32581202011416,123.51552349340123,112.11255593535711,113.88990020751953,411381400,0.0,0.0,0.3165
2025-03-04,110.4849986041218,119.132080722439,109.94580294596078,115.81703186035156,398163300,0.0,0.0,0.3922099999999999
2025-03-05,117.40465751759531,118.10361057672029,114.3392360416895,117.12507629394531,284337900,0.0,0.0,0.359146875
2025-03-06,113.36069823382532,115.17798387118098,110.05563667803439,110.40511322021484,321181900,0.0,0.0,0.18819999999999998
2025-03-07,111.08409477767312,113.31077256873955,107.39959517379882,112.5219497680664,341755500,0.0,0.0,0.4500875
2025-03-10,109.73610085349598,111.6831896506324,105.30272006245755,106.8204574584961,366487400,0.0,0.0,0.24633125000000003
2025-03-11,106.83043665954975,112.0726069900584,104.61374627233778,108.5978012084961,354865700,0.0,0.0,0.578085
2025-03-12,113.9602977987337,116.5966026479449,112.72202762810602,115.5780258178711,323857500,0.01,0.0,0.32508
2025-03-13,116.86621875800482,117.59520049683546,113.63075517539951,115.41825103759766,299033100,0.0,0.0,0.43010000000000004
2025-03-14,118.44401014075397,121.70943054003341,117.98465480860956,121.49972534179688,277593500,0.0,0.0,0.44532499999999997
2025-03-17,122.56822336901756,122.71801496792263,117.86481592318836,119.36271667480469,255501500,0.0,0.0,0.37627
2025-03-18,117.83486627342975,118.85343549406599,114.37970924440411,115.26846313476562,299686900,0.0,0.0,0.3488785714285714
2025-03-19,117.10587965509883,120.2814296141779,115.51810848491796,117.35552978515625,273426200,0.0,0.0,0.37067222222222224
2025-03-20,116.3868956857552,120.03178155242583,116.30700581426807,118.36412048339844,248829700,0.0,0.0,0.4467192307692308
2025-03-21,116.77634740953133,117.82487338576216,115.25847035053427,117.5352783203125,266498500,0.0,0.0,0.24259499999999995
2025-03-24,119.71223179694545,122.04896105750126,119.17298658297102,121.24009704589844,228452500,0.0,0.0,0.49683125
2025-03-25,120.38129181712452,121.12025404464302,118.75356814650013,120.5210952758789,167447200,0.0,0.0,0.5429999999999999
2025-03-26,118.5638454632065,118.6736845133834,112.55226594608844,113.60079956054688,293463300,0.0,0.0,0.23545769230769234
2025-03-27,111.19417323533278,114.28983351449122,110.50514401476981,111.27406311035156,236902100,0.0,0.0,0.23317142857142859
2025-03-28,111.33397804410711,112.71205173921601,108.91736643615505,109.51652526855469,229872500,0.0,0.0,0.0
2025-03-31,104.98287310192077,110.80471613819729,103.50494855407659,108.22832489013672,299212700,0.0,0.0,0.1848857142857143
2025-04-01,108.36813339033893,110.04578269736857,106.32100673854832,109.99585723876953,222614000,0.0,0.0,0.3358142857142857
2025-04-02,107.1398479774266,111.82328673498283,106.64054773013802,110.26546478271484,220601200,0.0,0.0,0.2501791666666667
2025-04-03,103.36515315702636,105.48218161280622,101.45782230020173,101.65754699707031,338769400,0.0,0.0,0.2640166666666667
2025-04-04,98.7715853475697,99.98987163475934,91.98109847139008,94.17801666259766,532273800,0.0,0.0,0.0962888888888889
2025-04-07,87.33759621246332,101.60759784636036,86.4987754744505,97.50334930419922,611041300,0.0,0.0,0.16238750000000002
2025-04-08,103.66472218207363,105.70186824827938,94.3278084260022,96.16523742675781,476243400,0.0,0.0,0.24288888888888888
2025-04-09,98.75161045127601,114.9389248904037,97.39351305704149,114.17000579833984,612918300,0.0,0.0,0.22462777777777776
2025-04-10,109.21694044618194,110.70485307181585,99.01124202201945,107.4194564819336,437812400,0.0,0.0,0.16722499999999998
2025-04-11,108.34816524857224,111.39390013023589,107.32959598741144,110.77476501464844,313417300,0.0,0.0,0.2977357142857143
2025-04-14,113.95031245540225,114.13006086401796,108.91736463288024,110.55506896972656,264705000,0.0,0.0,-0.018524999999999996
2025-04-15,110.81470199440513,113.46099492172469,110.3453585264742,112.04297637939453,228966900,0.0,0.0,0.34783125
2025-04-16,104.40369410395131,106.64055727885454,100.30942561460589,104.3437728881836,397016900,0.0,0.0,0.10881428571428571
2025-04-17,104.30381795694564,104.3237942331935,99.90998190333623,101.34796142578125,292517500,0.0,0.0,0.23755
2025-04-21,98.63177356997639,99.3008417327631,94.90699776234818,96.77438354492188,288501100,0.0,0.0,0.23877222222222225
2025-04-22,98.6417555090913,99.67031279819463,97.14385476914264,98.75160217285156,241004800,0.0,0.0,0.22321999999999997
2025-04-23,104.37372584399631,104.6533403969428,101.87722447592722,102.5662612915039,247526000,0.0,0.0,0.5079285714285715
2025-04-24,103.33518320501399,106.39089830035945,102.96569827687256,106.28105163574219,220815000,0.0,0.0,0.40892272727272716
2025-04-25,106.70046299579266,111.76336727797938,105.58203530029881,110.85464477539062,251064700,0.0,0.0,0.43343750000000003
2025-04-28,109.53649833991803,110.21554702841466,105.8716284785824,108.57784271240234,207708500,0.0,0.0,0.46081666666666665
2025-04-29,107.5193148494054,110.04577291521682,107.2896409990865,108.86742401123047,170444300,0.0,0.0,0.212065
2025-04-30,104.32379376082015,108.76756286621094,103.93434018163836,108.76756286621094,235044600,0.0,0.0,0.2576772727272727
2025-05-01,112.92174799120272,114.7791455573913,111.14424029465428,111.45380401611328,236121500,0.0,0.0,0.622
2025-05-02,114.02021557227994,115.23850951002053,113.21135153306962,114.33976745605469,190194800,0.0,0.0,0.346625
2025-05-05,112.75199066583207,114.5095221313392,112.50234053074915,113.66071319580078,133163200,0.0,0.0,0.32639166666666664
2025-05-06,111.32399638135878,114.57942879752297,110.66491633937942,113.38111114501953,158525600,0.0,0.0,0.3373
2025-05-07,112.89179643623137,117.51531428959993,112.12286973799952,116.89617919921875,206758800,0.0,0.0,0.29069500000000004
2025-05-08,118.08451525459601,118.51391379663416,115.68787240644632,117.20574951171875,198428100,0.0,0.0,0.43662500000000004
2025-05-09,117.1857803819228,118.06455379711826,115.0487756801452,116.48676300048828,132972200,0.0,0.0,0.33905
2025-05-12,121.79930827024249,122.82786560058594,120.11167093091153,122.82786560058594,225023300,0.0,0.0,0.381125
2025-05-13,124.8051066300396,131.03637225526788,124.29581818961599,129.7481689453125,330430100,0.0,0.0,0.29572
2025-05-14,133.01359953083553,135.2504704050171,131.4957223220182,135.15060424804688,281180800,0.0,0.0,0.18964615384615383
2025-05-15,134.10204362723803,136.10924022234616,132.47433530494334,134.64129638671875,226632600,0.0,0.0,0.3724928571428571
2025-05-16,136.02937003025397,136.15919297953724,133.27323795943153,135.21051025390625,226542500,0.0,0.0,0.5266333333333334
2025-05-19,132.20473687113784,135.6798627990254,132.20473687113784,135.3802947998047,193154600,0.0,0.0,0.32035
2025-05-20,134.10205468200522,134.39165736048994,132.4343936724944,134.1919403076172,161514200,0.0,0.0,0.2686909090909091
2025-05-21,132.87378601013486,137.2077087161811,130.40724144628157,131.6155548095703,270608700,0.0,0.0,0.4639499999999999
2025-05-22,132.0449376190489,134.0621148614722,131.3658966044825,132.64410400390625,187344000,0.0,0.0,0.4142388888888888
2025-05-23,129.8180590665907,132.49430097030302,128.97923834191374,131.1062469482422,198821300,0.0,0.0,0.266325
2025-05-27,133.96226214597903,135.47015877862245,133.12344131304633,135.3103790283203,192953600,0.0,0.0,0.32092812500000006
2025-05-28,135.83963178227697,137.05792567392893,134.60136161311598,134.621337890625,304021100,0.0,0.0,0.25763636363636366
2025-05-29,142.05090829751865,143.28917829117677,137.71698617586475,138.9951934814453,369241900,0.0,0.0,0.36136875
2025-05-30,138.52585950975748,139.42459384487097,132.73397369059805,134.94088745117188,333170900,0.0,0.0,0.54325
2025-06-02,135.30038976970178,137.9266987725352,135.21050414256473,137.187744140625,197663100,0.0,0.0,0.51579375
2025-06-03,138.58579662593073,141.80129192952475,137.7569562601038,141.0223846435547,225578800,0.0,0.0,0.29926111111111114
2025-06-04,141.99100090060617,142.19071794379053,139.3447005567539,141.72137451171875,167120800,0.0,0.0,0.3125
2025-06-05,141.97102431113476,143.79846496522654,138.63570246128648,139.79408264160156,231397900,0.0,0.0,0.4673625
2025-06-06,142.31055518995854,143.0695013401578,141.31195466595716,141.52166748046875,153986200,0.0,0.0,0.29305
2025-06-09,142.98963386491081,144.7970986584505,141.74138301440692,142.430419921875,185114500,0.0,0.0,0.27038
2025-06-10,142.49031793007975,144.088069701399,141.33193761060437,143.758544921875,155881900,0.0,0.0,0.38695
2025-06-11,144.4176611881815,144.79716064315863,141.6813000562032,142.64002990722656,167694000,0.01,0.0,0.2648444444444445
2025-06-12,141.78116046611606,144.80712890625,141.6613249598906,144.80712890625,162365000,0.0,0.0,0.593325
2025-06-13,142.2904745799642,143.38901749969733,140.6626531024409,141.78115844726562,180820600,0.0,0.0,0.4006875
2025-06-16,143.159329390418,145.98555166191812,143.00951976951112,144.49754333496094,183133700,0.0,0.0,0.34725
2025-06-17,144.2978018718573,145.0268265438421,143.58873962374116,143.92828369140625,139108000,0.0,0.0,0.11148333333333334
2025-06-18,143.81845298832403,145.45627108510786,142.9296373487004,145.2864990234375,161494100,0.0,0.0,0.21066428571428572
2025-06-20,145.2565234707711,146.00552584195606,142.46024490398213,143.65866088867188,242956200,0.0,0.0,0.43122
2025-06-23,142.31044894200824,144.58741490600102,141.84107290887454,143.9782257080078,154308900,0.0,0.0,0.52635
2025-06-24,145.36637857516104,147.76319531946535,145.3064608232896,147.70326232910156,187566100,0.0,0.0,0.5617357142857143
2025-06-25,149.0714619384952,154.24456476496755,149.06146548674553,154.10475158691406,269146500,0.0,0.0,0.3328333333333333
2025-06-26,155.77252682686714,156.51154803915952,153.79516469048193,154.81381225585938,198145700,0.0,0.0,0.36162857142857135
2025-06-27,155.83242906789442,158.49889084686143,155.05346784206984,157.5401611328125,263234500,0.0,0.0,0.44136111111111104
2025-06-30,158.1893045239527,158.4489684480595,155.7525627920192,157.7798614501953,194580300,0.0,0.0,0.42791000000000007
2025-07-01,156.08211312403307,156.9909063970138,151.2885097592641,153.09609985351562,213143600,0.0,0.0,0.63195
2025-07-02,152.77652287552658,157.3903883520798,152.76654166200262,157.0408477783203,171224100,0.0,0.0,0.41355
2025-07-03,158.1593559409033,160.7658851337161,157.56016311083363,159.12806701660156,143716100,0.0,0.0,0.43585
2025-07-07,157.98957042846925,159.09809459400483,157.1307137305003,158.02952575683594,140139000,0.0,0.0,0.27016999999999997
2025-07-08,159.11807865757584,160.0068942683196,158.1793265036118,159.7871856689453,138133000,0.0,0.0,0.36347083333333335
2025-07-09,161.0055648799297,164.20130555952733,160.94564712320184,162.66336059570312,183656400,0.0,0.0,0.21780624999999998
2025-07-10,164.10143771292147,164.28119097215313,161.3950357038234,163.88172912597656,167704100,0.0,0.0,0.2884916666666667
2025-07-11,163.50222183922534,167.6666731011634,163.2525543877531,164.70062255859375,193633300,0.0,0.0,0.4130178571428572
2025-07-14,165.1500194092157,165.26987014699793,161.80448473325933,163.8517608642578,136975800,0.0,0.0,0.3249615384615385
2025-07-15,170.96229989605533,172.17068192225182,168.97494134085255,170.4729461669922,230627400,0.0,0.0,0.2670444444444445
2025-07-16,170.83247408910898,171.52155877211666,168.67534340451815,171.14205932617188,158831500,0.0,0.0,0.4970346153846154
2025-07-17,171.79120519874627,173.92835823409905,170.60278554683865,172.7698974609375,160841100,0.0,0.0,0.31174999999999997
2025-07-18,173.40903901870553,174.01822826089457,171.03219980516573,172.18067932128906,146456400,0.0,0.0,0.4442454545454545
2025-07-21,172.5202421124047,173.14940908730952,170.7725696163311,171.15206909179688,123126100,0.0,0.0,0.3208318181818182
2025-07-22,171.1120956061046,171.1620321483939,164.3610926233022,166.80783081054688,193114300,0.0,0.0,0.229525
2025-07-23,169.30450383433347,171.03219846298632,167.74658125695927,170.55284118652344,154082200,0.0,0.0,0.34511875
2025-07-24,172.21065238052367,173.5988030318276,171.07216922217725,173.50892639160156,128984600,0.0,0.0,0.32812857142857144
2025-07-25,173.37908037175941,174.4876045602178,172.72995103806022,173.26922607421875,122316800,0.0,0.0,0.24501315789473682
2025-07-28,173.78854323017163,176.7645753161742,173.73860668662087,176.51490783691406,140023500,0.0,0.0,0.27764444444444447
2025-07-29,177.7233037615148,179.14141320408203,174.78721179005433,175.27655029296875,154077500,0.0,0.0,0.22622777777777786
2025-07-30,176.27521653092245,179.65072563032518,175.80584046425426,179.03155517578125,174312200,0.0,0.0,0.3035541666666666
2025-07-31,182.6567315862202,183.0562087176856,175.69600066981488,177.6334228515625,221685400,0.0,0.0,0.4060833333333333
2025-08-01,173.85844036702034,176.3051785902702,170.66269971388826,173.4889373779297,204529000,0.0,0.0,0.30176428571428576
2025-08-04,174.9270158880054,179.96030526461158,174.28786778877773,179.7605743408203,148174600,0.0,0.0,0.26525454545454547
2025-08-05,179.38109521170273,180.02024338323596,175.66604170263633,178.0229034423828,156407600,0.0,0.0,0.3416633333333333
2025-08-06,176.09544939411415,179.66069269115442,176.01555398070957,179.18133544921875,137192300,0.0,0.0,0.14069285714285715
2025-08-07,181.32849521637667,183.63542017290519,178.56217541570945,180.52955627441406,151878400,0.0,0.0,0.31792499999999996
2025-08-08,181.30852119793246,183.05619350177665,180.16004168373897,182.4569854736328,123396700,0.0,0.0,0.24628333333333335
2025-08-11,181.80785936297346,183.59547178906817,180.01025048518693,181.81784057617188,138323200,0.0,0.0,0.34152499999999997
2025-08-12,182.7166509044063,184.234618174838,179.22130626788388,182.9163818359375,145485700,0.0,0.0,0.29664999999999997
2025-08-13,182.37709375214726,183.72530422356274,179.11145412417423,181.3484649658203,179871700,0.0,0.0,0.3700941176470588
2025-08-14,179.51090820642335,182.7765629312542,179.22130065055427,181.77789306640625,129554000,0.0,0.0,0.391375
2025-08-15,181.63809742364472,181.6580598511533,177.80319319129092,180.20999145507812,156602200,0.0,0.0,0.316
2025-08-18,180.359785616326,182.69666946783065,180.3497891649352,181.7678985595703,132008000,0.0,0.0,0.42065
2025-08-19,182.1873495042791,182.25726371442747,175.25659293377495,175.40638732910156,185229200,0.0,0.0,0.28973333333333334
2025-08-20,174.93701244991922,175.76591033294957,168.57548977611862,175.1667022705078,215142700,0.0,0.0,0.25730789473684207
2025-08-21,174.61743669419707,176.6646977817985,173.57881147306438,174.74725341796875,140040900,0.0,0.0,0.2782611111111111
2025-08-22,172.38040151215634,178.35244288234992,170.97227338198675,177.7532501220703,172789400,0.0,0.0,0.42947692307692303
2025-08-25,178.11278178635797,181.6680441727565,176.33515059315872,179.57083129882812,163012800,0.0,0.0,0.165053125
2025-08-26,179.82049655621498,182.14739921043056,178.57215920342722,181.52822875976562,168688200,0.0,0.0,0.34664230769230764
2025-08-27,181.7379436715125,182.24727507184866,178.86178472902657,181.35845947265625,235518900,0.0,0.0,0.30324772727272725
2025-08-28,180.57950348224864,184.22464261974775,176.17536544772958,179.93035888671875,281787800,0.0,0.0,0.28221153846153846
2025-08-29,177.87309917143955,177.91303926310266,172.91968968806756,173.9483184814453,243257900,0.0,0.0,0.23331250000000003
2025-09-02,169.77387989783634,172.15071909272382,166.99757884564528,170.55284118652344,231164900,0.0,0.0,0.24813333333333334
2025-09-03,170.83248363379096,172.18069419661035,168.65539040087648,170.39306640625,164424900,0.0,0.0,0.3992590909090909
2025-09-04,170.34312465674856,171.6314020660847,169.1846639665207,171.43167114257812,141670100,0.0,0.0,0.25396944444444447
2025-09-05,167.8065026792569,168.80517258283567,163.8517783946414,166.7978515625,224441400,0.0,0.0,0.33352368421052625
2025-09-08,167.32715219255022,170.73262035939155,167.12742125141602,168.0861358642578,163769100,0.0,0.0,0.22601500000000002
2025-09-09,168.86509051949957,170.75257602974241,166.51822538667548,170.53286743164062,157548400,0.0,0.0,0.41317333333333334
2025-09-10,176.40506201448144,179.05153132643002,175.23661998400823,177.09414672851562,226852000,0.0,0.0,0.38225357142857147
2025-09-11,179.4511179779685,180.050359799309,176.2551971559751,176.94432067871094,151159300,0.01,0.0,0.48728999999999995
2025-09-12,177.5435512454145,178.37249577533527,176.22522541777622,177.59349060058594,124911000,0.0,0.0,0.29393947368421053
2025-09-15,175.44622258887705,178.62217970015598,174.28769658655634,177.52357482910156,147061600,0.0,0.0,0.2078863636363636
2025-09-16,176.77453647764895,177.27389957504343,174.15787872389456,174.65724182128906,140737800,0.0,0.0,0.4069461538461538
2025-09-17,172.4201024269062,172.97938669910795,168.1954945771254,170.07308959960938,211843800,0.0,0.0,0.2854338709677419
2025-09-18,173.7583871307785,176.87442336525442,172.73969733735942,176.01551818847656,191763300,0.0,0.0,0.28214523809523806
2025-09-19,175.54609885389235,177.8531538116004,174.95683884616588,176.4449462890625,237182100,0.0,0.0,0.2125375
2025-09-22,175.07671637070237,184.31493427279133,174.48747153493287,183.37612915039062,269637000,0.0,0.0,-0.0528125
2025-09-23,181.73821238324945,182.18763613663097,175.9855548133895,178.2027130126953,192559600,0.0,0.0,0.20097857142857145
2025-09-24,179.54100413716742,179.5509859124944,175.17656050171237,176.74456787109375,143564100,0.0,0.0,0.24582500000000002
2025-09-25,174.2577508730865,180.03038734713982,172.90947958662534,177.4636688232422,191586700,0.0,0.0,0.1389409090909091
2025-09-26,177.94304916264082,179.54101721374016,174.70717071687335,177.96302795410156,148573700,0.0,0.0,0.24171666666666666
2025-09-29,180.20017297627672,183.7656330630971,180.09032771672483,181.61837768554688,193063500,0.0,0.0,0.3279318181818182
2025-09-30,181.848063160254,187.11135435179565,181.2488213615314,186.3423309326172,236981000,0.0,0.0,0.26174375
2025-10-01,185.00405809785752,187.9003581593927,183.665753326035,187.0015106201172,173844900,0.0,0.0,0.3256880952380953
2025-10-02,189.35850113919957,190.80665113886596,187.82045419605362,188.64939880371094,136805800,0.0,0.0,0.26254782608695654
2025-10-03,188.94900408551683,190.11751186051177,185.1438598655547,187.38099670410156,137596900,0.0,0.0,0.2602857142857143
2025-10-06,185.2637075602064,186.9914995955013,183.09647356463947,185.30364990234375,157678100,0.0,0.0,0.2989130434782609
2025-10-07,185.99277739696944,188.8191743935438,183.76562222076905,184.80429077148438,140088000,0.0,0.0,0.3525041666666667
2025-10-08,186.33235229407293,189.35849142592937,186.30237648821537,188.86911010742188,130168900,0.0,0.0,0.4336033333333333
2025-10-09,191.9851285494953,195.05122522476873,190.816620752273,192.32470703125,182997200,0.0,0.0,0.35802499999999987
2025-10-10,193.26350393527704,195.37081685366852,181.81811007166195,182.92669677734375,268774400,0.0,0.0,0.33062941176470584
2025-10-13,187.73056363822363,189.8678370807686,185.72312947730666,188.0801239013672,153482800,0.0,0.0,0.3052486111111111
2025-10-14,184.5346420566055,184.56460262310264,179.47109296765566,179.80067443847656,205641400,0.0,0.0,0.26594799999999996
2025-10-15,184.56460739230218,184.63451030281777,177.06416377208902,179.60093688964844,214450500,0.0,0.0,0.24768529411764703
2025-10-16,181.99787810828644,183.0465437061986,179.5410200965125,181.5784149169922,179723300,0.0,0.0,0.3411321428571427
2025-10-17,179.9504818191574,183.86550198639478,179.52103686227596,182.9866180419922,173135200,0.0,0.0,0.389726923076923
2025-10-20,182.89674524617425,184.96410068415813,181.49851933568945,182.40736389160156,128544700,0.0,0.0,0.46330333333333334
2025-10-21,182.55715836486127,182.55715836486127,179.5709767314294,180.9292449951172,124240200,0.0,0.0,0.29693749999999997
2025-10-22,180.9092591258601,183.20633238125785,176.53483359319367,180.05035400390625,162249600,0.0,0.0,0.4561083333333333
2025-10-23,180.19017423035882,182.7968501503985,179.5609718650331,181.92796325683594,111363700,0.0,0.0,0.2759233333333333
2025-10-24,183.60580497197222,187.23118563906056,183.26624175096782,186.02272033691406,131296700,0.0,0.0,0.39982142857142866
2025-10-27,189.74798924630224,191.75542334831323,188.18996363054165,191.24607849121094,153452700,0.0,0.0,0.4656055555555556
2025-10-28,192.80410966447576,202.89123585796654,191.66556232510956,200.77394104003906,297986200,0.0,0.0,0.306845652173913
2025-10-29,207.715080745974,211.9197249544373,204.51915980095313,206.77627563476562,308829600,0.0,0.0,0.29279074074074074
2025-10-30,204.88867704045037,205.89740027142088,201.1534507471854,202.63156127929688,178864400,0.0,0.0,0.24868684210526318
2025-10-31,206.18701808603035,207.70508615602077,201.81260775338424,202.23207092285156,179802200,0.0,0.0,0.317225
2025-11-03,207.81493866642379,211.07078042213968,205.29814450690722,206.61647033691406,180267300,0.0,0.0,0.3488739130434782
2025-11-04,202.7414122562426,203.71017785907821,197.67786326579136,198.43690490722656,188919300,0.0,0.0,0.3068347826086956
2025-11-05,198.51681234435117,202.66152000582164,194.40205001057666,194.9613494873047,171350300,0.0,0.0,0.3300875
2025-11-06,196.16981228388872,197.3682807609907,186.14260723026618,187.84043884277344,223029800,0.0,0.0,0.310373076923077
2025-11-07,184.66446402160466,188.08012095739036,178.68210397488247,187.9103240966797,264942300,0.0,0.0,0.13038846153846154
2025-11-10,194.8614791513322,199.68532876518447,193.5431531870904,198.7964630126953,198897100,0.0,0.0,0.30244090909090915
2025-11-11,194.91140808059743,195.17107140540628,191.05632435423007,192.91395568847656,176483300,0.0,0.0,0.253065
2025-11-12,195.47068348463264,195.64046510157328,190.8865341091802,193.55313110351562,154935300,0.0,0.0,0.30236999999999997
2025-11-13,190.8066439854392,191.1961465947379,183.61581837719615,186.62197875976562,207423100,0.0,0.0,0.08262727272727273
2025-11-14,182.62706393415107,190.76667594021126,180.34996953708986,189.92774963378906,186591900,0.0,0.0,0.35111562500000004
2025-11-17,185.73311754704963,188.75925679396335,184.08522536919267,186.36231994628906,173628900,0.0,0.0,0.25834594594594595
2025-11-18,183.14641371605563,184.5646030780414,179.42115405263684,181.1289825439453,213598900,0.0,0.0,0.2618555555555555
2025-11-19,184.5546024199349,187.62069907956393,182.5971076589588,186.28240966796875,247246400,0.0,0.0,0.2791532258064516
2025-11-20,195.70039225393623,195.7503316108911,179.62090987236718,180.40989685058594,343504800,0.0,0.0,0.25291111111111114
2025-11-21,181.00912433889104,184.32488707538113,172.70969762442783,178.65213012695312,346926200,0.0,0.0,0.0888142857142857
2025-11-24,179.26135956972516,183.26624588741998,176.25518414830518,182.3174591064453,256618300,0.0,0.0,0.25410135135135137
2025-11-25,174.68719385821646,177.93305383278917,169.33402110596253,177.59349060058594,320600300,0.0,0.0,0.2664235294117647
2025-11-26,181.39863013804072,182.67699835309762,178.01294919921247,180.03036499023438,183852000,0.0,0.0,0.2992676470588235
2025-11-28,178.7819702942556,179.0616124091028,176.27517303639212,176.7745361328125,121332800,0.0,0.0,0.38083124999999995
2025-12-01,174.53739527000454,180.07034727044882,173.45876908321011,179.69082641601562,188131000,0.0,0.0,0.3221
2025-12-02,181.52847225165078,185.4235136530611,179.7707195907086,181.22886657714844,182632200,0.0,0.0,0.28905500000000006
2025-12-03,180.8493441127912,182.21759414523953,178.88185225801445,179.36123657226562,165138000,0.0,0.0,0.2518642857142857
2025-12-04,181.39873533031871,184.29521152983364,179.7407692190929,183.15660095214844,167364900,0.01,0.0,0.23837647058823527
2025-12-05,183.66598269849337,184.43504894381925,180.6896172324408,182.1877899169922,143971100,0.0,0.0,0.33235
2025-12-08,182.41751577930148,187.7709870845105,182.17780264974235,185.323974609375,204378100,0.0,0.0,0.2589738095238096
2025-12-09,185.33395229946427,185.4937610485011,183.09669077375298,184.7446746826172,144719700,0.0,0.0,0.287855
2025-12-10,184.74467463147755,185.2540478736652,181.8182359713298,183.55612182617188,162785400,0.0,0.0,0.2741954545454546
2025-12-11,180.060377409269,181.09911899111663,176.40483245042134,180.70957946777344,182136600,0.0,0.0,0.2097928571428571
2025-12-12,180.88937065842447,182.59729422559735,174.40727135263347,174.80679321289062,204274900,0.0,0.0,0.3163
2025-12-15,177.72322484137152,178.20263580820242,174.81676632707214,176.07522583007812,164775600,0.0,0.0,0.2492088235294118
2025-12-16,176.04526619844617,178.27256047932946,174.686922405521,177.5034942626953,148588100,0.0,0.0,0.22880277777777774
2025-12-17,175.88546784627562,175.91543007880585,170.10251312474713,170.73175048828125,222775500,0.0,0.0,0.19542916666666665
2025-12-18,174.3173807251694,175.93540231223645,171.6106906687844,173.9278564453125,176096000,0.0,0.0,0.37840454545454544
2025-12-19,176.4547863729682,181.22896236326454,176.12518653595592,180.76953125,324925900,0.0,0.0,0.22871666666666665
2025-12-22,183.6959478478248,183.935660967629,182.1278683380167,183.4662322998047,129064400,0.0,0.0,0.41126842105263167
2025-12-23,182.74711840334103,189.09937165158402,182.67719635774475,188.97952270507812,174873600,0.0,0.0,0.4255636363636364
2025-12-24,187.71105179508496,188.67987134928,186.36269028434322,188.38023376464844,65528500,0.0,0.0,0.4658000000000001
2025-12-26,189.68863982420257,192.45526970950266,187.7709805748158,190.2978973388672,139740300,0.0,0.0,0.37445
2025-12-29,187.4813341773615,188.53004285167208,185.68352392965699,187.99070739746094,120006100,0.0,0.0,0.3863142857142857
2025-12-30,188.01069817319677,188.75978454971104,186.70228116711607,187.31153869628906,97687300,0.0,0.0,0.30410000000000004
2025-12-31,189.33906392286715,190.32784810299728,186.26281429981768,186.27279663085938,120100500,0.0,0.0,0.4338916666666666
2026-01-02,189.60873357074172,192.69496568024334,188.03065649528438,188.6199493408203,148240500,0.0,0.0,0.38056071428571425
2026-01-05,191.52640398377517,193.39413642527967,185.9232371396652,187.89083862304688,183529700,0.0,0.0,0.4649999999999999
2026-01-06,190.2879203285983,191.935904267691,186.5924305704924,187.0119171142578,176862600,0.0,0.0,0.35971956521739124
2026-01-07,188.34028795646717,191.13686475404677,186.3327268208183,188.87962341308594,153543200,0.0,0.0,0.40048958333333334
2026-01-08,188.87962438445808,189.31909080925226,183.4862088297309,184.8145751953125,172457000,0.0,0.0,0.3159343750000001
2026-01-09,184.8545293482555,186.1129888751533,183.44624341374129,184.63479614257812,131327500,0.0,0.0,0.41718333333333324
2026-01-12,182.99680052530172,186.89204340473577,182.79704721562317,184.71470642089844,137968500,0.0,0.0,0.4262892857142857
2026-01-13,184.7746378408776,187.88084992986475,183.17658082293008,185.58364868164062,160128900,0.0,0.0,0.4079
2026-01-14,184.0954710990846,184.2352999433054,180.57975484984624,182.91690063476562,159586100,0.0,0.0,0.26996666666666663
2026-01-15,186.2727952885624,189.46889382188115,186.10300422087673,186.82212829589844,206188600,0.0,0.0,0.46713947368421055
2026-01-16,188.84966224271636,190.20800608356458,185.85331687968656,186.0031280517578,187967200,0.0,0.0,0.4989071428571429
2026-01-20,181.67840938923754,182.15783564218773,177.39364202987932,177.85308837890625,223345300,0.0,0.0,0.31660238095238097
2026-01-21,178.8318922054109,185.15418310637224,178.18267486272933,183.09669494628906,200381000,0.0,0.0,0.4324631578947369
2026-01-22,184.52493568425237,185.94320399708803,183.70592730123704,184.6148223876953,139636600,0.0,0.0,0.3349472222222222
2026-01-23,187.27158465782284,189.3690325020707,186.59242035942677,187.44137573242188,142748100,0.0,0.0,0.20556041666666666
2026-01-26,186.93200550896393,188.88960930416175,185.76343263076708,186.2428436279297,124799600,0.0,0.0,0.3757076923076923
2026-01-27,187.01190478720812,189.76853699604698,185.47377232125424,188.29034423828125,143711600,0.0,0.0,0.4184545454545454
2026-01-28,191.0369866951896,192.1156727976695,189.60872088942648,191.28668212890625,148552700,0.0,0.0,0.44516562500000006
2026-01-29,191.10690928022157,193.244301759811,185.83334250366076,192.27548217773438,171764400,0.0,0.0,0.32448571428571427
2026-01-30,190.97707539362895,194.25307849059112,189.23918956869622,190.8971710205078,179489500,0.0,0.0,0.3699
2026-02-02,186.97193993484487,190.06816944570554,184.65477420739685,185.38388061523438,165794100,0.0,0.0,0.4103181818181818
2026-02-03,186.01312186532803,186.04308409913696,176.01530661894333,180.12030029296875,204019600,0.0,0.0,0.39291190476190474
2026-02-04,179.241398362594,179.36124730830178,171.70059231104517,173.97781372070312,207014100,0.0,0.0,0.379385
2026-02-05,174.7168961324724,176.60460839935587,170.8216531377948,171.67062377929688,206312900,0.0,0.0,0.17094583333333335
2026-02-06,176.4747642750831,186.77220252110314,174.38731390455436,185.18414306640625,231346200,0.0,0.0,0.40802916666666667
2026-02-09,184.03552934237337,193.42408742490235,183.7259094221984,189.80848693847656,196387400,0.0,0.0,0.1486473684210526
2026-02-10,191.1468699498802,192.24552080983682,187.89083145679504,188.31031799316406,136764800,0.0,0.0,0.3980035714285714
2026-02-11,192.21556708670826,193.02457795983298,188.54005713468442,189.81849670410156,144192700,0.0,0.0,0.41173437500000004
2026-02-12,192.79485804306626,193.3741533411549,186.28279615580217,186.7122802734375,189932500,0.0,0.0,0.3614804347826086
2026-02-13,187.25160463564347,187.27158453858374,181.36878053627944,182.58729553222656,161888000,0.0,0.0,0.4289777777777778
2026-02-17,181.5285959992061,186.92201173748992,178.9617194034806,184.7446746826172,162276900,0.0,0.0,0.3485633333333334
2026-02-18,188.52005804720127,190.13807962880853,186.53247684939709,187.75099182128906,164749100,0.0,0.0,0.41777499999999995
2026-02-19,186.8321237354349,188.20044994409497,185.43383529156333,187.6710968017578,126554500,0.0,0.0,0.42316000000000004
2026-02-20,186.342734664171,190.09814888521723,185.71349722992974,189.58877563476562,178422300,0.0,0.0,0.41255
2026-02-23,191.1668239815537,193.71372053376285,189.34904909171755,191.316650390625,171584800,0.0,0.0,0.28501944444444444
2026-02-24,191.2567378902843,193.53395924081437,187.171708627792,192.61508178710938,175123600,0.0,0.0,0.41377941176470584
2026-02-25,194.2131137016724,197.38924768090467,193.5539140704845,195.32176208496094,250637100,0.0,0.0,0.3648304347826087
2026-02-26,194.03334246429932,194.0533071271398,184.09546670933034,184.66476440429688,360807900,0.0,0.0,0.2907051724137931
2026-02-27,181.0292033274304,182.36756729714082,176.1651407824763,176.97415161132812,311636500,0.0,0.0,0.23228333333333337
2026-03-02,174.79680413295333,183.2365228635074,174.42725972943845,182.25770568847656,209095300,0.0,0.0,0.33893125
2026-03-03,178.27256086028186,180.67961330625172,176.70446619030554,179.83065795898438,178099400,0.0,0.0,0.28166428571428576
2026-03-04,180.22019302825058,184.47499807110998,179.84065106191534,182.8170166015625,177731200,0.0,0.0,0.057027272727272725
2026-03-05,180.94928366467312,183.83576224630102,177.6632984882966,183.11663818359375,198779700,0.0,0.0,0.3735800000000001
2026-03-06,179.62092189230134,182.53736302725528,176.6046117177772,177.6033935546875,189021900,0.0,0.0,0.27802000000000004
2026-03-09,176.61458806542097,182.68718325690133,175.34613090826778,182.427490234375,177213600,0.0,0.0,0.22136428571428568
2026-03-10,182.17778352587916,186.21287029543888,181.78825925636124,184.54490661621094,179118500,0.0,0.0,0.35893055555555553
2026-03-11,185.6935753620157,187.40157611978597,184.23526832414757,185.8134307861328,145280400,0.01,0.0,0.45724333333333333
2026-03-12,183.83574790315467,184.72471123223085,181.53842231669145,182.9268035888672,155762700,0.0,0.0,0.22929249999999998
2026-03-13,184.70472270189353,185.87335881208497,179.73052445930352,180.0401611328125,160988400,0.0,0.0,0.3187866666666667
2026-03-16,182.7570048934839,188.66012868968363,181.19882333613754,183.0067138671875,217307400,0.0,0.0,0.43543260869565215
2026-03-17,184.8445618023411,185.1841623368753,181.4684917186082,181.71820068359375,182497800,0.0,0.0,0.24757500000000002
2026-03-18,182.26756764801692,183.16652908726184,180.12007659614625,180.1899871826172,156683100,0.0,0.0,0.42436428571428564
2026-03-19,177.80276430906588,179.77047215436778,175.5853475010711,178.3521270751953,170968500,0.0,0.0,0.4662595238095238
2026-03-20,177.79278016290237,178.05247199547227,171.52009228430225,172.4989471435547,241323500,0.0,0.0,0.31255625000000004
2026-03-23,177.0536408486584,178.16234927411983,174.55655117338722,175.43553161621094,182836300,0.0,0.0,0.34648
2026-03-24,174.6264683383626,176.01484951930743,173.777451794472,174.99603271484375,147667800,0.0,0.0,0.516921875
2026-03-25,176.89383761026875,181.00903649280792,176.64412864426953,178.47198486328125,162602100,0.0,0.0,0.4682636363636364
2026-03-26,175.86504388946904,176.30451888215924,170.9407749866337,171.04066467285156,186152200,0.0,0.0,0.23968333333333328
2026-03-27,169.80209026823204,170.77096223786808,166.81556566439232,167.32498168945312,196212700,0.0,0.0,0.278437037037037
2026-03-30,168.58352034150624,169.25273855906806,164.07877596313077,164.97772216796875,185627000,0.0,0.0,0.3798833333333333
2026-03-31,166.77563225072552,174.41672082635512,166.7656493784466,174.1969757080078,226181300,0.0,0.0,0.3360611111111111
2026-04-01,175.79511913229018,177.16351944386196,174.54657425208924,175.54541015625,168132000,0.0,0.0,0.30939999999999995
2026-04-02,171.97954556798163,177.28337661769746,171.170490985778,177.18348693847656,143143200,0.0,0.0,0.3985968750000001
2026-04-06,176.953760088437,177.58301630024127,175.55538077559635,177.43319702148438,107564300,0.0,0.0,0.18198333333333336
2026-04-07,175.52541836668527,178.0225079733855,173.4578360976707,177.89266967773438,132534900,0.0,0.0,0.3238666666666667
2026-04-08,184.28522303450282,185.0443328296099,180.09011531444295,181.8680419921875,147732700,0.0,0.0,0.2920638888888889
2026-04-09,181.6283100364998,183.86570786090292,180.40972906189933,183.69590759277344,116428500,0.0,0.0,0.29610357142857147
2026-04-10,184.09543736125556,189.77881591864653,184.08545448929232,188.41041564941406,160459500,0.0,0.0,0.3076583333333333
2026-04-13,185.81343445538195,189.43921351677633,185.52377876103736,189.08961486816406,133648200,0.0,0.0,0.414315625
2026-04-14,190.61783708872017,196.28123474121094,190.54792650193752,196.28123474121094,161307000,0.0,0.0,0.3942166666666667
2026-04-15,196.31119931453722,200.166706463506,195.5121427945441,198.63848876953125,185338400,0.0,0.0,0.2785113636363636
2026-04-16,197.20015246424893,199.6173486077875,195.58204328148997,198.1190948486328,134012900,0.0,0.0,0.3433631578947368
2026-04-17,199.66727910555997,201.46518667284232,199.03802288778024,201.44520568847656,160324400,0.0,0.0,0.2770066666666667
2026-04-20,199.7471876833392,201.9346406188145,197.6096795882359,201.82476806640625,119381400,0.0,0.0,0.28727500000000006
2026-04-21,201.89470437258373,202.51397775047528,198.76834314349978,199.64732360839844,107945300,0.0,0.0,0.302590625
2026-04-22,200.75603026628932,202.26426696777344,198.76834136586132,202.26426696777344,107501000,0.0,0.0,0.45102000000000003
2026-04-23,202.22431724671497,203.59271751351986,196.99041179336916,199.4075927734375,113561800,0.0,0.0,0.43680333333333343
2026-04-24,199.72721882416832,210.70441481695215,199.57738430538978,208.0275421142578,214134400,0.0,0.0,0.30343
2026-04-27,209.4059296471886,216.5775789683675,207.13858324348888,216.3578338623047,187172400,0.0,0.0,0.3155777777777778
2026-04-28,209.24613572912838,214.4800260296235,207.95762889823203,212.92184448242188,180275400,0.0,0.0,0.34479545454545457
2026-04-29,212.4523894424142,212.47237042757808,207.33835459433345,209.00640869140625,123711800,0.0,0.0,0.2879633333333334
2026-04-30,209.68560172993963,210.05518135667162,198.46867945247158,199.33767700195312,225239200,0.0,0.0,0.2988818181818182
2026-05-01,201.0456862731779,202.76368521944246,196.89052532216473,198.21897888183594,128647000,0.0,0.0,0.2734733333333333
2026-05-04,199.26774870200734,201.49514834231712,194.51329562325486,198.24893188476562,125368100,0.0,0.0,0.4436639999999999
2026-05-05,199.06798360144137,200.00689171848026,195.80178617585554,196.271240234375,113406600,0.0,0.0,0.37005869565217386
2026-05-06,199.65729931010404,208.0275486883452,198.37879062945476,207.5880584716797,188362800,0.0,0.0,0.3899250000000001
2026-05-07,208.0974592073836,213.95063795079753,206.25960488465944,211.2537841796875,168307900,0.0,0.0,0.327445
2026-05-08,212.7820061205359,217.5464575316693,212.642169707093,214.94947814941406,136421400,0.0,0.0,0.3982791666666667
2026-05-11,213.79081709888328,222.04121091513153,213.64099781886503,219.18453979492188,160685800,0.0,0.0,0.17991666666666667
2026-05-12,218.29558003818886,223.48952345691538,214.6698009927987,220.52297973632812,159176600,0.0,0.0,0.3082705882352941
2026-05-13,224.6681467194947,227.57476278227756,221.3120728008497,225.56710815429688,150405400,0.0,0.0,0.18688275862068968
2026-05-14,229.58243343997336,236.26463268418732,229.03307065698914,235.465576171875,180782900,0.0,0.0,0.2583366666666666
2026-05-15,229.49252726355346,231.23050718880455,223.97896415639156,225.05770874023438,180977600,0.0,0.0,0.24003809523809524
2026-05-18,229.60240180074675,229.7322553439391,218.1157890335498,222.0612030029297,146280900,0.0,0.0,0.19661590909090904
2026-05-19,219.36432694236115,224.21866983705235,217.6563261548179,220.35317993164062,140948200,0.0,0.0,0.3187400000000001
2026-05-20,222.9201831873553,225.8667612103758,220.2433103590018,223.20985412597656,184201600,0.0,0.0,0.27154857142857153
2026-05-21,222.03121805596584,227.13526994336974,217.6762930684293,219.25445556640625,203381800,0.0,0.0,0.28389090909090914
2026-05-22,220.64283833374193,220.75271088945502,214.54994865072538,215.07933044433594,169275700,0.0,0.0,0.2311925925925925
2026-05-26,216.28791550863897,217.92600574795006,211.75320730356688,214.60987854003906,187202600,0.0,0.0,0.2736583333333334
2026-05-27,213.87072806866348,213.90069192498567,208.53694826896,212.35250854492188,167601200,0.0,0.0,0.25242586206896556
2026-05-28,211.03403615445995,215.2691056248748,210.97410844231206,214.00057983398438,143996000,0.0,0.0,0.30370714285714284
2026-05-29,214.33020874183248,217.6063892667686,210.88422794322287,210.8942108154297,289410600,0.0,0.0,0.4302522727272727
2026-06-01,215.47885750139108,224.60821672379726,215.44889364463796,224.09881591796875,212850700,0.0,0.0,0.3655885416666666
2026-06-02,226.91551751623658,232.00958636747916,221.09231801448135,222.56060791015625,193362900,0.0,0.0,0.31921666666666676
2026-06-03,221.46188713313538,222.56061267075634,214.2602739078757,214.5,160907000,0.0,0.0,0.289075
2026-06-04,213.91000366210938,221.60000610351562,210.97000122070312,218.66000366210938,169022200,0.25,0.0,0.32728260869565223
2026-06-05,214.52999877929688,214.8699951171875,204.3300018310547,205.10000610351562,219655500,0.0,0.0,0.2671560606060607
2026-06-08,210.17999267578125,210.47000122070312,206.0,208.63999938964844,138372800,0.0,0.0,0.3088647058823529
2026-06-09,210.6199951171875,211.39999389648438,199.33999633789062,208.19000244140625,180962500,0.0,0.0,0.3114112903225807
2026-06-10,204.42999267578125,207.22000122070312,199.9199981689453,200.4199981689453,161746600,0.0,0.0,0.31459242424242423
2026-06-11,201.49000549316406,205.66000366210938,199.5399932861328,204.8699951171875,158643200,0.0,0.0,0.381375
2026-06-12,204.86000061035156,207.07000732421875,203.44000244140625,205.19000244140625,112001800,0.0,0.0,0.3534527777777778
2026-06-15,208.9199981689453,212.7100067138672,208.33999633789062,212.4499969482422,149936700,0.0,0.0,0.29565500000000006
2026-06-16,211.17999267578125,211.49000549316406,207.2899932861328,207.41000366210938,125694100,0.0,0.0,0.31536136363636363
2026-06-17,208.52999877929688,209.2100067138672,203.0800018310547,204.64999389648438,128363500,0.0,0.0,0.3462354166666666
2026-06-18,207.3300018310547,211.38999938964844,206.5,210.69000244140625,241272000,0.0,0.0,0.338274074074074
2026-06-22,211.44000244140625,213.99000549316406,207.72000122070312,208.64999389648438,122041400,0.0,0.0,0.3726227272727273
2026-06-23,202.1699981689453,203.77000427246094,200.0,200.0399932861328,153496200,0.0,0.0,0.28160238095238094
2026-06-24,200.1199951171875,201.6699981689453,196.5800018310547,199.0,151810700,0.0,0.0,0.38073599999999996
2026-06-25,200.0800018310547,200.8000030517578,192.1300048828125,195.74000549316406,149550000,0.0,0.0,0.3817434782608695
2026-06-26,193.1199951171875,195.5500030517578,191.22000122070312,192.52999877929688,179304100,0.0,0.0,0.24589285714285714
2026-06-29,193.85000610351562,196.17999267578125,189.8000030517578,194.97000122070312,148835700,0.0,0.0,0.28486363636363643
2026-06-30,197.24000549316406,200.6300048828125,195.11000061035156,200.08999633789062,166476700,0.0,0.0,0.2659708333333333
2026-07-01,196.1999969482422,199.85000610351562,193.4499969482422,197.5800018310547,146147600,0.0,0.0,0.44627
2026-07-02,197.13999938964844,200.05999755859375,192.35000610351562,194.8300018310547,142068700,0.0,0.0,0.3500205882352941
2026-07-06,194.4199981689453,197.5500030517578,193.99000549316406,195.5500030517578,108999000,0.0,0.0,0.4032416666666667
2026-07-07,192.3699951171875,198.41000366210938,191.13999938964844,196.92999267578125,124154600,0.0,0.0,0.17337499999999997
2026-07-08,195.17999267578125,205.16000366210938,195.05999755859375,204.1199951171875,147419100,0.0,0.0,0.48957307692307694
2026-07-09,204.4600067138672,204.58999633789062,198.9600067138672,202.77999877929688,132037400,0.0,0.0,0.44818888888888886
2026-07-10,202.0,211.0,201.9199981689453,210.9600067138672,148421000,0.0,0.0,0.3601666666666667
2026-07-13,208.5399932861328,210.57000732421875,203.0,203.52999877929688,121411000,0.0,0.0,0.25717812500000004
2026-07-14,208.1999969482422,212.5500030517578,203.8000030517578,211.8000030517578,124379600,0.0,0.0,0.3858083333333333
2026-07-15,211.9600067138672,213.80999755859375,206.0399932861328,212.5,124797200,0.0,0.0,0.4255886363636364
2026-07-16,210.1699981689453,211.0800018310547,205.85000610351562,207.39999389648438,122986100,0.0,0.0,0.3858055555555555
2026-07-17,202.63999938964844,206.64999389648438,197.97000122070312,202.80999755859375,144281900,0.0,0.0,0.4168900000000001
2026-07-20,205.8699951171875,207.74000549316406,202.27999877929688,203.27999877929688,88701500,0.0,0.0,0.4738307692307693
2026-07-21,207.5399932861328,208.64999389648438,204.00999450683594,207.2899932861328,108685600,0.0,0.0,0.3345833333333334
2026-07-22,205.80999755859375,214.38999938964844,204.9499969482422,212.05999755859375,137645600,0.0,0.0,0.40593
2026-07-23,209.4600067138672,210.8699951171875,205.9600067138672,208.75999450683594,110505300,0.0,0.0,0.545975
2026-07-24,207.4499969482422,211.91000366210938,204.80999755859375,206.83999633789062,114836800,0.0,0.0,0.254685
2026-07-27,208.1999969482422,208.75,195.44000244140625,196.50999450683594,154353700,0.0,0.0,0.35936428571428575
2026-07-28,195.0,198.6999969482422,192.74000549316406,197.00999450683594,134111500,0.0,0.0,0.38303888888888893
2026-07-29,195.85000610351562,197.07000732421875,190.00999450683594,190.00999450683594,147680800,0.0,0.0,0.4577307692307692
2026-07-30,193.4499969482422,197.25,191.52000427246094,195.0399932861328,129010200,0.0,0.0,0.4654363636363636
2026-07-31,198.44000244140625,202.0,194.9499969482422,200.75,139961200,0.0,0.0,0.33673000000000003
2026-08-03,197.69000244140625,208.74000549316406,196.85000610351562,206.63999938964844,128406900,0.0,0.0,0.2509208333333333
2026-08-04,211.3000030517578,213.05999755859375,209.0500030517578,211.94000244140625,134922000,0.0,0.0,0.40585769230769225
2026-08-05,216.86000061035156,222.22000122070312,216.39999389648438,219.22000122070312,158187400,0.0,0.0,0.1811555555555556
2026-08-06,221.52999877929688,223.6300048828125,217.0,218.99000549316406,113940600,0.0,0.0,0.2807857142857143
2026-08-07,221.5399932861328,224.75999450683594,220.66000366210938,223.9600067138672,105669400,0.0,0.0,0.2941
2026-08-10,223.39999389648438,224.13999938964844,216.77000427246094,217.5500030517578,115846600,0.0,0.0,0.445
2026-08-11,222.1699981689453,222.1999969482422,216.1999969482422,217.5,101273100,0.0,0.0,0.15215625000000002
2026-08-12,221.0399932861328,225.10000610351562,220.1999969482422,224.08999633789062,108783600,0.0,0.0,0.401475
2026-08-13,225.05999755859375,227.22999572753906,223.7100067138672,225.3000030517578,98867200,0.0,0.0,0.30386250000000004
2026-08-14,226.77000427246094,227.49000549316406,224.5,225.16000366210938,75680900,0.0,0.0,0.50365
2026-08-17,225.97999572753906,227.9199981689453,224.86000061035156,225.00999450683594,93678700,0.0,0.0,0.5413300000000001
2026-08-18,220.4499969482422,221.63999938964844,218.69000244140625,219.74000549316406,103128200,0.0,0.0,0.3188461538461539
2026-08-19,221.6699981689453,222.8699951171875,216.75999450683594,217.55999755859375,96797300,0.0,0.0,0.44113571428571424
2026-08-20,218.36000061035156,219.86000061035156,215.66000366210938,216.85000610351562,92457000,0.0,0.0,0.35280000000000006
2026-08-21,218.4199981689453,218.74000549316406,214.5,214.72000122070312,98869300,0.0,0.0,0.30896
2026-08-24,215.52999877929688,215.58999633789062,207.25,208.47999572753906,135187300,0.0,0.0,0.22796785714285714
2026-08-25,211.02999877929688,214.72999572753906,210.11000061035156,213.0500030517578,122309000,0.0,0.0,0.4196029411764707
2026-08-26,212.63999938964844,213.60000610351562,209.22999572753906,209.66000366210938,179900000,0.0,0.0,0.2679928571428572
2026-08-27,222.86000061035156,230.47000122070312,220.89999389648438,227.97999572753906,298909800,0.0,0.0,0.43884500000000004
2026-08-28,227.36000061035156,229.25999450683594,216.80999755859375,217.5500030517578,195116400,0.0,0.0,0.4018555555555556
2026-08-31,218.8699951171875,221.3000030517578,216.2100067138672,220.77999877929688,124702700,0.0,0.0,0.41599285714285716
2026-09-01,216.75,220.41000366210938,215.10000610351562,217.44000244140625,109756200,0.0,0.0,0.36258035714285713
2026-09-02,218.7899932861328,227.9499969482422,218.47999572753906,224.41000366210938,156676500,0.0,0.0,0.353632
2026-09-03,226.02000427246094,229.07000732421875,224.75,227.52999877929688,64842732,0.0,0.0,0.37183333333333324
