Date,Open,High,Low,Close,Volume,Dividends,Stock Splits,sent
2021-09-07,83.81999969482422,85.29000091552734,82.44999694824219,84.97000122070312,5911600,0.0,0.0,0.0
2021-09-08,84.12000274658203,84.8499984741211,81.91000366210938,83.51000213623047,4387100,0.0,0.0,0.0
2021-09-09,81.66000366210938,87.73500061035156,81.66000366210938,86.3499984741211,10906900,0.0,0.0,0.0
2021-09-10,86.75,90.43000030517578,84.66999816894531,87.87999725341797,17466000,0.0,0.0,-0.21962499999999996
2021-09-13,87.47000122070312,88.87999725341797,84.25,84.6500015258789,7188100,0.0,0.0,0.26839999999999997
2021-09-14,83.16000366210938,85.12999725341797,81.69000244140625,82.33000183105469,7644000,0.0,0.0,0.3506
2021-09-15,80.87000274658203,82.5999984741211,78.7699966430664,82.1500015258789,7501200,0.0,0.0,0.0
2021-09-16,82.12999725341797,83.3499984741211,81.04000091552734,81.41999816894531,5055000,0.0,0.0,-0.0524
2021-09-17,81.19000244140625,81.43000030517578,79.05000305175781,80.80999755859375,5927400,0.0,0.0,0.0
2021-09-20,78.1500015258789,79.94000244140625,76.7699966430664,77.7699966430664,5663100,0.0,0.0,0.0
2021-09-21,78.37999725341797,79.16999816894531,77.11000061035156,78.8499984741211,5328100,0.0,0.0,0.17
2021-09-22,79.29000091552734,81.5,78.91000366210938,81.18000030517578,7989000,0.0,0.0,0.0683
2021-09-23,81.5,83.25,80.94999694824219,82.27999877929688,4262600,0.0,0.0,0.3803
2021-09-24,82.0999984741211,84.5,82.0,83.22000122070312,4962200,0.0,0.0,0.429725
2021-09-27,83.18000030517578,83.30000305175781,78.66000366210938,79.98999786376953,8049800,0.0,0.0,0.27115
2021-09-28,79.05000305175781,79.58000183105469,77.0,77.05000305175781,6492600,0.0,0.0,0.05135
2021-09-29,77.31999969482422,79.07499694824219,76.26000213623047,76.30999755859375,5488500,0.0,0.0,0.0
2021-09-30,76.66000366210938,76.76699829101562,74.05000305175781,75.55000305175781,6928600,0.0,0.0,0.0
2021-10-01,75.98999786376953,75.98999786376953,73.4800033569336,75.58999633789062,3896000,0.0,0.0,0.063325
2021-10-04,75.37999725341797,78.20999908447266,74.5,77.80000305175781,7651500,0.0,0.0,0.26644999999999996
2021-10-05,76.1500015258789,76.34300231933594,72.31999969482422,72.56999969482422,16184300,0.0,0.0,0.0
2021-10-06,72.05999755859375,74.4000015258789,71.0999984741211,73.69999694824219,6988900,0.0,0.0,0.0
2021-10-07,74.0999984741211,76.4000015258789,73.0199966430664,74.80000305175781,6987200,0.0,0.0,0.24122500000000002
2021-10-08,75.0999984741211,75.19999694824219,70.19000244140625,70.44000244140625,11768800,0.0,0.0,0.0
2021-10-11,70.62999725341797,71.8499984741211,69.7699966430664,70.22000122070312,5036700,0.0,0.0,0.0
2021-10-12,70.5999984741211,72.0,70.19999694824219,71.9000015258789,4368500,0.0,0.0,0.0
2021-10-13,72.33999633789062,75.06800079345703,72.19999694824219,74.77999877929688,5108300,0.0,0.0,0.31245
2021-10-14,75.5199966430664,75.83999633789062,74.2300033569336,74.3499984741211,4540800,0.0,0.0,0.27075
2021-10-15,74.91999816894531,77.20999908447266,74.0999984741211,76.58000183105469,5094800,0.0,0.0,0.36845
2021-10-18,77.45999908447266,78.37000274658203,76.2300033569336,77.80000305175781,3793400,0.0,0.0,0.18636666666666665
2021-10-19,78.26000213623047,79.41999816894531,78.19999694824219,79.16999816894531,3666700,0.0,0.0,0.21075
2021-10-20,79.4000015258789,80.16999816894531,78.4000015258789,78.58000183105469,3565200,0.0,0.0,0.014300000000000007
2021-10-21,78.08999633789062,83.7699966430664,77.01000213623047,83.19000244140625,10928400,0.0,0.0,0.06280000000000001
2021-10-22,81.8499984741211,84.77999877929688,80.70999908447266,83.9800033569336,5746400,0.0,0.0,0.4971
2021-10-25,81.5199966430664,85.12999725341797,81.27999877929688,83.20999908447266,5674200,0.0,0.0,0.063475
2021-10-26,81.19000244140625,84.75,80.83000183105469,80.88999938964844,6833100,0.0,0.0,0.173
2021-10-27,81.33000183105469,82.94999694824219,80.45999908447266,80.68000030517578,3668400,0.0,0.0,0.0
2021-10-28,80.91999816894531,83.5,79.11000061035156,82.75,6321000,0.0,0.0,0.035750000000000025
2021-10-29,82.88899993896484,86.1500015258789,82.06999969482422,84.0199966430664,8722300,0.0,0.0,-0.030124999999999992
2021-11-01,83.94999694824219,84.08999633789062,80.56999969482422,81.13999938964844,6274200,0.0,0.0,0.025675
2021-11-02,81.19999694824219,81.94000244140625,79.38999938964844,79.58999633789062,4551300,0.0,0.0,0.0
2021-11-03,79.86000061035156,80.59200286865234,78.0199966430664,78.36000061035156,4730900,0.0,0.0,0.1643
2021-11-04,79.2300033569336,82.63999938964844,78.8499984741211,82.52999877929688,6702200,0.0,0.0,0.461625
2021-11-05,82.05000305175781,82.08000183105469,77.05000305175781,77.98999786376953,6717100,0.0,0.0,0.46987500000000004
2021-11-08,79.0199966430664,79.0199966430664,76.83000183105469,77.0,16708400,0.0,0.0,0.27319000000000004
2021-11-09,99.5999984741211,109.97000122070312,94.37999725341797,109.5199966430664,93507300,0.0,0.0,0.17914642857142857
2021-11-10,103.9800033569336,104.45999908447266,93.0199966430664,95.26000213623047,43838100,0.0,0.0,0.23578000000000002
2021-11-11,96.26000213623047,100.41000366210938,93.02999877929688,98.12000274658203,27837100,0.0,0.0,0.384275
2021-11-12,97.31999969482422,107.97000122070312,96.8499984741211,107.58000183105469,36418600,0.0,0.0,0.327475
2021-11-15,108.44000244140625,110.3499984741211,103.81999969482422,108.05999755859375,24749500,0.0,0.0,0.0
2021-11-16,107.01000213623047,120.83000183105469,104.19999694824219,116.18000030517578,53305900,0.0,0.0,0.1682
2021-11-17,117.0999984741211,125.87999725341797,116.55000305175781,124.69999694824219,44293300,0.0,0.0,0.32246
2021-11-18,129.27999877929688,138.77000427246094,120.80999755859375,126.12000274658203,59193300,0.0,0.0,0.20045000000000002
2021-11-19,129.8699951171875,138.1999969482422,128.5399932861328,134.72000122070312,38313200,0.0,0.0,0.13905
2021-11-22,140.73500061035156,141.60000610351562,117.31999969482422,120.22000122070312,57760200,0.0,0.0,-0.3227
2021-11-23,119.87000274658203,121.28900146484375,113.33000183105469,114.87000274658203,25930900,0.0,0.0,-0.01015000000000002
2021-11-24,116.68000030517578,126.0,115.80999755859375,124.2300033569336,28221200,0.0,0.0,0.34299999999999997
2021-11-26,129.5,131.0,120.23999786376953,122.6500015258789,11288400,0.0,0.0,0.056575
2021-11-29,125.13700103759766,129.89999389648438,121.05000305175781,129.36000061035156,17703000,0.0,0.0,0.00645
2021-11-30,128.52999877929688,137.7100067138672,124.9749984741211,126.0999984741211,37000900,0.0,0.0,0.0
2021-12-01,128.13999938964844,130.74000549316406,111.0,113.41000366210938,35002100,0.0,0.0,0.0
2021-12-02,114.27999877929688,119.91000366210938,113.22000122070312,116.91999816894531,18703700,0.0,0.0,0.160675
2021-12-03,117.88999938964844,120.83999633789062,109.36000061035156,113.79000091552734,15529200,0.0,0.0,0.11668333333333332
2021-12-06,108.5199966430664,114.2699966430664,104.20999908447266,113.25,15186900,0.0,0.0,0.0
2021-12-07,118.36000061035156,120.16000366210938,115.0999984741211,115.98999786376953,14766600,0.0,0.0,0.25077
2021-12-08,116.04000091552734,125.5,113.8499984741211,124.77999877929688,18413300,0.0,0.0,0.1968
2021-12-09,123.73999786376953,125.98999786376953,115.3499984741211,116.30000305175781,13753600,0.0,0.0,0.034300000000000004
2021-12-10,117.54000091552734,121.7979965209961,113.56999969482422,115.88999938964844,11778200,0.0,0.0,0.10421250000000001
2021-12-13,115.68000030517578,115.80000305175781,107.37000274658203,111.7699966430664,13091400,0.0,0.0,0.250325
2021-12-14,108.7300033569336,110.69999694824219,105.3499984741211,107.66999816894531,10989100,0.0,0.0,0.32666249999999997
2021-12-15,98.01000213623047,99.75,93.5199966430664,97.94999694824219,43177300,0.0,0.0,0.18872
2021-12-16,101.8499984741211,102.31999969482422,93.2699966430664,95.20999908447266,17835700,0.0,0.0,0.262625
2021-12-17,95.98999786376953,103.5,93.80000305175781,102.4000015258789,20705600,0.0,0.0,0.1871625
2021-12-20,97.18000030517578,101.05999755859375,96.58999633789062,98.69000244140625,12550600,0.0,0.0,0.156225
2021-12-21,99.93000030517578,103.37999725341797,97.0,102.58999633789062,10005100,0.0,0.0,0.4393
2021-12-22,102.27999877929688,106.9800033569336,101.54000091552734,102.7699966430664,12469700,0.0,0.0,-0.0929
2021-12-23,102.3550033569336,103.21499633789062,98.08200073242188,101.81999969482422,9023900,0.0,0.0,0.17861666666666667
2021-12-27,101.5999984741211,108.77999877929688,101.5999984741211,105.01000213623047,16094500,0.0,0.0,0.0
2021-12-28,104.79000091552734,106.69000244140625,97.91999816894531,98.73999786376953,16707100,0.0,0.0,0.44173333333333337
2021-12-29,98.69999694824219,99.53500366210938,94.2750015258789,97.33999633789062,10005100,0.0,0.0,0.32865
2021-12-30,96.4000015258789,101.3499984741211,95.66000366210938,100.52999877929688,10013300,0.0,0.0,0.40735000000000005
2021-12-31,100.75,104.68000030517578,100.6500015258789,103.16000366210938,16934900,0.0,0.0,0.49546
2022-01-03,101.91000366210938,103.79000091552734,97.62000274658203,98.80999755859375,16964300,0.0,0.0,0.25689999999999996
2022-01-04,99.0199966430664,99.25,91.7699966430664,95.1500015258789,23034600,0.0,0.0,0.068125
2022-01-05,93.5199966430664,95.83399963378906,88.05999755859375,88.54000091552734,15510000,0.0,0.0,0.11534999999999998
2022-01-06,87.98999786376953,92.08000183105469,84.69000244140625,89.19999694824219,17213300,0.0,0.0,0.0
2022-01-07,86.37999725341797,88.69000244140625,82.58000183105469,84.37000274658203,25003600,0.0,0.0,-0.02313333333333333
2022-01-10,83.69000244140625,85.5999984741211,79.0199966430664,85.5199966430664,19182100,0.0,0.0,0.2582
2022-01-11,84.83000183105469,90.08999633789062,84.2509994506836,89.04000091552734,13972200,0.0,0.0,0.329025
2022-01-12,90.30999755859375,90.30999755859375,86.69999694824219,89.05999755859375,14057900,0.0,0.0,0.32536875000000004
2022-01-13,89.55000305175781,89.58999633789062,80.11000061035156,80.18000030517578,20964300,0.0,0.0,-0.059250000000000004
2022-01-14,79.3499984741211,81.73999786376953,77.41999816894531,79.05000305175781,18642200,0.0,0.0,0.067125
2022-01-18,80.44000244140625,82.44999694824219,76.75499725341797,77.20999908447266,23959200,0.0,0.0,0.12824999999999998
2022-01-19,78.23500061035156,80.10900115966797,75.16999816894531,76.16000366210938,16892600,0.0,0.0,0.10490000000000001
2022-01-20,77.66000366210938,80.91000366210938,75.08000183105469,75.38999938964844,16838300,0.0,0.0,0.0
2022-01-21,74.19000244140625,74.91999816894531,68.33000183105469,68.93000030517578,26043700,0.0,0.0,0.20095
2022-01-24,65.41000366210938,71.31999969482422,60.58000183105469,70.73999786376953,33280600,0.0,0.0,0.307525
2022-01-25,67.95999908447266,69.9520034790039,64.66000366210938,65.29000091552734,20959500,0.0,0.0,0.0
2022-01-26,68.09600067138672,70.12999725341797,61.189998626708984,63.02000045776367,25741900,0.0,0.0,0.35162499999999997
2022-01-27,63.9900016784668,64.52999877929688,56.77000045776367,57.060001373291016,33439600,0.0,0.0,0.4249833333333333
2022-01-28,57.36000061035156,59.900001525878906,53.630001068115234,58.18000030517578,30682200,0.0,0.0,-0.024525
2022-01-31,60.65999984741211,66.37999725341797,60.040000915527344,65.86000061035156,27942900,0.0,0.0,0.25734999999999997
2022-02-01,66.30999755859375,69.25,63.29999923706055,67.75,33738200,0.0,0.0,0.33831666666666665
2022-02-02,67.32499694824219,68.75900268554688,64.18000030517578,66.16999816894531,17257900,0.0,0.0,0.07177499999999999
2022-02-03,62.29999923706055,64.97000122070312,59.630001068115234,60.66999816894531,32647600,0.0,0.0,0.3672333333333333
2022-02-04,61.66999816894531,64.30000305175781,59.90999984741211,63.7400016784668,16078300,0.0,0.0,0.266
2022-02-07,63.95000076293945,66.94999694824219,62.54999923706055,63.060001373291016,17694100,0.0,0.0,0.143075
2022-02-08,62.619998931884766,64.69999694824219,60.90999984741211,64.43000030517578,13816200,0.0,0.0,0.22275
2022-02-09,65.45999908447266,71.41999816894531,64.66000366210938,70.4800033569336,27292500,0.0,0.0,0.12376666666666665
2022-02-10,68.25,73.38999938964844,67.0999984741211,69.91999816894531,28605700,0.0,0.0,0.18813749999999999
2022-02-11,68.97000122070312,72.20999908447266,65.7509994506836,66.80999755859375,21780400,0.0,0.0,0.41597
2022-02-14,68.20999908447266,71.81999969482422,66.80000305175781,68.31999969482422,26296100,0.0,0.0,0.32930000000000004
2022-02-15,69.05999755859375,73.70999908447266,66.33999633789062,73.30000305175781,50879500,0.0,0.0,0.2241166666666667
2022-02-16,56.08000183105469,59.0,53.08000183105469,53.869998931884766,94625800,0.0,0.0,0.11432222222222221
2022-02-17,55.13999938964844,56.900001525878906,53.55500030517578,54.4900016784668,53402200,0.0,0.0,0.13818750000000002
2022-02-18,54.400001525878906,54.40999984741211,48.130001068115234,49.720001220703125,51159600,0.0,0.0,0.13730000000000003
2022-02-22,48.22999954223633,49.06999969482422,45.720001220703125,48.209999084472656,38780300,0.0,0.0,-0.2575
2022-02-23,47.599998474121094,48.849998474121094,45.6349983215332,45.68000030517578,20266900,0.0,0.0,0.022449999999999998
2022-02-24,43.099998474121094,50.5,43.099998474121094,50.099998474121094,31971800,0.0,0.0,0.0
2022-02-25,49.56999969482422,50.20000076293945,47.25,50.04999923706055,21783600,0.0,0.0,0.0
2022-02-28,50.689998626708984,52.70000076293945,48.220001220703125,51.56999969482422,20385400,0.0,0.0,0.0
2022-03-01,51.84000015258789,52.43000030517578,49.82099914550781,50.220001220703125,16097900,0.0,0.0,0.0
2022-03-02,49.900001525878906,50.06999969482422,46.43000030517578,48.45000076293945,20016900,0.0,0.0,0.28418333333333334
2022-03-03,48.52000045776367,48.52000045776367,45.0,45.2400016784668,18977400,0.0,0.0,0.0
2022-03-04,46.029998779296875,46.099998474121094,41.95000076293945,42.290000915527344,19359100,0.0,0.0,0.457325
2022-03-07,43.16999816894531,44.060001373291016,41.150001525878906,41.29999923706055,17648200,0.0,0.0,0.05135
2022-03-08,40.880001068115234,43.369998931884766,39.5099983215332,41.90999984741211,17363100,0.0,0.0,0.50385
2022-03-09,42.76499938964844,45.75,42.0099983215332,44.380001068115234,18344800,0.0,0.0,0.10115
2022-03-10,43.689998626708984,43.689998626708984,39.7400016784668,41.470001220703125,23528800,0.0,0.0,0.16985833333333333
2022-03-11,42.400001525878906,42.98500061035156,39.20000076293945,39.2400016784668,15212700,0.0,0.0,0.4978
2022-03-14,38.060001373291016,39.41899871826172,36.33000183105469,36.68000030517578,23358300,0.0,0.0,0.1338
2022-03-15,36.16999816894531,38.619998931884766,36.04399871826172,37.869998931884766,23447200,0.0,0.0,0.3
2022-03-16,38.56999969482422,41.790000915527344,38.459999084472656,41.5099983215332,21427100,0.0,0.0,0.24263749999999998
2022-03-17,40.150001525878906,46.55500030517578,40.0099983215332,46.349998474121094,31971500,0.0,0.0,0.14761666666666665
2022-03-18,45.88999938964844,50.2400016784668,45.61000061035156,49.619998931884766,33933300,0.0,0.0,0.257925
2022-03-21,49.0099983215332,49.34000015258789,45.5099983215332,46.619998931884766,22342000,0.0,0.0,0.14985
2022-03-22,46.439998626708984,51.61000061035156,46.209999084472656,50.5099983215332,25528300,0.0,0.0,0.03260000000000002
2022-03-23,49.619998931884766,53.0,48.150001525878906,50.709999084472656,21607000,0.0,0.0,0.26320000000000005
2022-03-24,50.25,50.810001373291016,47.22999954223633,50.790000915527344,17030700,0.0,0.0,0.43125
2022-03-25,50.310001373291016,50.36399841308594,46.150001525878906,47.06999969482422,21109900,0.0,0.0,0.14668333333333333
2022-03-28,47.66999816894531,49.290000915527344,46.119998931884766,48.400001525878906,18599800,0.0,0.0,0.43683333333333335
2022-03-29,49.0,51.529998779296875,48.0,50.91999816894531,20011200,0.0,0.0,0.125
2022-03-30,50.09000015258789,52.52000045776367,47.810001373291016,48.119998931884766,20247000,0.0,0.0,0.21857499999999996
2022-03-31,48.470001220703125,48.54999923706055,46.11000061035156,46.2400016784668,13789500,0.0,0.0,0.2041
2022-04-01,46.970001220703125,47.290000915527344,44.70000076293945,46.02000045776367,15782200,0.0,0.0,0.054516666666666665
2022-04-04,46.810001373291016,50.720001220703125,46.4109992980957,50.02000045776367,17863100,0.0,0.0,0.11315
2022-04-05,49.70000076293945,50.66999816894531,47.599998474121094,49.029998779296875,16789600,0.0,0.0,0.12745
2022-04-06,48.02000045776367,48.02000045776367,44.630001068115234,45.88999938964844,18574200,0.0,0.0,0.405675
2022-04-07,46.415000915527344,47.970001220703125,42.54999923706055,44.72999954223633,29139000,0.0,0.0,0.029344444444444444
2022-04-08,43.81999969482422,45.439998626708984,42.77000045776367,43.099998474121094,18296500,0.0,0.0,0.31845
2022-04-11,42.47999954223633,44.70100021362305,40.86000061035156,44.02000045776367,17180300,0.0,0.0,0.10115
2022-04-12,44.61000061035156,46.790000915527344,42.79999923706055,43.0,18299000,0.0,0.0,0.0
2022-04-13,43.34000015258789,45.93000030517578,42.15999984741211,44.970001220703125,17132500,0.0,0.0,0.0
2022-04-14,44.529998779296875,44.81999969482422,42.34000015258789,42.36000061035156,13482300,0.0,0.0,0.1806
2022-04-18,41.900001525878906,41.939998626708984,39.27000045776367,40.849998474121094,19366100,0.0,0.0,0.18309999999999998
2022-04-19,39.279998779296875,42.869998931884766,38.650001525878906,42.0,20957500,0.0,0.0,0.492725
2022-04-20,40.540000915527344,40.7599983215332,36.04999923706055,36.75,37932100,0.0,0.0,-0.1219
2022-04-21,37.279998779296875,37.54999923706055,34.34000015258789,34.61000061035156,22536700,0.0,0.0,0.314575
2022-04-22,35.0,35.83000183105469,33.540000915527344,34.349998474121094,18453300,0.0,0.0,0.12145999999999998
2022-04-25,33.9900016784668,35.130001068115234,33.66999816894531,34.61000061035156,20815400,0.0,0.0,0.0
2022-04-26,34.25,34.349998474121094,31.6200008392334,31.760000228881836,24176700,0.0,0.0,0.1909
2022-04-27,30.639999389648438,31.93000030517578,29.899999618530273,30.360000610351562,27858300,0.0,0.0,0.3664
2022-04-28,30.829999923706055,32.66999816894531,29.520000457763672,32.11000061035156,24732000,0.0,0.0,0.6325999999999999
2022-04-29,31.75,33.529998779296875,30.610000610351562,30.649999618530273,19191000,0.0,0.0,0.0
2022-05-02,30.280000686645508,32.744998931884766,30.0,32.68000030517578,17155000,0.0,0.0,0.0
2022-05-03,32.09000015258789,33.84000015258789,31.799999237060547,33.099998474121094,16264500,0.0,0.0,0.17
2022-05-04,32.790000915527344,35.060001373291016,30.770000457763672,34.880001068115234,20852400,0.0,0.0,0.0
2022-05-05,34.189998626708984,34.189998626708984,29.93199920654297,30.440000534057617,21665800,0.0,0.0,0.2532
2022-05-06,30.90999984741211,31.0,27.329999923706055,27.809999465942383,30794900,0.0,0.0,0.277175
2022-05-09,27.149999618530273,27.489999771118164,24.389999389648438,24.610000610351562,28258400,0.0,0.0,0.2399
2022-05-10,25.100000381469727,25.670000076293945,21.649999618530273,23.190000534057617,53591400,0.0,0.0,0.063175
2022-05-11,21.920000076293945,28.3700008392334,21.889999389648438,23.969999313354492,105794300,0.0,0.0,0.138825
2022-05-12,23.350000381469727,31.110000610351562,22.610000610351562,28.579999923706055,95005400,0.0,0.0,0.08960000000000001
2022-05-13,30.360000610351562,33.189998626708984,29.8700008392334,32.970001220703125,57201800,0.0,0.0,-0.196025
2022-05-16,32.22999954223633,36.43000030517578,31.43000030517578,32.13999938964844,68469900,0.0,0.0,0.384
2022-05-17,32.880001068115234,34.07899856567383,29.889999389648438,31.940000534057617,48152300,0.0,0.0,0.3098666666666667
2022-05-18,31.649999618530273,34.65999984741211,30.93000030517578,32.54999923706055,42974700,0.0,0.0,0.25670000000000004
2022-05-19,33.0,35.689998626708984,31.56999969482422,34.349998474121094,45346800,0.0,0.0,0.20128333333333334
2022-05-20,34.5,35.209999084472656,29.5,31.600000381469727,42991900,0.0,0.0,0.0
2022-05-23,31.0,32.09000015258789,29.670000076293945,30.059999465942383,30376000,0.0,0.0,0.0
2022-05-24,29.079999923706055,29.079999923706055,26.309999465942383,27.06999969482422,35394300,0.0,0.0,0.019783333333333337
2022-05-25,27.459999084472656,29.3700008392334,27.420000076293945,28.93000030517578,28428000,0.0,0.0,0.09537499999999999
2022-05-26,28.270000457763672,30.825000762939453,27.889999389648438,30.59000015258789,19608100,0.0,0.0,0.0
2022-05-27,31.0,31.989999771118164,29.889999389648438,31.809999465942383,22641500,0.0,0.0,0.0
2022-05-31,32.560001373291016,33.369998931884766,29.450000762939453,29.940000534057617,44581300,0.0,0.0,0.5698
2022-06-01,29.84000015258789,31.1299991607666,28.190000534057617,28.940000534057617,23093100,0.0,0.0,0.0
2022-06-02,29.030000686645508,33.89899826049805,28.959999084472656,33.47999954223633,31343300,0.0,0.0,0.29635
2022-06-03,32.38999938964844,32.38999938964844,29.860000610351562,30.0,24899800,0.0,0.0,0.0
2022-06-06,30.950000762939453,31.770000457763672,29.770000457763672,31.15999984741211,19262000,0.0,0.0,0.0
2022-06-07,30.959999084472656,32.02000045776367,30.09000015258789,31.440000534057617,17808800,0.0,0.0,0.49879999999999997
2022-06-08,31.93000030517578,34.25,31.68000030517578,32.83000183105469,26455400,0.0,0.0,0.08576666666666666
2022-06-09,32.459999084472656,32.7400016784668,30.469999313354492,30.5,18179100,0.0,0.0,0.023
2022-06-10,29.110000610351562,29.920000076293945,27.670000076293945,27.760000228881836,25118100,0.0,0.0,-0.05268333333333334
2022-06-13,26.110000610351562,26.719999313354492,25.149999618530273,26.459999084472656,26198800,0.0,0.0,0.0
2022-06-14,26.969999313354492,26.969999313354492,25.18000030517578,26.1200008392334,18507500,0.0,0.0,0.4286
2022-06-15,25.809999465942383,29.290000915527344,25.360000610351562,28.899999618530273,39872500,0.0,0.0,-0.22199999999999998
2022-06-16,27.209999084472656,27.639999389648438,23.8799991607666,24.690000534057617,37915100,0.0,0.0,0.0
2022-06-17,24.739999771118164,27.270000457763672,24.565000534057617,26.8700008392334,27819700,0.0,0.0,0.0
2022-06-21,27.56999969482422,29.979999542236328,27.399999618530273,29.639999389648438,27383300,0.0,0.0,0.0
2022-06-22,28.81999969482422,31.940000534057617,28.760000228881836,31.1200008392334,32828800,0.0,0.0,-0.148
2022-06-23,31.3799991607666,34.68000030517578,30.5,34.47999954223633,39179500,0.0,0.0,0.18434999999999999
2022-06-24,35.06999969482422,36.88999938964844,34.72999954223633,36.41999816894531,68215900,0.0,0.0,-0.009262499999999979
2022-06-27,36.0,36.040000915527344,33.779998779296875,35.93000030517578,29741400,0.0,0.0,0.0
2022-06-28,35.70000076293945,37.47999954223633,34.060001373291016,34.4900016784668,23948700,0.0,0.0,0.0
2022-06-29,34.209999084472656,35.0099983215332,33.34000015258789,34.02000045776367,20325700,0.0,0.0,-0.016850000000000004
2022-06-30,34.0,34.04999923706055,31.829999923706055,32.86000061035156,29942300,0.0,0.0,0.0
2022-07-01,34.060001373291016,36.0,33.959999084472656,35.06999969482422,32754600,0.0,0.0,0.0
2022-07-05,34.54999923706055,40.349998474121094,33.900001525878906,39.9900016784668,59571100,0.0,0.0,0.0421625
2022-07-06,39.060001373291016,40.0,37.40999984741211,37.95000076293945,33629400,0.0,0.0,-0.549
2022-07-07,37.95000076293945,39.810001373291016,37.77899932861328,39.52000045776367,31467300,0.0,0.0,0.48385
2022-07-08,38.970001220703125,44.5,38.529998779296875,41.25,64027700,0.0,0.0,0.0
2022-07-11,39.95000076293945,40.349998474121094,37.47999954223633,38.40999984741211,30345400,0.0,0.0,-0.148
2022-07-12,39.029998779296875,40.459999084472656,37.040000915527344,38.220001220703125,33116500,0.0,0.0,0.0
2022-07-13,36.959999084472656,37.7400016784668,35.779998779296875,37.08000183105469,31184000,0.0,0.0,0.11315
2022-07-14,37.79999923706055,38.83000183105469,36.69499969482422,37.4900016784668,26820400,0.0,0.0,0.2084125
2022-07-15,38.40999984741211,40.23899841308594,37.349998474121094,39.77000045776367,28323400,0.0,0.0,0.24384999999999998
2022-07-18,40.42499923706055,41.439998626708984,39.150001525878906,39.75,27096300,0.0,0.0,0.20095
2022-07-19,39.900001525878906,40.08000183105469,38.15999984741211,39.849998474121094,20644000,0.0,0.0,0.0
2022-07-20,40.02000045776367,42.35499954223633,39.95000076293945,40.7599983215332,28015700,0.0,0.0,0.0
2022-07-21,40.54999923706055,42.45000076293945,40.290000915527344,41.91999816894531,21827200,0.0,0.0,0.0
2022-07-22,41.93000030517578,42.7400016784668,38.90999984741211,39.400001525878906,22493800,0.0,0.0,0.0
2022-07-25,38.849998474121094,40.189998626708984,37.7400016784668,39.84000015258789,17454600,0.0,0.0,0.046725
2022-07-26,39.439998626708984,39.540000915527344,37.86000061035156,39.0,15668500,0.0,0.0,0.55575
2022-07-27,40.099998474121094,42.720001220703125,39.38999938964844,41.95000076293945,21235700,0.0,0.0,0.31930000000000003
2022-07-28,41.68000030517578,42.9900016784668,40.15999984741211,42.97999954223633,17714900,0.0,0.0,0.17
2022-07-29,42.97999954223633,43.79999923706055,41.66999816894531,42.93000030517578,16524700,0.0,0.0,0.43745
2022-08-01,42.369998931884766,45.83000183105469,41.68000030517578,45.2400016784668,24181300,0.0,0.0,0.08814999999999999
2022-08-02,44.5099983215332,47.20000076293945,44.25,45.290000915527344,20201300,0.0,0.0,0.17
2022-08-03,45.900001525878906,47.5099983215332,45.70000076293945,47.0,15025100,0.0,0.0,0.6809
2022-08-04,46.86000061035156,48.23500061035156,46.52000045776367,47.959999084472656,14673000,0.0,0.0,0.0
2022-08-05,46.97999954223633,49.90999984741211,46.40999984741211,49.2400016784668,21143700,0.0,0.0,0.116425
2022-08-08,48.130001068115234,50.900001525878906,48.02000045776367,48.900001525878906,21346300,0.0,0.0,0.21535
2022-08-09,47.97999954223633,49.70600128173828,46.720001220703125,47.349998474121094,33978800,0.0,0.0,0.028285714285714286
2022-08-10,44.900001525878906,48.36000061035156,42.709999084472656,48.0099983215332,64849700,0.0,0.0,0.07306500000000002
2022-08-11,49.0,53.880001068115234,48.599998474121094,49.560001373291016,51720000,0.0,0.0,0.16718333333333335
2022-08-12,50.0,51.439998626708984,48.380001068115234,51.150001525878906,24482400,0.0,0.0,0.34
2022-08-15,50.470001220703125,52.150001525878906,48.72999954223633,48.959999084472656,17188100,0.0,0.0,0.1806
2022-08-16,48.529998779296875,48.59000015258789,45.70000076293945,47.7599983215332,26070400,0.0,0.0,-0.18527499999999997
2022-08-17,47.189998626708984,47.95000076293945,45.16999816894531,46.099998474121094,20183900,0.0,0.0,0.21447500000000003
2022-08-18,45.810001373291016,45.83000183105469,44.279998779296875,45.09000015258789,15175400,0.0,0.0,0.4316
2022-08-19,44.560001373291016,44.58000183105469,41.939998626708984,42.68000030517578,15983700,0.0,0.0,0.1665
2022-08-22,41.84000015258789,43.5,41.22999954223633,41.5,14859600,0.0,0.0,0.1909
2022-08-23,41.72999954223633,42.63999938964844,40.90999984741211,41.06999969482422,14042300,0.0,0.0,0.0
2022-08-24,41.28499984741211,42.650001525878906,41.18000030517578,41.18000030517578,11233000,0.0,0.0,0.1366
2022-08-25,41.619998931884766,42.255001068115234,40.13999938964844,41.470001220703125,12204500,0.0,0.0,0.455975
2022-08-26,42.650001525878906,42.97999954223633,39.435001373291016,39.560001373291016,16646000,0.0,0.0,0.0
2022-08-29,38.63999938964844,39.97999954223633,37.790000915527344,39.220001220703125,14127200,0.0,0.0,0.0
2022-08-30,40.189998626708984,40.68000030517578,38.220001220703125,39.029998779296875,13348400,0.0,0.0,0.4939
2022-08-31,39.95000076293945,40.790000915527344,38.709999084472656,39.11000061035156,11534000,0.0,0.0,0.0
2022-09-01,38.58000183105469,38.779998779296875,36.560001373291016,38.5099983215332,14721100,0.0,0.0,0.0
2022-09-02,39.0099983215332,39.369998931884766,37.52000045776367,37.939998626708984,12155700,0.0,0.0,0.5861999999999999
2022-09-06,37.56999969482422,38.13999938964844,35.650001525878906,37.90999984741211,16687200,0.0,0.0,0.0
2022-09-07,37.72999954223633,39.94499969482422,37.52000045776367,39.939998626708984,14116200,0.0,0.0,0.0
2022-09-08,39.22999954223633,41.880001068115234,39.060001373291016,41.86000061035156,16315700,0.0,0.0,0.3609
2022-09-09,42.790000915527344,45.77000045776367,42.65999984741211,45.529998779296875,23394400,0.0,0.0,0.3243
2022-09-12,44.33000183105469,46.59000015258789,44.029998779296875,46.56999969482422,18639600,0.0,0.0,0.23231250000000003
2022-09-13,44.0,45.209999084472656,43.22999954223633,43.869998931884766,16857600,0.0,0.0,-0.12795
2022-09-14,43.45000076293945,45.915000915527344,42.540000915527344,45.06999969482422,18469700,0.0,0.0,0.0
2022-09-15,44.459999084472656,47.04999923706055,42.0099983215332,43.5,32722100,0.0,0.0,0.0
2022-09-16,41.91999816894531,41.91999816894531,38.810001373291016,39.5,50198200,0.0,0.0,0.28225
2022-09-19,38.959999084472656,39.040000915527344,36.84000015258789,37.11000061035156,17794500,0.0,0.0,0.2018125
2022-09-20,36.849998474121094,37.59000015258789,36.2599983215332,36.40999984741211,15256000,0.0,0.0,0.047725
2022-09-21,36.65999984741211,37.77000045776367,35.77000045776367,35.810001373291016,15884700,0.0,0.0,0.0
2022-09-22,35.439998626708984,36.13999938964844,34.900001525878906,35.2599983215332,14895500,0.0,0.0,0.0
2022-09-23,34.54999923706055,35.58000183105469,33.564998626708984,35.540000915527344,15492500,0.0,0.0,0.0
2022-09-26,36.279998779296875,37.95000076293945,35.47999954223633,35.54999923706055,25436700,0.0,0.0,0.3360125
2022-09-27,36.65999984741211,38.08000183105469,36.029998779296875,36.59000015258789,21989600,0.0,0.0,0.0
2022-09-28,36.93000030517578,38.59000015258789,36.55500030517578,38.040000915527344,15877100,0.0,0.0,0.1909
2022-09-29,37.2599983215332,37.40999984741211,35.310001373291016,35.380001068115234,14100200,0.0,0.0,0.004475000000000007
2022-09-30,34.97999954223633,36.810001373291016,34.8120002746582,35.84000015258789,12784200,0.0,0.0,0.0
2022-10-03,34.88999938964844,36.66999816894531,33.60499954223633,36.40999984741211,21713000,0.0,0.0,-0.025575000000000014
2022-10-04,37.75,39.150001525878906,37.36399841308594,38.68000030517578,18832000,0.0,0.0,-0.012629999999999997
2022-10-05,37.959999084472656,38.4900016784668,36.7599983215332,38.0,14085200,0.0,0.0,0.0
2022-10-06,38.400001525878906,39.810001373291016,37.56999969482422,39.150001525878906,15304500,0.0,0.0,0.55575
2022-10-07,37.95000076293945,38.060001373291016,34.41999816894531,34.81999969482422,20549600,0.0,0.0,0.22365
2022-10-10,34.70500183105469,35.88999938964844,33.90999984741211,35.400001525878906,12815100,0.0,0.0,0.17
2022-10-11,33.70000076293945,35.599998474121094,33.20000076293945,34.560001373291016,21176500,0.0,0.0,0.057592857142857126
2022-10-12,34.45000076293945,37.696998596191406,34.45000076293945,37.189998626708984,24981200,0.0,0.0,-0.04184999999999999
2022-10-13,35.41999816894531,38.11000061035156,34.11000061035156,37.91999816894531,28731600,0.0,0.0,0.09331000000000003
2022-10-14,38.70000076293945,39.189998626708984,35.47999954223633,35.560001373291016,14748400,0.0,0.0,0.0
2022-10-17,41.20000076293945,43.65999984741211,40.5099983215332,42.61000061035156,71231000,0.0,0.0,0.43315714285714285
2022-10-18,43.029998779296875,44.29999923706055,42.310001373291016,43.380001068115234,34742000,0.0,0.0,0.38289999999999996
2022-10-19,42.09000015258789,43.1510009765625,41.099998474121094,41.439998626708984,16168300,0.0,0.0,0.085
2022-10-20,41.2400016784668,43.31999969482422,41.2400016784668,42.56999969482422,16379000,0.0,0.0,0.35672499999999996
2022-10-21,41.5099983215332,43.38999938964844,40.90999984741211,42.810001373291016,16932900,0.0,0.0,-0.17916666666666667
2022-10-24,41.79999923706055,42.29999923706055,40.40999984741211,41.849998474121094,11460600,0.0,0.0,0.0
2022-10-25,43.540000915527344,45.849998474121094,43.209999084472656,45.709999084472656,19444400,0.0,0.0,0.34505
2022-10-26,45.81999969482422,47.66999816894531,45.27000045776367,45.5,17120000,0.0,0.0,0.08955000000000002
2022-10-27,45.54999923706055,46.900001525878906,44.72600173950195,46.5,11431900,0.0,0.0,0.0
2022-10-28,46.16999816894531,46.72999954223633,45.220001220703125,45.779998779296875,9221300,0.0,0.0,0.17
2022-10-31,45.47999954223633,45.900001525878906,43.97200012207031,44.7400016784668,10325500,0.0,0.0,0.0
2022-11-01,45.5099983215332,46.939998626708984,44.244998931884766,44.310001373291016,8403600,0.0,0.0,0.0
2022-11-02,44.08000183105469,45.54999923706055,42.709999084472656,42.869998931884766,10591000,0.0,0.0,0.0
2022-11-03,42.099998474121094,45.83000183105469,42.06999969482422,43.29999923706055,13460800,0.0,0.0,-0.1591
2022-11-04,45.064998626708984,45.59000015258789,39.54499816894531,40.58000183105469,16634900,0.0,0.0,0.0
2022-11-07,39.959999084472656,40.540000915527344,37.849998474121094,39.81999969482422,16341500,0.0,0.0,0.0193
2022-11-08,39.63999938964844,40.95000076293945,38.70000076293945,39.13999938964844,15155600,0.0,0.0,0.213725
2022-11-09,35.310001373291016,36.75,30.68199920654297,30.920000076293945,46247300,0.0,0.0,0.182225
2022-11-10,33.33000183105469,33.79999923706055,31.280000686645508,33.72999954223633,25224500,0.0,0.0,0.25661249999999997
2022-11-11,34.0,36.900001525878906,33.060001373291016,36.7400016784668,21854500,0.0,0.0,0.182
2022-11-14,36.150001525878906,36.93000030517578,34.84000015258789,35.599998474121094,13073100,0.0,0.0,0.0
2022-11-15,37.34000015258789,38.68000030517578,36.369998931884766,36.72999954223633,16314300,0.0,0.0,0.0
2022-11-16,36.06999969482422,36.20000076293945,34.310001373291016,34.40999984741211,13179300,0.0,0.0,0.31245
2022-11-17,33.369998931884766,33.44499969482422,31.90999984741211,32.529998779296875,14114100,0.0,0.0,0.0
2022-11-18,33.08000183105469,33.130001068115234,31.079999923706055,31.719999313354492,11037100,0.0,0.0,0.0
2022-11-21,31.3700008392334,31.479999542236328,29.459999084472656,30.770000457763672,16315500,0.0,0.0,0.0913
2022-11-22,30.610000610351562,31.12299919128418,29.719999313354492,30.84000015258789,11601500,0.0,0.0,0.0
2022-11-23,31.219999313354492,32.189998626708984,31.16200065612793,32.0,11847900,0.0,0.0,0.0
2022-11-25,31.5,31.93000030517578,31.290000915527344,31.760000228881836,4046800,0.0,0.0,0.0
2022-11-28,31.309999465942383,31.719999313354492,30.809999465942383,30.8799991607666,12423300,0.0,0.0,0.0
2022-11-29,31.450000762939453,31.59000015258789,29.670000076293945,29.829999923706055,11417500,0.0,0.0,0.0
2022-11-30,29.84000015258789,31.829999923706055,29.809999465942383,31.770000457763672,15477400,0.0,0.0,0.0
2022-12-01,32.130001068115234,33.57899856567383,31.530000686645508,33.38999938964844,15946100,0.0,0.0,0.0
2022-12-02,31.829999923706055,34.01499938964844,31.709999084472656,33.9900016784668,15831100,0.0,0.0,0.1909
2022-12-05,33.689998626708984,34.69499969482422,31.1299991607666,31.239999771118164,11567500,0.0,0.0,0.0
2022-12-06,31.364999771118164,31.59000015258789,30.290000915527344,30.649999618530273,10188300,0.0,0.0,0.0
2022-12-07,30.46500015258789,31.040000915527344,30.13800048828125,30.770000457763672,8244900,0.0,0.0,0.0
2022-12-08,30.90999984741211,31.985000610351562,30.049999237060547,31.93000030517578,8847300,0.0,0.0,0.1366
2022-12-09,31.850000381469727,32.5099983215332,31.440000534057617,31.649999618530273,7860200,0.0,0.0,0.0
2022-12-12,31.84000015258789,33.61000061035156,31.649999618530273,33.31999969482422,13501400,0.0,0.0,0.0
2022-12-13,35.0,35.369998931884766,31.270000457763672,32.25,16276800,0.0,0.0,0.6707000000000001
2022-12-14,32.099998474121094,33.75,31.780000686645508,33.130001068115234,13499500,0.0,0.0,0.0
2022-12-15,29.350000381469727,29.799999237060547,26.854999542236328,27.90999984741211,40121100,0.0,0.0,0.1509
2022-12-16,27.600000381469727,27.88800048828125,26.600000381469727,27.6200008392334,21720600,0.0,0.0,-0.021250000000000005
2022-12-19,27.59000015258789,27.639999389648438,26.229999542236328,27.190000534057617,13155600,0.0,0.0,0.0
2022-12-20,27.010000228881836,28.209999084472656,26.799999237060547,27.579999923706055,11905700,0.0,0.0,0.0
2022-12-21,27.040000915527344,28.389999389648438,26.780000686645508,28.09000015258789,12505000,0.0,0.0,-0.03255
2022-12-22,27.610000610351562,27.88800048828125,25.700000762939453,26.43000030517578,12842900,0.0,0.0,0.0
2022-12-23,26.309999465942383,26.780000686645508,25.31999969482422,26.75,10774500,0.0,0.0,0.32642499999999997
2022-12-27,26.219999313354492,26.729999542236328,25.459999084472656,26.329999923706055,11084000,0.0,0.0,0.0
2022-12-28,26.170000076293945,26.579999923706055,25.594999313354492,26.15999984741211,9948900,0.0,0.0,-0.033725000000000005
2022-12-29,26.610000610351562,27.440000534057617,26.190000534057617,27.09000015258789,11301200,0.0,0.0,0.0
2022-12-30,26.459999084472656,28.540000915527344,26.459999084472656,28.459999084472656,15884700,0.0,0.0,0.18615
2023-01-03,28.90999984741211,29.6200008392334,27.239999771118164,27.850000381469727,13439400,0.0,0.0,0.0
2023-01-04,28.59000015258789,29.049999237060547,27.760000228881836,29.040000915527344,11799100,0.0,0.0,0.50485
2023-01-05,28.834999084472656,30.100000381469727,28.5,29.979999542236328,13696500,0.0,0.0,0.21075
2023-01-06,30.209999084472656,30.676000595092773,28.774999618530273,28.8799991607666,14444400,0.0,0.0,0.0
2023-01-09,29.40999984741211,31.329999923706055,29.40999984741211,30.770000457763672,18246700,0.0,0.0,0.0
2023-01-10,30.40999984741211,32.029998779296875,30.389999389648438,32.0099983215332,10156900,0.0,0.0,0.0
2023-01-11,33.0,33.5,32.2400016784668,32.900001525878906,12662600,0.0,0.0,0.0
2023-01-12,32.900001525878906,33.244998931884766,32.06999969482422,33.18000030517578,10674800,0.0,0.0,0.17
2023-01-13,32.77000045776367,33.43000030517578,32.59000015258789,33.209999084472656,10184800,0.0,0.0,-0.014749999999999985
2023-01-17,38.06999969482422,38.29999923706055,36.0099983215332,37.119998931884766,33311200,0.0,0.0,0.1947875
2023-01-18,37.189998626708984,37.349998474121094,35.40999984741211,35.7599983215332,17099900,0.0,0.0,0.18835833333333332
2023-01-19,33.0,34.119998931884766,32.7400016784668,33.40999984741211,20781200,0.0,0.0,0.35783125
2023-01-20,33.68000030517578,35.619998931884766,33.29100036621094,35.380001068115234,14017100,0.0,0.0,0.0
2023-01-23,35.5,36.75,35.099998474121094,36.5099983215332,9872500,0.0,0.0,0.6053999999999999
2023-01-24,37.970001220703125,37.970001220703125,34.380001068115234,35.59000015258789,5685800,0.0,0.0,0.0
2023-01-25,34.45000076293945,35.95000076293945,33.88399887084961,35.70000076293945,9114100,0.0,0.0,0.17
2023-01-26,37.310001373291016,37.779998779296875,35.19499969482422,35.970001220703125,9882700,0.0,0.0,0.48685
2023-01-27,35.790000915527344,38.1349983215332,35.790000915527344,37.75,13095400,0.0,0.0,0.36767500000000003
2023-01-30,36.744998931884766,37.15599822998047,35.349998474121094,35.529998779296875,8977700,0.0,0.0,0.17
2023-01-31,35.959999084472656,37.290000915527344,35.7400016784668,37.209999084472656,9242900,0.0,0.0,0.0
2023-02-01,37.08000183105469,38.650001525878906,36.709999084472656,38.2400016784668,11213100,0.0,0.0,0.37139999999999995
2023-02-02,39.66999816894531,41.57500076293945,39.369998931884766,40.47999954223633,17277900,0.0,0.0,0.0
2023-02-03,38.31999969482422,40.29499816894531,37.90999984741211,38.540000915527344,14357300,0.0,0.0,0.0
2023-02-06,37.70000076293945,39.349998474121094,37.65999984741211,38.9900016784668,7781500,0.0,0.0,0.17
2023-02-07,38.86000061035156,38.999000549316406,37.41600036621094,38.66999816894531,8935300,0.0,0.0,0.22797499999999998
2023-02-08,38.459999084472656,39.630001068115234,37.470001220703125,37.5099983215332,8696200,0.0,0.0,0.11315
2023-02-09,38.33000183105469,38.970001220703125,36.380001068115234,36.400001525878906,10531700,0.0,0.0,0.11315
2023-02-10,35.099998474121094,35.904998779296875,34.56999969482422,34.81999969482422,10077600,0.0,0.0,0.43125
2023-02-13,34.61000061035156,35.22999954223633,34.220001220703125,34.43000030517578,8016600,0.0,0.0,0.30116666666666664
2023-02-14,34.30500030517578,35.77000045776367,33.68000030517578,35.66999816894531,11224500,0.0,0.0,0.0
2023-02-15,42.06999969482422,45.34000015258789,41.900001525878906,45.08000183105469,50423700,0.0,0.0,0.3377125
2023-02-16,44.290000915527344,46.04999923706055,43.380001068115234,43.58000183105469,22342500,0.0,0.0,0.37071666666666664
2023-02-17,42.709999084472656,42.709999084472656,40.60499954223633,40.880001068115234,22918100,0.0,0.0,0.333875
2023-02-21,39.310001373291016,40.029998779296875,37.435001373291016,37.560001373291016,16504300,0.0,0.0,0.0
2023-02-22,37.81999969482422,38.150001525878906,36.72999954223633,37.54999923706055,12573400,0.0,0.0,0.0
2023-02-23,37.84000015258789,37.95000076293945,35.814998626708984,37.380001068115234,11424300,0.0,0.0,0.0
2023-02-24,36.54999923706055,37.06999969482422,35.86000061035156,36.959999084472656,10343400,0.0,0.0,-0.07655
2023-02-27,37.189998626708984,37.595001220703125,36.38999938964844,36.650001525878906,9384800,0.0,0.0,0.44785
2023-02-28,36.47999954223633,37.43000030517578,36.34000015258789,36.63999938964844,10020300,0.0,0.0,0.178425
2023-03-01,37.27000045776367,37.70000076293945,36.5099983215332,37.47999954223633,9360300,0.0,0.0,0.26335
2023-03-02,37.01499938964844,39.279998779296875,36.77000045776367,39.22999954223633,13820600,0.0,0.0,0.0
2023-03-03,39.560001373291016,41.939998626708984,39.560001373291016,41.369998931884766,16508500,0.0,0.0,0.0
2023-03-06,41.619998931884766,42.119998931884766,40.54499816894531,40.56999969482422,8580100,0.0,0.0,0.0
2023-03-07,40.55500030517578,42.189998626708984,40.33000183105469,41.56999969482422,12693500,0.0,0.0,0.0
2023-03-08,41.209999084472656,42.0,40.689998626708984,41.349998474121094,7274000,0.0,0.0,0.0
2023-03-09,41.45500183105469,42.650001525878906,39.755001068115234,39.939998626708984,8050300,0.0,0.0,0.0
2023-03-10,41.58000183105469,41.58000183105469,39.150001525878906,40.04999923706055,13852300,0.0,0.0,0.23581250000000004
2023-03-13,38.939998626708984,42.04999923706055,38.810001373291016,41.40999984741211,15779900,0.0,0.0,0.0
2023-03-14,42.29999923706055,43.72999954223633,42.13999938964844,43.189998626708984,15495300,0.0,0.0,-0.02992499999999998
2023-03-15,42.71500015258789,43.099998474121094,40.810001373291016,42.720001220703125,16993100,0.0,0.0,-0.061450000000000005
2023-03-16,43.05500030517578,45.380001068115234,42.400001525878906,45.33000183105469,13368900,0.0,0.0,0.0
2023-03-17,45.349998474121094,45.470001220703125,43.529998779296875,43.689998626708984,13615300,0.0,0.0,-0.04879999999999998
2023-03-20,43.369998931884766,43.92499923706055,42.2599983215332,43.36000061035156,8261300,0.0,0.0,0.17
2023-03-21,43.58000183105469,45.4900016784668,43.58000183105469,44.7400016784668,8229500,0.0,0.0,-0.18175
2023-03-22,44.810001373291016,44.95000076293945,42.80500030517578,42.849998474121094,7304300,0.0,0.0,0.0
2023-03-23,43.619998931884766,44.0,41.10499954223633,42.06999969482422,11859900,0.0,0.0,-0.66795
2023-03-24,44.279998779296875,44.84000015258789,42.888999938964844,43.43000030517578,14536900,0.0,0.0,0.0
2023-03-27,43.70000076293945,44.435001373291016,42.23500061035156,42.27000045776367,6444900,0.0,0.0,0.6589
2023-03-28,42.0,42.58000183105469,41.459999084472656,41.849998474121094,6145900,0.0,0.0,0.0
2023-03-29,42.5099983215332,43.349998474121094,41.9900016784668,43.0099983215332,7406000,0.0,0.0,0.0
2023-03-30,43.63999938964844,44.09000015258789,42.69499969482422,43.11000061035156,7363100,0.0,0.0,0.0
2023-03-31,43.16999816894531,45.10499954223633,42.779998779296875,44.97999954223633,7965900,0.0,0.0,0.4593
2023-04-03,44.45000076293945,46.5,44.27399826049805,46.41999816894531,11268500,0.0,0.0,0.0
2023-04-04,46.72999954223633,47.650001525878906,45.65999984741211,46.290000915527344,14233800,0.0,0.0,0.35435
2023-04-05,45.52000045776367,46.05699920654297,44.33000183105469,45.38999938964844,8102500,0.0,0.0,0.0
2023-04-06,44.86000061035156,46.40999984741211,44.41999816894531,46.20000076293945,7228600,0.0,0.0,0.0
2023-04-10,45.33000183105469,46.47999954223633,44.439998626708984,46.43000030517578,9889600,0.0,0.0,0.17
2023-04-11,46.65999984741211,46.9900016784668,45.56999969482422,46.060001373291016,6452300,0.0,0.0,0.0
2023-04-12,47.04999923706055,47.650001525878906,45.06999969482422,45.20000076293945,8812500,0.0,0.0,0.0
2023-04-13,45.76499938964844,46.900001525878906,45.56999969482422,45.70000076293945,7538400,0.0,0.0,0.0
2023-04-14,45.400001525878906,46.119998931884766,44.939998626708984,45.70000076293945,5824700,0.0,0.0,-0.148
2023-04-17,40.040000915527344,41.0,39.099998474121094,40.209999084472656,33375300,0.0,0.0,0.16683333333333336
2023-04-18,40.5099983215332,41.09000015258789,39.88999938964844,40.810001373291016,11294600,0.0,0.0,0.0
2023-04-19,40.400001525878906,41.58000183105469,40.02000045776367,41.09000015258789,8712300,0.0,0.0,-0.148
2023-04-20,40.5,41.9900016784668,40.47999954223633,41.310001373291016,9667600,0.0,0.0,0.17
2023-04-21,41.20000076293945,41.810001373291016,40.619998931884766,40.70000076293945,7482000,0.0,0.0,0.0
2023-04-24,40.38999938964844,40.790000915527344,38.5099983215332,39.060001373291016,11186000,0.0,0.0,0.0
2023-04-25,38.61000061035156,38.970001220703125,37.4379997253418,37.56999969482422,8867600,0.0,0.0,0.004933333333333327
2023-04-26,38.0,38.029998779296875,35.4900016784668,35.7599983215332,10959500,0.0,0.0,0.45625000000000004
2023-04-27,36.279998779296875,36.36000061035156,35.15800094604492,35.540000915527344,8534800,0.0,0.0,0.17
2023-04-28,35.04999923706055,35.7400016784668,34.52000045776367,35.599998474121094,6750200,0.0,0.0,0.31388333333333335
2023-05-01,35.5099983215332,36.5099983215332,35.33000183105469,36.0,6996600,0.0,0.0,0.0
2023-05-02,35.790000915527344,35.790000915527344,34.380001068115234,34.45000076293945,7173400,0.0,0.0,0.0539
2023-05-03,34.54999923706055,35.310001373291016,34.099998474121094,34.22999954223633,6598700,0.0,0.0,0.056575
2023-05-04,34.275001525878906,34.60499954223633,33.702999114990234,34.47999954223633,6308000,0.0,0.0,0.0
2023-05-05,35.13999938964844,35.22999954223633,34.5099983215332,35.04999923706055,5396000,0.0,0.0,0.56025
2023-05-08,36.13999938964844,37.06999969482422,35.76100158691406,36.279998779296875,9509300,0.0,0.0,0.4855833333333333
2023-05-09,35.720001220703125,36.77000045776367,35.70000076293945,36.189998626708984,12307900,0.0,0.0,0.262375
2023-05-10,37.33000183105469,39.77000045776367,36.11000061035156,38.869998931884766,26827900,0.0,0.0,0.08205555555555555
2023-05-11,40.52000045776367,41.619998931884766,39.54999923706055,39.880001068115234,14781200,0.0,0.0,0.17651428571428568
2023-05-12,39.40999984741211,40.22999954223633,38.58000183105469,39.36000061035156,8571400,0.0,0.0,0.0
2023-05-15,39.16999816894531,39.16999816894531,37.95000076293945,38.970001220703125,7637600,0.0,0.0,-0.3243
2023-05-16,38.900001525878906,39.66999816894531,38.13999938964844,39.25,6911700,0.0,0.0,0.0
2023-05-17,39.88999938964844,42.18000030517578,39.65999984741211,41.83000183105469,12555000,0.0,0.0,0.0
2023-05-18,41.970001220703125,42.68000030517578,41.38999938964844,42.06999969482422,8249600,0.0,0.0,0.390325
2023-05-19,40.97999954223633,41.040000915527344,39.21500015258789,40.0099983215332,10977300,0.0,0.0,0.13935
2023-05-22,40.380001068115234,40.65999984741211,39.224998474121094,39.4900016784668,9733100,0.0,0.0,0.0
2023-05-23,39.16999816894531,40.91999816894531,39.16999816894531,39.65999984741211,7681000,0.0,0.0,0.4971
2023-05-24,38.7599983215332,40.619998931884766,38.65999984741211,40.5099983215332,6601900,0.0,0.0,0.0
2023-05-25,40.790000915527344,40.875,39.029998779296875,39.5099983215332,5852100,0.0,0.0,0.68065
2023-05-26,39.400001525878906,40.494998931884766,39.380001068115234,40.119998931884766,4398900,0.0,0.0,0.2841
2023-05-30,40.380001068115234,40.95000076293945,39.29999923706055,39.59000015258789,6908600,0.0,0.0,0.6173
2023-05-31,39.34000015258789,42.0,39.25,41.86000061035156,12351500,0.0,0.0,0.21075
2023-06-01,41.619998931884766,42.900001525878906,41.29999923706055,42.130001068115234,6743800,0.0,0.0,0.0
2023-06-02,42.310001373291016,42.9900016784668,40.2599983215332,40.34000015258789,9297700,0.0,0.0,0.6309
2023-06-05,40.27000045776367,41.13999938964844,39.5,40.790000915527344,6519700,0.0,0.0,-0.14445
2023-06-06,40.69499969482422,41.630001068115234,40.599998474121094,41.33000183105469,7236200,0.0,0.0,0.0
2023-06-07,40.18000030517578,40.97999954223633,38.349998474121094,38.63999938964844,9867700,0.0,0.0,0.21030000000000001
2023-06-08,38.189998626708984,38.90999984741211,37.619998931884766,38.869998931884766,6349600,0.0,0.0,0.0
2023-06-09,39.130001068115234,40.08000183105469,38.400001525878906,38.689998626708984,5976200,0.0,0.0,0.05135
2023-06-12,38.81999969482422,39.369998931884766,38.220001220703125,38.95000076293945,6832800,0.0,0.0,0.0
2023-06-13,40.220001220703125,40.4900016784668,38.755001068115234,40.279998779296875,10229800,0.0,0.0,0.36497500000000005
2023-06-14,40.0,40.07500076293945,38.880001068115234,39.90999984741211,8265100,0.0,0.0,0.17
2023-06-15,39.689998626708984,40.8849983215332,39.22999954223633,40.630001068115234,7161700,0.0,0.0,0.3991
2023-06-16,40.880001068115234,42.86000061035156,40.7400016784668,41.79999923706055,15379600,0.0,0.0,0.387825
2023-06-20,41.0,42.34000015258789,40.51499938964844,41.77000045776367,9367200,0.0,0.0,0.0
2023-06-21,41.599998474121094,41.77000045776367,38.0099983215332,38.599998474121094,14068400,0.0,0.0,0.1909
2023-06-22,38.47999954223633,39.369998931884766,37.790000915527344,39.13999938964844,8181700,0.0,0.0,0.17
2023-06-23,38.44499969482422,38.72999954223633,37.189998626708984,37.849998474121094,8111200,0.0,0.0,0.0
2023-06-26,37.630001068115234,39.42499923706055,37.59000015258789,39.209999084472656,8859900,0.0,0.0,-0.148
2023-06-27,39.79999923706055,42.18000030517578,39.470001220703125,41.81999969482422,11998900,0.0,0.0,0.45625000000000004
2023-06-28,41.79999923706055,42.9900016784668,39.86000061035156,40.02000045776367,12262100,0.0,0.0,0.48497500000000004
2023-06-29,40.0,40.20000076293945,38.720001220703125,38.7400016784668,9838100,0.0,0.0,0.21384999999999998
2023-06-30,39.880001068115234,41.3849983215332,39.779998779296875,40.29999923706055,11256700,0.0,0.0,0.0
2023-07-03,40.31999969482422,42.18000030517578,40.20000076293945,42.099998474121094,5251700,0.0,0.0,0.1245
2023-07-05,41.369998931884766,42.18000030517578,40.099998474121094,41.720001220703125,10499400,0.0,0.0,0.0
2023-07-06,40.90999984741211,41.400001525878906,39.65999984741211,39.97999954223633,7249100,0.0,0.0,0.0
2023-07-07,40.16999816894531,42.290000915527344,40.06999969482422,41.150001525878906,10180900,0.0,0.0,0.0
2023-07-10,41.0,41.79499816894531,40.130001068115234,41.630001068115234,6352100,0.0,0.0,0.0
2023-07-11,41.95000076293945,45.150001525878906,41.36000061035156,43.63999938964844,17043800,0.0,0.0,0.0
2023-07-12,44.04999923706055,44.04999923706055,42.27000045776367,43.459999084472656,14750500,0.0,0.0,0.17
2023-07-13,44.0,44.7599983215332,43.290000915527344,44.29999923706055,10283500,0.0,0.0,0.236325
2023-07-14,44.369998931884766,45.09000015258789,42.45000076293945,43.0,9923100,0.0,0.0,0.35155000000000003
2023-07-17,43.0,44.59000015258789,41.81999969482422,44.459999084472656,6881900,0.0,0.0,0.3622
2023-07-18,45.619998931884766,45.810001373291016,44.0099983215332,45.540000915527344,10329500,0.0,0.0,0.6335999999999999
2023-07-19,45.97999954223633,46.25,44.38999938964844,44.86000061035156,9040000,0.0,0.0,0.17
2023-07-20,43.849998474121094,44.25,40.779998779296875,41.040000915527344,10427000,0.0,0.0,0.0
2023-07-21,41.380001068115234,41.91999816894531,40.45000076293945,40.56999969482422,7533800,0.0,0.0,0.30355
2023-07-24,40.56999969482422,40.56999969482422,39.130001068115234,39.54999923706055,7512500,0.0,0.0,0.0
2023-07-25,39.56999969482422,40.275001525878906,39.56999969482422,39.65999984741211,4664600,0.0,0.0,0.0
2023-07-26,39.61000061035156,40.22999954223633,39.209999084472656,39.95000076293945,4245700,0.0,0.0,0.0
2023-07-27,40.88999938964844,40.930999755859375,37.61000061035156,37.90999984741211,9218600,0.0,0.0,0.45404999999999995
2023-07-28,38.70000076293945,39.560001373291016,38.25,38.93000030517578,7081000,0.0,0.0,-0.24162499999999998
2023-07-31,39.119998931884766,39.5,38.707000732421875,39.25,7290100,0.0,0.0,0.0
2023-08-01,38.900001525878906,39.4900016784668,38.20000076293945,39.43000030517578,5359400,0.0,0.0,0.0
2023-08-02,38.38999938964844,38.38999938964844,36.599998474121094,37.630001068115234,9944600,0.0,0.0,0.20835
2023-08-03,37.45000076293945,37.470001220703125,36.619998931884766,36.68000030517578,7943200,0.0,0.0,-0.1931
2023-08-04,38.0,38.70000076293945,37.36000061035156,37.47999954223633,7470900,0.0,0.0,0.46605
2023-08-07,37.56999969482422,37.70000076293945,36.70000076293945,37.599998474121094,5527300,0.0,0.0,0.4037
2023-08-08,37.25,38.07500076293945,37.08000183105469,37.7400016784668,13082100,0.0,0.0,0.33030000000000004
2023-08-09,32.439998626708984,32.52000045776367,29.06999969482422,29.459999084472656,57181600,0.0,0.0,0.07851666666666667
2023-08-10,30.059999465942383,31.170000076293945,30.0,30.610000610351562,23008100,0.0,0.0,0.34269
2023-08-11,30.1200008392334,30.299999237060547,29.639999389648438,29.829999923706055,13476300,0.0,0.0,0.4526
2023-08-14,29.520000457763672,30.604999542236328,29.350000381469727,30.540000915527344,12842100,0.0,0.0,0.0
2023-08-15,30.170000076293945,30.375999450683594,29.760000228881836,29.770000457763672,8076000,0.0,0.0,0.2202
2023-08-16,29.530000686645508,30.075000762939453,29.15999984741211,29.239999771118164,8396500,0.0,0.0,-0.020066666666666667
2023-08-17,29.110000610351562,29.1200008392334,27.750999450683594,27.850000381469727,16019900,0.0,0.0,-0.7431
2023-08-18,27.540000915527344,28.280000686645508,27.405000686645508,27.510000228881836,8922500,0.0,0.0,0.0
2023-08-21,27.540000915527344,27.780000686645508,26.8799991607666,26.959999084472656,11922100,0.0,0.0,0.0129
2023-08-22,26.940000534057617,27.1299991607666,26.600000381469727,26.6200008392334,9310700,0.0,0.0,0.0
2023-08-23,26.489999771118164,26.719999313354492,26.25,26.420000076293945,11129500,0.0,0.0,0.0
2023-08-24,26.5,26.940000534057617,26.240999221801758,26.549999237060547,9558200,0.0,0.0,0.25085
2023-08-25,26.735000610351562,27.06999969482422,26.290000915527344,26.809999465942383,6730400,0.0,0.0,0.31845
2023-08-28,27.1299991607666,27.219999313354492,26.84000015258789,27.100000381469727,5891100,0.0,0.0,0.0
2023-08-29,27.100000381469727,28.15999984741211,26.900999069213867,27.760000228881836,7218900,0.0,0.0,0.38915
2023-08-30,27.81999969482422,28.399999618530273,27.520000457763672,28.18000030517578,7740500,0.0,0.0,0.0
2023-08-31,28.399999618530273,28.600000381469727,27.969999313354492,28.290000915527344,7757400,0.0,0.0,0.5134
2023-09-01,28.6200008392334,29.320999145507812,28.315000534057617,28.440000534057617,9283800,0.0,0.0,0.148
2023-09-05,28.2450008392334,29.139999389648438,28.15999984741211,29.1299991607666,7976700,0.0,0.0,0.1909
2023-09-06,28.950000762939453,29.350000381469727,28.3700008392334,29.09000015258789,8241400,0.0,0.0,0.241925
2023-09-07,28.530000686645508,28.844999313354492,28.110000610351562,28.790000915527344,6489100,0.0,0.0,0.0
2023-09-08,28.94700050354004,29.30500030517578,28.420000076293945,29.010000228881836,10790000,0.0,0.0,0.08007500000000001
2023-09-11,29.204999923706055,29.204999923706055,28.524999618530273,28.549999237060547,8200300,0.0,0.0,0.58005
2023-09-12,28.399999618530273,29.575000762939453,28.3799991607666,29.209999084472656,8515500,0.0,0.0,0.2339
2023-09-13,27.610000610351562,27.975000381469727,26.639999389648438,27.739999771118164,24008800,0.0,0.0,0.49335
2023-09-14,27.934999465942383,28.399999618530273,27.645000457763672,27.75,11439000,0.0,0.0,0.17825000000000002
2023-09-15,27.979999542236328,28.549999237060547,27.670000076293945,27.90999984741211,20289100,0.0,0.0,0.26544999999999996
2023-09-18,27.725000381469727,27.950000762939453,27.22599983215332,27.610000610351562,9491300,0.0,0.0,0.0
2023-09-19,27.59000015258789,27.59000015258789,26.1200008392334,26.959999084472656,14637500,0.0,0.0,0.0
2023-09-20,27.219999313354492,27.290000915527344,26.200000762939453,26.25,7819500,0.0,0.0,0.41165000000000007
2023-09-21,25.959999084472656,25.989999771118164,25.149999618530273,25.309999465942383,12371100,0.0,0.0,0.71895
2023-09-22,25.420000076293945,25.770000457763672,25.174999237060547,25.389999389648438,7105800,0.0,0.0,0.17
2023-09-25,25.239999771118164,26.200000762939453,24.8799991607666,26.139999389648438,8665500,0.0,0.0,0.4037
2023-09-26,26.0,27.030000686645508,25.979999542236328,27.010000228881836,9262600,0.0,0.0,0.65955
2023-09-27,27.170000076293945,27.71500015258789,26.781999588012695,27.389999389648438,12076700,0.0,0.0,0.312925
2023-09-28,27.229999542236328,28.25,27.110000610351562,27.829999923706055,7659600,0.0,0.0,0.30891
2023-09-29,28.280000686645508,29.09000015258789,28.280000686645508,28.959999084472656,11191800,0.0,0.0,-0.17255
2023-10-02,28.969999313354492,29.6200008392334,28.469999313354492,28.68000030517578,10985100,0.0,0.0,0.023
2023-10-03,28.290000915527344,28.950000762939453,28.200000762939453,28.420000076293945,6777300,0.0,0.0,0.28595
2023-10-04,28.540000915527344,29.6200008392334,27.899999618530273,29.59000015258789,10800400,0.0,0.0,0.0
2023-10-05,29.959999084472656,30.204999923706055,29.079999923706055,29.81999969482422,11835300,0.0,0.0,0.12135
2023-10-06,29.399999618530273,30.610000610351562,29.34000015258789,30.459999084472656,10213600,0.0,0.0,0.0
2023-10-09,29.6299991607666,30.479999542236328,29.6299991607666,30.209999084472656,6910700,0.0,0.0,0.08895
2023-10-10,30.329999923706055,31.179000854492188,30.329999923706055,30.90999984741211,6027300,0.0,0.0,0.0
2023-10-11,31.079999923706055,31.920000076293945,31.049999237060547,31.760000228881836,7434100,0.0,0.0,0.0
2023-10-12,31.8700008392334,31.959999084472656,31.350000381469727,31.6299991607666,6984600,0.0,0.0,0.0
2023-10-13,31.459999084472656,31.920000076293945,30.415000915527344,30.510000228881836,9558500,0.0,0.0,0.43142500000000006
2023-10-16,30.549999237060547,30.860000610351562,29.850000381469727,30.40999984741211,10329200,0.0,0.0,0.0
2023-10-17,30.06999969482422,31.209999084472656,30.0,31.0,8933800,0.0,0.0,0.0
2023-10-18,30.639999389648438,30.809999465942383,30.0,30.190000534057617,6356600,0.0,0.0,0.53755
2023-10-19,30.40999984741211,32.06999969482422,30.020000457763672,31.670000076293945,11888400,0.0,0.0,0.17
2023-10-20,31.1299991607666,31.93000030517578,30.825000762939453,31.75,9053400,0.0,0.0,0.0
2023-10-23,31.25,31.6299991607666,30.5,30.56999969482422,8140600,0.0,0.0,0.0
2023-10-24,30.979999542236328,33.189998626708984,30.979999542236328,32.720001220703125,12501400,0.0,0.0,0.7494000000000001
2023-10-25,32.2400016784668,32.54999923706055,30.579999923706055,31.100000381469727,10081400,0.0,0.0,0.0
2023-10-26,30.979999542236328,31.399999618530273,30.170000076293945,30.549999237060547,7549000,0.0,0.0,0.228225
2023-10-27,31.75,32.06800079345703,30.8700008392334,30.989999771118164,6427400,0.0,0.0,0.705425
2023-10-30,31.139999389648438,31.799999237060547,30.969999313354492,31.739999771118164,6886500,0.0,0.0,0.0
2023-10-31,31.649999618530273,32.290000915527344,31.229999542236328,31.809999465942383,5802000,0.0,0.0,0.5203
2023-11-01,31.829999923706055,32.119998931884766,31.31999969482422,31.84000015258789,5086400,0.0,0.0,0.24302500000000002
2023-11-02,33.0,33.81999969482422,32.810001373291016,33.560001373291016,8052300,0.0,0.0,0.0
2023-11-03,33.400001525878906,35.130001068115234,33.400001525878906,34.900001525878906,10577800,0.0,0.0,0.0
2023-11-06,35.61000061035156,35.70000076293945,33.369998931884766,33.849998474121094,10593800,0.0,0.0,0.4037
2023-11-07,34.04999923706055,35.29999923706055,33.45000076293945,35.06999969482422,14986700,0.0,0.0,0.22920000000000004
2023-11-08,40.22999954223633,42.20000076293945,39.099998474121094,39.220001220703125,61158800,0.0,0.0,0.20159583333333334
2023-11-09,38.86000061035156,39.08000183105469,37.29499816894531,38.04999923706055,16306900,0.0,0.0,0.22937000000000002
2023-11-10,38.04999923706055,39.47999954223633,37.90999984741211,38.41999816894531,13344100,0.0,0.0,0.3347
2023-11-13,38.04999923706055,38.84000015258789,37.1150016784668,38.75,10075400,0.0,0.0,0.0
2023-11-14,40.13999938964844,40.34600067138672,39.209999084472656,39.2400016784668,14371700,0.0,0.0,0.1806
2023-11-15,39.11000061035156,41.88999938964844,38.869998931884766,39.7599983215332,20111600,0.0,0.0,0.0
2023-11-16,39.40999984741211,39.47999954223633,37.27000045776367,38.36000061035156,13411600,0.0,0.0,0.3022
2023-11-17,38.720001220703125,38.720001220703125,37.5,37.90999984741211,11307600,0.0,0.0,0.0
2023-11-20,37.849998474121094,38.27000045776367,37.470001220703125,37.86000061035156,9715700,0.0,0.0,0.0
2023-11-21,37.3849983215332,37.43000030517578,36.334999084472656,36.720001220703125,13547900,0.0,0.0,0.0
2023-11-22,37.11000061035156,37.95000076293945,36.63999938964844,37.81999969482422,7112200,0.0,0.0,0.0
2023-11-24,37.47999954223633,38.31999969482422,37.47999954223633,38.13999938964844,4303300,0.0,0.0,0.0
2023-11-27,37.84000015258789,39.08000183105469,37.84000015258789,38.599998474121094,6670500,0.0,0.0,0.0
2023-11-28,38.5,39.2599983215332,38.369998931884766,39.02000045776367,5090900,0.0,0.0,0.0
2023-11-29,39.31999969482422,39.68899917602539,38.5099983215332,38.68000030517578,5949900,0.0,0.0,0.0
2023-11-30,38.68000030517578,39.54999923706055,38.68000030517578,39.310001373291016,8180800,0.0,0.0,0.0
2023-12-01,39.130001068115234,40.47999954223633,38.9900016784668,40.45000076293945,8081100,0.0,0.0,0.167625
2023-12-04,40.09000015258789,41.599998474121094,39.810001373291016,41.22999954223633,7824700,0.0,0.0,0.50985
2023-12-05,40.90999984741211,41.33000183105469,40.345001220703125,40.66999816894531,5890600,0.0,0.0,0.0
2023-12-06,40.790000915527344,41.459999084472656,39.779998779296875,39.959999084472656,8027200,0.0,0.0,0.0
2023-12-07,39.86000061035156,40.48500061035156,39.31999969482422,39.86000061035156,6615500,0.0,0.0,0.0
2023-12-08,41.95000076293945,42.279998779296875,40.02000045776367,40.83000183105469,16019500,0.0,0.0,0.018075000000000008
2023-12-11,40.779998779296875,41.0260009765625,40.125,40.4900016784668,6054700,0.0,0.0,0.0
2023-12-12,40.59000015258789,42.18000030517578,40.310001373291016,42.040000915527344,7636200,0.0,0.0,0.064
2023-12-13,43.0,43.9900016784668,42.2400016784668,43.310001373291016,13448700,0.0,0.0,0.351125
2023-12-14,43.79999923706055,44.619998931884766,43.61000061035156,44.52000045776367,13370600,0.0,0.0,0.46364999999999995
2023-12-15,44.869998931884766,45.04999923706055,43.33000183105469,43.91999816894531,14373000,0.0,0.0,0.16085
2023-12-18,43.84000015258789,45.08000183105469,43.380001068115234,44.4900016784668,7254000,0.0,0.0,0.27065
2023-12-19,44.58000183105469,44.900001525878906,44.2599983215332,44.72999954223633,6803600,0.0,0.0,0.0
2023-12-20,44.720001220703125,45.176998138427734,43.689998626708984,43.83000183105469,7232200,0.0,0.0,0.5306
2023-12-21,44.18000030517578,44.51499938964844,43.2599983215332,44.47999954223633,6370900,0.0,0.0,0.10115
2023-12-22,43.470001220703125,46.119998931884766,43.470001220703125,45.970001220703125,9996600,0.0,0.0,0.64375
2023-12-26,46.02000045776367,46.880001068115234,45.880001068115234,46.380001068115234,7628400,0.0,0.0,0.0
2023-12-27,46.43000030517578,46.91899871826172,46.150001525878906,46.849998474121094,6059200,0.0,0.0,0.0
2023-12-28,46.720001220703125,47.20000076293945,46.30500030517578,46.43000030517578,5493300,0.0,0.0,0.0
2023-12-29,46.43000030517578,47.029998779296875,45.689998626708984,45.720001220703125,7608400,0.0,0.0,0.45895
2024-01-02,44.650001525878906,44.959999084472656,42.79999923706055,42.9900016784668,7166700,0.0,0.0,0.0
2024-01-03,42.220001220703125,42.60499954223633,41.505001068115234,41.90999984741211,6127300,0.0,0.0,0.31589999999999996
2024-01-04,41.900001525878906,42.96799850463867,41.20000076293945,42.65999984741211,6074600,0.0,0.0,0.26335
2024-01-05,42.130001068115234,42.65999984741211,41.599998474121094,41.7400016784668,6819000,0.0,0.0,0.3953
2024-01-08,42.0,42.369998931884766,41.22999954223633,42.220001220703125,6358500,0.0,0.0,0.0
2024-01-09,42.040000915527344,42.80500030517578,41.834999084472656,42.279998779296875,4858000,0.0,0.0,0.5745166666666667
2024-01-10,42.08000183105469,42.47999954223633,41.40999984741211,41.779998779296875,6023800,0.0,0.0,0.0
2024-01-11,41.720001220703125,42.737998962402344,41.5099983215332,42.439998626708984,7131600,0.0,0.0,0.0
2024-01-12,41.25,42.150001525878906,40.83000183105469,40.91999816894531,6080100,0.0,0.0,0.0
2024-01-16,40.40999984741211,40.7599983215332,39.08000183105469,39.349998474121094,8327700,0.0,0.0,0.0
2024-01-17,38.6349983215332,38.7400016784668,37.755001068115234,38.68000030517578,6564200,0.0,0.0,0.0
2024-01-18,38.88999938964844,38.974998474121094,38.290000915527344,38.88999938964844,7249300,0.0,0.0,0.0
2024-01-19,39.13999938964844,39.13999938964844,38.334999084472656,38.689998626708984,5242500,0.0,0.0,0.43125
2024-01-22,39.150001525878906,41.20000076293945,39.150001525878906,40.47999954223633,8604200,0.0,0.0,0.0
2024-01-23,41.150001525878906,42.349998474121094,40.540000915527344,40.779998779296875,6425400,0.0,0.0,0.304225
2024-01-24,41.310001373291016,41.869998931884766,40.689998626708984,40.81999969482422,5404800,0.0,0.0,0.0
2024-01-25,41.060001373291016,41.70000076293945,40.654998779296875,41.31999969482422,6027100,0.0,0.0,0.0
2024-01-26,41.459999084472656,41.80699920654297,40.275001525878906,40.40999984741211,4355100,0.0,0.0,0.0
2024-01-29,40.48500061035156,41.189998626708984,40.220001220703125,41.18000030517578,4518200,0.0,0.0,0.056575
2024-01-30,40.540000915527344,40.650001525878906,39.06999969482422,39.13999938964844,7670200,0.0,0.0,0.54125
2024-01-31,38.77000045776367,39.81999969482422,38.5099983215332,38.810001373291016,5606400,0.0,0.0,0.41264999999999996
2024-02-01,39.119998931884766,39.75,38.75,39.33000183105469,4981700,0.0,0.0,0.0
2024-02-02,39.47999954223633,40.709999084472656,39.279998779296875,40.66999816894531,7754400,0.0,0.0,0.0
2024-02-05,40.529998779296875,40.709999084472656,38.56999969482422,39.349998474121094,6903300,0.0,0.0,0.31837499999999996
2024-02-06,40.0,40.70000076293945,39.71500015258789,40.599998474121094,11423700,0.0,0.0,0.46204999999999996
2024-02-07,44.61000061035156,46.599998474121094,42.93000030517578,44.7400016784668,43434000,0.0,0.0,0.254555
2024-02-08,45.47999954223633,47.11000061035156,44.04999923706055,44.869998931884766,17208500,0.0,0.0,0.51405
2024-02-09,44.5099983215332,44.61000061035156,43.29499816894531,44.400001525878906,12702900,0.0,0.0,0.3243
2024-02-12,44.5099983215332,44.6879997253418,43.709999084472656,43.7400016784668,9311200,0.0,0.0,0.0
2024-02-13,41.93000030517578,42.97999954223633,41.529998779296875,42.31999969482422,10050100,0.0,0.0,0.0
2024-02-14,42.724998474121094,44.220001220703125,42.5099983215332,44.13999938964844,7280100,0.0,0.0,0.72925
2024-02-15,44.130001068115234,45.0880012512207,44.130001068115234,44.439998626708984,5885100,0.0,0.0,0.2546
2024-02-16,43.150001525878906,43.90700149536133,42.689998626708984,42.90999984741211,6722900,0.0,0.0,0.1457
2024-02-20,42.41999816894531,42.970001220703125,40.79999923706055,41.40999984741211,6963200,0.0,0.0,0.0
2024-02-21,40.72999954223633,41.22100067138672,40.39500045776367,40.7400016784668,9196700,0.0,0.0,0.61165
2024-02-22,41.52000045776367,43.060001373291016,40.755001068115234,42.40999984741211,7802800,0.0,0.0,0.0
2024-02-23,42.119998931884766,42.88999938964844,41.43000030517578,41.459999084472656,7759400,0.0,0.0,0.0
2024-02-26,41.470001220703125,41.939998626708984,40.97999954223633,41.290000915527344,7754000,0.0,0.0,0.0
2024-02-27,41.275001525878906,41.34000015258789,40.439998626708984,40.83000183105469,7034900,0.0,0.0,0.0
2024-02-28,40.279998779296875,40.40999984741211,39.525001525878906,40.15999984741211,6252300,0.0,0.0,0.0
2024-02-29,40.25,41.060001373291016,39.72999954223633,39.900001525878906,7500900,0.0,0.0,0.0
2024-03-01,39.91999816894531,41.459999084472656,39.849998474121094,41.31999969482422,6045400,0.0,0.0,0.0
2024-03-04,41.31999969482422,41.54100036621094,39.63999938964844,39.65999984741211,6684000,0.0,0.0,0.35015
2024-03-05,38.88999938964844,39.52000045776367,38.369998931884766,38.869998931884766,5755900,0.0,0.0,0.7162999999999999
2024-03-06,39.98500061035156,40.16999816894531,39.099998474121094,39.869998931884766,6303200,0.0,0.0,0.0
2024-03-07,40.849998474121094,41.630001068115234,39.97999954223633,40.119998931884766,6865900,0.0,0.0,0.0
2024-03-08,40.2400016784668,41.40999984741211,39.849998474121094,39.939998626708984,5856900,0.0,0.0,0.0
2024-03-11,39.63999938964844,42.654998779296875,39.61000061035156,42.040000915527344,8676100,0.0,0.0,0.1909
2024-03-12,40.790000915527344,41.11000061035156,39.72999954223633,40.810001373291016,10794500,0.0,0.0,0.0
2024-03-13,40.470001220703125,41.650001525878906,40.33000183105469,40.38999938964844,7153300,0.0,0.0,0.4939
2024-03-14,40.689998626708984,41.40999984741211,39.93000030517578,40.650001525878906,6921100,0.0,0.0,0.1375333333333333
2024-03-15,40.189998626708984,40.66999816894531,39.10499954223633,39.2400016784668,9840100,0.0,0.0,0.0
2024-03-18,37.91600036621094,38.2599983215332,35.95000076293945,36.20000076293945,15231800,0.0,0.0,0.48615
2024-03-19,36.16999816894531,36.79999923706055,35.849998474121094,36.459999084472656,7812100,0.0,0.0,0.27115
2024-03-20,36.41999816894531,37.86000061035156,36.310001373291016,37.81999969482422,7223300,0.0,0.0,0.2525
2024-03-21,38.0,38.375,37.59000015258789,37.689998626708984,6408000,0.0,0.0,0.2759
2024-03-22,37.540000915527344,37.560001373291016,36.709999084472656,37.2599983215332,4780000,0.0,0.0,0.0
2024-03-25,37.119998931884766,37.16999816894531,35.970001220703125,36.65999984741211,8841000,0.0,0.0,0.0
2024-03-26,37.060001373291016,37.606998443603516,36.63999938964844,37.290000915527344,5735100,0.0,0.0,0.37525
2024-03-27,37.58000183105469,37.900001525878906,37.130001068115234,37.880001068115234,3902000,0.0,0.0,0.3679
2024-03-28,37.974998474121094,39.0099983215332,37.93000030517578,38.18000030517578,6282600,0.0,0.0,0.0
2024-04-01,37.9900016784668,38.25,37.29999923706055,37.84000015258789,6388100,0.0,0.0,0.0
2024-04-02,36.814998626708984,36.880001068115234,35.900001525878906,36.7599983215332,7185500,0.0,0.0,0.0
2024-04-03,36.52000045776367,36.65999984741211,35.790000915527344,36.439998626708984,5556200,0.0,0.0,-0.19375
2024-04-04,36.970001220703125,38.095001220703125,36.689998626708984,36.79999923706055,6566300,0.0,0.0,0.0
2024-04-05,36.529998779296875,37.89500045776367,36.52000045776367,37.81999969482422,5741500,0.0,0.0,0.23565
2024-04-08,38.099998474121094,38.678001403808594,37.81999969482422,38.220001220703125,5981200,0.0,0.0,0.281
2024-04-09,38.7400016784668,39.150001525878906,38.35499954223633,39.09000015258789,4341700,0.0,0.0,0.0
2024-04-10,40.47999954223633,40.79999923706055,39.31999969482422,39.79999923706055,10274200,0.0,0.0,0.41609999999999997
2024-04-11,39.81999969482422,40.08000183105469,39.22999954223633,39.2599983215332,5198700,0.0,0.0,0.0
2024-04-12,38.9900016784668,39.54199981689453,38.290000915527344,38.369998931884766,3745500,0.0,0.0,0.0
2024-04-15,38.279998779296875,38.81999969482422,36.540000915527344,36.65999984741211,7051400,0.0,0.0,0.0
2024-04-16,36.4900016784668,37.099998474121094,36.11000061035156,36.63999938964844,5664600,0.0,0.0,-0.19375
2024-04-17,36.6349983215332,37.130001068115234,36.349998474121094,36.369998931884766,4300900,0.0,0.0,0.05135
2024-04-18,36.31999969482422,36.58000183105469,35.279998779296875,35.54999923706055,5780900,0.0,0.0,0.0
2024-04-19,35.310001373291016,35.81999969482422,34.81999969482422,35.34000015258789,6088100,0.0,0.0,0.100475
2024-04-22,35.599998474121094,35.900001525878906,34.83000183105469,34.959999084472656,7293300,0.0,0.0,0.0
2024-04-23,36.41999816894531,37.52000045776367,35.7400016784668,36.29999923706055,8683600,0.0,0.0,0.3405625
2024-04-24,36.630001068115234,36.790000915527344,34.41999816894531,34.970001220703125,8263000,0.0,0.0,0.0
2024-04-25,33.93000030517578,35.630001068115234,33.709999084472656,35.529998779296875,7276200,0.0,0.0,0.1996875
2024-04-26,35.720001220703125,36.404998779296875,35.459999084472656,36.0099983215332,3746600,0.0,0.0,-0.004583333333333346
2024-04-29,36.27000045776367,37.08000183105469,35.994998931884766,36.560001373291016,5752900,0.0,0.0,0.0
2024-04-30,35.66999816894531,36.20000076293945,35.47999954223633,35.560001373291016,3282700,0.0,0.0,0.4455
2024-05-01,35.65999984741211,37.59000015258789,35.459999084472656,36.58000183105469,5853300,0.0,0.0,0.2294
2024-05-02,37.150001525878906,37.68000030517578,36.540000915527344,37.34000015258789,4385500,0.0,0.0,0.31539999999999996
2024-05-03,38.72999954223633,39.470001220703125,38.5,39.2400016784668,8482800,0.0,0.0,0.1909
2024-05-06,39.58000183105469,40.22999954223633,39.029998779296875,40.11000061035156,7583000,0.0,0.0,0.30525
2024-05-07,39.72200012207031,41.040000915527344,39.72200012207031,40.540000915527344,6400700,0.0,0.0,0.22725000000000004
2024-05-08,39.959999084472656,40.349998474121094,39.0099983215332,39.029998779296875,8598900,0.0,0.0,0.11069999999999999
2024-05-09,29.920000076293945,31.5,29.549999237060547,30.420000076293945,69953000,0.0,0.0,0.014480000000000003
2024-05-10,30.90999984741211,31.979999542236328,30.559999465942383,31.450000762939453,21401900,0.0,0.0,0.07339
2024-05-13,31.40999984741211,32.064998626708984,30.950000762939453,30.959999084472656,12431900,0.0,0.0,0.06678333333333332
2024-05-14,30.829999923706055,32.25,30.829999923706055,31.65999984741211,10790000,0.0,0.0,0.529475
2024-05-15,32.0099983215332,33.12699890136719,31.549999237060547,33.0099983215332,8683800,0.0,0.0,0.436
2024-05-16,33.0099983215332,33.775001525878906,32.68000030517578,32.7599983215332,8313500,0.0,0.0,-0.11315
2024-05-17,32.83000183105469,32.970001220703125,32.06100082397461,32.900001525878906,6429900,0.0,0.0,0.0
2024-05-20,32.880001068115234,33.599998474121094,32.84000015258789,33.59000015258789,6407000,0.0,0.0,0.0
2024-05-21,33.099998474121094,33.25,32.20000076293945,32.54999923706055,9168900,0.0,0.0,0.0
2024-05-22,32.529998779296875,33.560001373291016,32.525001525878906,33.130001068115234,6975800,0.0,0.0,0.0
2024-05-23,33.09000015258789,33.20000076293945,31.59000015258789,31.969999313354492,7602300,0.0,0.0,0.5281
2024-05-24,31.8799991607666,32.689998626708984,31.84000015258789,32.66999816894531,4441600,0.0,0.0,0.0
2024-05-28,32.689998626708984,33.35499954223633,32.29999923706055,32.959999084472656,6491500,0.0,0.0,0.0
2024-05-29,32.630001068115234,33.30500030517578,32.310001373291016,33.11000061035156,4354900,0.0,0.0,0.5359
2024-05-30,32.91999816894531,33.34000015258789,32.69499969482422,33.150001525878906,4065500,0.0,0.0,0.0
2024-05-31,33.5,34.099998474121094,33.06999969482422,33.619998931884766,9726500,0.0,0.0,0.0
2024-06-03,34.0,34.5099983215332,33.880001068115234,34.47999954223633,6239800,0.0,0.0,0.0
2024-06-04,34.310001373291016,35.02000045776367,33.900001525878906,35.0,6449500,0.0,0.0,0.0
2024-06-05,35.90999984741211,35.90999984741211,34.900001525878906,35.599998474121094,5451700,0.0,0.0,0.40775
2024-06-06,35.400001525878906,36.119998931884766,35.314998626708984,35.63999938964844,3674600,0.0,0.0,0.17770000000000002
2024-06-07,35.27000045776367,36.06999969482422,35.18000030517578,35.630001068115234,5833400,0.0,0.0,0.0
2024-06-10,35.29999923706055,35.529998779296875,34.84000015258789,34.9900016784668,4880000,0.0,0.0,0.482775
2024-06-11,34.91999816894531,35.70000076293945,34.7599983215332,35.4900016784668,3826100,0.0,0.0,0.0
2024-06-12,36.470001220703125,36.60499954223633,35.875,36.029998779296875,4725000,0.0,0.0,0.3133666666666666
2024-06-13,37.04999923706055,37.29999923706055,35.380001068115234,35.52000045776367,6325400,0.0,0.0,-0.22495
2024-06-14,35.31999969482422,35.790000915527344,34.8849983215332,35.099998474121094,5713600,0.0,0.0,0.0
2024-06-17,34.86000061035156,36.2400016784668,34.40999984741211,35.900001525878906,6852500,0.0,0.0,0.23835
2024-06-18,35.900001525878906,36.130001068115234,35.505001068115234,35.900001525878906,4973400,0.0,0.0,0.0
2024-06-20,35.869998931884766,36.040000915527344,35.349998474121094,35.86000061035156,4392500,0.0,0.0,0.0
2024-06-21,35.79999923706055,36.27000045776367,35.529998779296875,36.15999984741211,7840700,0.0,0.0,0.0
2024-06-24,35.9900016784668,36.34000015258789,34.89500045776367,35.189998626708984,5627200,0.0,0.0,0.0
2024-06-25,35.25,35.439998626708984,34.619998931884766,35.43000030517578,5552500,0.0,0.0,0.0
2024-06-26,35.369998931884766,37.33000183105469,35.27000045776367,36.90999984741211,8337700,0.0,0.0,0.2525
2024-06-27,36.66999816894531,37.790000915527344,36.630001068115234,37.220001220703125,5181900,0.0,0.0,-0.02037499999999999
2024-06-28,37.130001068115234,37.5,36.970001220703125,37.209999084472656,7546000,0.0,0.0,0.0
2024-07-01,37.11000061035156,37.130001068115234,36.369998931884766,37.060001373291016,3638900,0.0,0.0,0.0
2024-07-02,36.75,37.7599983215332,36.470001220703125,37.13999938964844,4096600,0.0,0.0,0.5859
2024-07-03,37.38999938964844,38.470001220703125,37.349998474121094,37.77000045776367,3947500,0.0,0.0,-0.3508
2024-07-05,37.65999984741211,38.70000076293945,37.459999084472656,38.68000030517578,4445700,0.0,0.0,0.0
2024-07-08,39.0,39.91999816894531,38.369998931884766,39.81999969482422,7845000,0.0,0.0,0.0
2024-07-09,39.90999984741211,39.9900016784668,39.005001068115234,39.38999938964844,5111600,0.0,0.0,0.06420000000000001
2024-07-10,39.58000183105469,39.77000045776367,38.60499954223633,39.65999984741211,3863600,0.0,0.0,0.0
2024-07-11,39.630001068115234,39.88999938964844,38.43000030517578,38.52000045776367,4325100,0.0,0.0,0.30210000000000004
2024-07-12,39.86000061035156,40.68000030517578,39.4900016784668,40.529998779296875,8292100,0.0,0.0,0.0
2024-07-15,40.70000076293945,41.619998931884766,40.25,41.11000061035156,6457400,0.0,0.0,0.4843
2024-07-16,41.27000045776367,41.48500061035156,40.70000076293945,41.279998779296875,4620500,0.0,0.0,0.0
2024-07-17,40.47999954223633,41.029998779296875,39.529998779296875,40.0,5135300,0.0,0.0,0.0
2024-07-18,40.06999969482422,40.724998474121094,39.560001373291016,39.790000915527344,3332800,0.0,0.0,0.0
2024-07-19,39.70000076293945,40.7599983215332,39.52000045776367,40.52000045776367,4053900,0.0,0.0,0.2294
2024-07-22,40.9900016784668,41.28499984741211,40.77000045776367,41.0,3660900,0.0,0.0,0.58315
2024-07-23,40.29999923706055,41.165000915527344,40.22999954223633,41.08000183105469,4680100,0.0,0.0,0.0
2024-07-24,40.470001220703125,41.08000183105469,39.88999938964844,39.959999084472656,3150400,0.0,0.0,0.0
2024-07-25,40.0099983215332,41.13999938964844,39.54999923706055,40.540000915527344,3589800,0.0,0.0,0.0
2024-07-26,41.0,41.08000183105469,40.0,40.5099983215332,3194500,0.0,0.0,0.0
2024-07-29,40.95000076293945,41.0,40.20000076293945,40.56999969482422,6316400,0.0,0.0,0.0
2024-07-30,40.75,41.388999938964844,40.66999816894531,41.029998779296875,5584100,0.0,0.0,0.7161500000000001
2024-07-31,41.4900016784668,42.040000915527344,41.040000915527344,41.52000045776367,7762800,0.0,0.0,0.0
2024-08-01,40.09000015258789,41.040000915527344,37.34000015258789,38.849998474121094,15411300,0.0,0.0,0.21075
2024-08-02,38.14500045776367,39.255001068115234,37.30500030517578,39.040000915527344,7398300,0.0,0.0,0.0
2024-08-05,36.599998474121094,37.290000915527344,35.29999923706055,36.529998779296875,13114000,0.0,0.0,0.0
2024-08-06,36.959999084472656,38.11000061035156,36.18000030517578,37.66999816894531,9997900,0.0,0.0,0.0
2024-08-07,38.11000061035156,38.70000076293945,36.06999969482422,36.18000030517578,6472100,0.0,0.0,-0.09620000000000004
2024-08-08,36.4900016784668,37.31999969482422,36.31999969482422,37.16999816894531,6219700,0.0,0.0,0.0
2024-08-09,37.33000183105469,37.54999923706055,36.77000045776367,37.02000045776367,4669700,0.0,0.0,0.0
2024-08-12,37.13999938964844,37.900001525878906,36.90999984741211,37.31999969482422,5298400,0.0,0.0,0.0
2024-08-13,38.45000076293945,39.68000030517578,38.04999923706055,38.75,6551100,0.0,0.0,0.0
2024-08-14,38.86000061035156,39.189998626708984,38.64500045776367,39.09000015258789,3691600,0.0,0.0,0.0
2024-08-15,39.68000030517578,40.619998931884766,39.220001220703125,40.5,5084800,0.0,0.0,0.0
2024-08-16,40.29999923706055,41.16999816894531,40.2400016784668,40.59000015258789,6136600,0.0,0.0,0.0
2024-08-19,40.540000915527344,40.869998931884766,39.720001220703125,40.86000061035156,6661500,0.0,0.0,0.0
2024-08-20,40.5,40.7400016784668,39.720001220703125,40.540000915527344,11753200,0.0,0.0,0.0
2024-08-21,40.68000030517578,43.4900016784668,40.66999816894531,43.349998474121094,11870200,0.0,0.0,0.0
2024-08-22,43.45000076293945,44.029998779296875,43.13999938964844,43.36000061035156,8955100,0.0,0.0,0.0
2024-08-23,43.599998474121094,44.42499923706055,43.279998779296875,44.15999984741211,6266500,0.0,0.0,0.0
2024-08-26,44.04999923706055,44.47999954223633,43.709999084472656,43.939998626708984,4192800,0.0,0.0,0.0
2024-08-27,43.27000045776367,44.220001220703125,43.09000015258789,44.15999984741211,5312000,0.0,0.0,0.0
2024-08-28,44.15999984741211,44.5099983215332,43.72999954223633,44.130001068115234,4182700,0.0,0.0,0.0
2024-08-29,44.45000076293945,44.849998474121094,43.44499969482422,43.56999969482422,4613800,0.0,0.0,0.54415
2024-08-30,43.720001220703125,44.4900016784668,43.59000015258789,43.9900016784668,5261600,0.0,0.0,0.0
2024-09-03,43.880001068115234,44.029998779296875,42.48500061035156,42.91999816894531,5256700,0.0,0.0,0.0
2024-09-04,42.779998779296875,43.880001068115234,42.61000061035156,43.2599983215332,3111900,0.0,0.0,0.0
2024-09-05,43.060001373291016,43.79999923706055,43.02000045776367,43.709999084472656,3008200,0.0,0.0,0.39380000000000004
2024-09-06,44.79999923706055,44.959999084472656,42.32500076293945,43.63999938964844,6199000,0.0,0.0,0.0
2024-09-09,44.119998931884766,45.0,43.19499969482422,43.619998931884766,6759300,0.0,0.0,0.0
2024-09-10,43.83000183105469,44.900001525878906,43.64500045776367,44.900001525878906,4463800,0.0,0.0,0.0
2024-09-11,44.369998931884766,45.06999969482422,43.84000015258789,44.9900016784668,6618600,0.0,0.0,0.0
2024-09-12,45.0099983215332,46.0,44.529998779296875,45.40999984741211,5291400,0.0,0.0,0.0
2024-09-13,45.439998626708984,46.119998931884766,45.279998779296875,45.869998931884766,4713200,0.0,0.0,0.0
2024-09-16,45.81999969482422,47.494998931884766,45.63999938964844,46.2400016784668,8226600,0.0,0.0,0.0
2024-09-17,46.41999816894531,46.97999954223633,45.52000045776367,45.7400016784668,5190900,0.0,0.0,0.0
2024-09-18,45.75,46.13999938964844,45.11000061035156,45.279998779296875,6325400,0.0,0.0,0.0
2024-09-19,46.150001525878906,46.845001220703125,45.65999984741211,46.29999923706055,7080300,0.0,0.0,0.0
2024-09-20,45.9900016784668,46.560001373291016,45.540000915527344,46.029998779296875,7791400,0.0,0.0,0.0
2024-09-23,46.2599983215332,46.439998626708984,45.099998474121094,45.529998779296875,9134800,0.0,0.0,0.0
2024-09-24,45.310001373291016,47.209999084472656,45.16999816894531,47.11000061035156,9528700,0.0,0.0,0.0
2024-09-25,47.45000076293945,48.43000030517578,47.2599983215332,47.63999938964844,7828400,0.0,0.0,0.0
2024-09-26,47.810001373291016,47.93000030517578,44.61000061035156,44.869998931884766,7966000,0.0,0.0,0.0
2024-09-27,44.630001068115234,45.04999923706055,43.7599983215332,44.18000030517578,6093700,0.0,0.0,0.0
2024-09-30,44.08000183105469,44.63999938964844,43.900001525878906,44.2599983215332,4186700,0.0,0.0,0.0
2024-10-01,44.380001068115234,44.459999084472656,42.86000061035156,43.529998779296875,4922700,0.0,0.0,0.0
2024-10-02,43.31999969482422,43.849998474121094,42.880001068115234,43.38999938964844,6515300,0.0,0.0,0.0
2024-10-03,43.0099983215332,43.31999969482422,41.810001373291016,42.18000030517578,7790200,0.0,0.0,0.0
2024-10-04,42.63999938964844,42.70199966430664,40.880001068115234,41.9900016784668,8198900,0.0,0.0,0.0
2024-10-07,41.810001373291016,41.939998626708984,41.27000045776367,41.38999938964844,6662800,0.0,0.0,0.0
2024-10-08,37.650001525878906,40.52000045776367,37.5,40.5099983215332,30320600,0.0,0.0,0.58245
2024-10-09,40.61000061035156,42.3650016784668,40.560001373291016,41.7400016784668,10691300,0.0,0.0,0.0
2024-10-10,41.349998474121094,42.130001068115234,41.209999084472656,41.400001525878906,6463100,0.0,0.0,0.0
2024-10-11,41.31999969482422,41.650001525878906,41.099998474121094,41.599998474121094,4436500,0.0,0.0,0.0
2024-10-14,41.65999984741211,41.720001220703125,39.93000030517578,40.790000915527344,7192100,0.0,0.0,0.0
2024-10-15,40.95000076293945,41.38800048828125,40.38999938964844,40.7599983215332,6115300,0.0,0.0,0.29647500000000004
2024-10-16,40.73500061035156,41.709999084472656,40.51499938964844,41.38999938964844,5360600,0.0,0.0,0.32985
2024-10-17,41.68000030517578,41.75,39.83000183105469,39.86000061035156,5973400,0.0,0.0,0.0
2024-10-18,39.9900016784668,40.154998779296875,39.29999923706055,39.93000030517578,5751500,0.0,0.0,0.0
2024-10-21,39.5,40.369998931884766,39.459999084472656,40.310001373291016,4626900,0.0,0.0,0.0
2024-10-22,40.84000015258789,41.65999984741211,40.56999969482422,41.290000915527344,6027100,0.0,0.0,0.0
2024-10-23,42.400001525878906,43.0,41.125,41.15999984741211,5882400,0.0,0.0,0.1374
2024-10-24,41.43000030517578,41.939998626708984,41.16999816894531,41.779998779296875,4923100,0.0,0.0,-0.51865
2024-10-25,42.13999938964844,42.494998931884766,41.939998626708984,42.13999938964844,7142400,0.0,0.0,0.0
2024-10-28,42.59000015258789,43.14500045776367,42.18000030517578,42.29999923706055,5830500,0.0,0.0,0.0
2024-10-29,42.14500045776367,42.959999084472656,41.5,42.61000061035156,5487400,0.0,0.0,0.0
2024-10-30,42.720001220703125,43.540000915527344,42.36000061035156,43.13999938964844,6682800,0.0,0.0,0.0
2024-10-31,51.119998931884766,52.650001525878906,48.0,51.720001220703125,37475800,0.0,0.0,0.0
2024-11-01,51.11000061035156,52.06999969482422,50.65999984741211,51.439998626708984,12925100,0.0,0.0,0.0
2024-11-04,52.7400016784668,53.06999969482422,49.970001220703125,50.0,19491400,0.0,0.0,0.0
2024-11-05,49.91999816894531,51.61000061035156,49.61000061035156,51.18000030517578,10265800,0.0,0.0,0.0
2024-11-06,51.9900016784668,53.0,50.849998474121094,52.900001525878906,8570900,0.0,0.0,0.0
2024-11-07,52.880001068115234,53.65999984741211,51.849998474121094,53.11000061035156,7974600,0.0,0.0,0.0
2024-11-08,52.880001068115234,54.06999969482422,52.16999816894531,52.400001525878906,8165600,0.0,0.0,-0.32735
2024-11-11,52.45000076293945,55.099998474121094,52.380001068115234,54.560001373291016,12354500,0.0,0.0,0.0
2024-11-12,54.150001525878906,55.09000015258789,54.099998474121094,54.380001068115234,10280600,0.0,0.0,0.0
2024-11-13,54.45000076293945,54.650001525878906,52.90999984741211,53.13999938964844,8333900,0.0,0.0,0.0
2024-11-14,52.369998931884766,53.56999969482422,51.81999969482422,52.72999954223633,6913600,0.0,0.0,0.0
2024-11-15,52.5,52.529998779296875,50.68000030517578,50.72999954223633,9122600,0.0,0.0,0.0
2024-11-18,51.0,51.25,50.209999084472656,51.029998779296875,14481600,0.0,0.0,0.0
2024-11-19,50.529998779296875,53.15999984741211,50.529998779296875,52.2400016784668,9487400,0.0,0.0,0.0
2024-11-20,52.290000915527344,52.31999969482422,50.599998474121094,51.52000045776367,13117600,0.0,0.0,0.0
2024-11-21,51.03499984741211,51.400001525878906,48.099998474121094,49.349998474121094,15731600,0.0,0.0,0.0
2024-11-22,49.279998779296875,50.375999450683594,48.61000061035156,49.380001068115234,6826600,0.0,0.0,0.0
2024-11-25,49.130001068115234,49.4900016784668,47.95000076293945,49.15999984741211,9519100,0.0,0.0,0.0
2024-11-26,49.18000030517578,50.0099983215332,48.93000030517578,49.060001373291016,6919300,0.0,0.0,0.0
2024-11-27,49.09000015258789,50.54499816894531,48.61000061035156,49.369998931884766,5617900,0.0,0.0,0.0
2024-11-29,49.810001373291016,50.72999954223633,49.68000030517578,50.130001068115234,3629200,0.0,0.0,0.0
2024-12-02,50.9900016784668,52.650001525878906,50.939998626708984,52.15999984741211,8231700,0.0,0.0,0.0
2024-12-03,51.7599983215332,53.630001068115234,51.630001068115234,53.529998779296875,6239400,0.0,0.0,0.60215
2024-12-04,53.91999816894531,54.61000061035156,53.36000061035156,54.540000915527344,5883500,0.0,0.0,0.0
2024-12-05,54.939998626708984,59.13999938964844,54.72999954223633,58.939998626708984,21008700,0.0,0.0,0.0
2024-12-06,58.869998931884766,59.79999923706055,57.7599983215332,59.310001373291016,8964100,0.0,0.0,0.2294
2024-12-09,59.220001220703125,59.220001220703125,55.61000061035156,56.93000030517578,8585100,0.0,0.0,0.0
2024-12-10,56.90999984741211,57.40999984741211,55.650001525878906,56.2599983215332,5277000,0.0,0.0,0.0
2024-12-11,58.40999984741211,61.0099983215332,57.650001525878906,59.88999938964844,13017100,0.0,0.0,0.0
2024-12-12,59.88999938964844,61.04999923706055,58.599998474121094,59.61000061035156,6492400,0.0,0.0,0.0
2024-12-13,60.0,60.21699905395508,58.7760009765625,59.599998474121094,5793500,0.0,0.0,0.0
2024-12-16,58.869998931884766,61.77000045776367,58.42399978637695,61.45000076293945,6389600,0.0,0.0,0.0
2024-12-17,60.849998474121094,61.349998474121094,59.31999969482422,61.25,5141300,0.0,0.0,0.0
2024-12-18,60.83300018310547,61.529998779296875,58.2400016784668,58.79999923706055,7498800,0.0,0.0,0.0
2024-12-19,58.33000183105469,59.564998626708984,57.880001068115234,58.90999984741211,5903700,0.0,0.0,0.0
2024-12-20,57.91999816894531,60.16999816894531,57.4900016784668,60.11000061035156,8456400,0.0,0.0,0.0
2024-12-23,60.439998626708984,60.630001068115234,59.04999923706055,59.27000045776367,4592600,0.0,0.0,0.0
2024-12-24,59.16999816894531,59.630001068115234,57.89099884033203,59.560001373291016,2071800,0.0,0.0,0.0
2024-12-26,59.0,60.099998474121094,58.849998474121094,59.93000030517578,2720400,0.0,0.0,0.0
2024-12-27,59.95000076293945,59.95000076293945,58.33000183105469,59.45000076293945,3353400,0.0,0.0,0.0
2024-12-30,58.130001068115234,59.20899963378906,57.29999923706055,58.47999954223633,3756900,0.0,0.0,0.0
2024-12-31,58.52000045776367,58.78099822998047,57.709999084472656,57.86000061035156,2888000,0.0,0.0,0.0
2025-01-02,58.5,59.10499954223633,57.02000045776367,58.84000015258789,4917300,0.0,0.0,0.0
2025-01-03,59.130001068115234,61.0,59.130001068115234,60.470001220703125,4655100,0.0,0.0,0.0
2025-01-06,60.709999084472656,62.41999816894531,60.56999969482422,61.93000030517578,7279900,0.0,0.0,0.0
2025-01-07,62.40999984741211,62.47999954223633,59.959999084472656,61.29999923706055,5780800,0.0,0.0,0.0
2025-01-08,62.83000183105469,63.58000183105469,60.709999084472656,62.04999923706055,8283600,0.0,0.0,0.0
2025-01-10,61.36000061035156,62.20000076293945,60.13399887084961,61.81999969482422,6191000,0.0,0.0,0.44785
2025-01-13,60.56999969482422,61.41999816894531,59.38999938964844,61.369998931884766,7364100,0.0,0.0,0.0
2025-01-14,62.14500045776367,62.97999954223633,61.33000183105469,62.2599983215332,7653500,0.0,0.0,0.0
2025-01-15,63.51499938964844,64.43000030517578,62.790000915527344,63.7400016784668,6072600,0.0,0.0,0.0
2025-01-16,64.52999877929688,66.51000213623047,64.30000305175781,65.26000213623047,9823900,0.0,0.0,0.0
2025-01-17,66.27999877929688,66.44999694824219,65.12999725341797,65.52999877929688,5767000,0.0,0.0,0.0
2025-01-21,66.37000274658203,66.86000061035156,65.62999725341797,66.0999984741211,5421100,0.0,0.0,0.0
2025-01-22,66.5199966430664,66.8499984741211,65.20999908447266,66.0,5600400,0.0,0.0,0.5247499999999999
2025-01-23,64.7699966430664,67.31999969482422,64.0999984741211,67.11000061035156,6112500,0.0,0.0,0.0
2025-01-24,67.19999694824219,67.43000030517578,66.5199966430664,67.06999969482422,3650600,0.0,0.0,0.0
2025-01-27,64.31999969482422,67.86399841308594,63.880001068115234,67.16999816894531,5308600,0.0,0.0,0.0
2025-01-28,67.46499633789062,69.12000274658203,66.91000366210938,68.43000030517578,5572100,0.0,0.0,0.0
2025-01-29,68.8499984741211,70.68000030517578,68.05999755859375,70.08000183105469,6473000,0.0,0.0,0.0
2025-01-30,70.05000305175781,71.76499938964844,69.5,71.37999725341797,11757600,0.0,0.0,0.0
2025-01-31,71.5,71.88999938964844,70.25,71.06999969482422,10721100,0.0,0.0,0.6452
2025-02-03,69.62999725341797,71.69999694824219,69.62999725341797,70.68000030517578,7748300,0.0,0.0,0.0
2025-02-04,71.94000244140625,73.86000061035156,71.30999755859375,73.79000091552734,9084000,0.0,0.0,0.0
2025-02-05,74.20999908447266,75.73999786376953,73.47000122070312,75.47000122070312,13637900,0.0,0.0,0.24695
2025-02-06,60.1349983215332,67.86000061035156,60.0099983215332,67.12000274658203,52586500,0.0,0.0,0.239025
2025-02-07,66.69000244140625,69.1500015258789,64.33499908447266,66.27999877929688,23985500,0.0,0.0,0.45130000000000003
2025-02-10,64.77999877929688,65.98999786376953,63.630001068115234,65.05000305175781,11079100,0.0,0.0,0.0
2025-02-11,64.1500015258789,66.5,63.75,66.05000305175781,8893400,0.0,0.0,0.0
2025-02-12,65.37000274658203,66.27999877929688,63.959999084472656,64.19999694824219,6736500,0.0,0.0,0.0
2025-02-13,63.81999969482422,65.5999984741211,63.220001220703125,65.52999877929688,7822400,0.0,0.0,0.0
2025-02-14,65.4800033569336,67.18000030517578,65.25,66.75,6356600,0.0,0.0,0.0
2025-02-18,66.83000183105469,67.16999816894531,64.66999816894531,66.0999984741211,7276800,0.0,0.0,0.0
2025-02-19,66.19000244140625,66.87999725341797,63.630001068115234,63.63999938964844,5530800,0.0,0.0,0.0
2025-02-20,63.470001220703125,63.59000015258789,60.7599983215332,62.81999969482422,13014100,0.0,0.0,0.4521
2025-02-21,62.81999969482422,63.0,62.040000915527344,62.5099983215332,6810500,0.0,0.0,0.0
2025-02-24,61.29999923706055,61.84000015258789,59.900001525878906,61.06999969482422,8743100,0.0,0.0,0.0
2025-02-25,60.5,60.57500076293945,58.5099983215332,59.400001525878906,7713100,0.0,0.0,0.0
2025-02-26,59.3849983215332,61.04999923706055,59.07400131225586,59.779998779296875,9739900,0.0,0.0,0.0
2025-02-27,61.2599983215332,62.790000915527344,60.279998779296875,60.43000030517578,14136800,0.0,0.0,0.0
2025-02-28,62.400001525878906,64.44000244140625,61.79999923706055,63.63999938964844,13449400,0.0,0.0,0.0
2025-03-03,64.4000015258789,65.16999816894531,61.86000061035156,62.18000030517578,8510800,0.0,0.0,0.0
2025-03-04,60.79999923706055,63.27000045776367,58.599998474121094,62.65999984741211,9304400,0.0,0.0,0.0
2025-03-05,62.869998931884766,63.58000183105469,61.2599983215332,63.310001373291016,3672200,0.0,0.0,0.0
2025-03-06,62.040000915527344,62.380001068115234,58.369998931884766,58.56999969482422,5942000,0.0,0.0,0.0
2025-03-07,58.20000076293945,59.32500076293945,53.58000183105469,57.16999816894531,11386600,0.0,0.0,0.0
2025-03-10,55.939998626708984,55.97999954223633,52.29999923706055,53.77000045776367,12828700,0.0,0.0,0.0
2025-03-11,53.459999084472656,55.369998931884766,52.560001373291016,54.75,16627300,0.0,0.0,0.0
2025-03-12,56.665000915527344,57.540000915527344,55.459999084472656,56.86000061035156,7632300,0.0,0.0,0.0
2025-03-13,57.81999969482422,57.849998474121094,54.56999969482422,55.72999954223633,13424000,0.0,0.0,0.0
2025-03-14,57.36000061035156,58.439998626708984,55.5,56.5099983215332,11659700,0.0,0.0,0.0
2025-03-17,56.45000076293945,57.97999954223633,56.220001220703125,56.970001220703125,7443300,0.0,0.0,0.0
2025-03-18,56.81999969482422,57.11000061035156,54.970001220703125,55.97999954223633,4833900,0.0,0.0,0.0
2025-03-19,56.119998931884766,58.77000045776367,55.79999923706055,58.099998474121094,7160400,0.0,0.0,0.0
2025-03-20,57.7400016784668,59.400001525878906,57.22999954223633,57.91999816894531,5489200,0.0,0.0,0.0
2025-03-21,58.209999084472656,61.439998626708984,57.099998474121094,61.15999984741211,13370900,0.0,0.0,0.0
2025-03-24,61.92499923706055,62.5,60.78499984741211,61.18000030517578,7901400,0.0,0.0,0.0
2025-03-25,61.70000076293945,62.659000396728516,60.63999938964844,62.0099983215332,4742400,0.0,0.0,0.0
2025-03-26,61.86000061035156,62.130001068115234,60.0099983215332,60.36000061035156,3650600,0.0,0.0,0.0
2025-03-27,59.75,60.61000061035156,59.16999816894531,59.5,3415900,0.0,0.0,0.0
2025-03-28,59.25,60.88999938964844,58.4370002746582,59.06999969482422,6546600,0.0,0.0,0.0
2025-03-31,57.650001525878906,58.619998931884766,56.323001861572266,58.290000915527344,5148800,0.0,0.0,0.0
2025-04-01,62.22999954223633,62.22999954223633,58.220001220703125,60.9900016784668,13917000,0.0,0.0,0.0
2025-04-02,60.415000915527344,63.779998779296875,60.33000183105469,61.61000061035156,9559000,0.0,0.0,0.0
2025-04-03,57.8849983215332,59.529998779296875,57.4900016784668,58.220001220703125,6559500,0.0,0.0,0.0
2025-04-04,55.88999938964844,56.5,51.27000045776367,52.959999084472656,10526500,0.0,0.0,0.0
2025-04-07,50.5099983215332,56.08000183105469,50.099998474121094,52.529998779296875,7628400,0.0,0.0,0.0
2025-04-08,54.5099983215332,55.2400016784668,50.279998779296875,51.220001220703125,5377600,0.0,0.0,0.0
2025-04-09,51.17499923706055,57.39500045776367,50.84000015258789,57.310001373291016,9857300,0.0,0.0,0.0
2025-04-10,57.11000061035156,57.125,54.13999938964844,56.119998931884766,7466400,0.0,0.0,0.0
2025-04-11,55.21500015258789,57.72999954223633,55.20000076293945,57.2599983215332,5989300,0.0,0.0,0.0
2025-04-14,58.47999954223633,58.79999923706055,56.03099822998047,56.90999984741211,4406100,0.0,0.0,0.0
2025-04-15,57.20000076293945,59.900001525878906,57.15999984741211,58.880001068115234,6082900,0.0,0.0,0.0
2025-04-16,58.119998931884766,60.0,57.86000061035156,59.09000015258789,6835100,0.0,0.0,0.0
2025-04-17,59.29999923706055,60.630001068115234,58.90800094604492,59.709999084472656,5119400,0.0,0.0,0.0
2025-04-21,59.599998474121094,60.560001373291016,58.72999954223633,59.90999984741211,5899800,0.0,0.0,0.0
2025-04-22,60.630001068115234,62.720001220703125,60.60499954223633,62.150001525878906,6128100,0.0,0.0,0.0
2025-04-23,64.07499694824219,64.62999725341797,62.650001525878906,63.47999954223633,6949000,0.0,0.0,0.0
2025-04-24,62.790000915527344,65.98999786376953,62.790000915527344,65.69000244140625,7671800,0.0,0.0,0.0
2025-04-25,65.55500030517578,66.9000015258789,65.41999816894531,66.58000183105469,4441600,0.0,0.0,0.0
2025-04-28,66.37999725341797,67.0999984741211,65.6500015258789,66.43000030517578,5738300,0.0,0.0,0.20095
2025-04-29,66.43000030517578,66.83999633789062,65.54000091552734,66.4000015258789,8248200,0.0,0.0,0.0
2025-04-30,63.94499969482422,67.06999969482422,63.5,67.05000305175781,10361300,0.0,0.0,0.0
2025-05-01,70.11000061035156,71.5999984741211,66.5,69.0,21650100,0.0,0.0,0.0
2025-05-02,71.37999725341797,74.23999786376953,71.19999694824219,74.08999633789062,15015600,0.0,0.0,0.7286
2025-05-05,71.9800033569336,72.94999694824219,71.2699966430664,71.81999969482422,11736400,0.0,0.0,0.0
2025-05-06,70.0,71.58000183105469,68.55000305175781,70.7699966430664,10523100,0.0,0.0,0.0
2025-05-07,71.02999877929688,71.86499786376953,70.08999633789062,70.44000244140625,5415300,0.0,0.0,0.0
2025-05-08,70.87000274658203,71.61000061035156,69.87999725341797,70.05000305175781,4736800,0.0,0.0,0.06795000000000001
2025-05-09,70.20999908447266,72.47000122070312,70.16999816894531,71.87999725341797,7287100,0.0,0.0,0.0
2025-05-12,73.01000213623047,74.5999984741211,70.95999908447266,73.48999786376953,8716400,0.0,0.0,0.0
2025-05-13,73.93000030517578,77.23999786376953,73.37999725341797,77.0199966430664,12375800,0.0,0.0,0.0
2025-05-14,77.4000015258789,79.5,77.26000213623047,79.44999694824219,10788000,0.0,0.0,0.0
2025-05-15,79.73999786376953,80.9000015258789,78.69000244140625,80.7699966430664,11137500,0.0,0.0,0.4559
2025-05-16,80.43000030517578,82.0199966430664,80.43000030517578,81.2699966430664,9291900,0.0,0.0,0.0
2025-05-19,79.12999725341797,81.96600341796875,78.66000366210938,81.20999908447266,7479800,0.0,0.0,0.0
2025-05-20,81.66999816894531,81.9000015258789,80.05999755859375,81.70999908447266,9476200,0.0,0.0,0.0
2025-05-21,81.05000305175781,83.04000091552734,80.5999984741211,81.16000366210938,6541800,0.0,0.0,0.0
2025-05-22,81.0999984741211,82.94000244140625,81.02999877929688,81.80999755859375,6929500,0.0,0.0,0.0
2025-05-23,80.5,82.95999908447266,80.12999725341797,82.26000213623047,4579100,0.0,0.0,0.5226999999999999
2025-05-27,83.19999694824219,85.46499633789062,83.0,85.43000030517578,8085500,0.0,0.0,0.0
2025-05-28,85.05999755859375,85.9800033569336,84.58000183105469,84.63999938964844,5682800,0.0,0.0,0.0
2025-05-29,85.03500366210938,85.31999969482422,83.74299621582031,84.79000091552734,4663700,0.0,0.0,0.0
2025-05-30,85.80000305175781,87.16000366210938,84.41500091552734,86.9800033569336,14088900,0.0,0.0,0.0
2025-06-02,87.19999694824219,90.0,87.18000030517578,89.94999694824219,10060600,0.0,0.0,0.0
2025-06-03,90.19999694824219,90.41000366210938,88.75,89.94999694824219,5871700,0.0,0.0,0.0
2025-06-04,89.61000061035156,91.68000030517578,89.61000061035156,91.06999969482422,6569100,0.0,0.0,0.6751
2025-06-05,92.0,94.20999908447266,91.1500015258789,94.19999694824219,14582900,0.0,0.0,0.0
2025-06-06,94.83000183105469,96.27999877929688,94.5999984741211,95.80000305175781,14102200,0.0,0.0,0.0
2025-06-09,94.23999786376953,94.88500213623047,91.80999755859375,93.41999816894531,11066800,0.0,0.0,0.0
2025-06-10,92.98999786376953,94.79000091552734,91.6500015258789,93.72000122070312,7740100,0.0,0.0,0.0
2025-06-11,93.7300033569336,96.44999694824219,93.66999816894531,96.16999816894531,6621100,0.0,0.0,0.0
2025-06-12,96.19000244140625,98.1500015258789,94.58999633789062,95.11000061035156,8674400,0.0,0.0,0.46429999999999993
2025-06-13,93.80000305175781,97.58000183105469,93.7300033569336,97.16999816894531,9216100,0.0,0.0,0.0
2025-06-16,98.33999633789062,100.76000213623047,98.0199966430664,100.44000244140625,9324900,0.0,0.0,0.0
2025-06-17,100.41999816894531,101.44999694824219,100.04000091552734,101.12000274658203,7433300,0.0,0.0,0.0
2025-06-18,101.75,103.02999877929688,101.75,102.6500015258789,8863300,0.0,0.0,0.0
2025-06-20,103.19999694824219,103.56999969482422,100.9010009765625,102.08999633789062,9958700,0.0,0.0,0.0
2025-06-23,101.9800033569336,104.62999725341797,101.33000183105469,103.48999786376953,6742500,0.0,0.0,0.0
2025-06-24,104.2300033569336,105.22000122070312,103.05999755859375,104.77999877929688,5517200,0.0,0.0,0.0
2025-06-25,104.98999786376953,105.30000305175781,102.73500061035156,102.83999633789062,6601700,0.0,0.0,0.0
2025-06-26,103.33499908447266,105.80000305175781,102.55000305175781,105.0,6697300,0.0,0.0,0.46965
2025-06-27,105.0,105.87000274658203,103.69000244140625,105.58999633789062,11053900,0.0,0.0,0.36755
2025-06-30,105.79000091552734,106.16999816894531,103.05500030517578,105.19999694824219,8945900,0.0,0.0,0.0
2025-07-01,104.61000061035156,105.27999877929688,100.05999755859375,100.6500015258789,9733400,0.0,0.0,0.0
2025-07-02,100.58000183105469,103.87999725341797,100.0,102.4000015258789,9560900,0.0,0.0,0.0
2025-07-03,102.41000366210938,104.31999969482422,102.31999969482422,103.58999633789062,3215400,0.0,0.0,0.0
2025-07-07,102.91999816894531,108.0,102.25,107.76000213623047,8510500,0.0,0.0,0.0
2025-07-08,106.48500061035156,106.8499984741211,103.22000122070312,104.94000244140625,5962000,0.0,0.0,0.0
2025-07-09,105.4749984741211,106.70999908447266,104.302001953125,106.68000030517578,5102400,0.0,0.0,0.47465
2025-07-10,106.9000015258789,107.37000274658203,102.7300033569336,105.02999877929688,5636700,0.0,0.0,0.0
2025-07-11,104.94999694824219,108.0999984741211,104.80999755859375,105.69000244140625,4544500,0.0,0.0,0.0
2025-07-14,106.3499984741211,111.95999908447266,106.3499984741211,111.83000183105469,8032300,0.0,0.0,0.0
2025-07-15,110.61000061035156,113.06999969482422,110.20999908447266,112.4800033569336,8105900,0.0,0.0,0.0
2025-07-16,112.4000015258789,120.16000366210938,112.2300033569336,119.0199966430664,15276300,0.0,0.0,0.0
2025-07-17,118.88999938964844,123.33000183105469,118.30999755859375,122.16999816894531,9859500,0.0,0.0,0.0
2025-07-18,122.87999725341797,124.5999984741211,121.3499984741211,124.5,8544800,0.0,0.0,0.0
2025-07-21,123.7509994506836,127.98999786376953,121.55000305175781,124.5,9628000,0.0,0.0,0.0
2025-07-22,123.51499938964844,124.19999694824219,118.5999984741211,120.19999694824219,10629500,0.0,0.0,0.0
2025-07-23,118.4000015258789,119.6500015258789,113.94999694824219,118.62999725341797,13090700,0.0,0.0,-0.7034
2025-07-24,119.36000061035156,120.25,117.81999969482422,118.12000274658203,6586400,0.0,0.0,0.4201
2025-07-25,118.56999969482422,121.79000091552734,117.83999633789062,118.81999969482422,5551900,0.0,0.0,0.3548
2025-07-28,119.82499694824219,120.95999908447266,118.16000366210938,120.95999908447266,5119400,0.0,0.0,0.1366
2025-07-29,121.50499725341797,122.01000213623047,116.51000213623047,118.33000183105469,6595900,0.0,0.0,0.0
2025-07-30,118.13999938964844,125.51000213623047,117.76000213623047,124.94000244140625,11351700,0.0,0.0,0.5533
2025-07-31,149.60000610351562,150.58999633789062,135.64999389648438,137.7899932861328,24665800,0.0,0.0,0.405925
2025-08-01,132.41000366210938,133.3699951171875,124.44000244140625,125.02999877929688,15011800,0.0,0.0,0.0
2025-08-04,126.1500015258789,132.7899932861328,125.0999984741211,130.6999969482422,13557700,0.0,0.0,0.0
2025-08-05,129.13999938964844,130.72000122070312,126.30999755859375,127.11000061035156,7409700,0.0,0.0,0.0
2025-08-06,126.87999725341797,134.35000610351562,126.69999694824219,134.13999938964844,7787500,0.0,0.0,0.0
2025-08-07,134.30999755859375,135.0800018310547,127.37999725341797,129.6300048828125,7124500,0.0,0.0,0.0
2025-08-08,130.85000610351562,132.9600067138672,128.36500549316406,128.7100067138672,5704900,0.0,0.0,0.0
2025-08-11,128.5,132.5800018310547,127.01000213623047,130.74000549316406,6810800,0.0,0.0,-0.16505
2025-08-12,131.0,133.6199951171875,128.72999572753906,129.52999877929688,5703900,0.0,0.0,0.0
2025-08-13,129.80999755859375,130.22999572753906,123.0999984741211,126.77999877929688,7721700,0.0,0.0,0.0
2025-08-14,126.91000366210938,129.27000427246094,124.97000122070312,125.27999877929688,6504200,0.0,0.0,0.0
2025-08-15,113.83000183105469,117.62999725341797,112.0,117.33999633789062,18735700,0.0,0.0,-0.46775
2025-08-18,115.45999908447266,121.30000305175781,112.12000274658203,119.94999694824219,14632500,0.0,0.0,0.0
2025-08-19,118.3499984741211,119.93000030517578,115.7249984741211,118.27999877929688,7512600,0.0,0.0,0.0
2025-08-20,117.69999694824219,120.30500030517578,114.87000274658203,118.48999786376953,14166700,0.0,0.0,0.0
2025-08-21,116.38999938964844,118.0,113.69999694824219,114.8499984741211,7005200,0.0,0.0,-0.13590000000000002
2025-08-22,115.77999877929688,119.41000366210938,114.12000274658203,117.5199966430664,7644700,0.0,0.0,0.0
2025-08-25,123.22000122070312,127.55000305175781,122.0,124.80999755859375,13501100,0.0,0.0,-0.10115
2025-08-26,123.625,126.94999694824219,122.62999725341797,124.76000213623047,13720800,0.0,0.0,0.0
2025-08-27,124.98999786376953,125.05999755859375,121.27999877929688,122.69999694824219,6751200,0.0,0.0,0.0
2025-08-28,123.7249984741211,128.13999938964844,123.21499633789062,126.87999725341797,6445800,0.0,0.0,0.0
2025-08-29,125.98999786376953,126.69999694824219,122.5999984741211,124.58999633789062,5447400,0.0,0.0,-0.13590000000000002
2025-09-02,121.20999908447266,129.00999450683594,119.16000366210938,128.47000122070312,7892100,0.0,0.0,0.0
2025-09-03,129.10499572753906,133.91000366210938,128.33999633789062,133.4600067138672,10665100,0.0,0.0,0.0
2025-09-04,134.1999969482422,135.6699981689453,127.58999633789062,129.7899932861328,8036000,0.0,0.0,0.0
2025-09-05,131.83999633789062,132.1300048828125,124.94999694824219,127.69000244140625,6947700,0.0,0.0,0.0
2025-09-08,129.74000549316406,130.6300048828125,127.20999908447266,128.47000122070312,8338000,0.0,0.0,0.0
2025-09-09,129.89999389648438,134.3800048828125,129.89999389648438,131.7899932861328,6537200,0.0,0.0,0.4201
2025-09-10,132.51499938964844,132.97000122070312,130.75999450683594,132.83999633789062,4701800,0.0,0.0,0.0
2025-09-11,134.8300018310547,136.38999938964844,131.91200256347656,132.9600067138672,8601900,0.0,0.0,0.0
2025-09-12,133.63999938964844,136.1999969482422,132.5,133.30999755859375,5252600,0.0,0.0,0.455
2025-09-15,134.32000732421875,139.97000122070312,134.22999572753906,137.25,7538900,0.0,0.0,0.6887000000000001
2025-09-16,138.2899932861328,138.72999572753906,135.14999389648438,135.83999633789062,4991100,0.0,0.0,0.0
2025-09-17,135.75,136.0,129.55999755859375,135.3800048828125,7944400,0.0,0.0,0.28595
2025-09-18,136.5,137.97999572753906,133.8300018310547,135.5399932861328,4674800,0.0,0.0,0.0
2025-09-19,136.2949981689453,137.8300018310547,134.7899932861328,135.17999267578125,16750900,0.0,0.0,0.0
2025-09-22,136.13999938964844,138.42999267578125,134.10000610351562,136.83999633789062,6625700,0.0,0.0,0.0
2025-09-23,137.4199981689453,137.83999633789062,132.1999969482422,132.22000122070312,5184600,0.0,0.0,0.0
2025-09-24,133.8800048828125,135.86500549316406,132.1750030517578,133.1300048828125,6128400,0.0,0.0,0.0
2025-09-25,130.96499633789062,133.5,128.75,132.0399932861328,4564900,0.0,0.0,0.0
2025-09-26,132.22000122070312,135.24000549316406,130.66000366210938,135.05999755859375,4097200,0.0,0.0,0.0
2025-09-29,140.7100067138672,142.0,137.69500732421875,141.55999755859375,8665300,0.0,0.0,0.0
2025-09-30,141.0,141.4499969482422,133.1199951171875,138.52000427246094,8637100,0.0,0.0,0.0
2025-10-01,136.13499450683594,137.9499969482422,134.0,134.07000732421875,6767500,0.0,0.0,0.0
2025-10-02,135.25,137.0,131.80999755859375,133.5,6564100,0.0,0.0,0.17
2025-10-03,125.22000122070312,127.98999786376953,120.55999755859375,122.69000244140625,15104300,0.0,0.0,0.0
2025-10-06,124.0,127.1050033569336,122.2300033569336,126.2699966430664,6333400,0.0,0.0,0.4455
2025-10-07,125.56999969482422,126.0999984741211,122.44000244140625,124.98999786376953,5065300,0.0,0.0,0.0
2025-10-08,128.33999633789062,128.5,124.29499816894531,125.97000122070312,4381400,0.0,0.0,0.0
2025-10-09,125.58999633789062,126.94999694824219,124.5,126.43000030517578,4899500,0.0,0.0,0.0
2025-10-10,126.44999694824219,130.1999969482422,125.66999816894531,126.80000305175781,5569600,0.0,0.0,0.0
2025-10-13,129.05999755859375,129.72000122070312,124.58000183105469,128.24000549316406,4476400,0.0,0.0,0.0
2025-10-14,129.5,137.42999267578125,124.95999908447266,133.27999877929688,8549000,0.0,0.0,0.6426499999999999
2025-10-15,138.69000244140625,141.9499969482422,136.66000366210938,138.55999755859375,8771100,0.0,0.0,0.5291
2025-10-16,138.72999572753906,139.0050048828125,133.0,134.49000549316406,6151900,0.0,0.0,0.0
2025-10-17,133.69000244140625,135.68099975585938,131.05999755859375,132.9199981689453,3396400,0.0,0.0,0.0
2025-10-20,133.90499877929688,135.85000610351562,130.49000549316406,134.83999633789062,4895700,0.0,0.0,0.0
2025-10-21,135.0,135.0,129.60000610351562,133.16000366210938,4718800,0.0,0.0,0.0
2025-10-22,133.1199951171875,133.41000366210938,125.80500030517578,128.0,6029600,0.0,0.0,0.0
2025-10-23,129.1300048828125,130.8249969482422,127.12000274658203,129.24000549316406,3578200,0.0,0.0,0.0
2025-10-24,131.41000366210938,132.5,127.6500015258789,127.70999908447266,3816300,0.0,0.0,0.33825
2025-10-27,129.64500427246094,131.25,127.66999816894531,128.49000549316406,6452600,0.0,0.0,0.0
2025-10-28,131.4499969482422,134.33999633789062,130.6199951171875,131.72000122070312,7695000,0.0,0.0,0.0
2025-10-29,131.5,134.6699981689453,130.0800018310547,133.74000549316406,7389200,0.0,0.0,0.0
2025-10-30,125.55000305175781,126.27999877929688,111.87000274658203,113.0,27951100,0.0,0.0,0.3246
2025-10-31,118.5999984741211,119.8499984741211,111.19999694824219,113.72000122070312,17482400,0.0,0.0,0.0
2025-11-03,112.93499755859375,113.5999984741211,106.0999984741211,107.66000366210938,14623100,0.0,0.0,0.7562500000000001
2025-11-04,104.93000030517578,105.73999786376953,102.6500015258789,104.12999725341797,9806900,0.0,0.0,0.647175
2025-11-05,104.5999984741211,104.83000183105469,102.11000061035156,102.23999786376953,6977300,0.0,0.0,0.0
2025-11-06,102.0,103.9800033569336,100.5999984741211,101.27999877929688,6865300,0.0,0.0,0.0
2025-11-07,101.7699966430664,107.41999816894531,101.7699966430664,106.83999633789062,8371700,0.0,0.0,0.0
2025-11-10,108.02999877929688,108.28500366210938,105.26000213623047,105.36000061035156,6315300,0.0,0.0,0.0
2025-11-11,104.87999725341797,105.52999877929688,103.55000305175781,104.68000030517578,4166600,0.0,0.0,0.0
2025-11-12,104.87999725341797,105.30000305175781,102.62999725341797,104.33999633789062,4472200,0.0,0.0,0.0
2025-11-13,104.0,104.20999908447266,99.4000015258789,101.2699966430664,7788800,0.0,0.0,0.0
2025-11-14,99.08000183105469,103.37000274658203,98.05000305175781,102.27999877929688,6381700,0.0,0.0,0.0
2025-11-17,102.25,103.7750015258789,99.80999755859375,101.2699966430664,4006500,0.0,0.0,0.0
2025-11-18,100.46499633789062,103.22000122070312,99.95999908447266,101.7300033569336,4712100,0.0,0.0,0.0
2025-11-19,100.33000183105469,100.55999755859375,94.33999633789062,97.37000274658203,10984900,0.0,0.0,0.0
2025-11-20,98.12999725341797,98.51499938964844,91.33000183105469,91.69999694824219,15268900,0.0,0.0,0.0
2025-11-21,92.12000274658203,93.2699966430664,88.22899627685547,89.25,10463000,0.0,0.0,0.0
2025-11-24,87.88999938964844,90.69999694824219,87.08000183105469,90.58000183105469,11949100,0.0,0.0,0.0
2025-11-25,89.76000213623047,91.25,87.94000244140625,91.06999969482422,7060200,0.0,0.0,0.0
2025-11-26,92.16999816894531,94.73999786376953,92.01000213623047,92.7300033569336,6793400,0.0,0.0,0.6623
2025-11-28,93.61000061035156,95.73999786376953,93.07499694824219,95.02999877929688,3131300,0.0,0.0,0.0
2025-12-01,93.01000213623047,94.16999816894531,90.6500015258789,93.79000091552734,6282500,0.0,0.0,0.0
2025-12-02,94.19000244140625,95.36000061035156,93.44999694824219,93.69999694824219,6748800,0.0,0.0,0.0
2025-12-03,92.15499877929688,93.80000305175781,91.05500030517578,92.0999984741211,5599000,0.0,0.0,0.0
2025-12-04,92.5999984741211,96.13999938964844,91.18000030517578,95.20999908447266,8113800,0.0,0.0,0.0
2025-12-05,95.66500091552734,97.91999816894531,94.1449966430664,96.27999877929688,6841300,0.0,0.0,0.0
2025-12-08,96.22000122070312,97.69000244140625,94.77999877929688,97.63999938964844,5054700,0.0,0.0,0.0
2025-12-09,97.31999969482422,99.2699966430664,96.77999877929688,99.0,5849400,0.0,0.0,0.012800000000000002
2025-12-10,99.9800033569336,99.9800033569336,94.3499984741211,94.36000061035156,8642000,0.0,0.0,0.0
2025-12-11,94.19000244140625,96.2699966430664,93.06999969482422,94.33999633789062,6115000,0.0,0.0,0.5891
2025-12-12,90.875,91.87999725341797,88.05500030517578,88.51000213623047,8443800,0.0,0.0,-0.22135000000000002
2025-12-15,87.95999908447266,88.37000274658203,85.91000366210938,86.95999908447266,7752200,0.0,0.0,0.0
2025-12-16,87.18000030517578,87.86000061035156,86.1500015258789,87.44000244140625,8234000,0.0,0.0,0.0
2025-12-17,87.5,89.19000244140625,85.26000213623047,85.91000366210938,6186000,0.0,0.0,0.61815
2025-12-18,86.68000030517578,87.2699966430664,83.5199966430664,83.91000366210938,9933900,0.0,0.0,0.0
2025-12-19,84.0999984741211,84.19999694824219,81.24500274658203,81.94000244140625,15127100,0.0,0.0,0.0
2025-12-22,82.41500091552734,83.19000244140625,81.4000015258789,81.9800033569336,6687800,0.0,0.0,0.0
2025-12-23,81.7699966430664,82.04000091552734,80.30000305175781,80.98999786376953,6093000,0.0,0.0,0.0
2025-12-24,80.69000244140625,82.12000274658203,80.41999816894531,81.87999725341797,2684200,0.0,0.0,0.0
2025-12-26,81.72000122070312,82.33999633789062,80.87000274658203,82.22000122070312,3863700,0.0,0.0,0.0
2025-12-29,81.12000274658203,82.13999938964844,80.94999694824219,81.5199966430664,4526900,0.0,0.0,0.5815
2025-12-30,81.68000030517578,82.55999755859375,81.36000061035156,81.80999755859375,5904500,0.0,0.0,0.0
2025-12-31,81.76000213623047,81.76000213623047,80.61000061035156,81.02999877929688,5311100,0.0,0.0,0.0
2026-01-02,81.44999694824219,81.77999877929688,78.80000305175781,80.94999694824219,6972200,0.0,0.0,0.0
2026-01-05,81.4000015258789,82.37999725341797,79.87999725341797,81.04000091552734,7991800,0.0,0.0,0.0
2026-01-06,79.37000274658203,79.37000274658203,74.94999694824219,75.83000183105469,15611500,0.0,0.0,0.0
2026-01-07,76.26499938964844,77.62999725341797,75.4000015258789,76.41999816894531,10933000,0.0,0.0,0.629425
2026-01-08,74.86000061035156,74.9800033569336,71.77999877929688,73.88999938964844,13371100,0.0,0.0,0.0
2026-01-09,73.75,74.0,72.05999755859375,73.2699966430664,11416600,0.0,0.0,0.0
2026-01-12,73.05000305175781,77.0,72.83000183105469,76.72000122070312,11555400,0.0,0.0,0.0
2026-01-13,76.92500305175781,85.4800033569336,76.58999633789062,84.80000305175781,25200100,0.0,0.0,-0.2832
2026-01-14,86.75,87.25,82.1500015258789,82.87000274658203,12480600,0.0,0.0,0.0
2026-01-15,83.8499984741211,88.2300033569336,82.9000015258789,84.6500015258789,13949900,0.0,0.0,0.0
2026-01-16,86.0,91.08999633789062,85.26000213623047,87.27999877929688,16423800,0.0,0.0,0.0
2026-01-20,84.55000305175781,84.76000213623047,78.34500122070312,78.83999633789062,14447500,0.0,0.0,-0.12824999999999998
2026-01-21,78.66999816894531,78.83999633789062,75.12000274658203,75.68000030517578,13210000,0.0,0.0,0.0
2026-01-22,76.4800033569336,77.2300033569336,73.41000366210938,74.69999694824219,14217900,0.0,0.0,0.0
2026-01-23,75.11000061035156,75.11000061035156,73.06999969482422,74.12000274658203,9458500,0.0,0.0,0.064
2026-01-26,73.25,74.30000305175781,70.55000305175781,74.01000213623047,15789700,0.0,0.0,0.0
2026-01-27,74.72000122070312,75.16000366210938,72.0199966430664,72.13999938964844,8158500,0.0,0.0,0.63605
2026-01-28,73.45999908447266,76.5,72.0199966430664,75.2699966430664,8974500,0.0,0.0,0.0
2026-01-29,75.12999725341797,75.75,72.43000030517578,75.7300033569336,9220600,0.0,0.0,0.0
2026-01-30,74.33000183105469,75.33000183105469,64.54000091552734,65.76000213623047,29755100,0.0,0.0,0.0
2026-02-02,67.0199966430664,69.41000366210938,66.30999755859375,67.4800033569336,12804100,0.0,0.0,0.0
2026-02-03,66.94499969482422,66.94499969482422,63.130001068115234,65.4000015258789,16417100,0.0,0.0,0.0
2026-02-04,64.5,65.05999755859375,61.83000183105469,63.06999969482422,15301800,0.0,0.0,0.0
2026-02-05,62.79999923706055,64.83999633789062,60.06999969482422,60.56999969482422,21106900,0.0,0.0,0.46085
2026-02-06,67.41000366210938,69.19999694824219,60.34000015258789,66.41999816894531,34085900,0.0,0.0,0.2949
2026-02-09,68.76000213623047,74.43000030517578,68.27999877929688,73.44999694824219,19558300,0.0,0.0,0.42915
2026-02-10,74.69999694824219,76.58000183105469,71.1500015258789,71.94000244140625,13043200,0.0,0.0,0.0
2026-02-11,71.69999694824219,73.16000366210938,66.93000030517578,68.98999786376953,11717000,0.0,0.0,-0.10115
2026-02-12,68.33999633789062,68.79000091552734,61.60499954223633,63.150001525878906,14761000,0.0,0.0,0.0
2026-02-13,64.01000213623047,64.54000091552734,62.775001525878906,63.16999816894531,8424700,0.0,0.0,0.0
2026-02-17,63.880001068115234,64.5979995727539,62.4900016784668,63.0,8686100,0.0,0.0,0.0
2026-02-18,62.7400016784668,65.7979965209961,62.5,63.060001373291016,9432900,0.0,0.0,0.0
2026-02-19,63.0,65.51000213623047,62.810001373291016,64.44000244140625,12135100,0.0,0.0,-0.6091500000000001
2026-02-20,63.619998931884766,63.650001525878906,60.33000183105469,62.0,17740200,0.0,0.0,0.5501
2026-02-23,61.70000076293945,62.84000015258789,59.70000076293945,62.43000030517578,11557400,0.0,0.0,0.0
2026-02-24,61.845001220703125,67.2300033569336,60.63999938964844,67.08999633789062,11469500,0.0,0.0,0.0
2026-02-25,66.98500061035156,68.33999633789062,66.19999694824219,68.06999969482422,7823600,0.0,0.0,0.0
2026-02-26,68.13999938964844,71.52999877929688,67.83000183105469,71.4000015258789,8930700,0.0,0.0,0.0
2026-02-27,69.72000122070312,71.19000244140625,68.1500015258789,68.66000366210938,12019800,0.0,0.0,0.0
2026-03-02,66.5,68.11000061035156,65.22000122070312,67.44000244140625,7205800,0.0,0.0,0.0
2026-03-03,64.66999816894531,67.69000244140625,63.2599983215332,66.97000122070312,9128200,0.0,0.0,0.0
2026-03-04,65.62999725341797,68.91999816894531,65.31600189208984,67.4000015258789,6757100,0.0,0.0,0.0
2026-03-05,67.77999877929688,69.91000366210938,65.04499816894531,66.08000183105469,7982200,0.0,0.0,0.0
2026-03-06,64.29000091552734,64.6500015258789,62.81999969482422,63.529998779296875,8147600,0.0,0.0,0.0
2026-03-09,62.45500183105469,64.08999633789062,61.66999816894531,62.650001525878906,11183400,0.0,0.0,0.0
2026-03-10,63.54999923706055,64.0,58.72999954223633,58.83000183105469,13852300,0.0,0.0,0.0
2026-03-11,59.45000076293945,60.7599983215332,58.70000076293945,60.38999938964844,6713000,0.0,0.0,0.0
2026-03-12,59.790000915527344,60.130001068115234,56.29999923706055,56.29999923706055,9721700,0.0,0.0,0.0
2026-03-13,56.9900016784668,58.01499938964844,55.849998474121094,56.41999816894531,7396000,0.0,0.0,0.0
2026-03-16,56.880001068115234,59.4900016784668,56.81999969482422,59.16999816894531,8331200,0.0,0.0,0.0
2026-03-17,58.80500030517578,60.560001373291016,57.25,57.790000915527344,7339100,0.0,0.0,0.0
2026-03-18,57.349998474121094,59.779998779296875,57.0,58.27000045776367,11068000,0.0,0.0,0.0
2026-03-19,57.650001525878906,59.2599983215332,56.15999984741211,57.52000045776367,8549600,0.0,0.0,0.0
2026-03-20,57.084999084472656,57.29999923706055,55.15999984741211,56.959999084472656,8864800,0.0,0.0,0.58835
2026-03-23,57.060001373291016,57.84000015258789,55.810001373291016,56.84000015258789,6536900,0.0,0.0,-0.47965
2026-03-24,56.849998474121094,57.005001068115234,54.33000183105469,55.0,7471800,0.0,0.0,0.0
2026-03-25,56.59000015258789,57.97999954223633,55.5,56.650001525878906,5838400,0.0,0.0,0.0
2026-03-26,55.5,56.650001525878906,53.47999954223633,53.849998474121094,7757800,0.0,0.0,0.0
2026-03-27,53.189998626708984,53.404998779296875,51.720001220703125,52.310001373291016,7536200,0.0,0.0,0.23515
2026-03-30,52.279998779296875,52.90999984741211,51.22999954223633,51.90999984741211,7700100,0.0,0.0,0.0
2026-03-31,53.060001373291016,57.34000015258789,52.79999923706055,56.560001373291016,13156900,0.0,0.0,0.0
2026-04-01,57.064998626708984,58.90999984741211,56.46500015258789,57.630001068115234,10895000,0.0,0.0,0.0
2026-04-02,56.369998931884766,60.22999954223633,55.79999923706055,60.11000061035156,10830300,0.0,0.0,0.0
2026-04-06,59.790000915527344,60.65999984741211,56.869998931884766,57.20000076293945,13447500,0.0,0.0,0.0
2026-04-07,56.83000183105469,57.709999084472656,55.90999984741211,57.5,3789000,0.0,0.0,0.0
2026-04-08,60.10499954223633,60.540000915527344,55.15999984741211,55.43000030517578,6754900,0.0,0.0,0.0
2026-04-09,54.79999923706055,55.75,53.20399856567383,55.16999816894531,10161000,0.0,0.0,0.0
2026-04-10,55.220001220703125,55.77000045776367,52.720001220703125,55.59000015258789,7105200,0.0,0.0,0.0
2026-04-13,55.5099983215332,58.959999084472656,55.5,57.65999984741211,10975800,0.0,0.0,0.0
2026-04-14,57.939998626708984,59.09000015258789,56.68000030517578,58.29999923706055,7586700,0.0,0.0,0.0
2026-04-15,59.0,61.20000076293945,58.880001068115234,59.790000915527344,7322000,0.0,0.0,0.0
2026-04-16,61.36000061035156,62.112998962402344,59.5,60.439998626708984,6827300,0.0,0.0,0.0
2026-04-17,61.7400016784668,62.9900016784668,59.65999984741211,60.34000015258789,7999900,0.0,0.0,0.0
2026-04-20,60.0,62.275001525878906,59.689998626708984,61.83000183105469,5693300,0.0,0.0,0.0
2026-04-21,62.0099983215332,64.41999816894531,60.84000015258789,61.2599983215332,7915800,0.0,0.0,0.0
2026-04-22,62.310001373291016,63.0,59.630001068115234,59.63999938964844,7668600,0.0,0.0,0.0
2026-04-23,58.459999084472656,58.459999084472656,53.970001220703125,55.45000076293945,10759900,0.0,0.0,0.4748
2026-04-24,54.849998474121094,56.189998626708984,52.619998931884766,56.09000015258789,11981400,0.0,0.0,0.0
2026-04-27,55.724998474121094,57.86000061035156,55.45000076293945,57.52000045776367,7355000,0.0,0.0,0.0
2026-04-28,57.060001373291016,58.88999938964844,55.91999816894531,56.11000061035156,6501500,0.0,0.0,0.0
2026-04-29,55.650001525878906,56.88999938964844,53.90999984741211,56.279998779296875,7028500,0.0,0.0,0.0
2026-04-30,55.709999084472656,56.81999969482422,54.90999984741211,55.2599983215332,23970800,0.0,0.0,0.0
2026-05-01,42.380001068115234,47.4379997253418,41.75,45.130001068115234,53403900,0.0,0.0,0.08682500000000001
2026-05-04,44.91999816894531,48.43000030517578,44.599998474121094,47.56999969482422,17674500,0.0,0.0,-0.29205
2026-05-05,47.130001068115234,47.58000183105469,43.5,44.040000915527344,18962200,0.0,0.0,-0.1591
2026-05-06,44.209999084472656,44.63999938964844,43.36000061035156,43.7599983215332,13990700,0.0,0.0,0.0
2026-05-07,44.290000915527344,45.97999954223633,44.16999816894531,44.779998779296875,10619800,0.0,0.0,0.0
2026-05-08,44.130001068115234,44.48899841308594,41.65999984741211,41.90999984741211,17103400,0.0,0.0,0.0
2026-05-11,41.26499938964844,42.380001068115234,40.95000076293945,41.310001373291016,14349000,0.0,0.0,0.0
2026-05-12,42.040000915527344,43.47600173950195,41.45500183105469,41.540000915527344,14013500,0.0,0.0,0.0
2026-05-13,41.119998931884766,42.2400016784668,40.150001525878906,41.959999084472656,10781300,0.0,0.0,0.0
2026-05-14,42.04999923706055,43.939998626708984,41.310001373291016,43.720001220703125,10278600,0.0,0.0,0.0
2026-05-15,43.790000915527344,44.189998626708984,42.06999969482422,42.849998474121094,11437500,0.0,0.0,0.0
2026-05-18,42.81999969482422,47.599998474121094,42.650001525878906,46.97999954223633,16138500,0.0,0.0,0.5232
2026-05-19,47.08000183105469,47.529998779296875,43.880001068115234,44.45000076293945,14108000,0.0,0.0,0.0
2026-05-20,45.20000076293945,45.96500015258789,43.784000396728516,45.790000915527344,12096400,0.0,0.0,0.7706500000000001
2026-05-21,45.2400016784668,46.93000030517578,44.933998107910156,46.13999938964844,9001000,0.0,0.0,0.0
2026-05-22,46.36000061035156,48.369998931884766,46.36000061035156,48.15999984741211,10128100,0.0,0.0,0.0
2026-05-26,48.25,48.529998779296875,44.900001525878906,46.0,12287200,0.0,0.0,0.7004
2026-05-27,45.880001068115234,46.95000076293945,45.61000061035156,45.630001068115234,8353100,0.0,0.0,0.0
2026-05-28,45.76499938964844,47.66999816894531,45.40999984741211,46.83000183105469,9258500,0.0,0.0,0.0
2026-05-29,46.52000045776367,47.84000015258789,46.2400016784668,47.150001525878906,11055300,0.0,0.0,0.0
2026-06-01,47.7599983215332,47.9900016784668,45.83000183105469,47.0,10221900,0.0,0.0,0.0
2026-06-02,46.869998931884766,48.0,44.349998474121094,45.0,9087300,0.0,0.0,0.0
2026-06-03,44.38999938964844,44.810001373291016,42.689998626708984,43.68000030517578,8856400,0.0,0.0,0.0
2026-06-04,44.36000061035156,45.04999923706055,43.2599983215332,43.349998474121094,7976400,0.0,0.0,0.6085
2026-06-05,43.255001068115234,43.84000015258789,41.06999969482422,41.81999969482422,9329300,0.0,0.0,0.0
2026-06-08,41.66999816894531,42.880001068115234,40.95000076293945,42.29999923706055,9724500,0.0,0.0,0.38115
2026-06-09,42.06999969482422,44.56999969482422,41.599998474121094,43.0,14585100,0.0,0.0,0.0
2026-06-10,42.04499816894531,43.150001525878906,41.404998779296875,41.5,9279000,0.0,0.0,0.4677
2026-06-11,41.25,43.599998474121094,40.68000030517578,43.4900016784668,11652700,0.0,0.0,0.0
2026-06-12,43.630001068115234,44.0,41.6349983215332,43.310001373291016,10504500,0.0,0.0,0.0
2026-06-15,44.09000015258789,45.81999969482422,43.560001373291016,45.65999984741211,9509000,0.0,0.0,0.007300000000000029
2026-06-16,45.900001525878906,49.654998779296875,45.529998779296875,49.34000015258789,14044300,0.0,0.0,0.369475
2026-06-17,48.88999938964844,50.84000015258789,47.61000061035156,48.02000045776367,13594400,0.0,0.0,0.0
2026-06-18,48.970001220703125,53.02000045776367,48.15999984741211,51.529998779296875,21822000,0.0,0.0,0.0
2026-06-22,48.20000076293945,49.5,46.02000045776367,47.27000045776367,21752700,0.0,0.0,0.4403
2026-06-23,46.70000076293945,49.47999954223633,46.279998779296875,47.11000061035156,12258200,0.0,0.0,0.48717499999999997
2026-06-24,47.0,49.540000915527344,46.599998474121094,47.939998626708984,8146400,0.0,0.0,0.0
2026-06-25,47.7400016784668,47.7400016784668,45.150001525878906,46.38999938964844,9577900,0.0,0.0,-0.005024999999999974
2026-06-26,45.935001373291016,47.689998626708984,44.70000076293945,47.560001373291016,10790300,0.0,0.0,0.32732
2026-06-29,50.900001525878906,55.35200119018555,50.790000915527344,54.34000015258789,16926900,0.0,0.0,-0.26335
2026-06-30,54.52000045776367,55.9900016784668,53.900001525878906,54.380001068115234,9513900,0.0,0.0,0.044550000000000034
2026-07-01,55.459999084472656,58.43000030517578,55.0099983215332,57.95000076293945,13709800,0.0,0.0,0.225175
2026-07-02,54.400001525878906,56.04999923706055,53.29999923706055,55.40999984741211,8715000,0.0,0.0,0.0
2026-07-06,55.11000061035156,58.400001525878906,54.97999954223633,57.029998779296875,7864200,0.0,0.0,0.0
2026-07-07,57.380001068115234,58.095001220703125,56.20000076293945,56.709999084472656,7311000,0.0,0.0,0.0
2026-07-08,55.84000015258789,55.91999816894531,53.560001373291016,55.119998931884766,6157500,0.0,0.0,0.0
2026-07-09,54.369998931884766,56.45000076293945,54.369998931884766,56.43000030517578,6061900,0.0,0.0,0.0
2026-07-10,57.65999984741211,58.099998474121094,54.20000076293945,55.349998474121094,6418300,0.0,0.0,0.24249999999999997
2026-07-13,55.529998779296875,57.54499816894531,55.029998779296875,55.029998779296875,6296800,0.0,0.0,0.0
2026-07-14,54.869998931884766,55.36000061035156,53.88999938964844,54.470001220703125,5298300,0.0,0.0,0.0
2026-07-15,56.0,57.224998474121094,55.09000015258789,57.06999969482422,6443600,0.0,0.0,0.0
2026-07-16,56.90999984741211,57.47999954223633,53.630001068115234,54.0099983215332,8761600,0.0,0.0,0.0
2026-07-17,52.18000030517578,52.79999923706055,50.560001373291016,51.68000030517578,7403500,0.0,0.0,-0.10115
2026-07-20,52.0,55.41999816894531,51.7400016784668,53.25,9517000,0.0,0.0,0.728
2026-07-21,52.81999969482422,53.959999084472656,52.439998626708984,52.5,5351200,0.0,0.0,0.0
2026-07-22,52.40999984741211,52.53499984741211,49.61000061035156,49.63999938964844,5892500,0.0,0.0,0.0
2026-07-23,48.70000076293945,49.0,47.130001068115234,47.54999923706055,5478800,0.0,0.0,0.17665000000000003
2026-07-24,48.1619987487793,48.65999984741211,47.13999938964844,47.54999923706055,4720800,0.0,0.0,0.0
2026-07-27,48.369998931884766,48.779998779296875,45.7599983215332,48.41999816894531,8413200,0.0,0.0,0.0
2026-07-28,48.61000061035156,50.689998626708984,47.369998931884766,49.5,6619400,0.0,0.0,0.729825
2026-07-29,49.369998931884766,51.04999923706055,48.599998474121094,50.130001068115234,6965300,0.0,0.0,0.0
2026-07-30,49.459999084472656,50.91999816894531,47.5,48.66999816894531,26434200,0.0,0.0,0.0
2026-07-31,38.880001068115234,40.0,33.880001068115234,35.599998474121094,63121200,0.0,0.0,0.0
2026-08-03,35.58000183105469,37.9900016784668,35.029998779296875,36.66999816894531,25077900,0.0,0.0,0.467575
2026-08-04,36.63999938964844,38.279998779296875,36.63999938964844,37.0,26983600,0.0,0.0,0.37529999999999997
2026-08-05,37.45000076293945,37.88999938964844,35.529998779296875,36.189998626708984,14982100,0.0,0.0,0.6998
2026-08-06,35.599998474121094,37.084999084472656,35.400001525878906,36.040000915527344,8690600,0.0,0.0,0.5799666666666666
2026-08-07,36.790000915527344,37.9900016784668,36.2400016784668,37.790000915527344,18477700,0.0,0.0,0.0
2026-08-10,37.84000015258789,39.68000030517578,37.040000915527344,37.04999923706055,14201900,0.0,0.0,0.0
2026-08-11,36.70000076293945,37.45500183105469,36.185001373291016,36.220001220703125,24667900,0.0,0.0,0.0
2026-08-12,36.29999923706055,36.58000183105469,35.15999984741211,35.540000915527344,11282900,0.0,0.0,0.0
2026-08-13,35.88999938964844,38.290000915527344,35.40999984741211,37.95000076293945,11186300,0.0,0.0,0.0
2026-08-14,38.4900016784668,39.13999938964844,37.95000076293945,38.22999954223633,9555300,0.0,0.0,0.0
2026-08-17,38.07500076293945,38.63999938964844,37.43000030517578,37.93000030517578,10833300,0.0,0.0,0.0
2026-08-18,37.849998474121094,38.779998779296875,37.619998931884766,37.66999816894531,8055700,0.0,0.0,0.0
2026-08-19,38.060001373291016,40.189998626708984,37.81999969482422,38.689998626708984,12906500,0.0,0.0,0.0
2026-08-20,38.540000915527344,39.099998474121094,37.20000076293945,38.630001068115234,11458800,0.0,0.0,0.0
2026-08-21,38.7400016784668,39.375,38.060001373291016,38.369998931884766,9806900,0.0,0.0,0.0
2026-08-24,38.560001373291016,39.97999954223633,38.33000183105469,38.7599983215332,8335700,0.0,0.0,0.0
2026-08-25,38.88999938964844,39.95000076293945,38.21500015258789,39.119998931884766,8208400,0.0,0.0,-0.32839999999999997
2026-08-26,39.040000915527344,39.95000076293945,37.404998779296875,37.560001373291016,11635300,0.0,0.0,0.0
2026-08-27,37.75,38.595001220703125,37.310001373291016,38.150001525878906,11486400,0.0,0.0,0.0
2026-08-31,38.58000183105469,41.58000183105469,38.2599983215332,41.290000915527344,19571200,0.0,0.0,0.46155
2026-09-01,40.79999923706055,40.9900016784668,39.349998474121094,40.66999816894531,9234900,0.0,0.0,0.0
2026-09-02,39.88999938964844,41.279998779296875,39.374000549316406,41.209999084472656,6535200,0.0,0.0,0.0
2026-09-03,41.75,43.28390121459961,41.47309875488281,41.685001373291016,3558178,0.0,0.0,0.0
