Date,Open,High,Low,Close,Volume,Dividends,Stock Splits,sent
2021-09-07,104.00472184811733,104.04025250165913,102.56576765196051,102.85000610351562,4264900,0.0,0.0,0.3643
2021-09-08,103.12535714506873,104.98179477119785,102.60129526859235,104.84855651855469,5548400,0.0,0.0,0.327325
2021-09-09,104.79526292037123,106.65169375186764,104.63537837409287,105.51473999023438,4711200,0.0,0.0,0.06518749999999998
2021-09-10,106.01215736763668,107.26458746422267,105.60356502615744,106.0032730102539,6517900,0.0,0.0,-0.012329999999999997
2021-09-13,106.49182181024231,106.72276768815286,105.31045289939885,105.86116790771484,4381100,0.0,0.0,0.35357500000000003
2021-09-14,106.3408116538524,106.46516555106639,105.13279655796289,105.57691955566406,4722800,0.0,0.0,0.2359
2021-09-15,103.8892521942547,103.9425447861201,100.47839077928487,101.82852172851562,11556200,0.0,0.0,0.04733333333333333
2021-09-16,101.96175553007158,102.38810979992503,100.54056333592852,101.85516357421875,7997000,0.0,0.0,0.41283000000000003
2021-09-17,101.73970036940223,102.01505446818413,100.47839264215554,100.7359848022461,9261000,0.0,0.0,0.32631666666666664
2021-09-20,98.90619272096716,99.72337743086896,98.04459299946618,99.32366943359375,7795200,0.0,0.0,0.2144375
2021-09-21,99.4125014268263,100.90475513901139,99.2615012169503,99.6789779663086,5468400,0.0,0.0,0.0
2021-09-22,100.42507560476515,101.28667518047133,99.76777556035373,100.4339599609375,4578200,0.0,0.0,0.09685833333333334
2021-09-23,100.7182149040997,101.89069937056306,100.46062274703391,101.3843994140625,3842000,0.0,0.0,0.1768625
2021-09-24,101.37551950762206,102.02394210757296,101.04687280541562,101.35775756835938,3955000,0.0,0.0,0.50615
2021-09-27,100.91363024000341,101.85516884671556,100.29186074062356,100.9758071899414,3988800,0.0,0.0,0.0
2021-09-28,100.08755178587579,100.37179021275226,98.66635965149344,99.2259521484375,5917700,0.0,0.0,0.25998333333333334
2021-09-29,99.39472095316685,99.94542909279923,99.10159816974911,99.6345443725586,4389100,0.0,0.0,0.2750833333333333
2021-09-30,99.05719109408312,99.62567476961446,97.98241424560547,97.98241424560547,5974500,0.0,0.0,0.22757
2021-10-01,98.49758970761026,100.7803814551329,98.18670499039484,100.30072784423828,5636900,0.0,0.0,0.123475
2021-10-04,99.86549063148236,100.44285184394266,98.61306061167866,99.00389099121094,4497700,0.0,0.0,0.123475
2021-10-05,98.71078209200776,99.02167363406565,97.7337127825134,98.46207427978516,5884000,0.0,0.0,0.20120000000000002
2021-10-06,97.86694943035481,99.50131889898442,97.24517991006736,99.16378784179688,5734500,0.0,0.0,0.5213
2021-10-07,99.82108992566815,100.35404298385272,99.5279738758022,99.67008972167969,5549500,0.0,0.0,-0.0929
2021-10-08,99.99874086522178,100.06980217488835,98.71078004043804,98.79072570800781,3787000,0.0,0.0,0.17866666666666667
2021-10-11,100.27410762126829,100.86923091706161,98.5242616164243,98.54203033447266,5987300,0.0,0.0,0.24253749999999996
2021-10-12,99.234859961106,99.36809823761782,98.29332122017486,98.59532165527344,3866800,0.0,0.0,0.0
2021-10-13,98.94171070498061,99.02165636026585,97.18298761004652,98.38211822509766,4806500,0.0,0.0,0.4762
2021-10-14,98.66636500233336,100.02538026631247,98.60418805485652,99.36808013916016,5194900,0.0,0.0,0.2308416666666667
2021-10-15,99.88327173925623,100.3007484926516,98.55090258252032,98.99502563476562,5860900,0.0,0.0,0.0
2021-10-18,98.98613210596407,100.87809356408616,98.55977106271376,100.70044708251953,4958400,0.0,0.0,0.10115
2021-10-19,101.02909120888103,101.7396906708243,100.15861398361817,100.8070297241211,5799300,0.0,0.0,0.0752125
2021-10-20,100.4250968560929,102.24600398039539,100.11421209205531,101.13569641113281,7645200,0.0,0.0,-0.04774999999999999
2021-10-21,101.19787912410203,101.75747173122161,100.9136406412632,101.65088653564453,3684300,0.0,0.0,0.08568
2021-10-22,101.62423465614727,102.1305346376753,101.32222747277672,101.74858856201172,3396400,0.0,0.0,0.16353333333333334
2021-10-25,101.91732469639285,102.04167857052346,100.69154788991499,101.89067840576172,4290600,0.0,0.0,0.0
2021-10-26,102.07723236083984,102.39700147447033,101.48210914588621,102.07723236083984,5948000,0.0,0.0,0.1368
2021-10-27,102.65456751678025,102.65456751678025,100.44283735758725,100.82478332519531,5853900,0.0,0.0,-0.2294
2021-10-28,101.02911509846103,101.79300732880924,99.89216111192798,100.5494613647461,7697600,0.0,0.0,-0.013469999999999992
2021-10-29,95.48645500149718,95.92169368958703,92.39535561594464,94.21626281738281,27419600,0.0,0.0,0.02721176470588235
2021-11-01,95.24663431999984,97.84031136099398,95.21998124393518,97.52942657470703,14184600,0.0,0.0,0.3018875
2021-11-02,97.92913302008888,99.32367913306793,97.5205406252368,98.99502563476562,11538900,0.0,0.0,0.24107499999999998
2021-11-03,98.88844428076548,100.30075238891337,97.80478290690647,100.02539825439453,6422600,0.0,0.0,0.36065
2021-11-04,99.12824903461673,99.85661045995934,98.53312586031535,99.62567138671875,8212600,0.0,0.0,0.20789999999999997
2021-11-05,100.58497309928461,104.21790268941284,100.49614985644475,103.84484100341797,10256800,0.0,0.0,0.06596666666666669
2021-11-08,103.49841351212513,104.3422512176466,101.76633664711466,102.2904052734375,8753300,0.0,0.0,0.0
2021-11-09,101.83740287362741,102.68123384318059,100.70044910450265,101.3755111694336,6754700,0.0,0.0,0.2495666666666667
2021-11-10,100.7243158008336,102.10702967337204,100.44776758152548,101.02761840820312,6563700,0.49,0.0,0.2906125
2021-11-11,101.02759618828776,101.02759618828776,98.610071303725,99.4129409790039,7191900,0.0,0.0,0.09545
2021-11-12,99.68055824976,100.12659619568554,99.10070755885701,99.6627197265625,7350400,0.0,0.0,0.5017
2021-11-15,100.01956594132227,101.38444116471938,99.53784407318211,99.79654693603516,6566100,0.0,0.0,0.0
2021-11-16,100.16229075580013,100.90271545863041,99.47539524028265,100.11769104003906,7965000,0.0,0.0,0.12316666666666669
2021-11-17,100.10875461523256,100.90270159025349,99.60919430897185,100.37637329101562,5768600,0.0,0.0,-0.0386
2021-11-18,100.0195596438915,101.00976450950098,99.32373467416632,100.71537780761719,5632100,0.0,0.0,0.42307500000000003
2021-11-19,100.56371740170235,100.71536866854827,97.92316679568506,98.82416534423828,6921800,0.0,0.0,0.045366666666666666
2021-11-22,99.1185800100514,100.43884887989918,98.72606433231249,99.42188262939453,5967300,0.0,0.0,0.1909
2021-11-23,99.91250929156526,101.79479014502024,99.71625148792546,101.32199096679688,7911000,0.0,0.0,0.3753
2021-11-24,101.17033103160954,101.92859418500298,100.87594435132769,101.66989135742188,4464300,0.0,0.0,0.0
2021-11-26,98.13727422762173,98.86877621248559,97.45929462023597,98.71712493896484,6703200,0.0,0.0,0.0
2021-11-29,99.34157692354998,99.63596361630279,97.78936669830681,98.77957153320312,7114100,0.0,0.0,0.0
2021-11-30,97.72692925586718,99.10072031689806,97.28089125251954,97.80721282958984,9483300,0.0,0.0,0.0
2021-12-01,98.98475415656941,101.11681529545426,96.83485449196164,96.9329833984375,7618500,0.0,0.0,0.0
2021-12-02,97.38791756112306,99.98386151551887,97.38791756112306,99.39508819580078,7709400,0.0,0.0,-0.037099999999999994
2021-12-03,99.7787021375743,100.67077816349092,98.19973056634186,99.23453521728516,7014100,0.0,0.0,0.38470000000000004
2021-12-06,99.92143876308558,101.84831946297989,99.65381322971135,101.12574005126953,8280200,0.0,0.0,0.0
2021-12-07,102.6422580574023,104.54238421318317,102.40140054219036,103.71275329589844,8786900,0.0,0.0,0.15905833333333333
2021-12-08,103.28455772661674,104.06066629328686,102.72255229930374,103.7038345336914,5807000,0.0,0.0,0.197275
2021-12-09,103.30241642210767,103.84658339453954,102.80284917164525,102.9009780883789,5664700,0.0,0.0,0.36943000000000004
2021-12-10,103.32022673639108,104.45316009385802,103.28454288495922,104.13201904296875,6110800,0.0,0.0,0.0
2021-12-13,103.62356133769175,104.2212506814163,102.7850076395705,103.08831024169922,6479400,0.0,0.0,0.1088
2021-12-14,102.20514225896449,102.85636070309171,101.72342042481547,102.33003234863281,6854600,0.0,0.0,0.09686
2021-12-15,102.41924349197625,102.76715258786957,100.59049177361383,102.30327606201172,6902400,0.0,0.0,0.37148333333333333
2021-12-16,102.58874788191774,102.94557967053316,101.0008535688794,101.33091735839844,7544400,0.0,0.0,0.50335
2021-12-17,99.26127628060816,99.73408219550696,96.54044903689982,96.90619659423828,13696900,0.0,0.0,0.08586666666666669
2021-12-20,95.5145773540463,96.45125987944985,95.10422320945038,96.42449188232422,6313700,0.0,0.0,0.2553
2021-12-21,97.23627336333524,98.93121893912529,97.1203059461808,98.45841979980469,4682200,0.0,0.0,0.019349999999999992
2021-12-22,98.30677462306366,99.71625636726436,98.12836214156985,99.68057250976562,3643300,0.0,0.0,0.057225000000000005
2021-12-23,100.11768651104026,100.72429842714686,99.90358338347367,100.2425765991211,3359600,0.0,0.0,0.0
2021-12-27,100.44775588271705,102.0267342084795,100.26042074010111,101.8929214477539,3716700,0.0,0.0,-0.16831666666666667
2021-12-28,101.69668492673385,103.73061753630834,101.5271882739356,103.09724426269531,4561600,0.0,0.0,0.067275
2021-12-29,102.94556310603284,104.33719937111084,102.86527273366339,103.81979370117188,4215300,0.0,0.0,0.31935
2021-12-30,103.81980587114411,104.67619804281088,103.55218714587323,103.69491577148438,4068700,0.0,0.0,0.358925
2021-12-31,103.18642130895874,104.801083372205,103.12397626602652,104.34612274169922,3674900,0.0,0.0,0.03456250000000001
2022-01-03,103.90010532487604,105.08656818123855,102.39249452534773,104.08744049072266,5475700,0.0,0.0,0.02855000000000002
2022-01-04,104.28367656029103,104.41748930968474,101.84830630052292,101.91075134277344,8367600,0.0,0.0,0.2997
2022-01-05,102.05349410954486,102.55305448353995,98.48519016729504,98.5208740234375,8662300,0.0,0.0,-0.148
2022-01-06,98.12835107461609,99.80545135191348,98.11942840974773,99.14531707763672,6099900,0.0,0.0,0.11691666666666667
2022-01-07,96.54045248782991,97.8696436387416,95.88031824459843,95.96060180664062,11266400,0.0,0.0,-0.003912500000000006
2022-01-10,95.11314324663324,95.46105233365417,93.1505720109772,94.5868148803711,8499400,0.0,0.0,0.22669999999999998
2022-01-11,94.59573640760313,94.71170383321486,92.51719776995014,92.81158447265625,13073200,0.0,0.0,0.229725
2022-01-12,93.16840269416517,93.953426981408,92.49042315163814,92.65991973876953,11810500,0.0,0.0,0.17
2022-01-13,92.90973561166028,93.37361223113633,91.07205405073316,91.34860229492188,9818500,0.0,0.0,0.465675
2022-01-14,90.91146834453137,90.91146834453137,88.39580749305031,89.31465148925781,13703200,0.0,0.0,0.086475
2022-01-18,88.46717142578173,88.63666803630468,86.98632886952676,87.18258666992188,11396000,0.0,0.0,0.30935
2022-01-19,87.36993404263247,87.7713655589409,86.33512251597008,86.41541290283203,10856800,0.0,0.0,0.17851999999999998
2022-01-20,86.96847477636588,88.26198887318667,85.27352925991035,85.3895034790039,20311500,0.0,0.0,0.15290714285714285
2022-01-21,85.55009251626706,87.78920525405569,85.1664995516738,85.91584014892578,13438300,0.0,0.0,-0.15607500000000002
2022-01-24,84.52418172020373,87.73565322647357,84.22087921626631,87.51263427734375,17201400,0.0,0.0,0.3065
2022-01-25,86.23698146683425,87.50372769728585,84.8631836709644,86.54029083251953,12368500,0.0,0.0,0.04217
2022-01-26,87.15581451121929,87.99436805249216,84.65800602312856,85.26461791992188,11863000,0.0,0.0,0.005149999999999988
2022-01-27,86.19237811892232,86.68301579290737,84.80073505114852,85.03267669677734,7322200,0.0,0.0,-0.008075
2022-01-28,84.80072460569777,86.72761162865326,83.66779131782921,86.71868896484375,8345400,0.0,0.0,-0.003949999999999995
2022-01-31,86.55813680567319,87.78028342686945,86.01396987846901,87.70891571044922,8807700,0.0,0.0,0.18545714285714285
2022-02-01,87.7981310066246,88.3422979899427,86.35297203309193,88.1014404296875,11601900,0.0,0.0,0.03655
2022-02-02,85.46087979281856,88.44933290120011,84.5152746460057,87.18258666992188,15578800,0.0,0.0,0.045063636363636354
2022-02-03,86.38864797325809,86.95066028326298,85.34492054896423,85.58578491210938,8901100,0.0,0.0,-0.04389
2022-02-04,85.11296967746641,85.58576884212364,83.70348804267736,84.7472152709961,8267600,0.0,0.0,0.3308833333333333
2022-02-07,85.05945379392692,85.73743352779684,84.64017694279684,84.9167251586914,6849000,0.0,0.0,0.19415
2022-02-08,85.00592047546449,85.66605479129234,84.16736688103482,84.67584991455078,7161000,0.0,0.0,0.0903
2022-02-09,85.86231444244504,87.39668624144142,85.8177079203348,86.6473388671875,9353700,0.0,0.0,-0.11315
2022-02-10,85.58935574523731,86.79976325377743,85.15899197533845,85.45486450195312,9098800,0.49,0.0,0.17058
2022-02-11,85.70589103369565,86.51283146326195,83.70647918986121,84.03822326660156,6924800,0.0,0.0,0.419775
2022-02-14,84.0561731373137,84.71965461526841,82.86369458601689,83.96651458740234,7948500,0.0,0.0,0.1862
2022-02-15,85.31140219868925,85.58934571921152,84.60308811817339,84.73757934570312,7722200,0.0,0.0,-0.010449999999999996
2022-02-16,84.58514824917246,85.67003908283729,83.52716797263723,85.33829498291016,6545800,0.0,0.0,-0.031275
2022-02-17,84.65687939302242,84.84516436984521,83.1864575202569,83.42854309082031,6578200,0.0,0.0,0.0129
2022-02-18,82.98921425077287,84.32515189520447,82.96231737104085,83.68856048583984,6210600,0.0,0.0,0.2787
2022-02-22,83.92167723962025,84.31618304596971,82.8098962332364,83.48234558105469,8622500,0.0,0.0,0.125
2022-02-23,84.17272210436482,84.17272210436482,80.19182670182818,80.38011169433594,9674800,0.0,0.0,0.0
2022-02-24,78.45241516312159,81.76982883953049,78.22826540551266,81.59947967529297,9260500,0.0,0.0,-0.0007749999999999979
2022-02-25,81.85950295565766,83.19543373831077,80.94496801627803,83.00714874267578,7039400,0.0,0.0,0.29115
2022-02-28,81.85053618508668,82.76506429665092,81.24981640393624,82.29883575439453,8591500,0.0,0.0,0.0
2022-03-01,82.02984242858832,82.04777823967352,80.38010351514893,80.8194351196289,7100700,0.0,0.0,0.367875
2022-03-02,81.38428468291939,83.63474999044807,81.22289659631359,83.17748260498047,10721100,0.0,0.0,-0.19317499999999999
2022-03-03,83.81406868613261,83.83199765441752,81.66222994508364,82.0656967163086,6587400,0.0,0.0,0.20110833333333336
2022-03-04,81.56362292649874,81.73397894802252,80.20078843532522,80.72081756591797,7179800,0.0,0.0,0.0
2022-03-07,80.72978559623515,80.73875350277868,75.62813441380422,75.72676086425781,14608700,0.0,0.0,0.148925
2022-03-08,75.99575604466165,77.93240691090163,75.09915677461305,75.31433868408203,10692000,0.0,0.0,0.2589666666666666
2022-03-09,77.555810981573,79.01726484153332,77.40339079824427,78.54206848144531,8811600,0.0,0.0,-0.47067499999999995
2022-03-10,77.1882153773049,78.32690009658472,76.74888372145703,78.1475830078125,9114300,0.0,0.0,-0.011725
2022-03-11,79.21451815850905,79.62695286659262,74.00528029710799,74.1756362915039,15351700,0.0,0.0,-0.0757
2022-03-14,73.80801728178089,73.82594624901236,70.75957981445265,71.09132385253906,18199300,0.0,0.0,-0.17938333333333334
2022-03-15,72.17623717209415,74.81224106647271,71.97898424931628,74.52532958984375,12542300,0.0,0.0,0.031124999999999986
2022-03-16,78.90967737499973,80.7745980364129,76.7668063809543,78.37171936035156,21207900,0.0,0.0,0.12883
2022-03-17,78.41656990482429,78.8559016237783,77.11650372321141,78.59589385986328,8554200,0.0,0.0,0.1369357142857143
2022-03-18,77.2151275365463,80.46978025299788,76.19300496970996,80.33528900146484,23784200,0.0,0.0,0.3744
2022-03-21,80.34425655567435,80.44288301699753,77.08063594600516,77.87860870361328,11925300,0.0,0.0,0.0
2022-03-22,78.362754280058,79.88696984992279,78.13860452916568,78.80208587646484,8447400,0.0,0.0,-0.4716
2022-03-23,78.32690152651443,78.6407098578489,77.19718469320173,77.30477905273438,7670500,0.0,0.0,0.18575
2022-03-24,77.85169505636883,78.13860647102086,76.71301046285367,78.11170959472656,6163400,0.0,0.0,0.0797
2022-03-25,78.3537913893484,78.60483803193367,77.30477212975656,78.40758514404297,7048100,0.0,0.0,0.23074444444444442
2022-03-28,78.43449085756511,79.27728934475844,77.77997051659324,79.24142456054688,5981000,0.0,0.0,0.2614
2022-03-29,80.42492782108899,82.3974497317039,80.38906988062088,81.7967300415039,8963200,0.0,0.0,0.7328
2022-03-30,81.36635451214619,82.07466850176291,81.05254624852031,81.61740112304688,8122100,0.0,0.0,-0.008937500000000001
2022-03-31,81.8774374977947,83.05198024401092,81.56362915039062,81.56362915039062,11306100,0.0,0.0,0.25998
2022-04-01,82.03881409736022,82.38848718397718,81.12428606478692,82.02984619140625,6516300,0.0,0.0,0.17983333333333332
2022-04-04,78.8020900914252,79.313151277175,77.2689065341758,78.98140716552734,16243100,0.0,0.0,0.34121363636363644
2022-04-05,77.60961798746567,77.66341858645349,75.15293830295344,75.42192077636719,17525800,0.0,0.0,0.2057785714285714
2022-04-06,75.0005236191905,75.21570550946977,73.58389525712502,74.74050903320312,10567000,0.0,0.0,0.13334374999999998
2022-04-07,74.40876731337909,74.86603483068151,73.02800369444314,74.52532958984375,10869100,0.0,0.0,0.01041428571428571
2022-04-08,74.58807726232011,74.58807726232011,72.92936354510418,73.09075164794922,9286800,0.0,0.0,0.24695
2022-04-11,72.5169254030431,73.28800109821198,71.98793527104758,72.33760833740234,8623200,0.0,0.0,0.36617500000000003
2022-04-12,72.47211393887362,72.86661292967254,71.41412662441893,71.5396499633789,8472500,0.0,0.0,0.20042500000000002
2022-04-13,71.62033908388345,72.90247616786243,71.37826031832492,72.55280303955078,8604400,0.0,0.0,0.27516250000000003
2022-04-14,72.40038150811345,72.69626086993061,71.05548278040855,71.27963256835938,9567200,0.0,0.0,0.327075
2022-04-18,70.86718471064643,71.70102204167438,70.7237255893693,71.36927795410156,7797300,0.0,0.0,-0.06524999999999999
2022-04-19,71.3872202041093,73.10868877167815,71.19893522082909,72.82177734375,8622100,0.0,0.0,0.3015125
2022-04-20,72.90244741868142,73.09073234886736,71.72790516063792,71.88032531738281,8368800,0.0,0.0,0.13924999999999998
2022-04-21,72.66935922343521,72.79488254921382,70.5892496013075,70.79546356201172,8152500,0.0,0.0,0.15910000000000002
2022-04-22,70.73270889247073,71.26170596670393,69.73748325360775,69.86300659179688,10315500,0.0,0.0,0.09312142857142856
2022-04-25,69.3788440861138,70.00646763451446,68.79606007471835,69.91680908203125,10259000,0.0,0.0,0.14758333333333332
2022-04-26,69.47745872185297,69.55815619371057,67.80978393554688,67.80978393554688,8800500,0.0,0.0,0.125
2022-04-27,67.58563314082382,68.52706486858408,66.95801654932218,67.01181030273438,8467300,0.0,0.0,0.1346
2022-04-28,67.80081821798936,69.12778089508093,67.11940106892459,68.66155242919922,8818500,0.0,0.0,0.11355
2022-04-29,68.15943051989503,68.83187954840447,66.77867453433359,66.92212677001953,9199300,0.0,0.0,0.08778333333333332
2022-05-02,67.46908867963701,67.89049139112082,65.87314322462005,67.5766830444336,12379000,0.0,0.0,0.10451666666666666
2022-05-03,67.89048298111052,67.9532446426733,65.79243759078282,66.64421081542969,15570100,0.0,0.0,0.15893
2022-05-04,71.10926407055402,74.30116114277592,69.86299201533934,73.1983413696289,30199700,0.0,0.0,0.2847875
2022-05-05,72.11347856248945,72.82179279685558,69.15469827620151,69.46851348876953,19114700,0.0,0.0,0.279225
2022-05-06,69.06502500768062,69.21744520728502,67.43321498004254,68.60775756835938,11165800,0.0,0.0,0.28508333333333336
2022-05-09,67.4601081559884,68.6346575203651,65.74760758976367,65.89105987548828,12863600,0.0,0.0,-0.00785
2022-05-10,67.11044057195166,67.28976449439968,64.20546143337582,64.42961120605469,14085900,0.0,0.0,0.04933333333333333
2022-05-11,64.15166084729726,64.51029497299663,62.726064887764615,62.81572341918945,12118100,0.0,0.0,0.017724999999999998
2022-05-12,62.43651524986487,63.23107722702271,61.75029856264,63.11370086669922,15460600,0.49,0.0,0.25605
2022-05-13,64.90145111554111,68.37767527343746,64.90145111554111,68.26029205322266,18156300,0.0,0.0,0.17343333333333333
2022-05-16,67.66437760220511,68.11583460379187,65.2897093650989,65.38903045654297,11435300,0.0,0.0,0.0
2022-05-17,66.8246816370861,67.13166915744173,65.76826679137797,66.56283569335938,12454500,0.0,0.0,0.20817000000000002
2022-05-18,66.04816240249104,66.4002983216579,63.90825368020316,64.35971069335938,10576500,0.0,0.0,-0.05666666666666667
2022-05-19,64.19718916376492,65.38903546367146,63.50194835910597,64.94660949707031,11193700,0.0,0.0,0.3052
2022-05-20,65.80436638648756,66.30097181589926,64.52223022706232,66.26485443115234,15941800,0.0,0.0,0.22340833333333335
2022-05-23,66.57186210627198,67.05942967640645,65.52447840464824,66.29195404052734,10741900,0.0,0.0,0.0
2022-05-24,65.8856329706907,66.21068254840837,64.35067510064904,65.65990447998047,9227700,0.0,0.0,-0.06755000000000001
2022-05-25,65.65991186311999,66.36418373113796,64.94660892562578,65.4432144165039,8344400,0.0,0.0,0.20095
2022-05-26,65.86757583502381,67.51087909662105,65.79534794791437,67.25806427001953,8940900,0.0,0.0,0.0
2022-05-27,67.92621869315185,69.27155853404672,67.85398392471392,69.26252746582031,8498400,0.0,0.0,0.20025
2022-05-31,69.49730373412714,71.92614501970671,69.11808144164888,70.8787612915039,23361800,0.0,0.0,0.4158
2022-06-01,71.10448164924549,71.22185799616751,68.66661646246065,68.87428283691406,7579000,0.0,0.0,0.17178333333333332
2022-06-02,69.1090297359194,71.7816540147312,68.48601694952517,71.70941925048828,10241500,0.0,0.0,0.14738749999999998
2022-06-03,71.33021012345817,72.14283414817179,70.71622829241761,71.37535858154297,10415700,0.0,0.0,0.22864
2022-06-06,71.96224902477324,73.40691705577858,70.90584121026795,71.3121566772461,7239400,0.0,0.0,0.4205666666666667
2022-06-07,70.94196873415379,72.00740777044268,70.66206753528856,71.75459289550781,5517100,0.0,0.0,-0.1101
2022-06-08,71.2399303146005,72.02546124392693,70.66206578940164,70.85167694091797,5178300,0.0,0.0,0.0
2022-06-09,70.40022085504074,72.47691936940427,70.18352337716989,71.24896240234375,13248100,0.0,0.0,0.12733333333333333
2022-06-10,69.5424341245231,70.23768177094112,68.31447740665519,68.32350158691406,8694300,0.0,0.0,0.027916666666666663
2022-06-13,65.99397745335432,66.82466352470003,64.92854560300052,65.33485412597656,9282800,0.0,0.0,0.0
2022-06-14,65.77727771271982,66.67116056493842,64.58543161353285,65.28970336914062,7635600,0.0,0.0,0.148
2022-06-15,66.13844890269998,67.9623321076293,66.0120414968478,66.98719024658203,7682300,0.0,0.0,0.061050000000000014
2022-06-16,65.39805263459506,65.56057740861867,63.51999011003024,64.06173706054688,10147000,0.0,0.0,0.327
2022-06-17,64.17912271776943,65.40708619300193,63.89921471987244,64.89242553710938,9824300,0.0,0.0,0.20615
2022-06-21,65.96690747147186,66.06622858189274,65.03690697270214,65.87661743164062,7872500,0.0,0.0,0.24265
2022-06-22,65.34388352049744,66.65310596204957,65.20844505341252,66.18359375,6702200,0.0,0.0,0.0
2022-06-23,66.6892302906384,68.0436013251539,66.37321176032225,67.89913177490234,6586400,0.0,0.0,0.6300749999999999
2022-06-24,68.31448961907928,70.56274398046786,68.21516850897844,70.52662658691406,18012000,0.0,0.0,0.0
2022-06-27,70.42728361046362,70.82456792751765,69.7681534379591,70.13835144042969,6672200,0.0,0.0,0.09914166666666668
2022-06-28,70.77943583010527,72.13380698167818,68.7930275632735,68.92845916748047,7206400,0.0,0.0,0.28415000000000007
2022-06-29,68.81108526652747,69.65982675614033,68.29642448613606,69.00972747802734,8983900,0.0,0.0,0.24588333333333334
2022-06-30,68.63050503442274,69.41603591972711,67.6011834760536,68.9736099243164,6781100,0.0,0.0,0.13085
2022-07-01,69.28060040316504,71.7545830540232,69.10904452355093,71.56497192382812,7539200,0.0,0.0,0.25079999999999997
2022-07-05,70.44534971671581,71.82681397160644,69.84943003795775,71.79972076416016,8087800,0.0,0.0,0.3871
2022-07-06,72.07962404179422,72.65748843280933,70.58981461017935,71.20379638671875,4652800,0.0,0.0,0.07210000000000001
2022-07-07,71.158667386695,71.91711891268456,70.7613898146898,71.54692077636719,5395600,0.0,0.0,0.24373
2022-07-08,71.05031467370576,71.89904926657623,70.67108550594651,71.5830307006836,3927100,0.0,0.0,0.0
2022-07-11,71.19477120411909,71.37535814667048,69.91263491109798,70.33700561523438,5351500,0.0,0.0,0.0
2022-07-12,70.75233350822401,71.72748217010623,69.86747485828948,70.21058654785156,5393400,0.0,0.0,0.2552
2022-07-13,68.6124399190632,70.91487360903149,68.37768721500935,70.35506439208984,3897500,0.0,0.0,0.17
2022-07-14,69.6056444397827,70.76138027058367,69.35282959478143,70.60787963867188,4504500,0.0,0.0,0.144625
2022-07-15,70.978077118707,72.42273828400697,70.978077118707,71.89002227783203,5584100,0.0,0.0,0.23452
2022-07-18,72.26021656900079,73.74099518797638,72.23313024734813,72.44080352783203,6768800,0.0,0.0,0.4326
2022-07-19,73.23536961507054,74.64391353003187,73.0547895347329,74.53556823730469,5949200,0.0,0.0,0.06736666666666667
2022-07-20,74.47235761326358,75.36624063880075,73.93963471490532,75.18565368652344,6850600,0.0,0.0,-0.02037499999999999
2022-07-21,74.89672804352422,75.49265470545744,74.6258579242997,75.42945098876953,7695300,0.0,0.0,0.33975
2022-07-22,75.98926181956597,76.23304562074959,74.79740847119257,75.47459411621094,6283600,0.0,0.0,0.13603333333333334
2022-07-25,75.47458874923605,75.57390985453782,73.1721618531116,73.5875015258789,5861100,0.0,0.0,0.0
2022-07-26,73.3346938801145,73.51527396821919,72.23313743208499,72.5130386352539,6587000,0.0,0.0,0.064
2022-07-27,73.34371652941375,75.31206957396894,73.2443954257541,74.90575408935547,6372600,0.0,0.0,0.23835
2022-07-28,75.11341350525507,76.64836446070102,74.77933286471571,76.44972229003906,5594600,0.0,0.0,0.15295
2022-07-29,76.38653219177881,76.72964396172605,75.78158139244482,76.54905700683594,5802700,0.0,0.0,-0.05459999999999999
2022-08-01,76.01633602393635,77.28041018215582,75.87186646946125,76.66643524169922,7313700,0.0,0.0,0.6369
2022-08-02,76.47680674671717,76.87409107838099,75.5016649424216,75.58292388916016,7254700,0.0,0.0,-0.11733888888888888
2022-08-03,77.65963555877119,79.42934618329346,75.76351752454639,78.79730224609375,12915700,0.0,0.0,0.18524642857142856
2022-08-04,78.74313847962522,79.70925629899465,78.16527400198488,78.44517517089844,7086700,0.0,0.0,0.019991666666666685
2022-08-05,77.43393141927616,77.78606744119026,76.67547983375317,77.40684509277344,4835100,0.0,0.0,0.443075
2022-08-08,77.78605763143803,78.4271258696837,77.12692725200881,77.3978042602539,4878400,0.0,0.0,-0.44685
2022-08-09,77.41586516214466,77.49713102602392,76.26013603484513,76.60324096679688,3498400,0.0,0.0,-0.07955
2022-08-10,78.10207153635933,78.46323856282,77.73187343984793,78.0930404663086,5072300,0.0,0.0,0.31267500000000004
2022-08-11,78.94661515991491,79.50053144793428,78.54706716778628,79.24626922607422,5595700,0.49,0.0,0.148
2022-08-12,79.2825848174262,80.27237217745471,79.17362223213108,80.19064331054688,5154000,0.0,0.0,0.52235
2022-08-15,80.00904484168757,81.04423110492728,79.91824036609306,80.96250915527344,5601000,0.0,0.0,0.07116250000000002
2022-08-16,80.61745154256097,81.66172044953501,80.39951939096389,81.18045043945312,4580800,0.0,0.0,0.0
2022-08-17,80.27238782137876,80.81722163784407,79.78203530817864,80.22698211669922,3831300,0.0,0.0,0.28097500000000003
2022-08-18,79.93641303917526,80.61745712199628,79.61859385277985,80.40860748291016,3428300,0.0,0.0,0.16606666666666667
2022-08-19,79.70031536746126,79.88193127861831,78.59248948512705,78.928466796875,4597700,0.0,0.0,0.0
2022-08-22,77.53004527071386,77.68442050690004,76.58566344058688,77.13957977294922,5915200,0.0,0.0,-0.234675
2022-08-23,77.0487662947164,77.73889272996632,76.80359353542252,76.90348052978516,4560400,0.0,0.0,0.3487
2022-08-24,76.96706914747175,78.52893145930629,76.71281378097574,78.13846588134766,4386000,0.0,0.0,-0.17515
2022-08-25,78.41087317752708,79.57318729130111,78.36547439592132,79.35525512695312,4236300,0.0,0.0,0.3859333333333333
2022-08-26,79.46421204605679,79.90007630549295,76.24060116292736,76.33140563964844,6674900,0.0,0.0,0.0
2022-08-29,75.5504755669956,76.87624726903414,75.40518978810358,76.38589477539062,5035500,0.0,0.0,0.0
2022-08-30,76.44037487936637,77.20314079446351,75.08736947590839,75.74117279052734,6812500,0.0,0.0,0.21075
2022-08-31,76.15888328538021,76.96705494891408,75.95910926914706,76.34049224853516,6570100,0.0,0.0,0.0903
2022-09-01,76.00450628131578,77.61177397246517,75.30530416867147,77.54821014404297,7556800,0.0,0.0,0.3749125
2022-09-02,77.61177166975204,77.88418510007723,74.96024215147023,75.31438446044922,10336800,0.0,0.0,0.27696666666666664
2022-09-06,75.4324252042669,76.83991876027557,74.16114181947475,76.74910736083984,11062800,0.0,0.0,0.05666666666666667
2022-09-07,77.28485890373533,80.4721461544111,77.11232557310271,80.19064331054688,9946800,0.0,0.0,0.1566833333333333
2022-09-08,79.27352127552713,81.25308936867542,79.14639362139319,81.23492431640625,7721100,0.0,0.0,0.5761999999999999
2022-09-09,81.27123838773323,81.67986195482086,80.49030749815248,80.53571319580078,7094600,0.0,0.0,0.2759
2022-09-12,81.51640598147807,82.07032220362163,80.3994979405853,80.88076782226562,9078900,0.0,0.0,-0.08360000000000001
2022-09-13,78.74682636649163,81.08961872529514,78.15658701483304,79.76384735107422,16033600,0.0,0.0,-0.23151666666666668
2022-09-14,81.33481881651696,84.88533171718811,81.28033751056316,84.17704010009766,24320600,0.0,0.0,0.2614384615384615
2022-09-15,83.6231054906692,84.58565222951981,83.29621079830744,83.74115753173828,11052400,0.0,0.0,0.27980000000000005
2022-09-16,82.76953967142927,83.63219253790173,82.31551038845701,82.91482543945312,11987600,0.0,0.0,0.1826375
2022-09-19,82.53344482703355,84.04082541433039,82.47896352848358,83.66851806640625,6287000,0.0,0.0,0.378575
2022-09-20,83.23265569838357,83.55955042498958,81.81607955271627,82.44264221191406,6560000,0.0,0.0,0.18050833333333335
2022-09-21,82.896674728722,83.10552433791901,80.42675410003241,80.45399475097656,8806800,0.0,0.0,0.0
2022-09-22,79.90916354269822,79.92732166793797,76.62198863927048,76.91256713867188,9953000,0.0,0.0,0.5090333333333333
2022-09-23,76.18610929751524,76.67646171733534,75.57771176712119,76.43128204345703,7153200,0.0,0.0,0.24681666666666668
2022-09-26,76.55842943552133,78.12029156216526,76.53118878204657,77.01245880126953,7583500,0.0,0.0,0.1366
2022-09-27,78.06580265929747,78.54707263169216,75.52323568732776,76.53118133544922,8628800,0.0,0.0,-0.0629
2022-09-28,76.89440747815884,79.43697449310953,76.50394197789008,79.10099029541016,7850800,0.0,0.0,0.5292
2022-09-29,78.8285889290311,79.30985902557595,77.73892104734239,78.61065673828125,6881500,0.0,0.0,0.2564375
2022-09-30,78.61063662971995,78.72868175952618,76.41313637126815,76.51302337646484,7737500,0.0,0.0,0.0
2022-10-03,76.9579874064203,78.29283502211698,76.0953342715653,77.74800109863281,6739900,0.0,0.0,0.14387500000000003
2022-10-04,79.08282019870828,80.77180975001365,78.87397060022082,80.37226867675781,5982400,0.0,0.0,0.14587500000000003
2022-10-05,79.6639991221857,82.30644654638766,79.50054826609517,81.83425903320312,7980800,0.0,0.0,0.0
2022-10-06,81.89782086499109,82.54254174602472,81.05332595052253,81.13504791259766,6893800,0.0,0.0,0.1468
2022-10-07,80.39950594023283,80.72640757690733,78.3654567004314,79.02833557128906,6606400,0.0,0.0,0.317175
2022-10-10,79.0101889905682,79.51869964282028,78.21109290510003,79.05558776855469,5092400,0.0,0.0,0.17
2022-10-11,78.73775117075529,79.18269789292168,77.76612885944863,78.28372192382812,5531300,0.0,0.0,0.22135000000000002
2022-10-12,79.0011017699018,79.9636417124571,78.46535049710216,78.883056640625,5261900,0.0,0.0,0.48355
2022-10-13,77.26670167860034,81.69803200764491,76.92164191032933,81.1531982421875,7616600,0.0,0.0,0.42050000000000004
2022-10-14,81.73435649103395,82.3609122137699,78.31097169084615,78.42902374267578,6315200,0.0,0.0,0.0683
2022-10-17,79.81835132350957,81.01698838334381,79.73662244800823,80.72640991210938,6255300,0.0,0.0,0.2514
2022-10-18,81.82517563966483,82.15207734838616,79.98181746033762,80.7809066772461,5484400,0.0,0.0,-0.08046249999999999
2022-10-19,80.26330300423433,80.93526446109996,79.01018456933288,79.4732894897461,6473400,0.0,0.0,0.33335
2022-10-20,79.3007697156642,80.11802394961624,78.51983866188094,78.81041717529297,4540700,0.0,0.0,0.08325
2022-10-21,79.00111380032702,80.78999070404599,78.60156572048842,80.46308898925781,9088800,0.0,0.0,0.0
2022-10-24,78.91027810506786,79.46419429565353,74.85125585809318,76.05897521972656,16499300,0.0,0.0,0.09355000000000001
2022-10-25,76.36774086067403,78.0930539022415,76.36774086067403,77.37568664550781,10674000,0.0,0.0,0.032
2022-10-26,77.73889351655592,80.11800942681789,77.6208483983588,77.99314880371094,9987000,0.0,0.0,0.07476666666666668
2022-10-27,78.2110879582847,78.45626767006875,76.34957190806593,77.43923950195312,9524600,0.0,0.0,0.11315
2022-10-28,77.33935028897915,79.71846634548127,76.55841932875086,79.09190368652344,8284900,0.0,0.0,0.21610000000000001
2022-10-31,78.63786670473961,79.51868458050299,78.04762727921332,78.6287841796875,7401100,0.0,0.0,-0.06173749999999999
2022-11-01,79.96363912232624,80.70824690673723,78.61971625677344,79.09190368652344,6219600,0.0,0.0,-0.28962499999999997
2022-11-02,79.24626149811618,80.43582283287597,76.7581831714418,76.8035888671875,7653200,0.0,0.0,-0.0691
2022-11-03,76.34048525708023,77.61176866655107,75.34162219533073,76.89440155029297,8855100,0.0,0.0,-0.17622499999999997
2022-11-04,83.52323802616769,84.99428861146734,82.19746629501304,83.41426849365234,20194300,0.0,0.0,0.34047692307692307
2022-11-07,83.24173618352985,83.86829887951328,81.07147652774522,82.13390350341797,10190200,0.0,0.0,0.26714166666666667
2022-11-08,82.56068609986139,85.15773424539574,82.56068609986139,84.2224349975586,9675500,0.0,0.0,-0.08865
2022-11-09,83.66533127040934,84.56947381682818,83.41874250554345,83.68359375,6271200,0.53,0.0,0.14229999999999998
2022-11-10,85.7476090493394,88.05819960885295,85.23617596770093,87.91207885742188,10408400,0.0,0.0,0.15768333333333331
2022-11-11,88.36872424672157,90.11308047864553,88.19519930893587,88.93495178222656,8294400,0.0,0.0,0.3807833333333333
2022-11-14,88.70663004501881,90.01261698646319,88.30479273301911,88.97148132324219,8521100,0.0,0.0,0.0
2022-11-15,90.33226558278604,90.89849307760178,88.85275377476908,89.3459243774414,6410000,0.0,0.0,0.2787
2022-11-16,88.14954242049376,89.4646642678739,87.91209528408137,88.65184783935547,5348900,0.0,0.0,0.3258875
2022-11-17,86.95313109598135,88.5970330268468,86.85267003533107,88.56050109863281,5245600,0.0,0.0,0.53175
2022-11-18,89.27286793272299,89.82083299195621,88.70663342312152,89.45552062988281,5964800,0.0,0.0,0.07208333333333333
2022-11-21,88.57876599647757,89.94868198700415,88.31391473551207,89.79342651367188,4499200,0.0,0.0,0.42435
2022-11-22,89.95782715185472,90.16788402725957,89.06281220168954,89.8938980102539,5398600,0.0,0.0,-0.16820000000000002
2022-11-23,89.9486764173722,91.40079090064685,89.74775430302893,90.88935089111328,5944900,0.0,0.0,0.31845
2022-11-25,90.99895955516003,91.21814418013261,89.97608635903198,90.92589569091797,2320000,0.0,0.0,0.0
2022-11-28,90.40533439813558,91.47387432872775,90.01262480908987,90.10395812988281,5257300,0.0,0.0,0.26335
2022-11-29,90.37793718899934,90.71585235977257,89.68384436394676,90.10395812988281,4423900,0.0,0.0,0.30135
2022-11-30,90.46012643405955,93.66572499123797,89.97608357425233,93.33694458007812,15000800,0.0,0.0,0.0
2022-12-01,93.45567773129231,94.57900502794905,93.10862786098082,94.40548706054688,7452300,0.0,0.0,0.0
2022-12-02,93.17254517367611,96.38728510583715,92.98989250451473,95.93978118896484,7916900,0.0,0.0,0.0
2022-12-05,94.42373466067438,95.20001893242402,94.06755708930982,94.56986236572266,9285800,0.0,0.0,0.15287857142857142
2022-12-06,94.81647215479607,95.1543873466822,92.64287415854751,93.22737121582031,8383000,0.0,0.0,0.304075
2022-12-07,92.50586569017621,94.04017195126167,92.29580882915857,93.03556823730469,4194300,0.0,0.0,0.044475
2022-12-08,93.83010801336138,94.89864775170217,93.51959707534553,94.7433853149414,5465100,0.0,0.0,0.36912500000000004
2022-12-09,94.46027581010506,94.52420494536764,92.92596959604984,92.9625015258789,7999600,0.0,0.0,0.6026666666666667
2022-12-12,92.35973397067961,93.93057209475576,92.0766202277658,93.7935791015625,5796000,0.0,0.0,0.417625
2022-12-13,95.72973395744857,96.07677685079119,92.23187994665993,93.25475311279297,7066000,0.0,0.0,0.07794999999999996
2022-12-14,93.44654337794009,94.34155829660074,91.96703148014521,93.32781982421875,5624000,0.0,0.0,0.08835
2022-12-15,92.43279531451613,92.74331322182252,90.82542530480471,91.31859588623047,7244400,0.0,0.0,0.0
2022-12-16,90.67019605748935,90.90765017672024,89.5194643680295,90.25922393798828,13862300,0.0,0.0,-0.022199999999999998
2022-12-19,89.89388528425715,90.24092815128121,89.25459395875154,89.77516174316406,5771100,0.0,0.0,0.38882500000000003
2022-12-20,89.67469984252119,90.03087743021766,88.83447943547175,89.50117492675781,4533500,0.0,0.0,0.0
2022-12-21,88.33217223782506,90.47837227251094,87.99425716413754,90.1130599975586,5566300,0.0,0.0,0.25564
2022-12-22,89.91214664492028,90.01260770449919,87.82987553319893,89.28199005126953,4756900,0.0,0.0,0.04536666666666667
2022-12-23,89.12673569360942,89.77516876156886,88.4783095934034,89.74776458740234,3944500,0.0,0.0,0.0
2022-12-27,90.021759894957,90.8345762854373,89.69297944849822,90.59712219238281,4402500,0.0,0.0,0.0
2022-12-28,90.78890797778494,91.24554666923079,89.85736114529348,90.04914855957031,3491500,0.0,0.0,0.0
2022-12-29,90.41445530579405,91.92136428777455,90.11307211584734,91.11767578125,3976100,0.0,0.0,-0.1858
2022-12-30,90.58799443447027,90.64278885296203,89.7203766577441,90.59712219238281,3988900,0.0,0.0,0.0
2023-01-03,91.8391732236901,92.39627299577384,90.84370420102633,92.08576202392578,6607700,0.0,0.0,0.13085
2023-01-04,93.7844647879124,95.64755164623386,93.65660650067257,95.40096282958984,8166600,0.0,0.0,-0.08172499999999999
2023-01-05,95.42834482433331,95.98544454466804,94.51506750808004,95.37355041503906,5575100,0.0,0.0,0.450975
2023-01-06,96.24117806047283,97.7206900822593,95.90326985319594,97.43757629394531,9644100,0.0,0.0,0.0
2023-01-09,97.28230221763539,97.42842994110323,95.37355586217198,95.65666961669922,10124800,0.0,0.0,0.282435
2023-01-10,95.30962168744585,97.2001054614298,95.1360967669379,96.8073959350586,4183600,0.0,0.0,0.164925
2023-01-11,96.63387184397203,97.20924101996192,95.76626116949146,97.08138275146484,5634400,0.0,0.0,-0.020200000000000013
2023-01-12,97.07224677566705,97.20923976664855,96.04937367312526,96.67040252685547,4882000,0.0,0.0,0.28928333333333334
2023-01-13,95.95805031819766,97.99466186246252,95.95805031819766,97.93073272705078,5529700,0.0,0.0,0.2705875
2023-01-17,97.67501566995838,98.26864737671237,97.09051868822469,97.49236297607422,7477200,0.0,0.0,0.023275000000000004
2023-01-18,97.84853996847025,98.14992318239196,95.81193527070405,95.89412689208984,5725800,0.0,0.0,0.17798750000000002
2023-01-19,95.89413084726013,96.53342226580698,95.2000380444422,95.21830749511719,5115800,0.0,0.0,0.15171
2023-01-20,95.3461594697521,96.0767771900671,94.88038605691463,95.93065643310547,6543500,0.0,0.0,0.135375
2023-01-23,95.93065840431963,97.62022019147294,95.34616142895582,96.99919128417969,6320500,0.0,0.0,0.06570000000000002
2023-01-24,97.17269926451726,97.60194068010344,96.26855675221482,97.39188385009766,5517200,0.0,0.0,0.29875
2023-01-25,96.86221012350462,97.84855150292617,96.71608934567611,97.70243072509766,5416900,0.0,0.0,0.1347375
2023-01-26,97.99465705509,99.3645730047823,97.77546548635719,99.32804107666016,6324100,0.0,0.0,0.35007
2023-01-27,99.30978179676659,100.24132863987735,98.9444694458948,99.56549835205078,6851100,0.0,0.0,0.0
2023-01-30,98.87140930467957,99.4285090537289,98.10425269625372,98.999267578125,6880700,0.0,0.0,0.21221250000000003
2023-01-31,98.87140543521483,99.68422169934435,98.17731271528014,99.67508697509766,5816300,0.0,0.0,0.361375
2023-02-01,99.51983799950602,101.1728678406815,98.61569533713553,100.45137786865234,5841200,0.0,0.0,0.44789999999999996
2023-02-02,100.49705098861702,101.21854100704905,98.63396416274578,99.68423461914062,9852900,0.0,0.0,0.23331
2023-02-03,95.51054594725251,97.20924235810061,94.10409800667112,95.25482940673828,15200500,0.0,0.0,0.09731363636363638
2023-02-06,94.98084420393745,96.96265437708577,94.34155284735839,95.91238403320312,6392200,0.0,0.0,-0.17
2023-02-07,95.73887482434847,98.06772809421437,95.49228601588086,97.5654296875,6207500,0.0,0.0,-0.1591
2023-02-08,97.09964523221312,97.3005673592094,96.48775109472669,97.08138275146484,5557500,0.0,0.0,0.36081666666666673
2023-02-09,97.0446660288493,97.85237469103438,96.92534057690482,97.33837890625,5608400,0.53,0.0,0.33835
2023-02-10,96.85190084929366,98.44897102425965,96.8060123746567,98.29293060302734,6298600,0.0,0.0,0.1421
2023-02-13,98.62338079473564,99.98180740054241,98.46734734078983,99.60548400878906,5192400,0.0,0.0,0.11760000000000001
2023-02-14,99.06395253527528,99.55959438567413,97.93498937558874,99.10984802246094,5109400,0.0,0.0,0.30015
2023-02-15,98.66927050669258,100.04605102539062,98.4489875844479,100.04605102539062,4059100,0.0,0.0,0.14601666666666666
2023-02-16,98.90791495386685,100.13783552921193,98.58666756498329,98.70598602294922,4596800,0.0,0.0,-0.46005
2023-02-17,97.97169615087462,98.6325518960004,97.50359583363351,98.3021240234375,6876400,0.0,0.0,-0.6051500000000001
2023-02-21,96.83356236808021,97.24659371929401,96.10845712708915,96.1727066040039,5438000,0.0,0.0,-0.177875
2023-02-22,96.75096892501685,97.23743030102077,95.81475416133473,96.16353607177734,7523700,0.0,0.0,0.021983333333333337
2023-02-23,96.84274162164982,96.84274162164982,94.19931859929801,95.00703430175781,6857900,0.0,0.0,0.060200000000000004
2023-02-24,94.21767826863697,94.28192774382269,92.5380044139234,93.2539291381836,6019700,0.0,0.0,0.0
2023-02-27,93.92396839669989,94.81428758332999,93.7587544548235,94.02493286132812,5235100,0.0,0.0,0.27115
2023-02-28,93.6118979752823,94.49303669706222,93.5292945026161,93.70368194580078,5186500,0.0,0.0,0.08895
2023-03-01,93.79546347171267,93.92396241802946,92.62061196100626,93.09789276123047,5382200,0.0,0.0,0.10783749999999999
2023-03-02,92.96022099041865,94.69496391153912,92.64815409579793,94.54811096191406,4777600,0.0,0.0,-0.5017
2023-03-03,94.90606816645406,96.09010020723875,94.54810580559678,95.96160125732422,4882100,0.0,0.0,0.0
2023-03-06,95.86979862102807,97.23740542569507,95.86062512762766,96.36544036865234,5237100,0.0,0.0,-0.148
2023-03-07,96.36545792919004,96.99877922256363,94.6490759931989,94.85099792480469,3976300,0.0,0.0,0.0
2023-03-08,94.44713704298057,94.55727499350962,93.37325000931884,94.07999420166016,4225500,0.0,0.0,-0.01747499999999999
2023-03-09,94.30028045767524,94.30946095476811,91.74864847392438,92.06072235107422,5732300,0.0,0.0,0.0
2023-03-10,92.35443690436546,92.92350168640009,90.89504595757565,91.21629333496094,6641900,0.0,0.0,0.0
2023-03-13,90.78491503417713,91.9689401735988,90.28927318381385,90.94094848632812,6408200,0.0,0.0,0.3062
2023-03-14,91.88633255041228,92.13414996306874,90.3810530740267,91.28972625732422,6248800,0.0,0.0,0.0
2023-03-15,90.31681811042908,91.20713744435814,89.28881930171335,91.17959594726562,6603300,0.0,0.0,0.2370375
2023-03-16,90.99602151618363,92.43705164418606,90.8950570420262,92.1800537109375,8188600,0.0,0.0,0.0368
2023-03-17,90.93175618126406,91.13368509437782,89.8027931682495,90.59214782714844,10189700,0.0,0.0,0.0
2023-03-20,90.95928440560635,91.98728289127756,90.80325098445986,91.64767456054688,4864000,0.0,0.0,0.0
2023-03-21,92.25348662482206,92.87762748369282,91.91387820071031,92.28102111816406,4743700,0.0,0.0,0.0
2023-03-22,92.4186834093732,93.14378861083274,90.92257752430241,90.97765350341797,5917700,0.0,0.0,0.033725000000000005
2023-03-23,91.17958302351342,91.90468828545616,89.50908957279343,90.33515930175781,6879200,0.0,0.0,0.21693333333333334
2023-03-24,90.15159604099092,90.344344487306,89.20620780315905,90.26173400878906,4685400,0.0,0.0,0.0
2023-03-27,90.79409501176269,91.52838084309626,90.48202808518056,90.55545806884766,6022200,0.0,0.0,0.5828
2023-03-28,90.07816257651871,90.78491385500574,90.02309359474968,90.61051940917969,4709800,0.0,0.0,-0.25047499999999995
2023-03-29,91.17041423888733,92.41869589322357,90.62887688754947,92.35444641113281,4946600,0.0,0.0,-0.205625
2023-03-30,93.10707794407082,93.34571485485942,92.38197270897999,92.99693298339844,4082600,0.0,0.0,-0.015066666666666673
2023-03-31,93.47420993660884,95.71377502552654,93.47420993660884,95.57609558105469,6900100,0.0,0.0,0.0
2023-04-03,95.51184851203337,96.31956420518154,95.15388614899456,96.23695373535156,3855400,0.0,0.0,0.14956666666666665
2023-04-04,96.23693829746593,96.38379821908613,94.86015804427566,95.4567642211914,3854400,0.0,0.0,0.0
2023-04-05,95.4384209076864,97.01712322569212,95.39252542637978,96.28284454345703,5170900,0.0,0.0,0.48355
2023-04-06,96.2828462755125,96.52149017779888,95.47513060705626,96.08091735839844,3155700,0.0,0.0,0.1909
2023-04-10,95.04374528066101,96.20941629846452,94.60317246129128,96.135986328125,3761600,0.0,0.0,0.2128
2023-04-11,96.42969230990158,97.65961971578497,96.30119337233171,97.0538330078125,4010600,0.0,0.0,0.0
2023-04-12,97.51277216445008,97.82484605435548,96.69588295648367,96.92534637451172,4606000,0.0,0.0,0.0
2023-04-13,97.64126534909087,98.42144652642259,97.52194689972676,98.20115661621094,4367600,0.0,0.0,0.3185
2023-04-14,98.12775064680102,99.28424136373994,98.07267465837398,98.6417465209961,3963300,0.0,0.0,0.6537
2023-04-17,99.09149518599851,99.7248165474357,98.72435226628612,99.4127426147461,4780700,0.0,0.0,0.157225
2023-04-18,99.92672425062894,100.25715210782663,98.88037170372537,99.04558563232422,5300500,0.0,0.0,0.22044999999999998
2023-04-19,98.84366960438975,98.99970305655468,98.28377827352205,98.35720825195312,4617800,0.0,0.0,0.015433333333333335
2023-04-20,97.46687097065653,98.74268684828503,97.46687097065653,98.2562255859375,4297200,0.0,0.0,0.051199999999999996
2023-04-21,98.48568508851689,99.84410437098842,97.89825939836705,99.30257415771484,4522800,0.0,0.0,0.3369666666666667
2023-04-24,99.30258018385449,100.31221771240234,99.16490074753727,100.31221771240234,5940700,0.0,0.0,0.23670999999999998
2023-04-25,99.96344579737823,101.98272105488624,99.89001582369887,100.35811614990234,8747100,0.0,0.0,0.141575
2023-04-26,100.05522187648468,103.10249551730497,100.05522187648468,102.31314086914062,8081600,0.0,0.0,0.4221
2023-04-27,102.23971743909478,103.60731741585542,102.04696901305476,103.48799896240234,7618500,0.0,0.0,0.0
2023-04-28,103.18510049710505,104.91984324872176,103.06578204952669,104.9014892578125,5979300,0.0,0.0,0.17
2023-05-01,104.8647748729189,105.99373789364341,104.8647748729189,105.14930725097656,6495900,0.0,0.0,0.02598333333333333
2023-05-02,105.08506012323498,105.14930959721929,103.5797807304592,105.05752563476562,9626400,0.0,0.0,0.27420714285714287
2023-05-03,100.11948815692202,100.7069139933424,95.2732215051197,95.42007446289062,24388600,0.0,0.0,0.15803928571428574
2023-05-04,95.70459928035397,96.98959582144703,95.27321393683566,96.11763763427734,8858100,0.0,0.0,0.16455
2023-05-05,96.87944295251881,98.65090054662171,96.72340253029556,98.403076171875,7813800,0.0,0.0,0.268775
2023-05-08,98.64173769366757,99.23834399577933,98.14609585819015,98.36637878417969,6090700,0.0,0.0,-0.033875
2023-05-09,98.20116600797866,98.37556045290812,97.65963568291902,97.94416809082031,3682400,0.0,0.0,0.416875
2023-05-10,98.35720236002325,99.22916054298756,96.99877585109525,98.18280792236328,4565000,0.0,0.0,0.0
2023-05-11,98.18280660603196,98.47798198587293,96.96520728449595,97.43563842773438,4791700,0.53,0.0,0.0
2023-05-12,97.55553827444203,97.97985235712969,96.6976839010093,97.88761138916016,5175600,0.0,0.0,0.3628
2023-05-15,97.87840312846551,98.47798008651037,97.41719116651346,98.3672866821289,4217000,0.0,0.0,0.21075
2023-05-16,98.15513654312917,98.29349450651023,97.03899736325592,97.11279296875,3676600,0.0,0.0,0.0
2023-05-17,97.74002575767581,98.27503325481246,96.8083757419772,97.49097442626953,4757300,0.0,0.0,0.10115
2023-05-18,97.24191779519344,98.82848789779581,97.03898342799519,98.78236389160156,5377500,0.0,0.0,0.0386
2023-05-19,98.6993685991019,98.8377336074491,97.14969598819398,97.32495880126953,4985200,0.0,0.0,0.106275
2023-05-22,97.33418116218208,97.5002177701294,94.79751506370387,94.91743469238281,7504300,0.0,0.0,0.34425
2023-05-23,94.19792777913005,94.21637315994413,92.31618224699301,92.5560073852539,6766300,0.0,0.0,0.0
2023-05-24,92.98033133929901,92.98955051121413,91.42143270627524,91.88264465332031,6134800,0.0,0.0,0.0
2023-05-25,91.04323854448724,91.22772755193186,90.14849324914096,90.80341339111328,8177000,0.0,0.0,0.0
2023-05-26,90.97867745577638,91.88265608092989,90.70195447565429,90.88643646240234,7276500,0.0,0.0,-0.3592
2023-05-30,91.21850149455311,91.28307088788257,89.76107000221815,90.16693878173828,6505400,0.0,0.0,0.0
2023-05-31,90.42520492781426,90.47132893330769,89.45666415026895,90.06546020507812,10377100,0.0,0.0,0.0
2023-06-01,90.01934233879199,90.60970009172173,89.03234907672352,89.95477294921875,6752200,0.0,0.0,0.08158333333333333
2023-06-02,90.68350214129266,91.92878018441287,90.57281576415252,91.78118896484375,6221400,0.0,0.0,0.0
2023-06-05,92.27929312559253,93.04490669578179,91.78118334634419,92.17782592773438,6536500,0.0,0.0,-0.21075
2023-06-06,92.00256039679887,92.54679417258704,89.96400436510757,90.60047912597656,8657100,0.0,0.0,0.06314999999999998
2023-06-07,90.9048772829552,91.19082643718485,90.01934415446735,90.32374572753906,6285600,0.0,0.0,-0.08254999999999998
2023-06-08,90.07469995409029,91.48600746890654,89.40132737535208,91.45833587646484,6877800,0.0,0.0,0.4687
2023-06-09,91.13548888478824,91.28307305696134,90.06547372700427,90.36064910888672,5550800,0.0,0.0,0.35
2023-06-12,90.36064929211729,90.86798527960158,89.95478050212985,90.82186126708984,6705800,0.0,0.0,0.0
2023-06-13,90.86799640595635,91.75352266182777,90.86799640595635,91.559814453125,5137900,0.0,0.0,0.17
2023-06-14,91.83653188077338,93.49689790831329,91.49523950222222,92.85120391845703,9279500,0.0,0.0,-0.348375
2023-06-15,93.47844490784827,94.07802191616291,92.85120334303886,93.51534271240234,6448200,0.0,0.0,-0.0036999999999999997
2023-06-16,94.09646972345618,94.55768170146298,93.60758615277479,93.96733093261719,11709200,0.0,0.0,0.121125
2023-06-20,93.95809788973133,94.53922240624632,93.07257180085982,93.41386413574219,5506400,0.0,0.0,0.2974
2023-06-21,92.79584856745961,94.51155768864778,92.57446878852652,93.96733093261719,5508800,0.0,0.0,0.3032
2023-06-22,93.55224013730717,93.75517454276273,91.91032654776537,93.02645874023438,6125500,0.0,0.0,0.09545000000000001
2023-06-23,91.91955425313041,91.99334986313923,89.95478660248196,90.71117401123047,18770100,0.0,0.0,-0.22902
2023-06-26,90.71116321873468,91.10780577842002,89.91788513689993,90.60970306396484,6069000,0.0,0.0,-0.037
2023-06-27,90.75729730286874,91.37531969730473,90.1485011189944,91.06169891357422,5034100,0.0,0.0,0.0
2023-06-28,90.98789192760256,90.98789192760256,89.75184729327778,90.96022033691406,6581900,0.0,0.0,0.140875
2023-06-29,90.96023376130651,91.16316817302001,90.37910915847527,91.0248031616211,5113500,0.0,0.0,0.0
2023-06-30,91.68894060278707,91.74428378690948,90.89565545519726,91.37531280517578,6229900,0.0,0.0,0.0
2023-07-03,91.07091950720867,91.84575224572102,90.62815291553287,91.45833587646484,3287000,0.0,0.0,0.4542833333333334
2023-07-05,91.45833604456355,91.62437263705512,90.66505088460787,90.82186126708984,6365400,0.0,0.0,0.03620000000000001
2023-07-06,90.26840201604567,90.46211018753505,88.46967825397604,88.73717498779297,7153300,0.0,0.0,0.09653333333333335
2023-07-07,88.54346570000122,89.16149504414497,88.13760398094139,88.59881591796875,7889500,0.0,0.0,0.18636666666666665
2023-07-10,88.82943344574538,91.80885900563104,88.76486404766065,91.43988800048828,9294600,0.0,0.0,0.0
2023-07-11,91.72582384384643,92.45453948176927,91.44909389209117,92.32539367675781,5268000,0.0,0.0,0.37427499999999997
2023-07-12,93.5522381591215,93.93043536811645,92.94344199316456,93.29396057128906,6971900,0.0,0.0,0.17
2023-07-13,93.63525457293339,94.27172229549353,93.44154639323806,93.71826934814453,4511700,0.0,0.0,0.0
2023-07-14,93.87507745099857,94.16103364626778,93.15558793313028,93.72749328613281,3939800,0.0,0.0,0.333125
2023-07-17,93.00800925596509,93.9119807926361,92.27929348556671,93.10025024414062,5244500,0.0,0.0,0.31845
2023-07-18,92.9249832496206,93.55223179347749,92.11325273773237,92.94343566894531,5989000,0.0,0.0,0.17
2023-07-19,92.81428793654747,94.06878490332815,92.81428793654747,93.930419921875,5556200,0.0,0.0,0.3592
2023-07-20,93.88430586395826,94.53000683331595,92.88808633697397,93.05412292480469,5466100,0.0,0.0,-0.1806
2023-07-21,93.90275862029584,95.51700049317641,93.72749582208583,94.8436279296875,20370300,0.0,0.0,0.0
2023-07-24,94.89897316495737,95.38786376855806,94.38241800647961,94.80673217773438,4746600,0.0,0.0,0.27953333333333336
2023-07-25,94.48388156331684,95.71992622706111,94.3916405796478,94.93586730957031,5627500,0.0,0.0,0.15118333333333334
2023-07-26,94.28095537591183,94.70526956771887,93.44155320272779,93.83819580078125,6568300,0.0,0.0,0.21076250000000002
2023-07-27,94.11490574586983,94.48387669908655,92.74049615861155,92.96187591552734,5373400,0.0,0.0,0.3243
2023-07-28,93.62603752230422,93.9304391362624,92.98956269994379,93.39543151855469,5320700,0.0,0.0,0.25196428571428575
2023-07-31,93.45077295366534,93.9304373734831,93.03568496972079,93.69060516357422,6377400,0.0,0.0,0.08895
2023-08-01,93.59835600525811,93.81973577487832,92.61136269534535,93.40464782714844,7784300,0.0,0.0,0.14523333333333335
2023-08-02,92.7035973421648,96.35639496009807,91.58746532314647,94.20714569091797,14463100,0.0,0.0,0.13698181818181818
2023-08-03,94.05958174640475,94.91743639661242,93.57991729815043,94.39165496826172,5547500,0.0,0.0,0.3299125
2023-08-04,94.9727696585651,95.14803246220437,92.72205295407204,92.86964416503906,5199200,0.0,0.0,0.52015
2023-08-07,93.55224432784945,93.95811315694091,93.10948473023778,93.84741973876953,5222700,0.0,0.0,0.3267
2023-08-08,93.36774111441382,93.55222306523333,92.1409157326116,92.88807678222656,4058400,0.0,0.0,0.3021833333333333
2023-08-09,93.16482157280063,93.699829167871,91.75351401557492,92.1686019897461,4494300,0.0,0.0,0.0
2023-08-10,93.23505505628174,94.93209424384683,93.10522761762192,94.273681640625,6844200,0.53,0.0,0.2294
2023-08-11,94.03255001888026,94.03255001888026,92.86409625047722,93.65233612060547,3180600,0.0,0.0,0.0
2023-08-14,93.17940029494827,93.86563193171133,92.91973838841025,93.67089080810547,3239300,0.0,0.0,-0.1366
2023-08-15,92.85483502214683,93.33705725578945,92.53026644665526,92.77137756347656,3203700,0.0,0.0,0.0
2023-08-16,92.37261451534047,92.81773508593878,91.70492658437914,91.78839111328125,3679500,0.0,0.0,0.0
2023-08-17,91.80694068704685,91.89967355555625,89.4236698835271,89.55349731445312,5291100,0.0,0.0,0.0
2023-08-18,89.03417573284125,90.40663898414495,88.83015920425365,90.16553497314453,4126000,0.0,0.0,0.22568333333333335
2023-08-21,90.24900004563247,90.48083574314745,89.1732860881962,89.45148468017578,3753200,0.0,0.0,0.32805
2023-08-22,89.4793031325824,89.71113882828558,88.65396862188419,89.0898208618164,3639800,0.0,0.0,0.11315
2023-08-23,89.41438358544546,89.54421100056136,87.17949130375311,88.26448059082031,9704500,0.0,0.0,-0.0063500000000000015
2023-08-24,87.86572177385551,88.68178081164528,86.90128450643303,87.93991088867188,7824500,0.0,0.0,-0.026400000000000014
2023-08-25,88.5983171276722,88.98779934044882,87.64315533559787,88.54267883300781,5360400,0.0,0.0,0.2703166666666667
2023-08-28,88.96925857810281,90.13770525553686,88.86725031776226,89.98933410644531,5098900,0.0,0.0,0.0
2023-08-29,90.28609288098498,92.02022641228297,90.26754206350242,91.94603729248047,5512300,0.0,0.0,0.0
2023-08-30,91.82548630872054,92.47463055169122,91.80694256466515,92.02950286865234,4212200,0.0,0.0,0.11315
2023-08-31,91.80694312468172,92.11296796644615,90.21191227373752,90.36029052734375,5624500,0.0,0.0,0.21988333333333335
2023-09-01,91.25051610330975,91.57508460842834,89.98932956193802,90.87957763671875,4747100,0.0,0.0,0.105375
2023-09-05,90.43446452633124,90.70339478074717,89.57203546046769,89.80387115478516,5414300,0.0,0.0,0.0
2023-09-06,89.4143754261094,89.5349344970467,88.4406699015938,88.97852325439453,5428400,0.0,0.0,0.0
2023-09-07,88.55195545771018,88.85798025714736,88.11610324185665,88.19029235839844,6404100,0.0,0.0,0.0
2023-09-08,88.32939673092291,88.88580096460889,87.8657253570073,88.35721588134766,4754700,0.0,0.0,0.138
2023-09-11,88.70032070202974,89.23818110560114,88.30156310283887,88.71886444091797,5577500,0.0,0.0,0.09545
2023-09-12,88.56123536579594,89.49785355330027,88.28302970216055,89.24746704101562,5007600,0.0,0.0,0.0
2023-09-13,89.210380954571,90.2304637680848,89.06200977491919,89.88734436035156,5830200,0.0,0.0,0.28353333333333336
2023-09-14,89.73895390653296,90.67557205567888,89.2567387943861,90.10062408447266,6039700,0.0,0.0,-0.1858
2023-09-15,90.18408383327153,90.38810037343927,89.07127534607417,89.23819732666016,8767600,0.0,0.0,0.7944
2023-09-18,89.30311371636553,89.92443168910664,89.10836550395268,89.72969055175781,4477500,0.0,0.0,0.0
2023-09-19,88.2923041056311,88.53341520636546,87.42059963955879,88.36649322509766,6803000,0.0,0.0,0.20546999999999999
2023-09-20,88.51486433866104,89.5998607538171,88.14393289166681,88.24594116210938,4572100,0.0,0.0,0.15535
2023-09-21,88.24594033035626,88.39431149274274,86.27069572591661,86.33560943603516,6108800,0.0,0.0,0.32985
2023-09-22,86.6416308111679,87.4855090092689,86.5859925118607,86.87346649169922,5118900,0.0,0.0,0.38915
2023-09-25,86.14087285572245,86.67873338229423,85.54737402469986,86.00177001953125,4818800,0.0,0.0,-0.148
2023-09-26,85.31553649902344,85.76993248414162,84.55511569583905,85.31553649902344,6086600,0.0,0.0,0.037166666666666674
2023-09-27,85.74211040709851,85.99249691336034,83.81323577578556,84.54583740234375,4731500,0.0,0.0,0.0
2023-09-28,84.54583690712234,84.749853444344,83.65558871520717,84.4623794555664,4736300,0.0,0.0,0.17
2023-09-29,85.88120795973876,86.29850934445462,84.23980741972134,84.63856506347656,7700200,0.0,0.0,0.0
2023-10-02,84.43456886497833,85.0744306169671,84.19345774426685,84.50875091552734,6430500,0.0,0.0,0.2838333333333333
2023-10-03,83.92451653147684,84.45310160121399,82.72824356837413,82.97863006591797,6666600,0.0,0.0,0.186925
2023-10-04,83.358844059934,84.78695282666276,83.28465493762141,84.52729797363281,6166100,0.0,0.0,0.41565
2023-10-05,84.51801855183473,86.28924661886681,84.51801855183473,85.65865325927734,7548600,0.0,0.0,0.125
2023-10-06,85.31553508268465,86.55817100198874,85.01878567844308,86.10377502441406,6979300,0.0,0.0,0.22413
2023-10-09,85.73282167258049,86.0481218397784,84.78693532111203,85.94611358642578,4120700,0.0,0.0,0.135575
2023-10-10,86.20578874296869,87.14240698353808,86.12233128418806,86.40980529785156,4974800,0.0,0.0,0.48867499999999997
2023-10-11,86.51179255117984,86.82708564114763,85.17641693469835,85.26914978027344,4499200,0.0,0.0,0.7479
2023-10-12,85.16715406776571,85.54736798818821,84.17489761637952,84.77767181396484,5485200,0.0,0.0,0.07510000000000001
2023-10-13,84.64784781665874,85.37117405296536,84.43456293931906,84.83332061767578,4780100,0.0,0.0,0.376625
2023-10-16,85.47317183107387,87.040383200705,85.17642246094296,86.84564208984375,4595900,0.0,0.0,0.0004249999999999532
2023-10-17,86.0110349778332,87.34641072291092,85.89975130738897,87.3371353149414,6086700,0.0,0.0,0.0
2023-10-18,87.11459769045312,87.66172662677864,86.7065645345052,86.93840026855469,4110700,0.0,0.0,0.1101
2023-10-19,87.51333712013961,88.70961010647183,87.327864326679,87.55970001220703,5610800,0.0,0.0,0.22014999999999998
2023-10-20,87.7451779736827,88.18102314509233,87.30005031822377,87.34642028808594,4699000,0.0,0.0,0.3404
2023-10-23,87.10530294886858,88.12537853728877,86.51180416742179,87.35568237304688,4481000,0.0,0.0,0.26335
2023-10-24,87.4298703898605,88.07901453800962,87.22585385972972,87.74517059326172,3600200,0.0,0.0,0.301275
2023-10-25,87.46698413225464,88.43142162027715,87.1424155245223,87.17023468017578,5497300,0.0,0.0,0.09037500000000004
2023-10-26,86.9940371238098,87.61536225770652,85.87195303880978,85.9368667602539,6201700,0.0,0.0,0.37879999999999997
2023-10-27,85.90903097427122,86.91983824115947,85.1022402424465,85.33407592773438,8293600,0.0,0.0,0.21557500000000002
2023-10-30,86.35415411782212,86.90128291065314,85.98321562561532,86.38197326660156,7852700,0.0,0.0,0.15512499999999999
2023-10-31,86.40051490398281,86.53961771955676,85.31552567761953,85.5380859375,9308300,0.0,0.0,0.430275
2023-11-01,85.15788090001809,85.18570004870121,83.9708833891167,84.71275329589844,14292500,0.0,0.0,0.028000000000000025
2023-11-02,93.65234512156302,94.51477418766686,92.49316664965266,92.7435531616211,23396300,0.0,0.0,0.2667416666666667
2023-11-03,93.30922967115893,96.2303536616847,93.19794599459023,95.19173431396484,15995700,0.0,0.0,0.142075
2023-11-06,95.39575968761729,96.52711199975451,94.56114972369284,96.47147369384766,7532000,0.0,0.0,0.11951666666666667
2023-11-07,96.65693770355331,96.80530886414874,95.82232781562996,96.14689636230469,6239500,0.0,0.0,0.467225
2023-11-08,96.20253080526193,97.20406263060683,96.11907335734821,96.72184753417969,7453000,0.0,0.0,0.0
2023-11-09,97.25335171532126,97.4025381965043,95.13671204662083,95.32320404052734,7607000,0.57,0.0,0.3734
2023-11-10,95.668204295462,97.29997193685516,95.09009688400582,97.28132629394531,7338500,0.0,0.0,0.19140000000000001
2023-11-13,96.8990121084841,97.18807289556892,96.00387195693001,96.51671600341797,7120800,0.0,0.0,0.3556375
2023-11-14,97.42118845340443,98.67065276778177,97.19739806645822,98.46551513671875,8323000,0.0,0.0,0.1366
2023-11-15,98.52145737885421,99.34200071494362,98.52145737885421,98.866455078125,7980200,0.0,0.0,0.08771666666666667
2023-11-16,99.0995601427591,100.38632979323278,99.02496335729433,99.96672821044922,8037200,0.0,0.0,0.1021375
2023-11-17,99.93876479238584,100.23714484597433,98.35362209156104,98.43753814697266,6341800,0.0,0.0,0.38155
2023-11-20,98.10185703916586,98.34429304924394,96.84306644450967,97.25334167480469,9799500,0.0,0.0,0.3753
2023-11-21,97.39319554089758,97.60765951956094,96.19967543513879,96.6845474243164,6149000,0.0,0.0,0.27115
2023-11-22,97.12280343192154,97.6076683510284,96.30225294951387,96.45144653320312,4828700,0.0,0.0,0.0
2023-11-24,96.45144956326813,96.60063603770253,95.54698299707724,95.8360366821289,3206400,0.0,0.0,0.0
2023-11-27,95.37914181635112,96.12508840115008,95.17400419350037,95.44441223144531,7853600,0.0,0.0,0.6151249999999999
2023-11-28,95.07142470223495,95.15534786303809,94.07371583276334,94.34412384033203,6848100,0.0,0.0,0.0
2023-11-29,94.6518323130968,94.81967152443816,92.80560098834188,93.1039810180664,8428500,0.0,0.0,0.5478999999999999
2023-11-30,93.29979653341472,93.35574768239388,91.77059792155664,92.59114837646484,11442600,0.0,0.0,0.46025
2023-12-01,91.84519777283201,92.57249870833544,90.93140485774971,92.4979019165039,12506500,0.0,0.0,0.50615
2023-12-04,91.74263166818822,92.19952458223307,90.2320786017882,91.0060043334961,11477400,0.0,0.0,-0.011399999999999993
2023-12-05,90.80086575095308,90.8941152994817,88.44179729759115,89.0851821899414,16027300,0.0,0.0,0.009050000000000002
2023-12-06,89.46747054059855,90.60504664007075,89.01990404785151,90.46517944335938,12115000,0.0,0.0,0.25395
2023-12-07,90.67965809570191,91.09925263977092,89.76586509478285,89.92438507080078,7858300,0.0,0.0,0.0
2023-12-08,89.58868687861742,90.31598772241847,89.33692451641508,90.08287811279297,7125200,0.0,0.0,-0.002599999999999991
2023-12-11,90.65168666598044,92.32075270268861,90.65168666598044,91.49088287353516,7639100,0.0,0.0,0.22081666666666666
2023-12-12,91.78925263618548,91.93843910411951,90.84748771393524,91.51884460449219,6313800,0.0,0.0,0.0
2023-12-13,91.84520261093105,91.97574344654188,90.27870546965902,91.48155212402344,7741900,0.0,0.0,0.0
2023-12-14,92.05034795754361,92.1156183808197,90.5864195092577,91.22979736328125,9764800,0.0,0.0,0.158275
2023-12-15,91.22978694610616,91.60276379964185,90.03626670594537,90.21343231201172,12466000,0.0,0.0,0.4365333333333334
2023-12-18,90.67032099950178,90.74491778952269,89.43950241992272,90.03626251220703,6146400,0.0,0.0,0.0
2023-12-19,90.39058852812373,91.4255958100443,90.39058852812373,91.11788940429688,5992900,0.0,0.0,0.0
2023-12-20,89.84978147716555,90.33464640506548,88.25531237076419,88.3112564086914,10057400,0.0,0.0,0.0
2023-12-21,88.65627173780778,88.9919502329956,88.08748357173631,88.8893814086914,7097200,0.0,0.0,0.24203999999999998
2023-12-22,88.47909245857247,89.35558696230771,87.96624841618663,88.84274291992188,6361000,0.0,0.0,0.0
2023-12-26,88.89867636269955,89.22503550384249,88.54435232087144,89.20638275146484,3709500,0.0,0.0,0.0
2023-12-27,89.22505052643652,89.3089665844427,88.3858543766654,88.8520736694336,4959300,0.0,0.0,0.23835
2023-12-28,89.04788079311663,89.48612804624534,88.6842303307208,89.4488296508789,4518300,0.0,0.0,0.0
2023-12-29,89.40220068347232,89.84044791603864,88.90800941745196,89.52342224121094,6135700,0.0,0.0,0.61815
2024-01-02,89.00126179154763,89.46748109294693,87.29490455502213,87.34152221679688,8859700,0.0,0.0,0.61955
2024-01-03,87.61193539133433,87.87301707716273,86.772739176927,86.93125915527344,7161700,0.0,0.0,0.0
2024-01-04,86.81002789920441,88.19004008837791,86.71678546665225,87.22962951660156,7118600,0.0,0.0,0.0
2024-01-05,87.02450661591291,87.25761629369221,86.23193513425187,86.70747375488281,7191000,0.0,0.0,0.482
2024-01-08,86.73543456981419,88.18071723085987,86.6701641530281,87.8263931274414,7536900,0.0,0.0,0.07442500000000003
2024-01-09,87.2855846788292,87.397479880519,86.58625567463856,86.80071258544922,6348500,0.0,0.0,-0.10865
2024-01-10,86.7261057898569,87.36016424646711,86.60488423345396,87.18299865722656,5847700,0.0,0.0,0.10115
2024-01-11,87.02448570696103,87.31353936149614,85.69109838587227,86.66083526611328,6483600,0.0,0.0,0.39185
2024-01-12,86.93124948599537,87.08976233276819,85.56988293741229,85.76570129394531,5641200,0.0,0.0,0.403175
2024-01-16,86.39977383657418,86.465044261379,85.53260555620005,86.43706512451172,7493400,0.0,0.0,0.24451666666666663
2024-01-17,85.46731593480548,85.7470432151647,85.2248799340079,85.56987762451172,6672900,0.0,0.0,0.0
2024-01-18,85.74705831623176,87.11774428460348,85.61651747295278,87.03382110595703,7549500,0.0,0.0,0.0
2024-01-19,86.88462587767278,87.873008481322,86.38110819828307,87.51868438720703,9565900,0.0,0.0,-0.09865000000000002
2024-01-22,87.46275739064949,87.57464548746374,86.53963790827335,86.78207397460938,9421000,0.0,0.0,0.19521666666666668
2024-01-23,86.74475308444055,87.32286751924265,85.56987857484845,85.7563705444336,10227100,0.0,0.0,0.24695
2024-01-24,86.29719331112146,86.56759423869718,85.77502286952755,85.82164764404297,7661400,0.0,0.0,0.209675
2024-01-25,85.98949888664916,86.39044781609756,85.52327953212509,86.3531494140625,11991500,0.0,0.0,0.10115
2024-01-26,86.64219967216009,87.17368943050295,86.16666107160347,86.53031158447266,9229400,0.0,0.0,0.35495
2024-01-29,86.73542243308692,87.58394484651572,86.0081215723999,87.46273040771484,12728100,0.0,0.0,0.040675
2024-01-30,86.71678062912336,88.28327759601356,86.33447742886234,87.72381591796875,17625200,0.0,0.0,0.16809285714285713
2024-01-31,91.64006107459065,91.71465786717297,86.73543222839882,86.74475860595703,26751800,0.0,0.0,-0.021688888888888893
2024-02-01,86.81004328724337,87.27626264658834,85.66314764706277,87.06180572509766,15001500,0.0,0.0,-0.2405
2024-02-02,86.42774640991334,87.28558831679487,85.47665494076584,86.70747375488281,11366600,0.0,0.0,0.31094999999999995
2024-02-05,86.51165061203946,86.59557378377816,85.69110721983328,86.25989532470703,7335800,0.0,0.0,0.2880833333333333
2024-02-06,86.25055464032592,89.23435476609066,86.11068745325618,89.20638275146484,11531500,0.0,0.0,0.07665
2024-02-07,89.73788808461595,90.12951769977515,88.05017650988762,88.87071990966797,9078000,0.0,0.0,-0.07827500000000001
2024-02-08,89.20841922784253,90.69992020327216,88.11090409823416,90.60610961914062,9888100,0.57,0.0,0.0
2024-02-09,90.35283453161988,91.91937386618066,90.32469422067149,91.27212524414062,9385600,0.0,0.0,0.0
2024-02-12,90.9156560053877,91.12202781389048,89.47106050261016,89.55548858642578,9224400,0.0,0.0,0.16057500000000002
2024-02-13,88.97390239488176,89.6399159980297,87.6043523882581,88.05461883544922,8138500,0.0,0.0,0.34497500000000003
2024-02-14,88.25160813623665,88.61744649336629,87.95143289047023,88.24222564697266,5510600,0.0,0.0,0.17
2024-02-15,88.2047099699716,88.40169931996986,87.23852104328081,87.44489288330078,8878000,0.0,0.0,-0.00645
2024-02-16,87.33232447326908,88.3454186933255,87.00400888993866,87.44489288330078,5737500,0.0,0.0,0.0
2024-02-20,87.57621000750295,88.28912888339775,87.30417507911227,87.67001342773438,8844500,0.0,0.0,0.45645
2024-02-21,88.04523685695186,89.83690585335788,87.96080876653895,89.13336944580078,8284600,0.0,0.0,0.0
2024-02-22,89.01143549491783,90.12771567442411,88.30789901003436,89.84629821777344,8124700,0.0,0.0,0.0
2024-02-23,89.94010026002043,90.92505418632084,89.6586899644654,89.69621276855469,6845200,0.0,0.0,0.0
2024-02-26,89.4523184875039,89.6493078422239,88.41108392916736,88.43922424316406,7043800,0.0,0.0,0.0
2024-02-27,88.47674685039726,88.79568710738361,87.80135068900793,88.29851531982422,5356100,0.0,0.0,0.0
2024-02-28,87.96080432482118,88.14841831807468,87.02275582877994,87.23851013183594,5622400,0.0,0.0,0.40175
2024-02-29,88.64559211939029,89.20841984435532,88.15780999955201,89.02081298828125,11221100,0.0,0.0,0.3809833333333333
2024-03-01,88.59867949849745,88.7112478968764,87.15409108138306,87.38860321044922,7995400,0.0,0.0,0.09545
2024-03-04,87.2947994631673,87.53869410036566,86.33799305068568,86.73197174072266,7321000,0.0,0.0,0.0
2024-03-05,86.39427444026082,86.45993755584793,85.42808552944655,85.56879425048828,7137300,0.0,0.0,-0.3071
2024-03-06,85.69072767237299,86.32860092843501,85.47498052860108,85.9721450805664,4826900,0.0,0.0,0.0
2024-03-07,85.9440115847335,86.07533781050411,84.71516310539064,85.31551361083984,8792400,0.0,0.0,0.577675
2024-03-08,85.00595707185487,85.85957747957919,84.98719209420612,85.41869354248047,7673300,0.0,0.0,0.0
2024-03-11,85.60631000255437,87.20098962503972,85.5218819141858,86.36612701416016,6702300,0.0,0.0,0.75325
2024-03-12,86.30046123982778,86.97585729895734,85.5594020725463,86.6756820678711,9444900,0.0,0.0,0.2997
2024-03-13,86.76011922778144,87.11658230164282,85.24048496719219,85.93463897705078,8254500,0.0,0.0,-0.025066666666666664
2024-03-14,85.4562247902618,86.02843500050903,84.80897613222655,85.98153686523438,8544800,0.0,0.0,0.0
2024-03-15,85.92524943409076,86.3192281243708,84.51817654873967,84.53694152832031,18136300,0.0,0.0,0.0
2024-03-18,85.12790864896344,85.76578196973779,84.92153681625076,85.3718032836914,7413900,0.0,0.0,0.35
2024-03-19,85.36241024902864,86.20665529822455,85.23108403656948,85.91585540771484,5676500,0.0,0.0,0.131575
2024-03-20,86.10347945411397,86.89143682092626,85.85020233139383,86.86329650878906,5804400,0.0,0.0,0.18114999999999998
2024-03-21,86.89143798238453,87.39798507785305,85.9627718857303,85.98153686523438,6287300,0.0,0.0,-0.1027
2024-03-22,86.05656660881141,86.09408940728154,84.48064485677615,85.09037780761719,6495000,0.0,0.0,0.0
2024-03-25,85.03410625184362,85.47499023493276,84.86525721910189,85.05286407470703,6903000,0.0,0.0,0.11474999999999999
2024-03-26,85.34366239433893,85.36242021684839,84.6401259639803,84.76206970214844,6216100,0.0,0.0,0.7099
2024-03-27,85.03409637837122,86.1409938741002,84.9871910915448,85.83143615722656,5863700,0.0,0.0,0.11315
2024-03-28,86.1034770761187,86.525596060004,85.64383529150585,85.72825622558594,6784300,0.0,0.0,0.43515
2024-04-01,86.1316312338911,86.36614340858115,85.3811894121855,85.8595962524414,4990200,0.0,0.0,0.18795
2024-04-02,85.46559614287715,85.58753986679191,83.70206760666855,83.76773071289062,8276800,0.0,0.0,0.0
2024-04-03,84.04914776641249,84.27427741216147,83.15800451596354,83.20490264892578,6316400,0.0,0.0,0.3028666666666667
2024-04-04,83.60826642441718,83.80525576520616,82.1824357477216,82.19181823730469,8057600,0.0,0.0,0.0
2024-04-05,82.45445903145963,82.48259933948682,81.45074749028768,81.4695053100586,7161400,0.0,0.0,0.4377125
2024-04-08,81.58208794061774,81.9479263223184,81.0098777217028,81.78845977783203,6322900,0.0,0.0,0.0
2024-04-09,81.788450251652,82.17304641160287,80.96296299894215,81.73216247558594,6240700,0.0,0.0,0.181725
2024-04-10,80.97235521814113,81.48828481308372,80.2969590781228,80.62527465820312,7413900,0.0,0.0,0.23835
2024-04-11,80.67217256109178,80.96296531156146,79.97801866154695,80.578369140625,6841600,0.0,0.0,0.4158
2024-04-12,80.12811245090072,80.21254054931144,79.06812007286292,79.65908813476562,8594800,0.0,0.0,0.3160375
2024-04-15,80.1093471487203,81.01925538215801,79.65908069829767,79.89359283447266,9676900,0.0,0.0,0.18964999999999999
2024-04-16,79.56528504255255,80.85041425067645,79.19006415669402,80.12811279296875,8866800,0.0,0.0,0.0
2024-04-17,80.67217417922944,81.06615284713774,80.05305870959437,80.8691635131836,6870100,0.0,0.0,0.0
2024-04-18,81.08490962168581,82.20118240115099,80.71907130182237,81.75092315673828,11403300,0.0,0.0,0.23993333333333333
2024-04-19,81.75094019694552,82.62332571616999,81.72279988289685,82.18244171142578,11900000,0.0,0.0,0.0
2024-04-22,82.62332151132873,83.1204861188687,81.92916040198725,82.71712493896484,8669000,0.0,0.0,0.059649999999999995
2024-04-23,83.2705608479505,83.3080836461521,81.91039340766736,82.42632293701172,5670500,0.0,0.0,0.141575
2024-04-24,81.6664963550341,83.43003203405041,81.56331045225159,83.25180053710938,7183900,0.0,0.0,0.0
2024-04-25,84.00223958082697,84.171088584118,82.24808644423358,82.3981704711914,7284600,0.0,0.0,0.351125
2024-04-26,81.98545123797264,83.72083976248506,81.95731092430783,82.78279113769531,7185300,0.0,0.0,0.3062
2024-04-29,82.7733981458843,83.120478669449,82.41694229011617,82.85782623291016,8522800,0.0,0.0,0.092475
2024-04-30,82.1824466664989,83.47695128798999,81.77908544174721,83.00792694091797,14538400,0.0,0.0,0.054849999999999996
2024-05-01,71.12283531688703,72.22035031854743,68.16798117978892,69.82833099365234,66610700,0.0,0.0,0.11093571428571429
2024-05-02,70.25983118781967,70.4943433031617,68.80585321000238,70.28797149658203,23883400,0.0,0.0,0.223275
2024-05-03,70.60690766841074,70.83204446197412,68.46815822675346,68.58072662353516,22153800,0.0,0.0,-0.011200000000000002
2024-05-06,68.76833948452318,69.59382681973854,68.19612927506444,68.38374328613281,18632200,0.0,0.0,-0.049325
2024-05-07,68.33683760526414,68.33683760526414,67.35189089054595,68.0085220336914,21901300,0.0,0.0,0.276775
2024-05-08,67.81154091904719,69.85648735736173,67.77401811249402,68.94657897949219,24482600,0.0,0.0,0.004580000000000003
2024-05-09,69.01224047334698,71.06656935401134,68.5432161376149,70.99152374267578,18591500,0.0,0.0,-0.10170000000000001
2024-05-10,70.64443288204261,71.58248141706055,70.40992074828813,71.3948745727539,15761900,0.0,0.0,0.03569166666666668
2024-05-13,71.498071206716,72.07965680533243,71.10409248054162,71.4605484008789,10953600,0.0,0.0,-0.028533333333333338
2024-05-14,71.50744546169325,71.97646974552329,70.84142468072112,70.94461059570312,10961100,0.0,0.0,0.21075
2024-05-15,71.19789081016265,71.31983455282935,70.65382089966276,71.0102767944336,8826500,0.0,0.0,0.31845
2024-05-16,71.06699240391373,71.40725254237024,70.37701845342131,71.15205383300781,10758500,0.57,0.0,0.2263
2024-05-17,71.14259494228519,73.72289960118405,70.81178850166728,73.58112335205078,14436500,0.0,0.0,0.0
2024-05-20,73.42044666016469,74.02535192362528,72.50363509212737,73.28812408447266,11183800,0.0,0.0,0.3243
2024-05-21,73.3070220362433,73.93083462682134,73.25031442293232,73.458251953125,8916600,0.0,0.0,0.0
2024-05-22,73.43935094406177,76.57729987969412,73.19361312448667,76.29375457763672,22072200,0.0,0.0,0.2202
2024-05-23,75.7077543816964,76.27485223404939,73.3826481393208,74.01590728759766,15841300,0.0,0.0,-0.1366
2024-05-24,74.19548274467435,74.87600297584407,73.82686882129735,74.54519653320312,10746200,0.0,0.0,0.2202
2024-05-28,74.46958685941922,74.4790405330344,73.16526113109046,73.2314224243164,8833300,0.0,0.0,0.1020875
2024-05-29,72.87224416317444,74.02534699837476,72.6170527016159,72.664306640625,9268100,0.0,0.0,0.233025
2024-05-30,72.87225270961716,74.5546460096802,72.83444522735238,74.44123077392578,9294200,0.0,0.0,0.025949999999999994
2024-05-31,74.74367904930251,75.9251357595746,74.2994501724739,75.8211669921875,12669700,0.0,0.0,0.07665
2024-06-03,75.31078685780749,77.61699297092844,75.25407923569482,77.57918548583984,12443400,0.0,0.0,0.0
2024-06-04,77.47520124912675,78.85514172989487,77.4090399661803,78.25023651123047,12370000,0.0,0.0,-0.11315
2024-06-05,77.93832815258166,77.97613562912045,76.52058023205221,76.7096176147461,11275300,0.0,0.0,0.33437500000000003
2024-06-06,76.70017947857967,78.38257286461288,76.48278824720852,77.00263214111328,9237800,0.0,0.0,-0.11534999999999998
2024-06-07,77.14440460013564,78.09901648763069,76.18978550160067,76.9648208618164,10852600,0.0,0.0,0.12975
2024-06-10,77.0215271388004,77.36178726282851,76.40716818091407,77.12549591064453,8698600,0.0,0.0,0.22252499999999997
2024-06-11,76.48276582292706,76.53002696707638,75.37692427579961,75.50924682617188,9024300,0.0,0.0,0.0
2024-06-12,75.60377311079279,75.7833568319355,74.83819149714512,75.0272216796875,8873400,0.0,0.0,-0.039599999999999996
2024-06-13,75.14065222767583,76.46388528144038,74.83819957633307,75.84007263183594,13947300,0.0,0.0,0.09545
2024-06-14,75.61322370888185,75.99129126963405,74.77202717200365,75.28241729736328,7192400,0.0,0.0,0.1625
2024-06-17,75.21626091655097,77.26726801265956,74.92325475207872,76.87030029296875,9845900,0.0,0.0,-0.148
2024-06-18,76.56785792798149,77.22947088279781,75.22571745943348,75.8022689819336,9664500,0.0,0.0,-0.00645
2024-06-20,75.44310213416868,76.3504600551845,75.301325881595,75.34858703613281,10183900,0.0,0.0,0.2426
2024-06-21,75.6132291460998,75.84952048718135,74.81929370136469,75.52816772460938,25648400,0.0,0.0,0.0
2024-06-24,75.61323899409886,75.67940028977709,74.8287499088854,75.35804748535156,7396600,0.0,0.0,-0.033716666666666666
2024-06-25,75.61322895459202,76.32210297604132,74.54519469158261,74.93270874023438,15821600,0.0,0.0,0.0
2024-06-26,74.66807632941594,74.93272152213345,74.08207110908386,74.80985260009766,10708100,0.0,0.0,0.212725
2024-06-27,74.71531334368584,75.08392720170619,74.36559961716264,74.89488983154297,10289600,0.0,0.0,0.0
2024-06-28,74.40341982819207,74.55464253917188,73.3542856800613,73.58112335205078,13207500,0.0,0.0,-0.00045000000000000595
2024-07-01,73.7134393493612,73.93083054010195,72.56979020755897,72.90059661865234,6767600,0.0,0.0,0.33985
2024-07-02,72.89116428372405,72.97622571547315,72.09722153219742,72.6170654296875,8854100,0.0,0.0,0.17261249999999997
2024-07-03,72.62651387626403,72.8155513037149,71.89873961093961,72.07832336425781,4906700,0.0,0.0,0.07432499999999997
2024-07-05,72.05940592386574,72.0877597312522,71.2843706074644,71.87982940673828,9663100,0.0,0.0,0.10417499999999998
2024-07-08,72.15392722794803,72.25789600467165,70.38647244572668,70.48098754882812,8871200,0.0,0.0,0.0
2024-07-09,70.53769645204486,70.54715012583907,68.74188782731903,68.76078796386719,11816900,0.0,0.0,0.08762499999999998
2024-07-10,68.98762619676785,69.15775627119186,68.38272086793592,68.53395080566406,11132500,0.0,0.0,0.23645000000000002
2024-07-11,68.37325929024988,69.46965457891676,68.12752148640894,69.28062438964844,12316100,0.0,0.0,-0.20095
2024-07-12,69.75321111457795,70.94411435582711,69.356236156455,70.72673034667969,10559300,0.0,0.0,0.0
2024-07-15,70.7834414934125,70.79289516720671,68.54339673284191,68.76078796386719,9064400,0.0,0.0,0.06833333333333332
2024-07-16,68.25039690286263,71.36944580078125,67.62659144990302,71.36944580078125,14968700,0.0,0.0,-0.11464999999999999
2024-07-17,71.09535605928957,71.95545298708112,70.46209685153609,70.98193359375,11567800,0.0,0.0,0.17219999999999996
2024-07-18,70.37701766734698,70.99137664442252,69.76265869027144,70.121826171875,10701000,0.0,0.0,0.0
2024-07-19,70.56605018645799,75.0272246882894,70.12182130752659,74.92325592041016,32965900,0.0,0.0,0.08794999999999999
2024-07-22,74.03480250728288,74.1671250774536,71.8420192159748,72.35240936279297,18851500,0.0,0.0,0.48324999999999996
2024-07-23,72.91006641192007,72.91006641192007,71.86093212544944,72.07832336425781,9592100,0.0,0.0,0.17204999999999998
2024-07-24,72.18227736103663,72.29569258323505,69.96113311246337,70.58494567871094,10478200,0.0,0.0,0.0
2024-07-25,70.94410807145125,71.61517459713478,69.24281478706801,69.29952239990234,18973600,0.0,0.0,0.0
2024-07-26,69.79101847776795,70.90631407888698,69.66814955624423,69.98950958251953,12387100,0.0,0.0,0.0
2024-07-29,70.31084965018266,71.44504518319506,69.67759059776806,71.07643127441406,10864700,0.0,0.0,0.0
2024-07-30,71.12370476615114,71.8798400600414,70.745637119206,71.77587127685547,16163600,0.0,0.0,0.1806
2024-07-31,75.18790662327923,76.78523116438188,73.53386725755942,73.6756362915039,18901100,0.0,0.0,0.0
2024-08-01,73.6189376279673,73.85522899465381,69.78156814051117,70.99137878417969,17307200,0.0,0.0,0.16455
2024-08-02,70.99138010780415,72.46583595588615,70.81179635824121,71.71915435791016,15185700,0.0,0.0,0.11832499999999996
2024-08-05,69.80045996262126,70.8874015621149,68.73242570839291,69.8099136352539,12372900,0.0,0.0,0.4201
2024-08-06,69.86662737176943,71.82311953790044,69.79101240616049,71.23712158203125,10525500,0.0,0.0,0.0258
2024-08-07,71.17096795670606,72.61707007731674,71.03864535815613,71.16151428222656,7297000,0.0,0.0,0.20095
2024-08-08,70.95357772435842,71.97435825151582,70.69838619808952,71.5962905883789,8988300,0.0,0.0,0.38915
2024-08-09,71.5017630358604,71.70024690199192,70.65111274455417,70.97246551513672,4683600,0.0,0.0,0.0
2024-08-12,72.33350101768445,74.12931657364841,72.10666335924833,72.80608367919922,13123000,0.0,0.0,0.0
2024-08-13,86.02895319520067,90.74533382415895,85.33898647806897,90.64136505126953,157215500,0.0,0.0,0.241775
2024-08-14,90.15932435496214,90.60355323404524,86.41647034314978,88.75102996826172,45737800,0.0,0.0,0.0
2024-08-15,88.95897891582247,89.75291446970232,87.88149082924814,89.67729949951172,21109800,0.0,0.0,0.0
2024-08-16,88.77396277346392,90.95147407056305,88.71691242001191,90.1527328491211,16336300,0.57,0.0,0.0
2024-08-19,89.7153324164939,90.22880737595598,87.60438222357966,87.76603698730469,14479000,0.0,0.0,0.11855000000000002
2024-08-20,87.75652123921662,89.21136324852851,87.60437729477019,88.44115447998047,11536200,0.0,0.0,0.0
2024-08-21,87.94668718969844,88.79296786575297,87.68995337135621,88.22244262695312,6769200,0.0,0.0,0.0
2024-08-22,88.1178494629986,88.2699934026756,87.26205793887141,87.88964080810547,10010300,0.0,0.0,0.0
2024-08-23,88.2890171907818,89.78189529873882,88.27000282360397,89.40154266357422,11483700,0.0,0.0,0.45130000000000003
2024-08-26,89.57269367792755,91.21771560757307,89.55367931230121,90.93244934082031,13882800,0.0,0.0,0.17560000000000003
2024-08-27,90.71375484304549,93.87066924113985,90.57112170439748,93.75656127929688,17456300,0.0,0.0,0.41355
2024-08-28,93.39522149172235,93.86114959647155,89.74384685726454,90.61865997314453,14866300,0.0,0.0,0.4088
2024-08-29,90.7803230204911,91.12263967784337,89.64877588898645,90.20028686523438,8781300,0.0,0.0,-0.093975
2024-08-30,90.32388937540323,91.21771691977219,89.80091088499664,89.92452239990234,7117200,0.0,0.0,0.0521375
2024-09-03,89.50612951867367,90.15272674765204,88.46967614312048,88.60279846191406,11234000,0.0,0.0,-0.4565
2024-09-04,88.78346952151063,89.3635056038083,87.45223904976805,87.7945556640625,7193500,0.0,0.0,0.10645
2024-09-05,87.64240634701574,88.45065103773076,86.72005370699357,87.06237030029297,8370100,0.0,0.0,0.7611
2024-09-06,87.00532931822677,87.6329122250362,85.7501707592307,86.67252349853516,9257000,0.0,0.0,0.0
2024-09-09,86.7390833481262,87.8230835756233,85.96887456927895,87.68045043945312,10089700,0.0,0.0,0.45885
2024-09-10,87.59487131970198,88.92609452372503,86.66300782226348,88.75493621826172,7327000,0.0,0.0,0.3454
2024-09-11,89.45859319945035,93.5188385780703,89.05922622869217,93.37620544433594,19302900,0.0,0.0,0.04269999999999999
2024-09-12,93.62342534702086,94.43167000908593,92.55843962177096,94.40314483642578,14653500,0.0,0.0,0.0
2024-09-13,94.26051660667798,94.6218548247695,93.66146618588401,93.72802734375,9899900,0.0,0.0,0.031775000000000025
2024-09-16,93.68048744355934,93.75655941660997,91.26526396349402,91.57904815673828,9263400,0.0,0.0,0.41622499999999996
2024-09-17,91.75021441202804,91.7977612129567,90.52358094522612,91.70267486572266,6281700,0.0,0.0,0.6474
2024-09-18,90.85639157900893,92.80568703563516,90.64719726799215,91.39839172363281,8793800,0.0,0.0,0.151275
2024-09-19,93.15750709595967,93.85164388600668,91.59806795260015,92.14006805419922,8752600,0.0,0.0,-0.125
2024-09-20,92.09251553113027,92.2921990030251,90.63767362545221,91.33181762695312,19541000,0.0,0.0,0.7391000000000001
2024-09-23,91.33184857921225,91.33184857921225,89.71535138259043,90.78984832763672,8382800,0.0,0.0,0.0
2024-09-24,90.78031672203936,91.11312254509043,89.5631941379538,89.81041717529297,8606800,0.0,0.0,0.0
2024-09-25,89.62975617282598,91.24624576026818,89.59172018487614,90.9229507446289,8632900,0.0,0.0,0.40956249999999994
2024-09-26,93.66147863409496,94.27955075620903,92.23516170058083,92.68207550048828,9876800,0.0,0.0,-0.12209999999999999
2024-09-27,92.85322432155468,93.32866325074377,92.41582137725538,92.57746887207031,6319900,0.0,0.0,0.463125
2024-09-30,92.60600160898237,92.89126789163866,91.67414529426794,92.70108795166016,6436400,0.0,0.0,0.6306
2024-10-01,92.70108569264731,93.31915778692566,91.61708545236586,92.64403533935547,7171600,0.0,0.0,0.0
2024-10-02,92.07351130528684,92.2351588115791,91.16066936698472,91.75971984863281,6346000,0.0,0.0,0.0
2024-10-03,90.9419624766255,91.65512090712264,90.6281710260973,90.86589050292969,5556400,0.0,0.0,0.0
2024-10-04,91.44593670362828,91.97843332367103,90.47604432309703,91.83580017089844,6818900,0.0,0.0,0.5528
2024-10-07,91.46493611113092,91.77872026546937,90.67570581148745,91.36984252929688,7478900,0.0,0.0,0.0
2024-10-08,91.33182631922948,92.12104947241505,90.599646264643,91.48396301269531,6595200,0.0,0.0,0.0
2024-10-09,91.7407062087722,91.7407062087722,90.77080665409099,91.17017364501953,3344800,0.0,0.0,0.0
2024-10-10,90.73276248499349,90.78982008899771,89.15430903023994,89.2684097290039,5459500,0.0,0.0,0.0
2024-10-11,89.5156429851883,91.24624043548901,89.392031472532,90.85638427734375,4834800,0.0,0.0,0.0
2024-10-14,90.72327387492776,90.83737459248783,89.70582744586082,90.1052017211914,4124700,0.0,0.0,0.0
2024-10-15,90.01961723549994,91.25576151972587,89.92453088778025,90.37144470214844,6264100,0.0,0.0,0.0
2024-10-16,90.76130217698892,91.13214401653258,89.46810751692055,90.77081298828125,7537100,0.0,0.0,0.0
2024-10-17,90.64719890791095,91.46495454506722,90.12421312090756,90.59014129638672,5577300,0.0,0.0,0.33755
2024-10-18,90.9800008133074,92.09252625250782,90.37143951726839,92.08301544189453,6178300,0.0,0.0,0.0
2024-10-21,92.18760475804761,92.42532422081166,91.17967655740719,91.71216583251953,3994300,0.0,0.0,0.17039999999999997
2024-10-22,91.61708919269701,92.41583044450569,91.22723300491536,92.06400299072266,6670900,0.0,0.0,0.0
2024-10-23,89.25891584447193,92.91979450376687,89.08775752315985,92.85323333740234,18858800,0.0,0.0,0.0
2024-10-24,92.89125963939557,94.53627425998853,92.09251847169,92.3777847290039,9828600,0.0,0.0,-0.03720000000000001
2024-10-25,92.44434695993887,93.1479945469475,91.69315257795272,92.52992248535156,9665600,0.0,0.0,0.2202
2024-10-28,92.85323503159451,94.27004117270349,92.75814868571354,93.2050552368164,6790900,0.0,0.0,0.42205
2024-10-29,92.93880863860855,93.2335857357349,91.61708887079786,92.60600280761719,7664200,0.0,0.0,0.0
2024-10-30,92.58698313687411,93.32866673334578,92.04498302755844,92.53943634033203,9187200,0.0,0.0,0.3953
2024-10-31,92.53944108818511,94.13691632201638,90.66621038043158,92.90077209472656,12011500,0.0,0.0,-0.3825
2024-11-01,92.80568660322795,94.89762244902572,92.58698873700072,94.0133056640625,8860200,0.0,0.0,0.0
2024-11-04,93.74704667521266,93.95624096948137,91.94988806299148,92.26367950439453,7049100,0.0,0.0,0.0
2024-11-05,92.10203426160585,92.68207036278461,91.42691182105509,92.32073211669922,6348300,0.0,0.0,0.0
2024-11-06,92.20663232414765,93.40474052503977,90.12420737455798,91.3603515625,9708800,0.0,0.0,0.0
2024-11-07,91.34133411314082,91.94039186825668,91.0560750791732,91.39839172363281,6195200,0.0,0.0,0.0
2024-11-08,91.38887408837547,92.84371609137791,91.31280211648216,92.75814056396484,6118700,0.0,0.0,0.0
2024-11-11,93.186027627977,96.42852452051605,93.13848083448121,95.38255310058594,10313300,0.0,0.0,0.0
2024-11-12,95.21140901933181,95.6012724712774,93.58540855273485,93.94674682617188,8438400,0.0,0.0,0.0
2024-11-13,92.5679732950157,95.03075112588922,91.50299456133939,94.89762878417969,8816300,0.0,0.0,0.0
2024-11-14,94.54577873482025,95.10679314742563,94.27002330579289,94.35560607910156,6441500,0.0,0.0,0.0
2024-11-15,94.81485756529038,95.88643074919553,93.75285401949463,94.16426086425781,8119900,0.61,0.0,0.58005
2024-11-18,94.18339208945515,96.25955811251906,93.69544278051802,96.05863952636719,7041500,0.0,0.0,0.0
2024-11-19,95.47502597691934,95.96297533815952,93.95377466228653,94.0972900390625,9176200,0.0,0.0,0.0
2024-11-20,93.76242519392801,94.47999477449379,92.91090987561624,94.01118469238281,7527700,0.0,0.0,0.0
2024-11-21,95.19756209348273,95.99167416232227,94.23123303741892,95.73334503173828,6760600,0.0,0.0,0.0
2024-11-22,95.67594946884527,98.12525143940911,95.45589157328885,98.0678482055664,6563300,0.0,0.0,0.0
2024-11-25,98.47925007090416,98.85238567089266,97.37897524808115,97.4363784790039,8839600,0.0,0.0,0.58305
2024-11-26,97.57989058234068,97.67556506383417,96.12561948495268,96.3265380859375,6558300,0.0,0.0,0.41905
2024-11-27,96.39350446621334,97.61815526570615,96.36480285364625,97.12064361572266,4857800,0.0,0.0,0.0
2024-11-29,96.98670724537422,98.06784278681546,96.89102546159576,98.02957153320312,3419300,0.0,0.0,0.0
2024-12-02,97.58945365313906,97.79037224060325,95.55155886643567,97.12064361572266,6103200,0.0,0.0,0.0
2024-12-03,96.71881466569364,97.70428308547397,95.57070618175919,97.17806243896484,7101500,0.0,0.0,0.0
2024-12-04,96.52745159291813,97.57988543279683,96.02993993570999,96.34566497802734,6151100,0.0,0.0,0.0
2024-12-05,96.63270044651523,96.9197311894217,94.90096824959926,94.93923950195312,7194800,0.0,0.0,0.0
2024-12-06,94.65221252373355,96.26913832739439,94.1834024378686,95.78118896484375,6297000,0.0,0.0,0.0
2024-12-09,95.74290143010776,96.2212810729682,94.25992161744279,95.01576232910156,7271600,0.0,0.0,0.0
2024-12-10,94.85312456235596,94.958368678352,93.70501622357432,93.9155044555664,8192500,0.0,0.0,0.0
2024-12-11,94.24080337014284,95.0923186745023,93.74329168088036,94.16426086425781,8007300,0.0,0.0,0.0
2024-12-12,93.97291520432837,94.69048479837548,93.20750471754664,93.5902099609375,6375900,0.0,0.0,0.35015
2024-12-13,93.1309617642492,93.8389690159648,92.74826382218117,93.20750427246094,5910900,0.0,0.0,0.0
2024-12-16,92.75782011790864,92.80566100729799,89.07429791927053,89.09343719482422,12395900,0.0,0.0,-0.117
2024-12-17,88.988195402499,89.87798195212352,88.06970723828901,88.10797119140625,8536100,0.0,0.0,0.0
2024-12-18,87.80181563754459,88.26106340688698,85.7639205411715,86.01268005371094,10886600,0.0,0.0,0.0
2024-12-19,86.33797413637441,87.62003564578137,84.83586203248804,84.9219741821289,14628400,0.0,0.0,0.0
2024-12-20,84.06088594235644,85.30467614835894,83.30504510018511,84.16613006591797,26477500,0.0,0.0,0.45215
2024-12-23,83.71643795061765,84.08000385332817,82.56832972137825,83.6590347290039,11203700,0.0,0.0,0.0
2024-12-24,83.62077158831309,86.03180202325854,83.40071371830271,86.0222396850586,5422000,0.0,0.0,-0.056700000000000014
2024-12-26,85.5055877706479,88.06970318160256,85.5055877706479,87.8879165649414,7538700,0.0,0.0,-0.12040000000000001
2024-12-27,86.96943125756,89.1699735064067,86.95029198176853,88.26105499267578,8200400,0.0,0.0,0.0
2024-12-30,87.34255965840995,87.3712612702419,85.95525425741218,86.66326141357422,8404500,0.0,0.0,0.0
2024-12-31,86.80678670670109,87.80181009505671,86.67283367033129,87.3042984008789,4220700,0.0,0.0,0.0
2025-01-02,87.59133071839204,88.65333429368361,87.45738497912062,88.18451690673828,8640900,0.0,0.0,0.0
2025-01-03,88.40456525187109,89.09343315063674,87.83051110273121,88.5767822265625,4964900,0.0,0.0,0.0
2025-01-06,88.060140164619,90.41376752260126,87.9644656800497,89.1030044555664,8768100,0.0,0.0,0.0
2025-01-07,88.7681430319163,89.60052640400991,87.88792606571106,88.82554626464844,6638300,0.0,0.0,0.0
2025-01-08,88.9499203449464,88.9881915959216,88.03143222002586,88.59591674804688,6243700,0.0,0.0,0.0
2025-01-10,88.2036517642913,88.77770594662108,87.95489227546689,88.26105499267578,6550300,0.0,0.0,0.0
2025-01-13,88.28019621150135,89.54311846464701,87.42868083700517,89.46658325195312,6912100,0.0,0.0,0.0
2025-01-14,89.9449571015849,90.78690278193383,88.51938027871067,89.04560089111328,6406200,0.0,0.0,0.0
2025-01-15,90.0310672569446,90.38507089884628,88.93079237489488,89.05517578125,4554700,0.0,0.0,0.0
2025-01-16,88.85425173922368,90.67208883396226,88.85425173922368,90.34679412841797,6548200,0.0,0.0,0.0
2025-01-17,91.44706374197426,91.71495520177247,90.98781602553818,91.01651763916016,8361900,0.0,0.0,0.0
2025-01-21,91.28442227714456,94.31734797009995,91.28442227714456,93.74329376220703,8803100,0.0,0.0,0.127375
2025-01-22,93.74330212657436,94.27908512848097,93.24578308237884,93.50411224365234,7678900,0.0,0.0,-0.148
2025-01-23,93.76241540142692,93.79111701373273,92.82478803563508,93.75284576416016,7901800,0.0,0.0,0.0
2025-01-24,93.56151541155405,94.72876320728248,93.3988680431646,94.53740692138672,6957100,0.0,0.0,0.0
2025-01-27,94.25993682859335,95.9916763788627,93.85809961562288,95.69507598876953,9654900,0.0,0.0,0.43895
2025-01-28,94.66177693704466,96.32653624153963,94.32690530898682,96.0682144165039,14736500,0.0,0.0,-0.2932
2025-01-29,98.25919095718078,105.32008025214986,98.24005898027767,103.88494110107422,40769300,0.0,0.0,0.196975
2025-01-30,104.28678131103516,105.56883548577999,103.35872346539384,104.28678131103516,15023000,0.0,0.0,0.0
2025-01-31,104.28677156659003,104.63120552453101,102.8516325083342,103.02384948730469,19136900,0.0,0.0,0.0
2025-02-03,101.1486130611405,103.75100000610821,100.95725678607197,103.48310852050781,8894100,0.0,0.0,0.41864999999999997
2025-02-04,103.97104286124778,106.26726689473197,103.45439190625171,105.81758880615234,11123700,0.0,0.0,-0.034025000000000014
2025-02-05,105.41575610160233,107.5588952177868,105.10959337071883,107.39624786376953,12826000,0.0,0.0,0.0
2025-02-06,107.20488962226143,107.453641801187,106.24813025856253,106.8700180053711,11967300,0.0,0.0,0.5334
2025-02-07,106.61170238954658,107.75024843440505,105.30093935722627,107.34840393066406,11502400,0.0,0.0,0.0
2025-02-10,107.7119716171044,107.7119716171044,106.20029006075723,106.63082885742188,8348400,0.0,0.0,0.9177500000000001
2025-02-11,106.08548090525048,107.23359657859542,105.8271590759575,106.22899627685547,4683100,0.0,0.0,0.0
2025-02-12,105.77931780709261,108.29559972167742,105.62624009755804,108.15208435058594,7269400,0.0,0.0,0.0
2025-02-13,108.22862906673556,108.49652053851663,106.70737778127143,108.11381530761719,10046300,0.0,0.0,0.465
2025-02-14,108.52745459607397,109.1527250381766,107.76751142356318,108.26773071289062,9115000,0.61,0.0,0.0
2025-02-18,107.54626451203495,109.04690767388695,107.37311281342794,108.72946166992188,7574100,0.0,0.0,0.0
2025-02-19,108.16190587875751,109.02765697275741,108.06570478910177,108.20999908447266,8268900,0.0,0.0,0.4019
2025-02-20,107.9021893672704,109.1815877070754,107.70018026189808,109.02767181396484,6343800,0.0,0.0,0.0
2025-02-21,109.01804759523932,110.3166816332466,107.38272440665239,107.49816131591797,9664700,0.0,0.0,0.0
2025-02-24,108.06570422268899,109.57597618866068,107.6328286779579,108.88336944580078,13120500,0.0,0.0,0.0
2025-02-25,108.7775599555795,110.85537295653337,108.38315601841171,110.2301025390625,11001800,0.0,0.0,0.0
2025-02-26,110.24935105288672,110.42250275630936,107.98876466978427,108.70060729980469,7466800,0.0,0.0,0.0
2025-02-27,108.70061186425848,111.29788018554659,108.50822433642742,110.13391876220703,9013700,0.0,0.0,0.0
2025-02-28,110.68223750368362,111.67304727195766,109.92229424959137,111.40370178222656,11466000,0.0,0.0,0.148
2025-03-03,111.62494054759428,112.99091098826672,109.75875082443319,111.01891326904297,9225500,0.0,0.0,-0.26335
2025-03-04,110.61489196822153,110.88423743564078,107.73865667097496,107.79637145996094,12482400,0.0,0.0,0.441925
2025-03-05,107.32501565992328,108.23886739090703,106.01675997109353,107.4404525756836,11926800,0.0,0.0,0.7497
2025-03-06,105.82436379212429,106.22838195555869,100.91840902997157,101.45709991455078,16321700,0.0,0.0,0.0
2025-03-07,100.7452639559498,102.79421963858928,99.5043446532425,102.42868041992188,11637400,0.0,0.0,0.2202
2025-03-10,101.70721270019087,101.96693657357417,96.00283567189715,97.2822265625,15823300,0.0,0.0,0.36345
2025-03-11,98.01331369825688,99.08108127779715,95.23327229613513,95.79120635986328,10663500,0.0,0.0,0.6423
2025-03-12,96.48381762663215,96.48381762663215,93.28051473941254,94.93507385253906,9461200,0.0,0.0,0.48700000000000004
2025-03-13,94.95430551607386,95.10822139852283,92.28007944098526,92.38589477539062,9274300,0.0,0.0,0.0
2025-03-14,92.84762833021475,94.51180895890454,92.50133227074649,94.37713623046875,8240900,0.0,0.0,0.0
2025-03-17,93.99234927462793,95.66614406002283,93.30936408828352,95.31022644042969,10131700,0.0,0.0,0.0
2025-03-18,95.4545237014187,95.58919642746217,93.96349479850625,94.54066467285156,7423400,0.0,0.0,0.0
2025-03-19,94.53104449377093,95.74310638520332,94.22322006695941,95.41604614257812,4982700,0.0,0.0,0.0
2025-03-20,95.08896953064146,95.89701316123097,94.91581784830889,95.50260925292969,5952800,0.0,0.0,0.0
2025-03-21,94.2136101231264,94.28094649021351,92.62638736851477,93.376708984375,11366000,0.0,0.0,0.0
2025-03-24,94.30017115504742,94.46370126447525,91.99148445219139,92.07806396484375,8265000,0.0,0.0,0.0
2025-03-25,92.53018955912661,93.28051114216422,91.16421178222113,92.23197937011719,6984800,0.0,0.0,0.0
2025-03-26,92.34742254649983,94.6464879998513,92.34742254649983,94.24246978759766,9561600,0.0,0.0,0.0
2025-03-27,94.17512989596595,96.11827027681576,93.82882648724207,95.08898162841797,9141000,0.0,0.0,0.0
2025-03-28,94.27132820860996,94.74268279470112,93.3670906711538,94.01160430908203,8066200,0.0,0.0,0.0
2025-03-31,92.9438387366398,95.0601309718494,90.98145506115313,94.35790252685547,11302900,0.0,0.0,0.0
2025-04-01,94.12703003218549,95.13708287151009,93.43442320969015,94.4925765991211,5868400,0.0,0.0,0.0
2025-04-02,93.70377339289128,95.95473816388623,93.70377339289128,95.62767791748047,6043300,0.0,0.0,0.0
2025-04-03,89.79825044482038,89.83672941953125,84.31512498301481,84.90191650390625,20490100,0.0,0.0,0.0
2025-04-04,81.43889089125716,82.17959098443924,78.20673035187076,78.97628784179688,19700100,0.0,0.0,0.0
2025-04-07,75.63831458623608,80.10177313606982,73.25267674362549,76.95619201660156,26099400,0.0,0.0,0.0
2025-04-08,79.90937008274872,80.30377401306222,75.6960220296536,76.65797424316406,20534600,0.0,0.0,0.0
2025-04-09,76.20586312506201,85.73880669489388,74.96494376524016,85.3059310913086,26668100,0.0,0.0,0.4107
2025-04-10,82.83370683884081,83.28582555970561,78.56263660323138,81.38115692138672,16209300,0.0,0.0,0.0
2025-04-11,81.21763598234133,82.55474914159858,78.9570494616692,82.1795883178711,10059700,0.0,0.0,0.0
2025-04-14,83.03571919923108,83.46859478272104,80.22682034756265,82.23729705810547,8880500,0.0,0.0,0.0
2025-04-15,82.24691208205003,82.78560295886668,80.28452873764442,80.52501678466797,7088600,0.0,0.0,0.0
2025-04-16,80.13063088222273,80.34225422694999,76.85036996091478,77.68727111816406,13080800,0.0,0.0,0.0
2025-04-17,78.15862082264906,79.40916169145676,78.11052027418981,78.39910888671875,9787500,0.0,0.0,0.0
2025-04-21,77.30248896691258,77.7449861531017,75.15733206564033,77.61031341552734,10595600,0.0,0.0,0.0
2025-04-22,78.79351091176123,80.31338986186582,78.51454388355447,78.63959503173828,10408600,0.0,0.0,0.24695
2025-04-23,80.80398139979171,82.4777761024073,79.50534745226042,79.65925598144531,9114400,0.0,0.0,-0.1472
2025-04-24,79.2552481205774,80.93866461819225,78.47606911876915,80.66931915283203,6798100,0.0,0.0,0.0
2025-04-25,80.44807173454981,80.79437516486423,79.32258925558492,80.62122344970703,5799400,0.0,0.0,-0.049775000000000014
2025-04-28,81.12144161361532,81.82366270342847,80.10176715493583,80.70780181884766,7091400,0.0,0.0,0.0
2025-04-29,80.45768177990573,81.83327372560869,80.03442046150086,81.62164306640625,16356900,0.0,0.0,0.6332
2025-04-30,73.46428825915218,77.22551734529831,72.62738724746514,77.0042724609375,41297000,0.0,0.0,0.21871666666666667
2025-05-01,77.6391610497358,79.56306544647546,77.21589973393696,78.88970184326172,18326700,0.0,0.0,0.24095
2025-05-02,79.44763721157875,81.60241565526293,78.92818942618533,81.46774291992188,13512900,0.0,0.0,0.0
2025-05-05,80.80398118718082,80.88093912112706,78.48567296606032,78.55301666259766,13361900,0.0,0.0,0.0
2025-05-06,77.91812787669099,80.19795722331183,77.5429671073767,79.63040161132812,10709500,0.0,0.0,0.0
2025-05-07,79.81318185236199,80.06329150013414,79.0147596985097,79.56307220458984,8224800,0.0,0.0,-0.5508
2025-05-08,80.169090072879,80.4191996912439,78.5818748686612,79.06285095214844,8759800,0.0,0.0,-0.338
2025-05-09,79.27449383743438,79.52459615528451,77.14857276191202,77.2447738647461,8210700,0.0,0.0,0.0
2025-05-12,80.4673058825411,83.24734725307536,80.45768430524457,82.41044616699219,17241500,0.0,0.0,-0.30515
2025-05-13,82.60284298900397,83.82451912675107,81.8621356408668,83.57440948486328,11533700,0.0,0.0,0.0
2025-05-14,83.41088272907669,84.29587708025994,82.4777878274344,83.24735260009766,12741500,0.0,0.0,0.53345
2025-05-15,83.24735742670266,84.44017628828703,82.55475055897173,83.9399642944336,13721900,0.0,0.0,0.7908
2025-05-16,83.9108935380484,84.1918244451963,81.6440750486525,82.89373016357422,13109500,0.61,0.0,-0.0129
2025-05-19,81.80875333155926,82.47717537498188,81.47939066080423,81.96375274658203,9568100,0.0,0.0,0.0
2025-05-20,81.87656659209627,83.45559177706696,81.80875619334643,82.91310119628906,9310600,0.0,0.0,0.0
2025-05-21,81.77000320922488,82.83559821996649,79.92942597751946,80.38472747802734,10875400,0.0,0.0,0.0
2025-05-22,80.61723729379237,81.8378319791708,80.13287514460187,81.34378051757812,8440400,0.0,0.0,0.36755
2025-05-23,79.99724485234884,82.17687426536367,79.9875555410951,81.76032257080078,7088200,0.0,0.0,0.0
2025-05-27,82.75811774148077,84.36619624592956,82.55468652415304,84.28870391845703,10922300,0.0,0.0,0.0
2025-05-28,84.69554796905615,84.86022929151186,81.89593592419581,83.31027221679688,12328500,0.0,0.0,0.0
2025-05-29,82.24468637282662,83.01966130132422,81.08221289391149,81.42127227783203,10308700,0.0,0.0,0.48535
2025-05-30,81.31472756233711,81.63440099365346,80.58818427072447,81.32440948486328,7394100,0.0,0.0,0.0
2025-06-02,80.67534522188937,82.632172124137,80.58816359683588,82.5256118774414,8258900,0.0,0.0,0.0
2025-06-03,82.40937073566299,84.75368162081247,81.76032726916597,83.89151763916016,8287700,0.0,0.0,0.0
2025-06-04,83.92057868861474,85.7708455442479,83.32965630786755,85.35429382324219,8740900,0.0,0.0,0.0
2025-06-05,85.42210954480983,85.6449193869924,84.1433937573279,84.26932525634766,8476100,0.0,0.0,0.0
2025-06-06,85.6352175175195,87.07861445147984,85.48021810381105,86.83643341064453,8772900,0.0,0.0,0.0
2025-06-09,86.29395296551913,88.28952243988347,86.29395296551913,87.83422088623047,8097300,0.0,0.0,0.0
2025-06-10,87.08831055549982,89.01606972149776,86.72987992642527,88.5704574584961,6911100,0.0,0.0,0.0
2025-06-11,89.22917938799182,92.91033400457434,89.1226191434059,92.4065933227539,14835500,0.0,0.0,0.21595
2025-06-12,91.71880507558598,92.09660691212449,91.03101179904716,91.37006378173828,7183300,0.0,0.0,0.61685
2025-06-13,90.57571531707676,91.65099980140815,90.2463526271342,90.34322357177734,7119900,0.0,0.0,0.0
2025-06-16,91.04069751702617,91.4766204217414,90.03322352909329,90.55633544921875,5871000,0.0,0.0,0.0
2025-06-17,90.24635274345135,90.29478452044569,87.95047365947508,88.72544860839844,6183000,0.0,0.0,0.0
2025-06-18,89.00637633669075,89.68448770735932,88.37671152284153,89.39386749267578,7319300,0.0,0.0,0.212
2025-06-20,90.16885359828312,90.86633623024527,89.5101208226277,90.20760345458984,9197000,0.0,0.0,0.0
2025-06-23,90.28509931591591,90.2947886280673,87.90203849047384,89.45199584960938,7533000,0.0,0.0,0.0
2025-06-24,90.00417998320133,90.90508650429547,87.4854908423712,88.63827514648438,11373900,0.0,0.0,0.0
2025-06-25,88.89013206978072,89.12262380158415,87.7857871052408,88.25077056884766,6929600,0.0,0.0,0.0
2025-06-26,89.2195064956582,89.31637744744121,87.5920493770519,88.96763610839844,6571600,0.0,0.0,0.0
2025-06-27,88.89981693919044,89.82010936735496,87.50485911131635,89.22918701171875,21491600,0.0,0.0,0.0
2025-06-30,89.52949132982461,91.21507680699922,88.23140441257678,88.76419830322266,10083300,0.0,0.0,0.0
2025-07-01,88.67700900031903,92.86189700543072,88.67700900031903,91.9512939453125,9828400,0.0,0.0,0.0
2025-07-02,92.30003878552232,92.31941740797903,90.43040082051321,91.23444366455078,7942300,0.0,0.0,0.0
2025-07-03,91.25382135434447,91.68975170112421,90.8275877102583,91.48632049560547,3557300,0.0,0.0,0.0
2025-07-07,91.21507495541566,91.98036057570368,90.06229078306671,90.71133422851562,5311200,0.0,0.0,0.0
2025-07-08,91.11819818917863,92.75534449359273,90.84695658884999,91.9706802368164,6985700,0.0,0.0,0.3243
2025-07-09,94.49904947022705,94.828412153455,91.69943709967272,92.27098083496094,8322400,0.0,0.0,0.0
2025-07-10,91.91255073605979,92.74565415111213,90.62415314881859,92.17411041259766,6913600,0.0,0.0,0.0
2025-07-11,91.41850772449617,92.33879278143681,91.19569790092376,91.9706802368164,6339800,0.0,0.0,0.26115
2025-07-14,90.75009273854508,91.02133436007682,89.38418792768606,90.49822235107422,6048300,0.0,0.0,0.0
2025-07-15,90.69196867093729,91.35070146909972,89.26794281382296,89.5876235961914,8567900,0.0,0.0,0.0
2025-07-16,89.76199407808639,90.36259839319483,88.6963914723528,89.61668395996094,7136900,0.0,0.0,0.0
2025-07-17,87.8923527902004,90.37228445819345,87.73735336556116,90.2754135131836,8589000,0.0,0.0,0.0
2025-07-18,91.09883239554367,91.50569482032769,90.33353932562336,90.86634063720703,5172800,0.0,0.0,0.0
2025-07-21,91.35070060208464,92.30973554930809,89.7135542389296,89.76199340820312,7217300,0.0,0.0,0.0
2025-07-22,90.04291924574505,94.12125498546405,89.94604829549642,93.90813446044922,9992400,0.0,0.0,0.0
2025-07-23,94.30530466562256,95.10934757037354,92.55191613061818,92.92002868652344,11275300,0.0,0.0,0.0
2025-07-24,92.51315370356227,92.59065340715314,90.49820575487061,90.76944732666016,7897600,0.0,0.0,0.08895
2025-07-25,90.47884635127863,91.52507031417676,89.42293307647047,91.4669418334961,7224100,0.0,0.0,0.0
2025-07-28,91.9609891611295,92.74565340285416,90.53696339594096,90.74039459228516,10333600,0.0,0.0,0.3982
2025-07-29,90.3335355924472,91.43788063738205,88.90950977377345,90.05260467529297,20923600,0.0,0.0,0.46855
2025-07-30,94.77029550053484,95.79714084426953,87.2529932234138,89.8588638305664,44794700,0.0,0.0,0.0
2025-07-31,88.7351343295109,90.15916007139438,85.66428042087097,86.37145233154297,16565400,0.0,0.0,0.45005
2025-08-01,85.6255337237092,85.7320939798052,82.81623199084785,84.14338684082031,16221300,0.0,0.0,0.0
2025-08-04,84.35650866335646,87.2917419304803,84.22088786090568,86.97206115722656,12500400,0.0,0.0,0.0
2025-08-05,86.84612762334747,87.7276628185374,86.51675754601659,87.37892150878906,6994400,0.0,0.0,0.0
2025-08-06,87.3886089240503,87.5339190317554,86.0420828814892,86.2067642211914,7869100,0.0,0.0,0.3454
2025-08-07,86.92363101827968,88.50264889988287,86.69113187474163,88.17327880859375,9891800,0.0,0.0,0.3443
2025-08-08,87.93109275460925,89.32605797356884,87.91172152246999,89.23887634277344,8035300,0.0,0.0,0.5706
2025-08-11,89.16138593389537,89.54887713411568,87.65986030458413,88.87076568603516,9504400,0.0,0.0,0.0
2025-08-12,90.51760136026071,91.88349878613957,90.16886001944485,90.44979095458984,9669300,0.0,0.0,-0.021950000000000025
2025-08-13,90.26571948352594,91.72849506629156,89.83947847882574,91.23444366455078,6493400,0.0,0.0,0.0
2025-08-14,90.68227638412584,90.68227638412584,89.20012948457511,90.14947509765625,9803500,0.0,0.0,0.0
2025-08-15,90.24699314594089,90.42251433202212,88.12123986542156,88.34551239013672,8059700,0.61,0.0,0.33405
2025-08-18,88.06273150328026,91.25136527634035,87.66293777586982,90.23724365234375,7376200,0.0,0.0,0.0
2025-08-19,90.23723470402687,90.6565348777579,88.47227714089014,88.66729736328125,6815800,0.0,0.0,0.82565
2025-08-20,88.69654607456829,89.04758841234654,87.22411890441758,87.28263092041016,5814000,0.0,0.0,0.0
2025-08-21,86.81458321269501,86.97060535611844,85.91747820664617,86.35627746582031,5669200,0.0,0.0,0.0
2025-08-22,86.9120926679624,87.61417742890855,86.11249778789491,86.18075561523438,7625500,0.0,0.0,0.0
2025-08-25,86.02473874661632,86.12224886328258,83.57719538870485,83.6747055053711,11013500,0.0,0.0,0.0
2025-08-26,83.752720375685,85.0301200729419,83.44068352446402,84.47430419921875,9315200,0.0,0.0,0.0
2025-08-27,84.47430760920878,86.11250300413458,84.34754519062693,85.47868347167969,7677900,0.0,0.0,0.0
2025-08-28,86.02473194211895,86.25875769151567,85.4201573633376,85.82970428466797,7905600,0.0,0.0,0.21075
2025-08-29,85.8102089756766,86.36602480441454,85.22514085693321,85.9954833984375,6315200,0.0,0.0,0.0
2025-09-02,85.65418626684844,87.75068716449479,85.01061357242253,87.54591369628906,10466200,0.0,0.0,0.0
2025-09-03,87.17537360998767,87.25338467701944,84.14276219491732,85.07887268066406,10201000,0.0,0.0,0.06374999999999997
2025-09-04,85.0008633304824,85.58593146594824,84.24027401042233,84.8448486328125,6799200,0.0,0.0,0.0
2025-09-05,84.6985850214288,85.17638982724473,82.94337306601959,83.30416870117188,9047200,0.0,0.0,0.75875
2025-09-08,83.37242187280475,83.37242187280475,81.5977109679479,82.07551574707031,9213700,0.0,0.0,0.0
2025-09-09,82.10475903731569,82.57281796114631,81.19790091702355,81.7244644165039,8635800,0.0,0.0,0.4798
2025-09-10,81.78297417377487,81.909736564031,80.71034071951546,80.8176040649414,8108000,0.0,0.0,0.0
2025-09-11,81.21740496811658,81.8414785548265,80.08626694248989,80.310546875,12046600,0.0,0.0,0.500075
2025-09-12,80.3203128815871,80.48608082700035,79.179421432487,79.86200714111328,9996200,0.0,0.0,-0.5106
2025-09-15,80.0375210142316,81.78297950224311,79.9400109046396,80.62258911132812,9685900,0.0,0.0,0.0
2025-09-16,80.96387904165637,82.62158067983056,80.93462675243443,82.27053833007812,10244300,0.0,0.0,0.0
2025-09-17,82.37780290544318,82.74834430699138,80.89562242016102,81.14915466308594,6632200,0.0,0.0,0.0
2025-09-18,81.07115355244859,81.51970607452031,80.57384224860024,81.34418487548828,7163700,0.0,0.0,0.0
2025-09-19,82.03651034911773,83.09939070882362,81.30517331392795,82.455810546875,15315900,0.0,0.0,0.0
2025-09-22,82.1340352236474,83.27491931470624,81.60747161864818,83.16765594482422,7881700,0.0,0.0,0.1591
2025-09-23,83.03112994201507,84.03549824443868,82.73859216248334,83.55769348144531,8765500,0.0,0.0,0.0
2025-09-24,83.4504341350665,83.51869196163133,82.03651138544453,82.17302703857422,9664000,0.0,0.0,0.0
2025-09-25,82.436311911746,82.56307432024352,80.82736893837033,81.74398040771484,8670500,0.0,0.0,0.24714999999999998
2025-09-26,81.76347863403689,82.51432215252434,80.8371213699521,81.31492614746094,6955500,0.0,0.0,0.0
2025-09-29,81.56845525532786,83.70395424605667,81.47094514279758,83.5089340209961,11222800,0.0,0.0,0.0
2025-09-30,83.10913985227988,83.12863889885651,82.08526507770777,82.49481201171875,7574200,0.0,0.0,-0.1796
2025-10-01,82.35829400630847,83.0213731640768,81.87073602087717,82.29978942871094,8155200,0.0,0.0,0.486825
2025-10-02,82.15351987636721,85.0886210078416,81.93899317419677,84.56205749511719,9461500,0.0,0.0,0.0
2025-10-03,84.34753468673134,84.73758257781591,83.82097114969886,84.26952362060547,7634500,0.0,0.0,0.73055
2025-10-06,84.142757491182,84.142757491182,80.01801368688214,80.0667724609375,14996700,0.0,0.0,0.0
2025-10-07,80.1155272929168,80.40805760422178,78.77961580870416,79.26717376708984,10070100,0.0,0.0,0.0
2025-10-08,79.11115931933456,79.11115931933456,77.94102308158061,78.04828643798828,12397700,0.0,0.0,0.63425
2025-10-09,78.1262973400315,78.45783321219793,77.45346491298876,77.79475402832031,9075700,0.0,0.0,0.0
2025-10-10,77.67774251635711,79.18916782121353,76.45884754169329,76.50759887695312,11129800,0.0,0.0,0.0
2025-10-13,76.88789883843042,78.43833722213498,76.5563629533441,78.03853607177734,8052000,0.0,0.0,0.0
2025-10-14,77.2779466643752,79.45245872088613,77.06341994387559,79.13066864013672,7510300,0.0,0.0,0.0
2025-10-15,79.6669728504375,81.24666342143405,79.54021045085942,80.79811096191406,11094300,0.0,0.0,0.0
2025-10-16,81.12964796082288,82.77759637612769,80.97363326989256,82.24127960205078,11552100,0.0,0.0,0.0
2025-10-17,82.15352907312332,83.80147761560067,81.92924910314397,83.23590850830078,8527600,0.0,0.0,0.3243
2025-10-20,83.55769765001459,84.1915171380457,82.32904933004856,82.42655944824219,7679700,0.0,0.0,0.0
2025-10-21,82.04626017647107,84.3572877896819,81.56845541644755,83.76246643066406,8262500,0.0,0.0,0.7629
2025-10-22,83.6259458650534,83.85997160972907,82.78734555379256,83.3724136352539,5286300,0.0,0.0,0.31715
2025-10-23,83.35292460277184,83.7624715650388,82.86536656972685,83.31391906738281,4565500,0.0,0.0,0.0
2025-10-24,83.95748426092388,84.67906800194126,83.72345850915639,83.9477310180664,5844600,0.0,0.0,0.30027499999999996
2025-10-27,84.13301013042754,85.26414829960191,83.96724219032109,85.04962158203125,7164600,0.0,0.0,0.63375
2025-10-28,84.73759055816515,85.36166426685611,83.18715209096278,83.30416870117188,11545600,0.0,0.0,0.0
2025-10-29,82.04626345603864,82.77760049001061,81.20766306192051,82.07551574707031,13881700,0.0,0.0,0.08895
2025-10-30,80.18379710743618,83.90874016928547,79.22818009261158,81.08090209960938,18337500,0.0,0.0,0.0
2025-10-31,80.71034999104609,80.72010323435357,78.223808594868,78.85763549804688,13598000,0.0,0.0,0.0
2025-11-03,78.91613650489249,79.88149924135836,78.59434644622236,78.94538879394531,9525100,0.0,0.0,0.0
2025-11-04,79.15990946369563,79.17940850839585,76.04928734616175,77.61922454833984,17774600,0.0,0.0,0.254875
2025-11-05,77.61922506562533,81.04188399798038,77.07316253585253,80.8176040649414,17996200,0.0,0.0,0.0
2025-11-06,80.51533853494081,81.763485990679,79.82300697557183,80.1740493774414,10382800,0.0,0.0,0.7355
2025-11-07,80.29104595000376,83.81121522103271,79.72548433757505,83.440673828125,15009900,0.0,0.0,0.0
2025-11-10,83.9184804772412,84.00624478569765,81.9389961899768,82.49481201171875,10507600,0.0,0.0,0.03340000000000001
2025-11-11,82.86536162806361,84.87409822376381,82.78735056193774,84.26952362060547,9575800,0.0,0.0,0.24695
2025-11-12,85.44941120049435,86.84382735847308,84.96185320734857,85.088623046875,11975800,0.0,0.0,0.0
2025-11-13,84.60106881432371,85.1178791197038,84.04525297501279,84.28903198242188,10507700,0.0,0.0,0.45855
2025-11-14,84.08277325718153,84.95689563009728,82.501494022291,83.267578125,13434600,0.62,0.0,0.0
2025-11-17,83.67026235699757,85.30064502618879,81.96129754958618,82.197021484375,8547200,0.0,0.0,0.39657499999999996
2025-11-18,82.11844859405777,82.34434133644379,80.8711004323427,81.84344482421875,7189400,0.0,0.0,0.0
2025-11-19,81.77469678421356,82.88453560711024,81.54879654051886,82.18720245361328,6195100,0.0,0.0,0.0
2025-11-20,82.53096082779953,83.70955814100712,81.0675435111904,81.1461181640625,8966300,0.0,0.0,0.0
2025-11-21,81.04789884646745,85.03547644193813,81.04789884646745,83.8274154663086,10227700,0.0,0.0,0.0
2025-11-24,83.7390179720964,84.06312528726342,81.35236732549919,81.85326385498047,10805800,0.0,0.0,0.0
2025-11-25,81.35236950730528,84.48545692655325,81.34254580255464,84.37742614746094,9265300,0.0,0.0,0.66105
2025-11-26,83.97473812344343,85.73280663949177,83.97473812344343,85.15332794189453,7602600,0.0,0.0,0.0
2025-11-28,85.47743274169301,85.722972882853,84.85867428355436,85.5560073852539,3677600,0.0,0.0,0.05747499999999999
2025-12-01,84.67206800993199,84.95689549518012,83.25775428822847,83.395263671875,8752100,0.0,0.0,0.0
2025-12-02,83.5131187167131,84.46581574438447,82.71757098953192,83.68008422851562,9001900,0.0,0.0,-0.6582
2025-12-03,83.513111612413,85.93904940600028,83.45418437638753,85.5560073852539,9303900,0.0,0.0,0.0
2025-12-04,85.74263039922944,86.30246168734533,83.2381176668055,83.48365783691406,10555100,0.0,0.0,0.0
2025-12-05,83.3952638875661,84.96671941947271,83.2872256172515,83.60151672363281,9402900,0.0,0.0,0.3907
2025-12-08,83.61133769761055,83.97473985421372,81.65684000263408,81.92202758789062,10277600,0.0,0.0,0.0
2025-12-09,81.83361984617267,81.84344355016849,80.55680808517813,80.81217193603516,10322900,0.0,0.0,0.0
2025-12-10,80.74342135245104,82.50148971096286,80.5077049085411,82.35416412353516,10539600,0.0,0.0,0.0
2025-12-11,82.71757411326087,83.48365824885315,82.24613368727798,83.2282943725586,6894000,0.0,0.0,0.0
2025-12-12,83.59169899299975,84.39707047898891,83.34615881442632,83.8274154663086,9071500,0.0,0.0,0.0
2025-12-15,84.46581312146844,85.9979812872141,83.14972149054145,83.87651824951172,11718600,0.0,0.0,0.0
2025-12-16,84.11224055755031,84.99618667369238,83.20865452473458,83.5622329711914,7481400,0.0,0.0,0.0
2025-12-17,83.06132865109453,84.2988532096399,82.99257770302485,83.68991088867188,7947000,0.0,0.0,0.0
2025-12-18,86.12566495131296,88.96410847067168,85.74262291882445,87.82479858398438,16466100,0.0,0.0,0.0
2025-12-19,87.62837192720418,87.66765925129408,86.67567492457411,86.7542495727539,16986700,0.0,0.0,0.0
2025-12-22,86.58727927867483,87.03907224079659,84.50509617676157,84.63277435302734,7161600,0.0,0.0,0.0
2025-12-23,84.48546166750948,84.60332365125754,81.89255797138536,82.36399841308594,9511300,0.0,0.0,0.64585
2025-12-24,82.3443445085783,83.11043610258707,81.9809498672738,83.06132507324219,3462700,0.0,0.0,0.0
2025-12-26,83.07115262814486,83.64080762446878,82.9140033215901,83.5622329711914,5046200,0.0,0.0,0.0
2025-12-29,83.60151824823818,85.24172475541211,83.46401635501948,84.04348754882812,5352400,0.0,0.0,0.0
2025-12-30,83.71937093658228,84.22027496158903,83.5327655102394,83.72919464111328,4540500,0.0,0.0,0.144225
2025-12-31,83.5916945071729,83.66044545375237,82.61935755032283,82.70774841308594,5293400,0.0,0.0,0.0
2026-01-02,82.71757080113683,83.44436758102098,81.5389735300179,82.47203063964844,11334900,0.0,0.0,0.0
2026-01-05,82.01040681702638,85.69350891958744,81.91219225961616,85.01581573486328,9894300,0.0,0.0,0.0
2026-01-06,85.01582999289244,89.02304755092017,84.81940084512883,87.86409759521484,11351100,0.0,0.0,0.3908
2026-01-07,87.43193752440949,87.78551595689596,84.92743236980317,85.14350891113281,9547000,0.0,0.0,0.62595
2026-01-08,84.32831356798904,87.69712487962428,84.08277340677158,86.60692596435547,8140100,0.0,0.0,0.7432000000000001
2026-01-09,86.77388966177638,87.51051013003134,85.24172148565914,87.29443359375,7593200,0.0,0.0,0.0
2026-01-12,86.82301048405996,88.62036642773602,86.0372788986401,88.35517883300781,7289500,0.0,0.0,0.0
2026-01-13,88.08999067153408,88.98375296221249,87.87391413064955,88.94446563720703,5561900,0.0,0.0,0.0
2026-01-14,88.64982625208955,89.88734333015262,88.54178797639163,89.5239486694336,8373200,0.0,0.0,0.0
2026-01-15,90.42753042559411,92.49006628463313,90.0052010478578,91.6159439086914,10001700,0.0,0.0,0.68665
2026-01-16,91.69451785667168,91.99898525690911,90.5748553276729,91.33111572265625,8958200,0.0,0.0,0.0
2026-01-20,90.12306707814311,92.1364919981343,89.16054630419404,91.98917388916016,13555200,0.0,0.0,0.0
2026-01-21,92.14630753933476,94.7981381720065,92.05791668178136,94.70974731445312,17118100,0.0,0.0,0.0
2026-01-22,94.74903507063519,96.05531047791243,93.16775589199237,94.12045288085938,14150800,0.0,0.0,0.6669
2026-01-23,95.36779704906837,96.143704857148,94.05170538267657,95.87852478027344,11759800,0.0,0.0,0.54105
2026-01-26,95.47583276480097,96.22227693251027,94.08116648580291,94.61153411865234,14106700,0.0,0.0,0.7578
2026-01-27,94.06151655850692,94.92582267480276,93.54097264389637,94.01241302490234,16403600,0.0,0.0,0.6416999999999999
2026-01-28,100.47503633382463,102.95007784623897,93.40347523938611,93.46240997314453,25961600,0.0,0.0,0.655975
2026-01-29,95.03386578599765,95.171367676368,90.95789762441379,92.20523834228516,16602900,0.0,0.0,0.0
2026-01-30,91.06593739743855,91.54719402167758,89.37661986696062,90.3096694946289,10748000,0.0,0.0,0.27795
2026-02-02,90.21144782665347,90.95789196600767,89.00339450879565,90.05430603027344,8675100,0.0,0.0,0.43895
2026-02-03,89.98555983567293,92.71596519474556,89.66144502859974,91.3802261352539,8361300,0.0,0.0,0.4716
2026-02-04,92.04809780466825,95.37762182634734,91.85166117765272,95.24011993408203,9077100,0.0,0.0,0.42595
2026-02-05,95.13207844485935,95.71154961505044,93.65883751188295,94.35617065429688,6776700,0.0,0.0,0.4847
2026-02-06,94.58208016429107,97.80356612120735,94.28742895150098,97.6758804321289,8067100,0.0,0.0,0.0
2026-02-09,97.26335981903112,98.19641685430723,96.50709947896061,97.2142562866211,7150600,0.0,0.0,0.0
2026-02-10,97.21426810752351,97.89195388619355,95.71155596187539,95.79013061523438,8543500,0.0,0.0,0.0
2026-02-11,95.99638197076098,97.54819763071048,95.59369999180444,97.35176849365234,6949100,0.0,0.0,0.11035
2026-02-12,98.21606529992012,99.39465508620272,94.71957577309612,95.03386688232422,9537300,0.0,0.0,0.0
2026-02-13,94.75708265075961,95.80488439945296,92.5230829861429,92.71089935302734,8949000,0.62,0.0,0.55025
2026-02-17,93.8081279132904,94.41111015104559,92.54285618213672,94.29248809814453,8660000,0.0,0.0,0.6204
2026-02-18,93.94652398140207,95.54788788518589,93.17549943048894,94.65824127197266,6068100,0.0,0.0,0.064
2026-02-19,94.282603369835,94.83616542209494,93.66974160208181,94.6977767944336,5676700,0.0,0.0,0.0
2026-02-20,94.11455808288947,96.65498858259934,93.80812720888075,96.36832427978516,8788300,0.0,0.0,0.7793
2026-02-23,95.0338596401353,96.06189481445713,92.4736625316874,93.68950653076172,7696700,0.0,0.0,0.0
2026-02-24,93.72905420127098,95.62696195303867,92.92837601822228,95.39961242675781,6537300,0.0,0.0,-0.17485
2026-02-25,96.15085843087529,97.07015863412045,94.79662576808352,96.80326843261719,6294100,0.0,0.0,0.61785
2026-02-26,97.23821003521722,98.65175752065672,96.71430159718338,96.95154571533203,6246100,0.0,0.0,0.0
2026-02-27,95.29087841937861,97.29752119746546,95.00421408799262,96.8922348022461,7286900,0.0,0.0,0.0
2026-03-02,94.6088138359486,95.9927077341715,94.40123088245741,95.64673614501953,7250600,0.0,0.0,0.28595
2026-03-03,93.82789738636136,95.9729286700957,93.31388355778915,95.5676498413086,7197200,0.0,0.0,0.0
2026-03-04,96.22993770389795,97.0503899457924,94.74719595948777,96.03224182128906,6233400,0.0,0.0,0.1591
2026-03-05,96.00259117699312,97.79176385754215,95.82466186046895,97.55452728271484,9608100,0.0,0.0,0.38585
2026-03-06,95.95316647671848,98.07843128547954,94.46053758196791,97.85107421875,10826700,0.0,0.0,0.1591
2026-03-09,97.11958487512439,99.2250754505657,95.70603743481932,98.6220932006836,9376800,0.0,0.0,0.0
2026-03-10,98.22670179831063,99.97633375601404,97.1294722930745,99.61058807373047,8005800,0.0,0.0,0.0
2026-03-11,99.83794817427028,100.52001181768847,98.51336911549765,100.27288818359375,8815800,0.0,0.0,0.0
2026-03-12,99.85771367867515,101.26138163694776,98.74071757949497,99.02738189697266,12248300,0.0,0.0,-0.0835
2026-03-13,99.48209401054918,100.05542267741329,97.72257486334529,98.00923919677734,9400400,0.0,0.0,0.0
2026-03-16,98.08831520440336,98.75060472731597,96.25959429668578,96.69453430175781,6871000,0.0,0.0,0.0
2026-03-17,97.31728305124453,97.64348805475572,96.30902195320918,96.4474105834961,5382700,0.0,0.0,0.0
2026-03-18,95.08328691281814,95.81477071996879,91.49504710611224,91.59390258789062,7598400,0.0,0.0,0.4704
2026-03-19,91.08977209307865,95.1524851988858,90.53621003013643,94.72743225097656,10524500,0.0,0.0,0.0
2026-03-20,93.87732332306466,95.24144301011188,91.15896346395002,91.48516845703125,13961900,0.0,0.0,0.0
2026-03-23,92.73066839120347,93.92674585390472,92.51319839041875,92.75044250488281,7438300,0.0,0.0,0.0
2026-03-24,92.2364220326626,92.51319929395918,90.73391366778921,90.9217300415039,6262800,0.0,0.0,0.0
2026-03-25,91.26769996808535,92.45389036408673,90.81299339823101,91.63343811035156,7007500,0.0,0.0,-0.1591
2026-03-26,91.24792659668198,91.69275365501119,89.68611098895481,90.17047119140625,6134000,0.0,0.0,0.0
2026-03-27,89.70588162529573,89.90357752132256,84.61513311564741,85.81121063232422,12433600,0.0,0.0,0.0
2026-03-30,85.40592632430072,86.84912738957696,85.22799701260284,85.72224426269531,7422100,0.0,0.0,0.0
2026-03-31,86.98751671245383,89.06335367113265,86.4537287730882,88.55921936035156,9564200,0.0,0.0,0.468
2026-04-01,89.21163518940311,89.9826597494786,88.45049768670721,89.38956451416016,8044500,0.0,0.0,0.0
2026-04-02,88.7668120193143,90.17047244522641,87.14568158963262,89.33025360107422,7340000,0.0,0.0,-0.3592
2026-04-06,88.96450407646975,93.729047215345,88.78657476665224,93.68950653076172,7236700,0.0,0.0,0.0
2026-04-07,93.45227346533639,94.25295161869914,92.76032277163219,94.11456298828125,6205600,0.0,0.0,0.6652750000000001
2026-04-08,96.37821705419664,97.0009658955655,94.89547525336285,96.091552734375,8232300,0.0,0.0,0.18565000000000004
2026-04-09,95.88397487054354,96.7835085640466,95.07340961144685,95.80489349365234,5320500,0.0,0.0,0.0
2026-04-10,95.88397049177608,96.16074775664036,94.95478320977615,95.48857116699219,5356400,0.0,0.0,0.736
2026-04-13,95.48857181451537,96.54626067905612,94.35180157615859,96.35845184326172,5249200,0.0,0.0,0.6929
2026-04-14,96.75384331799697,97.86095992301648,96.43752536536495,97.3370590209961,4995500,0.0,0.0,0.0
2026-04-15,97.35682518891993,98.0388888352288,96.6747690842259,97.20854949951172,5211600,0.0,0.0,0.0
2026-04-16,97.21843783294908,98.00923649243204,96.64510918190467,97.22832489013672,5645500,0.0,0.0,0.4653666666666667
2026-04-17,97.93014897888351,100.26299658233474,97.77199378187069,98.84944915771484,8133400,0.0,0.0,0.53085
2026-04-20,97.86095881021228,98.58256313793142,97.16901565345265,97.81153106689453,6581800,0.0,0.0,0.0
2026-04-21,97.86096466435892,98.01912741914532,95.7356997820119,96.67477416992188,4564200,0.0,0.0,0.764
2026-04-22,96.95154252839406,98.51336565093337,96.4474082209183,98.37496948242188,5730100,0.0,0.0,0.5942500000000001
2026-04-23,98.81980547827622,99.65013731481946,98.05866041982969,98.3947525024414,4515300,0.0,0.0,0.0
2026-04-24,98.24646914886976,98.36509120553796,96.87246237765868,97.53475189208984,6092500,0.0,0.0,0.6119
2026-04-27,97.6039517868211,98.35520977210953,96.71430516498152,96.76373291015625,5311600,0.0,0.0,0.0
2026-04-28,97.34694936136215,97.54464526031937,95.34029903303222,96.16075134277344,10383500,0.0,0.0,0.6495
2026-04-29,100.82644754563462,106.03581068384841,98.92853975476326,104.28617858886719,25449200,0.0,0.0,-0.300025
2026-04-30,104.3356035542166,104.73099534389979,102.63539170876501,104.11813354492188,9485900,0.0,0.0,0.4918
2026-05-01,104.4838685299995,106.28292826821091,104.21697832591079,104.68157196044922,6362300,0.0,0.0,0.65835
2026-05-04,104.58272799474703,105.45260049697477,103.48549842425628,103.76227569580078,5487700,0.0,0.0,0.0
2026-05-05,103.55468330271579,104.84960865152495,103.14939694802979,103.73261260986328,6458500,0.0,0.0,0.0
2026-05-06,103.54480434230378,106.31259210509246,103.19883275735891,105.21536254882812,8665700,0.0,0.0,0.2768
2026-05-07,104.7309984156399,104.87927411192747,101.75563514044775,103.0604476928711,9179300,0.0,0.0,0.0
2026-05-08,103.2185982161151,104.21697981470811,103.05055595404332,103.72273254394531,4538300,0.0,0.0,0.36135
2026-05-11,103.74249541746673,106.79694736351229,103.74249541746673,104.52340698242188,6499500,0.0,0.0,0.0
2026-05-12,104.35537051782742,105.92708079167895,103.1395188893153,105.35375213623047,6366000,0.0,0.0,0.0
2026-05-13,105.54156041237488,106.80683977885039,104.25652201470743,104.73099517822266,8638900,0.0,0.0,0.0
2026-05-14,106.88591070888798,107.62728160565948,105.12639165387532,105.17581939697266,9941400,0.0,0.0,0.0
2026-05-15,105.14598882545822,107.26382019572907,104.40027259265355,106.20987701416016,6463900,0.62,0.0,0.47379999999999994
2026-05-18,106.1800518540421,107.49251214847195,105.23547338742299,105.99113464355469,6587800,0.0,0.0,0.7065
2026-05-19,104.93719369752951,106.94565283305177,104.50964940225947,105.77239227294922,5265800,0.0,0.0,0.0
2026-05-20,105.77239104214412,106.84622427160379,104.80793772293735,105.89170837402344,6632500,0.0,0.0,0.0
2026-05-21,105.25536230706942,105.55365183780751,103.02815859123014,103.53524017333984,8342800,0.0,0.0,0.0
2026-05-22,103.44576085673924,103.70427795179941,101.80518356187832,102.52107238769531,9095700,0.0,0.0,0.0
2026-05-26,102.49124340791361,103.37615941933215,100.22426721750128,100.8407211303711,9099100,0.0,0.0,0.0
2026-05-27,101.19866610812218,102.18300944143874,99.55808882871592,101.51683807373047,8901400,0.0,0.0,0.0
2026-05-28,101.1588885718506,101.66597772413685,99.79671846851406,100.17454528808594,6261500,0.0,0.0,0.0
2026-05-29,99.92597829515815,100.3336401562614,98.01694650056339,98.59363555908203,8206600,0.0,0.0,0.0
2026-06-01,97.6888303563728,97.7783126666516,95.04401970502285,95.95877075195312,8191500,0.0,0.0,0.0
2026-06-02,95.25282205600244,97.34082596624515,94.85510521933294,94.9644775390625,9546600,0.0,0.0,0.0
2026-06-03,94.93465377081897,97.63911167583618,94.67613667912555,95.3423080444336,8541800,0.0,0.0,0.0
2026-06-04,97.23145646409057,97.67888317717322,93.2741855825727,93.60230255126953,7524400,0.0,0.0,0.0
2026-06-05,93.75144684588217,95.44173395993228,93.10515791904493,94.74573516845703,7623300,0.0,0.0,0.31245
2026-06-08,94.29830192354228,95.22299037728293,93.93042009500995,94.2784194946289,7306400,0.0,0.0,0.0
2026-06-09,94.6065363114621,97.87774583419579,94.42756410826087,96.85363006591797,10619700,0.0,0.0,0.0
2026-06-10,97.02265471768419,98.9913413154577,96.34653836618814,98.19591522216797,8724700,0.0,0.0,0.0
2026-06-11,98.39477148340725,101.97420792721113,98.3251716042656,101.69580841064453,10434800,0.0,0.0,0.0
2026-06-12,102.19295233411157,103.09775834666566,101.21855402839563,102.45146942138672,5305500,0.0,0.0,0.0
2026-06-15,102.89889975830386,103.0182170918255,100.83078574465569,101.00975036621094,7054400,0.0,0.0,0.0
2026-06-16,101.1787804199623,101.97420651545224,99.8862025842917,101.09923553466797,6646100,0.0,0.0,0.0
2026-06-17,99.96575149574453,101.22849436092386,98.1263195676816,99.24986267089844,6932300,0.0,0.0,0.3404
2026-06-18,99.98562912683434,100.94014498555097,98.96151339047643,100.07511901855469,10603900,0.0,0.0,0.0
2026-06-22,100.07512421786107,101.21855734064619,99.3890628270264,99.5779800415039,5731000,0.0,0.0,0.0
2026-06-23,99.88620529278825,100.75123887573015,98.68311731690548,100.47283935546875,6001600,0.0,0.0,0.0
2026-06-24,100.66174616210228,104.06221794015043,100.66174616210228,102.93866729736328,6989500,0.0,0.0,0.0
2026-06-25,102.51112306560857,103.69432857991312,102.15317866776547,102.57078552246094,6853500,0.0,0.0,0.0
2026-06-26,102.84918535065916,104.32072780335845,102.12335154563391,104.00255584716797,17150800,0.0,0.0,0.6893
2026-06-29,104.21135342580763,104.36049818672643,102.62049367624822,103.46563720703125,6788800,0.0,0.0,0.05135
2026-06-30,103.38610019963662,103.98267165917173,101.54666078616162,101.6063232421875,7140000,0.0,0.0,0.0
2026-07-01,101.85489812266495,103.16735840413723,100.82083735759316,102.79946899414062,7464100,0.0,0.0,0.0
2026-07-02,103.40598397131986,105.14598850929879,102.59066786267101,103.6744384765625,7950200,0.0,0.0,0.7631
2026-07-06,103.26678370417393,103.85341016145448,99.5183125557034,101.52677917480469,7404200,0.0,0.0,0.3548
2026-07-07,102.97843892244994,105.14598771977494,102.30232257505084,103.0182113647461,5556600,0.0,0.0,0.0
2026-07-08,103.69433268384259,103.70427769134787,101.26826668818204,103.2767333984375,7084100,0.0,0.0,0.0
2026-07-09,103.05798533303941,106.83627637730683,102.6204960471215,105.8022232055664,7012700,0.0,0.0,0.3645
2026-07-10,105.69285503091335,106.94565289476586,104.94713876565051,105.40451049804688,4686900,0.0,0.0,0.0
2026-07-13,105.73261749161969,107.6217668379383,105.34484564934279,106.7269058227539,6278500,0.0,0.0,-0.3919
2026-07-14,106.99536863730886,107.86040222208761,105.54370857442193,105.56359100341797,5153200,0.0,0.0,0.0
2026-07-15,105.7425589195302,106.796509673212,104.1119267185331,104.5096435546875,4786100,0.0,0.0,0.0
2026-07-16,105.39456387525078,108.08908436214062,104.93719214986389,107.75102996826172,6233800,0.0,0.0,0.47115
2026-07-17,108.32771077983858,108.60611788499558,104.479819788403,104.8874740600586,7633400,0.0,0.0,0.0
2026-07-20,105.11616313538622,106.04085158285164,102.63044231809394,104.21135711669922,6163000,0.0,0.0,0.0
2026-07-21,104.45992527699262,104.88746954494955,103.32643723372404,103.85340881347656,5996000,0.0,0.0,-0.14934999999999998
2026-07-22,103.43581063255102,105.11616028696854,102.32221259150363,103.38610076904297,5599800,0.0,0.0,0.0
2026-07-23,102.19295436760999,102.84918831317785,101.3478107958055,102.62049865722656,6981400,0.0,0.0,0.0
2026-07-24,103.29661461908582,104.55936505385058,102.5310159381338,102.66027069091797,6397200,0.0,0.0,0.0
2026-07-27,103.21706558117364,105.02666997647628,102.95855608600019,103.0579833984375,5517500,0.0,0.0,0.0
2026-07-28,105.22553409223262,105.46416116356595,102.07364195741846,102.51112365722656,7055200,0.0,0.0,0.0
2026-07-29,103.07787216223039,104.31079518685061,102.5409555390864,103.5451889038086,12546300,0.0,0.0,0.6531
2026-07-30,106.60759243184711,107.84050779625748,103.03809350053065,105.24541473388672,23417700,0.0,0.0,0.0
2026-07-31,105.97125482161236,107.5422322449635,103.9926155310372,104.64884948730469,12393200,0.0,0.0,0.0
2026-08-03,107.0848494700767,107.74108340516814,102.70998691273866,102.77958679199219,8830000,0.0,0.0,0.0
2026-08-04,102.47135093567887,105.05650661372731,101.21855312522281,104.37044525146484,9530900,0.0,0.0,0.69085
2026-08-05,105.3846167603635,105.81216104077791,103.69432965313516,105.39456176757812,7857400,0.0,0.0,0.7074
2026-08-06,105.53376263320975,105.68290739972336,103.09775926148657,104.55936431884766,6029500,0.0,0.0,0.0
2026-08-07,103.43581686575152,106.239709737212,103.07787244932523,104.97696685791016,6378200,0.0,0.0,0.0
2026-08-10,104.87753775660822,105.30508204752772,103.6843871935264,104.05227661132812,4947400,0.0,0.0,0.0
2026-08-11,103.96278495521112,106.27947857574647,103.53524067153214,106.05079650878906,5013300,0.0,0.0,0.5386500000000001
2026-08-12,106.29936864897284,107.94988332667393,105.27524530038205,107.8703384399414,3924100,0.0,0.0,0.0
2026-08-13,108.54645420942255,109.87880450451249,107.83056540439725,107.93000030517578,5190000,0.0,0.0,0.0
2026-08-14,107.62000274658203,108.81999969482422,107.47000122070312,107.69000244140625,3499100,0.62,0.0,0.0
2026-08-17,106.45999908447266,108.33000183105469,106.41000366210938,107.91999816894531,5935300,0.0,0.0,0.0
2026-08-18,109.06999969482422,109.2300033569336,105.91999816894531,106.01000213623047,5351000,0.0,0.0,0.45385
2026-08-19,106.66999816894531,108.23999786376953,104.58999633789062,104.9800033569336,6815500,0.0,0.0,0.0
2026-08-20,104.37999725341797,105.73999786376953,102.97000122070312,103.98999786376953,7583100,0.0,0.0,0.6192
2026-08-21,104.51000213623047,107.41000366210938,103.37000274658203,107.08000183105469,5550000,0.0,0.0,0.0
2026-08-24,107.22000122070312,107.80999755859375,105.68000030517578,107.48999786376953,6781200,0.0,0.0,0.0
2026-08-25,106.8499984741211,107.13999938964844,105.36000061035156,105.76000213623047,5785200,0.0,0.0,0.0
2026-08-26,106.12999725341797,108.58000183105469,105.41999816894531,108.48999786376953,6049100,0.0,0.0,0.0
2026-08-27,108.56999969482422,108.73999786376953,106.7699966430664,107.26000213623047,6418200,0.0,0.0,0.0
2026-08-31,107.5199966430664,107.7300033569336,106.01000213623047,106.25,7211300,0.0,0.0,0.4762
2026-09-01,106.12000274658203,107.18000030517578,105.38999938964844,106.1500015258789,4628400,0.0,0.0,0.5349499999999999
2026-09-02,106.18000030517578,107.9000015258789,105.62999725341797,106.72000122070312,5204200,0.0,0.0,0.0
2026-09-03,107.31999969482422,107.56999969482422,105.22000122070312,106.19499969482422,1290748,0.0,0.0,0.0
