Date,Open,High,Low,Close,Volume,Dividends,Stock Splits,sent
2021-09-07,21.119207007153104,21.22846062906374,20.99239503323343,21.140668869018555,2549500,0.0,0.0,0.0
2021-09-08,21.125062684878205,21.179689501712584,20.879240148537093,21.039220809936523,1996000,0.0,0.0,0.0
2021-09-09,21.347470300391816,21.640114450252675,21.343566790693508,21.450870513916016,3275500,0.0,0.0,0.22632500000000003
2021-09-10,21.62060661803065,21.819605628370336,21.511352989054476,21.52305793762207,2536000,0.0,0.0,0.32675
2021-09-13,21.798145496004125,21.798145496004125,21.480137804480922,21.67718505859375,2584500,0.0,0.0,0.0
2021-09-14,21.778633548557877,21.827406954059533,21.624506312541005,21.710350036621094,2696500,0.0,0.0,0.4074
2021-09-15,21.644018333549585,21.80790063728062,21.536714599250743,21.790340423583984,2193000,0.0,0.0,0.0
2021-09-16,21.790339440777327,21.921054926856392,21.6674291139624,21.907398223876953,2037500,0.0,0.0,-0.12318333333333331
2021-09-17,21.714253459215765,21.796193680232044,21.521107855140404,21.59719467163086,1938500,0.0,0.0,0.359175
2021-09-20,21.246021120221865,21.339666285693276,20.961180253313813,21.1796875,3588500,0.0,0.0,0.455125
2021-09-21,21.948369281421982,22.02835960837942,21.782537083538898,21.930810928344727,4812000,0.0,0.0,0.3243
2021-09-22,22.108345688950823,22.475128611876816,22.065425688412827,22.360021591186523,4162000,0.0,0.0,0.5609
2021-09-23,22.453666755632817,22.613645531730285,22.436108404446745,22.53365707397461,2771000,0.0,0.0,0.11315
2021-09-24,22.800940269079483,22.996035753508398,22.67607819154017,22.945310592651367,4318500,0.0,0.0,0.38764999999999994
2021-09-27,22.84191256883263,22.929706196456614,22.623403447021325,22.683883666992188,3155500,0.0,0.0,0.11671666666666668
2021-09-28,22.489513213294995,22.569685093788998,22.094513177867196,22.192285537719727,4516500,0.0532,0.0,-0.13272499999999998
2021-09-29,22.05540371337373,22.12579816616452,21.748398638148828,21.799240112304688,3365000,0.0,0.0,0.0
2021-09-30,21.803153347842745,21.90092571226524,21.537214157683977,21.623252868652344,2451000,0.0,0.0,0.66885
2021-10-01,21.503969839419955,21.566544968956606,21.21065463082804,21.414020538330078,3053000,0.0,0.0,0.401
2021-10-04,21.14026202349974,21.185236681946165,20.786327853583746,20.917341232299805,4436500,0.0,0.0,0.071825
2021-10-05,20.897787448636596,21.032711418807242,20.79610448091639,20.866498947143555,2565500,0.0,0.0,0.131
2021-10-06,20.532116492097405,20.6983289382942,20.354172258277902,20.641620635986328,3549000,0.0,0.0,0.11671666666666665
2021-10-07,20.74917394088223,20.886054144007463,20.629892354608394,20.74330711364746,2581000,0.0,0.0,0.54895
2021-10-08,21.02097631092073,21.216521022544743,20.90169474547406,21.019020080566406,3259500,0.0,0.0,0.0
2021-10-11,21.2947426747027,21.705385157075025,21.2947426747027,21.3436279296875,3838000,0.0,0.0,0.0
2021-10-12,21.314293304006753,21.376868437518183,21.1774131132829,21.30451774597168,2775000,0.0,0.0,0.6565
2021-10-13,21.402286176689955,21.502014761595554,21.363178353771087,21.412063598632812,1873500,0.0,0.0,0.0
2021-10-14,21.634984744516093,21.852038667056235,21.634984744516093,21.82857322692871,2746500,0.0,0.0,0.3141
2021-10-15,21.99869728088379,22.0886465847987,21.926346591660693,21.99869728088379,2882000,0.0,0.0,-0.100475
2021-10-18,21.65258307275712,21.93612271606021,21.607608423461254,21.930255889892578,3295500,0.0,0.0,0.038016666666666664
2021-10-19,21.938081477011636,22.028032658478345,21.857909584352047,21.99674415588379,2759000,0.0,0.0,0.08264999999999999
2021-10-20,22.035851805620144,22.17468822911354,21.97132230539661,21.990877151489258,1845500,0.0,0.0,0.17975
2021-10-21,21.742536789164426,21.97132252318743,21.71124828916493,21.953723907470703,3331500,0.0,0.0,0.074
2021-10-22,21.96154388019803,22.104290893425546,21.832484885640195,22.09060287475586,2328000,0.0,0.0,0.13824999999999998
2021-10-25,22.39565067391424,22.67918845632994,22.325254353475877,22.546218872070312,3595500,0.0,0.0,0.0
2021-10-26,22.878644884077143,22.921665170591133,22.688966988116714,22.786739349365234,3166000,0.0,0.0,0.0
2021-10-27,22.464088787774333,22.565771731178078,22.123842732866585,22.141441345214844,2934500,0.0,0.0,0.0
2021-10-28,22.59901916652231,23.25604597129488,22.579464320019135,23.13089942932129,4322500,0.0,0.0,0.2588166666666667
2021-10-29,22.65963696038549,22.720255862660483,22.438672427325088,22.642038345336914,3827500,0.0,0.0,0.16335
2021-11-01,23.465280362087903,23.73904263765932,23.465280362087903,23.707754135131836,5650500,0.0,0.0,0.16215
2021-11-02,23.856368662804485,24.130130946037504,23.733176474533472,24.114486694335938,4015500,0.0,0.0,0.27925
2021-11-03,24.051908631577813,24.10275010842564,23.856363916054594,24.07928466796875,2262500,0.0,0.0,0.26181
2021-11-04,24.034310487241026,24.098839983545666,23.854410016790137,23.983469009399414,2955000,0.0,0.0,0.419575
2021-11-05,24.245498817017154,24.25723060564203,24.003023203575612,24.094928741455078,3005000,0.0,0.0,0.0
2021-11-08,24.37064668439095,24.37064668439095,24.118393653545674,24.120349884033203,2113500,0.0,0.0,0.0
2021-11-09,24.2024801238961,24.2024801238961,23.80161508091276,23.948272705078125,2623500,0.0,0.0,0.0
2021-11-10,23.825076817853244,24.024532125410353,23.70383902200543,23.748815536499023,3997500,0.0,0.0,0.47802500000000003
2021-11-11,23.87200902151267,23.87396338712354,23.62562282029776,23.66082191467285,2122000,0.0,0.0,0.0
2021-11-12,23.909164085759947,24.089064571222764,23.834857160802173,24.03235626220703,2293500,0.0,0.0,0.0
2021-11-15,24.149683120814313,24.23767806408102,24.00693609993326,24.042133331298828,1546000,0.0,0.0,-0.12591666666666665
2021-11-16,24.325671495058064,24.527083057604592,24.288518032588023,24.458642959594727,2567000,0.0,0.0,0.11315
2021-11-17,24.300250162518182,24.364779660145363,24.167280571173187,24.292428970336914,1579500,0.0,0.0,0.1733
2021-11-18,24.511438587869698,24.5192597804714,24.24940998718474,24.474285125732422,2974000,0.0,0.0,0.18173333333333333
2021-11-19,24.509480227691565,24.59160833118292,24.417574702615173,24.489925384521484,1759000,0.0,0.0,0.22648333333333334
2021-11-22,24.486020720175592,24.486020720175592,23.92285378145668,23.934585571289062,2337500,0.0,0.0,-0.026050000000000018
2021-11-23,23.850494638076544,23.99519786187754,23.510248583705273,23.813343048095703,3755500,0.0,0.0,0.5470999999999999
2021-11-24,23.74490478324596,23.922850893955914,23.53567390342575,23.899385452270508,2220000,0.0,0.0,0.0
2021-11-26,23.71948415125966,23.852453739618863,23.60020258133666,23.7136173248291,1701500,0.0,0.0,0.17131666666666667
2021-11-29,23.821165510433858,23.883738771991137,23.660819895947366,23.746858596801758,2046500,0.0,0.0,0.4367
2021-11-30,23.922848210871738,24.053861558664266,23.580645911596587,23.8270320892334,3232000,0.0,0.0,-0.2827
2021-12-01,24.10275082973155,24.1790121148592,23.322530039535508,23.342084884643555,4380500,0.0,0.0,0.17
2021-12-02,23.254091114096983,23.668644153968422,23.074190632746014,23.496564865112305,3183500,0.0,0.0,0.0
2021-12-03,23.75468079741871,23.811389100200163,23.17000475015469,23.469186782836914,3268500,0.0,0.0,0.0
2021-12-06,23.48092144128103,23.71752835503088,23.379238483935534,23.66082191467285,2058000,0.0,0.0,0.8165
2021-12-07,24.11057263330111,24.48210724036583,23.954137598174718,24.396066665649414,3117000,0.0,0.0,0.0
2021-12-08,24.493838575592164,24.638541819590266,24.313938102040346,24.626808166503906,1756500,0.0,0.0,0.0
2021-12-09,24.257227908499345,24.37064451019283,23.961956481797753,24.02257537841797,2863000,0.0,0.0,0.0
2021-12-10,24.01279960980514,24.120349392816788,23.899384865155753,24.102750778198242,2009000,0.0,0.0,-0.1858
2021-12-13,23.958047987852492,24.01671065930615,23.570870999523486,23.58064842224121,2444500,0.0,0.0,0.0
2021-12-14,23.582606028541168,23.666688512084146,23.363595849562923,23.58456039428711,1742500,0.0,0.0,0.53085
2021-12-15,23.932628449208483,24.24745288592939,23.707751453882903,24.218122482299805,4096500,0.0,0.0,-0.3367
2021-12-16,24.17705564433693,24.249406327114453,23.774234448504167,23.89742660522461,3902000,0.0,0.0,0.19283333333333333
2021-12-17,23.739040769364536,23.981514523325455,23.64322276830114,23.686243057250977,3053500,0.0,0.0,0.17783333333333332
2021-12-20,23.199339362394458,23.367506192509623,23.023349474821927,23.259958267211914,2563000,0.0,0.0,0.2187
2021-12-21,23.42616691483901,23.69797478100765,23.2716881170797,23.572826385498047,4182500,0.0,0.0,0.0
2021-12-22,23.760550720149215,24.165326354477784,23.760550720149215,24.07146644592285,3333000,0.0,0.0,-0.9116
2021-12-23,24.19856830274764,24.300251265128683,24.07341989790537,24.220077514648438,2572000,0.0,0.0,0.21306666666666665
2021-12-27,24.458641385017494,24.912302233271568,24.39215565702932,24.87514877319336,2741000,0.0,0.0,-0.134575
2021-12-28,25.02962904669819,25.088291716743495,24.88883640076627,24.927946090698242,2078500,0.0,0.0,0.7321000000000001
2021-12-29,24.834081188354524,24.859502856568195,24.697201020596058,24.773462295532227,1295500,0.0,0.0,0.38754
2021-12-30,24.68742760061616,24.773466310744617,24.591611467655632,24.62289810180664,1161000,0.0,0.0,0.0
2021-12-31,24.59943152431174,24.79302001180301,24.540768854880255,24.716758728027344,1375000,0.0,0.0,0.2202
2022-01-03,24.716763075778545,24.867331304250715,24.570103579123042,24.691341400146484,1868500,0.0,0.0,0.11597500000000001
2022-01-04,25.13326471994495,25.285789143941717,24.996384543865492,25.139131546020508,3543500,0.0,0.0,0.0
2022-01-05,26.11685351824385,26.15400697838321,25.090248382790445,25.145000457763672,12972000,0.0,0.0,0.27446666666666664
2022-01-06,24.521213529630973,24.699157764855837,23.928716290821775,24.07341766357422,9182500,0.0,0.0,0.42395
2022-01-07,24.540771243486276,24.587702129540403,24.110573941127214,24.308073043823242,2874000,0.0,0.0,-0.0020999999999999908
2022-01-10,24.14968116788366,24.18878899236587,23.694062238425428,24.08515167236328,5156000,0.0,0.0,0.187475
2022-01-11,24.29829530416414,24.71284835082404,24.218123417647142,24.70111656188965,3996000,0.0,0.0,0.0
2022-01-12,24.703071045207487,24.961189032035204,24.689383026659126,24.86341667175293,1728000,0.0,0.0,0.18024999999999997
2022-01-13,24.79888488843788,24.834082114358928,24.345222222876068,24.403884887695312,2752500,0.0,0.0,0.1987875
2022-01-14,24.268964075703238,24.442997727199778,24.10861844325864,24.401933670043945,2223500,0.0,0.0,0.233725
2022-01-18,23.645177638083098,23.79770207392434,22.53448816557308,22.651813507080078,15215500,0.0,0.0,0.20394374999999998
2022-01-19,21.99869697439795,22.219661499900425,21.513747637638065,21.517658233642578,19807500,0.0,0.0,0.30843750000000003
2022-01-20,22.424985781070404,22.632262307908103,22.194243811114024,22.219663619995117,8734500,0.0,0.0,0.0
2022-01-21,21.88332529894207,22.047581514982138,21.588053864261045,21.82857322692871,8768000,0.0,0.0,0.11568333333333332
2022-01-24,21.531348389828192,21.652586202268445,20.85085613131135,21.615432739257812,9229500,0.0,0.0,0.18375
2022-01-25,21.218475532728217,21.738622082183504,21.020976454255777,21.494192123413086,3712000,0.0,0.0,0.13
2022-01-26,21.93221251235466,22.033895473745527,21.35535760924353,21.515705108642578,5123000,0.0,0.0,0.29747499999999993
2022-01-27,20.555582185239015,20.686597405327937,20.1234305657485,20.135162353515625,8099500,0.0,0.0,-0.39659999999999995
2022-01-28,20.453899725990617,20.893874412807797,20.182093721866607,20.891918182373047,4824500,0.0,0.0,0.156
2022-01-31,21.35731582931229,22.15513534498689,21.341671578082227,21.834444046020508,9391000,0.0,0.0,0.08202857142857144
2022-02-01,21.863771771334893,22.029984227750184,21.695604949288622,22.01042938232422,5095500,0.0,0.0,0.23969999999999994
2022-02-02,23.035079728364053,23.269732274536125,21.824663537829167,21.949811935424805,7856000,0.0,0.0,0.3424125
2022-02-03,21.423800602084132,21.556770204571905,21.09528625985662,21.124618530273438,5100000,0.0,0.0,0.40385000000000004
2022-02-04,21.26540642459431,21.451173715519605,21.026843291944513,21.337757110595703,4076000,0.0,0.0,0.346775
2022-02-07,21.392508897384094,21.66627111905174,21.283004754658062,21.46095085144043,3316500,0.0,0.0,0.22386666666666666
2022-02-08,21.318207107984602,21.48833017427336,21.216524141369153,21.46486473083496,3000000,0.0,0.0,0.09989999999999999
2022-02-09,21.3866457505497,21.887237491806086,21.316249425030723,21.795331954956055,4847000,0.0,0.0,0.426525
2022-02-10,21.429661964324456,21.897012657583602,21.384687315789556,21.492237091064453,2654500,0.0,0.0,0.6896500000000001
2022-02-11,21.49028505574556,21.625210892540842,20.98969326837076,21.077688217163086,3803500,0.0,0.0,0.3982
2022-02-14,20.929071251249812,21.0952837004065,20.753081379807128,20.94471549987793,3987500,0.0,0.0,0.41440000000000005
2022-02-15,20.946669698033237,21.25171855744915,20.94471533250323,21.208698272705078,3165500,0.0,0.0,0.0
2022-02-16,20.729615210875135,20.889960828055333,20.655308295994725,20.829343795776367,2588000,0.0,0.0,0.732425
2022-02-17,20.657266462330064,20.72570655748873,20.463677965372945,20.494964599609375,4354000,0.0,0.0,0.148
2022-02-18,20.451946209904975,20.57709462331697,20.27986877320977,20.38155174255371,3058000,0.0,0.0,0.0
2022-02-22,19.965040224952922,20.40305869084096,19.965040224952922,20.078454971313477,4950000,0.0,0.0,0.29295
2022-02-23,20.232936322186205,20.3111538414202,19.75580814946191,19.81056022644043,4126500,0.0,0.0,0.02177499999999999
2022-02-24,19.02251940552974,19.96699838745912,19.02056503971612,19.943532943725586,5434000,0.0,0.0,0.0
2022-02-25,20.117566762666364,20.401104590600465,19.97677409918716,20.354175567626953,3182000,0.0,0.0,-0.10115
2022-02-28,20.047167533639335,20.160584140303918,19.822292415561538,20.049123764038086,3546500,0.0,0.0,0.0
2022-03-01,19.9845951935723,20.01783805792096,19.618927415442435,19.722566604614258,3199000,0.0,0.0,0.0
2022-03-02,19.667812427329466,19.978728126246192,19.667812427329466,19.894643783569336,2443000,0.0,0.0,-0.4593
2022-03-03,19.947440090902976,19.947440090902976,19.509421658373736,19.5993709564209,2697000,0.0,0.0,-0.21761666666666665
2022-03-04,19.308010532913723,19.358852009148197,19.09877966657182,19.25521469116211,2766000,0.0,0.0,-0.026600000000000002
2022-03-07,19.055759273523226,19.159398455771324,18.729201208173176,18.737022399902344,3801000,0.0,0.0,0.35105000000000003
2022-03-08,18.758535331182983,19.3940529109706,18.674450984787597,19.049894332885742,4706500,0.0,0.0,0.29405
2022-03-09,18.932569617510605,19.37254248057045,18.932569617510605,19.229795455932617,4368500,0.0,0.0,-0.042324999999999995
2022-03-10,19.568086582848384,19.703012410339042,19.396007293655263,19.589595794677734,4085000,0.0,0.0,0.321925
2022-03-11,19.62088431980541,19.6287055123257,19.01665337357308,19.028385162353516,2561000,0.0,0.0,-0.07655
2022-03-14,18.96776760860426,19.098782849336978,18.44566474122202,18.535615921020508,3738000,0.0,0.0,0.1338
2022-03-15,18.96776557261403,19.22588356498175,18.891504286165706,19.182865142822266,4131000,0.0,0.0,-0.148
2022-03-16,19.724519979796032,20.154717234531855,19.624793256610474,20.09214210510254,4304500,0.0,0.0,0.0
2022-03-17,20.06085880494838,20.483234937982484,19.99828552997818,20.457813262939453,2314000,0.0,0.0,0.20095
2022-03-18,20.420656706630815,20.764815261422772,20.420656706630815,20.751127243041992,2328000,0.0,0.0,0.17
2022-03-21,20.678777505911594,20.721797797331373,20.31310969097571,20.424570083618164,3049500,0.0,0.0,0.23002499999999998
2022-03-22,20.555582247477272,20.794145383137966,20.555582247477272,20.674863815307617,2869000,0.0,0.0,0.3453833333333333
2022-03-23,20.54775862282593,20.663129581062545,20.36394571685968,20.365901947021484,2099000,0.0,0.0,0.3984125
2022-03-24,20.727662371614198,21.02488818816856,20.715928718478292,20.99555778503418,2753000,0.0,0.0,0.0
2022-03-25,20.74330445933164,20.88409710583281,20.510608143794588,20.78436851501465,3896500,0.0,0.0,-0.20714999999999997
2022-03-28,20.401100898477132,20.55167095840824,20.342438231737148,20.537982940673828,3549500,0.0,0.0,0.0
2022-03-29,20.87458808031152,20.943202600768846,20.535436040678793,20.74127960205078,2905000,0.0534,0.0,0.0
2022-03-30,20.68834974048797,20.843222252180514,20.55700060533146,20.621694564819336,1775000,0.0,0.0,0.0
2022-03-31,20.50602978492888,20.50602978492888,20.125707149161865,20.135509490966797,2456500,0.0,0.0,0.0
2022-04-01,20.198245512522373,20.249216571697655,20.006122965043705,20.176679611206055,2887500,0.0,0.0,0.0
2022-04-04,20.25509812173988,20.594252094794623,20.237454651674625,20.5922908782959,3732500,0.0,0.0,-0.053375000000000006
2022-04-05,20.26097553648853,20.290382559998882,19.745383234651797,19.81987953186035,3390500,0.0,0.0,0.25642499999999996
2022-04-06,19.488571182885142,19.568949269260024,19.319973884012935,19.480730056762695,3345000,0.0,0.0,0.0
2022-04-07,19.261160374008195,19.368984264000655,19.09060374013991,19.251358032226562,4687500,0.0,0.0,0.27769999999999995
2022-04-08,19.245478591204847,19.533659594254946,19.2062692231241,19.26508140563965,2995500,0.0,0.0,0.20980000000000001
2022-04-11,18.478952099138755,18.498556783789482,18.17900752848404,18.198612213134766,5780500,0.0,0.0,0.38466249999999996
2022-04-12,18.22801556368488,18.231936125903157,17.74183032611869,17.8065242767334,5862500,0.0,0.0,0.0
2022-04-13,17.800646196219375,18.030015025278587,17.732031669133526,17.994728088378906,4094000,0.0,0.0,0.0
2022-04-14,18.02021336135735,18.02021336135735,17.45364997445948,17.4752140045166,6653500,0.0,0.0,0.0
2022-04-18,17.326222382450307,17.510501910592883,17.23800318095146,17.3458251953125,4209500,0.0,0.0,0.2377
2022-04-19,17.24780547390007,17.518342986695192,17.161545619126212,17.510501861572266,5374000,0.0,0.0,0.412225
2022-04-20,17.65557443377091,17.692822587596066,17.42424438462699,17.46149253845215,3923500,0.0,0.0,0.10115
2022-04-21,17.79672602890987,17.85553821491895,17.271333178736622,17.2811336517334,3315000,0.0,0.0,0.296075
2022-04-22,17.15762539220732,17.19879410431616,16.77142286306965,16.781225204467773,4398500,0.0,0.0,0.31845
2022-04-25,16.94198025500421,17.18311262938716,16.836117580573617,17.169389724731445,5501000,0.0,0.0,0.08084999999999999
2022-04-26,16.916495081236555,16.95766379834052,16.506767256951008,16.51460838317871,5406000,0.0,0.0,0.5324666666666666
2022-04-27,16.51656712520751,16.902769643347636,16.469516635678517,16.75181770324707,5455000,0.0,0.0,0.20847500000000002
2022-04-28,16.94001714552145,17.234081759056828,16.78906521117947,17.11449432373047,3680000,0.0,0.0,0.0
2022-04-29,17.07136877717038,17.349749312509676,16.851800425340386,16.869443893432617,3220500,0.0,0.0,0.0386
2022-05-02,16.80474945523662,16.95570327710058,16.54205304874818,16.87924575805664,3114500,0.0,0.0,0.13831666666666667
2022-05-03,16.865519532517176,17.00275042260987,16.804746146414082,16.924333572387695,2706500,0.0,0.0,-0.19896666666666665
2022-05-04,16.910612858330058,17.390916361785923,16.71456977260686,17.353668212890625,2233000,0.0,0.0,0.125
2022-05-05,17.067446399478843,17.1399814804147,16.506764825462895,16.64987564086914,3367000,0.0,0.0,0.24695
2022-05-06,16.551853731561145,16.655757049691736,16.289157351404405,16.400901794433594,4126500,0.0,0.0,0.39206666666666673
2022-05-09,16.167610775379163,16.193097236035438,15.787290038430701,15.848061561584473,5499000,0.0,0.0,0.0
2022-05-10,16.265633191561427,16.428348696490772,15.82453716851266,16.075471878051758,5797500,0.0,0.0,0.32295
2022-05-11,16.018618245580605,16.204858987088222,15.671624158124294,15.695148468017578,5605000,0.0,0.0,0.0
2022-05-12,16.342089606035888,16.65967759945166,16.161730646267916,16.447952270507812,8492500,0.0,0.0,0.0
2022-05-13,16.753778800109572,17.108616855110355,16.753778800109572,17.057645797729492,4422000,0.0,0.0,-0.008650000000000005
2022-05-16,16.91649483741639,17.087051482847603,16.851800872956083,16.930217742919922,2730500,0.0,0.0,0.351125
2022-05-17,17.14782427705913,17.2399640492639,17.01843635272004,17.190954208374023,2811500,0.0,0.0,0.0386
2022-05-18,17.40856042363522,17.492859065555894,17.043921916970646,17.069406509399414,5333000,0.0,0.0,0.2068
2022-05-19,17.271331249319054,17.59087860835467,17.226240104463827,17.39091682434082,3892500,0.0,0.0,0.0
2022-05-20,17.632049560546875,17.741832796365088,17.294854988352917,17.632049560546875,4030500,0.0,0.0,0.43524999999999997
2022-05-23,17.54382893706365,17.69478087411566,17.437966272564072,17.59872055053711,3436000,0.0,0.0,0.0
2022-05-24,17.43600795946948,17.522265956488155,17.26153074907926,17.453651428222656,3237500,0.0,0.0,-0.24337500000000004
2022-05-25,17.238004657394562,17.437968322559293,17.065486802193067,17.30858039855957,4139500,0.0,0.0,0.16693333333333335
2022-05-26,17.434047045628727,17.820251496575413,17.408562450233198,17.749675750732422,2820500,0.0,0.0,0.2004875
2022-05-27,17.792803609807038,18.10647106194412,17.773198926647098,18.08686637878418,3247000,0.0,0.0,0.0
2022-05-31,18.329959312125823,18.596576263055255,18.320156970893876,18.441701889038086,4387000,0.0,0.0,0.0
2022-06-01,18.67107306643648,18.761251616844184,18.3142756882726,18.439743041992188,4071500,0.0,0.0,0.0
2022-06-02,18.141756910346167,18.402493945875513,17.988843756138827,18.3966121673584,3221500,0.0,0.0,0.0
2022-06-03,18.255464589948115,18.255464589948115,18.112353760900564,18.16136360168457,2309000,0.0,0.0,0.0
2022-06-06,18.204492592853867,18.28879123468644,18.02217240490938,18.094707489013672,2339500,0.0,0.0,0.0
2022-06-07,17.898667190655352,18.177047722930354,17.863380254859315,18.16136360168457,2208500,0.0,0.0,-0.03076666666666661
2022-06-08,18.06726169562424,18.22017485898189,18.02609298275166,18.08686637878418,2491500,0.0,0.0,0.0
2022-06-09,17.95159548845674,18.006488971574672,17.55167007446289,17.55167007446289,2144500,0.0,0.0,0.0376
2022-06-10,17.400719685124937,17.4869776755167,17.179190125736156,17.26348876953125,2639500,0.0,0.0,0.0
2022-06-13,16.663598614564435,16.747897253068924,16.379336329023033,16.453832626342773,3863000,0.0,0.0,0.3951
2022-06-14,16.330328986410677,16.36365657760699,16.05586900014289,16.271516799926758,4655000,0.0,0.0,0.316375
2022-06-15,16.314643764294303,16.67340237775244,16.193098836369312,16.534212112426758,3168000,0.0,0.0,0.33525
2022-06-16,16.146048631614576,16.2166243736643,15.922559716593264,16.008819580078125,5893000,0.0,0.0,0.1692833333333333
2022-06-17,16.296999371408692,16.557736419464337,16.236225976093177,16.46755599975586,4143500,0.0,0.0,0.0
2022-06-21,16.665561663493335,16.755740220942023,16.614590605490193,16.634193420410156,3546000,0.0,0.0,0.0798
2022-06-22,16.36953873903866,16.596946363976752,16.32837002057888,16.418548583984375,2900500,0.0,0.0,0.4769
2022-06-23,16.43031027371328,16.504806584146902,16.23426902432467,16.418548583984375,2750500,0.0,0.0,0.0
2022-06-24,16.471482048562713,16.798872473011087,16.39110395267046,16.78907012939453,4549500,0.0,0.0,0.49235
2022-06-27,16.747901069124918,16.74986041604506,16.518530346271003,16.55577850341797,2337500,0.0,0.0,0.0
2022-06-28,16.78318525607492,16.84787921633607,16.298961162218383,16.30876350402832,3340500,0.0,0.0,0.0
2022-06-29,16.395022403748,16.400904183081263,16.17349470145339,16.351892471313477,2679000,0.0,0.0,-0.13075
2022-06-30,15.961767636830686,16.09115555071028,15.675545066452228,16.03038215637207,3408000,0.0,0.0,0.35705000000000003
2022-07-01,15.785329717195115,16.051946678343704,15.755922692372133,16.012739181518555,2798500,0.0,0.0,0.431
2022-07-05,15.61281146657339,15.883349902054588,15.497146462966153,15.869626998901367,3948000,0.0,0.0,0.135575
2022-07-06,15.897073804940366,15.897073804940366,15.675545189759118,15.74808120727539,3336500,0.0,0.0,0.11307500000000001
2022-07-07,16.012739465465835,16.414626130478936,16.012739465465835,16.371496200561523,3253000,0.0,0.0,0.0
2022-07-08,16.159773344267496,16.26367481787934,16.026464840777635,16.189180374145508,2607000,0.0,0.0,0.7624500000000001
2022-07-11,16.140166338369923,16.220544420056157,16.042144789134543,16.07351303100586,2425500,0.0,0.0,0.0
2022-07-12,16.03038212714276,16.265632709258032,16.020579785853947,16.08527374267578,2078500,0.0,0.0,0.1437375
2022-07-13,15.881390070472502,16.028421455589083,15.728476906461722,15.981372833251953,2503000,0.0,0.0,0.18612499999999998
2022-07-14,15.791209633344563,15.940200347231725,15.557918417654536,15.899031639099121,2505000,0.0,0.0,0.3404
2022-07-15,15.97941391327997,16.116642976494123,15.871590009551271,16.104881286621094,2307500,0.0,0.0,0.027374999999999997
2022-07-18,16.12644243221776,16.369536008794086,16.085273720624432,16.116640090942383,3118000,0.0,0.0,-0.12447499999999999
2022-07-19,16.408744677634356,16.69888689563216,16.408744677634356,16.66752052307129,2724500,0.0,0.0,-0.0903
2022-07-20,16.891010294408396,16.977268290750775,16.777304617369342,16.86748504638672,2306000,0.0,0.0,0.13713333333333336
2022-07-21,16.84591993223896,17.110575683667022,16.80279000203633,17.10665512084961,1833000,0.0,0.0,0.23688333333333333
2022-07-22,17.239964609596345,17.300738010822627,16.981188752507446,17.04784393310547,2117000,0.0,0.0,0.0
2022-07-25,16.873366394960968,16.873366394960968,16.669482163716033,16.759660720825195,2998500,0.0,0.0,0.17
2022-07-26,16.749857471777087,16.81063086852399,16.673401824002283,16.71653175354004,1599000,0.0,0.0,0.0258
2022-07-27,16.716530213304004,17.07332569618584,16.69300496932422,16.989028930664062,2547000,0.0,0.0,0.0
2022-07-28,16.9086516976678,17.202714457611155,16.85964186087905,17.16546630859375,2696000,0.0,0.0,0.0
2022-07-29,16.451874091522303,16.82043316414564,16.451874091522303,16.740055084228516,8536000,0.0,0.0,0.166375
2022-08-01,16.710647512753148,16.994907901613903,16.56949605666369,16.875322341918945,8417500,0.0,0.0,0.0
2022-08-02,16.796908914429718,16.987070240943574,16.718492046036893,16.7204532623291,7336500,0.0,0.0,0.0
2022-08-03,16.93021671522428,17.1419439339195,16.906691468702586,17.0831298828125,7620000,0.0,0.0,0.1909
2022-08-04,16.861599943725835,16.981185506996937,16.71652979072398,16.849838256835938,5156000,0.0,0.0,0.0
2022-08-05,16.87336488819449,17.102733693059943,16.849839642874258,16.922374725341797,4082000,0.0,0.0,-0.148
2022-08-08,17.053726429020003,17.059606339033152,16.577343411217022,16.630273818969727,3854500,0.0,0.0,0.443
2022-08-09,16.49500187648616,16.54009302133031,16.273474193368216,16.373456954956055,3020500,0.0,0.0,0.0
2022-08-10,16.567538183925755,16.77926351728597,16.55381528027473,16.72829246520996,3055500,0.0,0.0,0.10591666666666667
2022-08-11,16.857679849258506,16.98902897266996,16.747896623484962,16.824352264404297,3417500,0.0,0.0,0.10115
2022-08-12,16.89296956587393,17.020398147890734,16.8341573808846,17.016477584838867,1933000,0.0,0.0,0.0
2022-08-15,17.010593891538537,17.10665421912102,16.95374105966902,17.040000915527344,1715000,0.0,0.0,-0.3715
2022-08-16,16.8851289829778,16.955704728998864,16.716533548689707,16.881208419799805,2448500,0.0,0.0,0.0
2022-08-17,17.08509013775626,17.228200955441384,16.947861098772012,17.08704948425293,3210500,0.0,0.0,0.053024999999999996
2022-08-18,16.965504594444578,17.13410000411438,16.965504594444578,17.03215789794922,1764500,0.0,0.0,0.181725
2022-08-19,17.08509355865113,17.130182841973266,16.920416809291886,17.002756118774414,2999500,0.0,0.0,-0.50065
2022-08-22,16.902772543716356,16.904733760118845,16.66556257851307,16.708690643310547,3478000,0.0,0.0,0.0
2022-08-23,16.510685002598553,16.669479934048905,16.383258309917544,16.471477508544922,2101500,0.0,0.0,-0.2263
2022-08-24,16.36953633929248,16.579300464083282,16.36953633929248,16.498924255371094,2127000,0.0,0.0,0.0
2022-08-25,16.43619047004857,16.714570999145508,16.398942318419948,16.714570999145508,2837000,0.0,0.0,0.10115
2022-08-26,16.632233425781564,16.66556101425559,15.997055506978812,16.018619537353516,4539000,0.0,0.0,0.0
2022-08-29,15.88726994210818,16.065667677234785,15.855903574447112,15.94608211517334,2819000,0.0,0.0,-0.17215
2022-08-30,16.095076702405834,16.118601948481846,15.771606905867575,15.828459739685059,2296500,0.0,0.0,0.003825000000000023
2022-08-31,15.836299526092851,15.863745332593188,15.552038185450199,15.55595874786377,3234000,0.0,0.0,0.0
2022-09-01,15.497148045549856,15.522633573265967,15.299144668000336,15.463820457458496,2606000,0.0,0.0,0.5445500000000001
2022-09-02,15.352075684683061,15.45989957228114,15.07957694586361,15.140350341796875,2533000,0.0,0.0,0.21075
2022-09-06,14.94234711819255,14.965871427986382,14.711017104331217,14.775711059570312,3210500,0.0,0.0,0.0
2022-09-07,14.399310482169541,14.65024520368603,14.320893615396336,14.605154991149902,4219000,0.0,0.0,0.21075
2022-09-08,14.61887746219844,14.685532638299811,14.426756798668292,14.544382095336914,4615000,0.0,0.0,0.004175000000000026
2022-09-09,14.72670266141112,14.836485907475982,14.71494003721805,14.777673721313477,2553000,0.0,0.0,0.0
2022-09-12,14.775712449788207,14.89725831190267,14.73454280046937,14.824722290039062,2528500,0.0,0.0,0.10115
2022-09-13,14.513015007559826,14.513015007559826,14.105247493252607,14.117010116577148,2941500,0.0,0.0,-0.07095
2022-09-14,14.14053393938735,14.220912018459043,14.018988082307676,14.12289047241211,2581000,0.0,0.0,0.34005
2022-09-15,14.166020437320833,14.393429916243722,14.042514290425235,14.087603569030762,3894000,0.0,0.0,0.05150000000000002
2022-09-16,14.075840956307307,14.22875413003329,14.048395145864614,14.091525077819824,3228500,0.0,0.0,0.0
2022-09-19,13.981739897875697,14.22287226489329,13.962136149596084,14.209149360656738,2943500,0.0,0.0,0.0
2022-09-20,13.983699820681625,14.075839585279645,13.87391658960406,13.952333450317383,3150000,0.0,0.0,0.10115
2022-09-21,13.89548169983468,14.015068216309393,13.705321311950684,13.705321311950684,3292500,0.0,0.0,0.23835
2022-09-22,13.771975128474462,13.850391992859004,13.534763319128878,13.601418495178223,3847000,0.0,0.0,0.0
2022-09-23,13.432822701792146,13.475951698556068,13.287750655326334,13.415178298950195,3672000,0.0,0.0,0.0376
2022-09-26,13.211293775656898,13.332840572168424,13.04661891814236,13.076025009155273,4557500,0.0,0.0,0.07220000000000001
2022-09-27,13.054458686060414,13.128954981360717,12.827050172515651,12.917229652404785,5165000,0.0,0.0,0.0
2022-09-28,12.856457094901364,13.191689510707858,12.856457094901364,13.1328763961792,7732500,0.0,0.0,0.3871
2022-09-29,12.978977650388794,12.99865812821825,12.693617290779544,12.805793762207031,4283500,0.0516,0.0,0.0
2022-09-30,12.662129411840692,12.876642111706362,12.581441518789596,12.605057716369629,4619500,0.0,0.0,0.0
2022-10-03,12.882546056382566,13.087218523311277,12.851058417662845,13.020306587219238,8731500,0.0,0.0,0.0
2022-10-04,13.331251680598564,13.474915799038758,13.268275461564238,13.429651260375977,5722500,0.0,0.0,0.295325
2022-10-05,13.228915696747581,13.392259358922363,13.13051517665817,13.305667877197266,3175000,0.0,0.0,0.34653333333333336
2022-10-06,13.370612892632936,13.459173179222558,13.22694876138025,13.266308784484863,4298000,0.0,0.0,0.7376499999999999
2022-10-07,13.280082673781317,13.368642946554361,13.026209954393048,13.06950569152832,4022500,0.0,0.0,0.0
2022-10-10,13.049827526238584,13.069507067584144,12.79989143912334,12.914034843444824,3716000,0.0,0.0,0.0
2022-10-11,12.786113599502752,12.845153153279414,12.57750448603042,12.62867259979248,4424500,0.0,0.0,0.55925
2022-10-12,12.494850496283549,12.55979457764056,12.416130454542742,12.43187427520752,3933500,0.0,0.0,0.4375
2022-10-13,12.160290106072013,12.927810998436238,12.146514145397756,12.825475692749023,4742000,0.0,0.0,0.0534
2022-10-14,12.967170162295165,13.024241857408892,12.624737176362382,12.640480995178223,3704500,0.0,0.0,0.0
2022-10-17,12.80579495191744,13.055731037703852,12.80579495191744,13.006531715393066,4487500,0.0,0.0,0.0
2022-10-18,12.953394583361298,12.978978643446997,12.73297828225764,12.845154762268066,4762000,0.0,0.0,-0.011399999999999993
2022-10-19,12.764465622980625,12.904194009769116,12.650321293795423,12.71920108795166,3626000,0.0,0.0,0.19699999999999998
2022-10-20,12.734946344546621,12.977010032821834,12.683778227333939,12.738882064819336,2562000,0.0,0.0,0.10115
2022-10-21,12.583410886006366,12.805795052756483,12.465330822380203,12.799891471862793,5046500,0.0,0.0,0.0
2022-10-24,12.774305990638473,12.862865324697497,12.614897124815219,12.81956958770752,4633500,0.0,0.0,0.0
2022-10-25,13.00653115267027,13.254499367446027,12.994723053069817,13.232851028442383,4188000,0.0,0.0,0.0
2022-10-26,13.156097342792219,13.41784148737445,13.140353524601204,13.2485933303833,3591500,0.0,0.0,-0.016700000000000007
2022-10-27,13.23285106779238,13.374547325002295,13.128546969692279,13.158066749572754,2855000,0.0,0.0,0.0
2022-10-28,13.150194926436635,13.356835256425942,13.128546587998011,13.352898597717285,3658500,0.0,0.0,0.06275
2022-10-31,13.221043585556378,13.31747624734726,13.120675203175477,13.278116226196289,5029500,0.0,0.0,0.26122500000000004
2022-11-01,13.894100221762283,14.639973681226115,13.888196641039722,14.565189361572266,17435500,0.0,0.0,0.287825
2022-11-02,14.342804645505785,14.478596381031974,14.045636177062988,14.045636177062988,10002500,0.0,0.0,0.20185
2022-11-03,13.974788429885397,14.232596895452605,13.87638884675749,14.195204734802246,6281000,0.0,0.0,0.0
2022-11-04,14.474660266933764,14.858421141097264,14.464820027961583,14.679332733154297,6988000,0.0,0.0,0.0
2022-11-07,14.681300775651325,14.858421325683594,14.643908617825986,14.858421325683594,9284500,0.0,0.0,0.0
2022-11-08,15.094581672319377,15.515733777323533,14.988309715985011,15.116230010986328,7983000,0.0,0.0,0.0
2022-11-09,15.006021048431506,15.074900844753868,14.813156680312051,14.854484558105469,3855000,0.0,0.0,-0.09296666666666668
2022-11-10,15.415365874328607,15.8542296459949,15.393717536315483,15.842422485351562,7009500,0.0,0.0,0.0
2022-11-11,16.216342035825246,16.37181518231908,16.056935045985952,16.352134704589844,5682000,0.0,0.0,-0.6788000000000001
2022-11-14,16.29506210029852,16.387558093598038,16.200599185322606,16.220277786254883,3102000,0.0,0.0,0.06440000000000004
2022-11-15,16.501705627803037,16.54696923140957,16.243896213456008,16.271448135375977,4566000,0.0,0.0,0.0
2022-11-16,16.06874360186872,16.06874360186872,15.915239240551568,15.968376159667969,4257000,0.0,0.0,0.32011666666666666
2022-11-17,15.637750207933104,15.917206991696016,15.547222072992325,15.907366752624512,3043000,0.0,0.0,0.0
2022-11-18,15.925078155573862,15.958534592469045,15.763702366638688,15.820773124694824,1859000,0.0,0.0,0.0
2022-11-21,15.572806155808317,15.688918349465936,15.535413998011778,15.564933776855469,3604500,0.0,0.0,-0.1366
2022-11-22,15.909333288011597,16.007733799503487,15.842422291517341,15.988053321838379,3126000,0.0,0.0,0.27115
2022-11-23,16.041193994201112,16.180922415424266,15.986090145296336,16.176986694335938,3298000,0.0,0.0,0.4093
2022-11-25,16.291125352777264,16.487926364358856,16.291125352777264,16.312772750854492,2084500,0.0,0.0,-0.18116666666666667
2022-11-28,16.399366380136524,16.564677881400737,16.13959009138786,16.171077728271484,5601500,0.0,0.0,0.174475
2022-11-29,16.102199165285565,16.29309567641344,16.100230366715355,16.182886123657227,3752500,0.0,0.0,0.28859999999999997
2022-11-30,15.960504157517944,16.352137472554308,15.803064062701129,16.348201751708984,4689000,0.0,0.0,-0.148
2022-12-01,16.314744322828563,16.568616131924788,16.308839803500597,16.51941680908203,4139000,0.0,0.0,0.0
2022-12-02,16.287192023167673,16.352136103764177,16.119911701823114,16.2930965423584,3531000,0.0,0.0,0.3243
2022-12-05,16.102200914576873,16.255705284216734,16.011671830353094,16.06087303161621,5243000,0.0,0.0,0.0
2022-12-06,15.919173900850685,15.919173900850685,15.533446101403863,15.639718055725098,3592500,0.0,0.0,0.22605
2022-12-07,15.574774243720306,15.625942361620016,15.482278247151646,15.555093765258789,2404000,0.0,0.0,0.5406
2022-12-08,15.435047062272636,15.623975728996056,15.328775097798122,15.584615707397461,5175000,0.0,0.0,-0.19613333333333335
2022-12-09,15.641687039722497,15.929015284427216,15.641687039722497,15.818807601928711,5080000,0.0,0.0,0.0
2022-12-12,15.753862527869043,15.781414446756942,15.645621774047315,15.77944564819336,4470000,0.0,0.0,0.0
2022-12-13,16.196662690886413,16.344264407345243,15.848327970251537,15.938855171203613,3884500,0.0,0.0,-0.022650000000000003
2022-12-14,16.182888893273105,16.265546541195114,15.862106049788945,15.986089706420898,3289000,0.0,0.0,0.30745
2022-12-15,15.818807323061593,15.87194236468645,15.440950943644163,15.482278823852539,3126500,0.0,0.0,0.1366
2022-12-16,15.350423231424859,15.527542857025097,15.322870372101606,15.423238754272461,3093000,0.0,0.0,0.10115
2022-12-19,15.41143018590344,15.468502824690015,15.226438186342858,15.289414405822754,4972000,0.0,0.0,0.09832499999999997
2022-12-20,15.246118209034208,15.407494004156286,15.206758190339784,15.252021789550781,3929000,0.0,0.0,0.0
2022-12-21,15.252021399653156,15.291381417341395,15.157557544884755,15.23627758026123,3138000,0.0,0.0,0.0
2022-12-22,15.163461267100038,15.163461267100038,14.99618095575596,15.108357429504395,3421500,0.0,0.0,-0.020899999999999974
2022-12-23,15.139846371562905,15.194951152317882,14.992246525752591,15.141814231872559,3089500,0.0,0.0,0.0
2022-12-27,14.99814800626728,15.013892763373406,14.836772222472314,14.866291999816895,3520500,0.0,0.0,0.0
2022-12-28,14.958788905937046,15.006021303312831,14.722628795891842,14.730501174926758,3195500,0.0,0.0,0.17
2022-12-29,14.903685517108968,15.120166093716438,14.901717656895146,15.09261417388916,2872500,0.0,0.0,0.24695
2022-12-30,14.872198234615206,15.019798076788211,14.844646314125146,15.01192569732666,2067500,0.0,0.0,0.0
2023-01-03,15.183142109114359,15.28744620638382,15.033573473866218,15.084741592407227,3303000,0.0,0.0,0.20095
2023-01-04,15.34845307819181,15.427174051798685,15.25005350341269,15.31106185913086,2982000,0.0,0.0,0.1969875
2023-01-05,15.307125628039602,15.372069705806245,15.214629631028549,15.252021789550781,2705000,0.0,0.0,0.54105
2023-01-06,15.592485557370324,16.06677362846722,15.56690149902138,16.017574310302734,4483500,0.0,0.0,-0.14045
2023-01-09,16.074647742034266,16.401335059569824,16.06480750254719,16.259639739990234,4590000,0.0,0.0,0.0
2023-01-10,16.027417449147677,16.169112787345284,15.962473361466687,16.153369903564453,3980500,0.0,0.0,0.0
2023-01-11,16.517448287635457,16.62962477258059,16.48989636608759,16.58829689025879,3608000,0.0,0.0,0.436
2023-01-12,16.659143756306147,16.95434342121377,16.598135400142937,16.938600540161133,5565500,0.0,0.0,-0.026500000000000003
2023-01-13,16.568613122045747,16.911047028352836,16.562710480623927,16.875621795654297,4972000,0.0,0.0,-0.025675
2023-01-17,16.979927499669873,17.263319988458303,16.979927499669873,17.074390411376953,4455000,0.0,0.0,0.0
2023-01-18,17.318427314487103,17.375499958806603,17.044875009088827,17.058650970458984,3551500,0.0,0.0,0.0
2023-01-19,17.373527425535876,17.473894854396814,17.231830244614297,17.312519073486328,4243000,0.0,0.0,-0.31930000000000003
2023-01-20,17.397144395474974,17.58213638142666,17.345976279562787,17.572296142578125,2705000,0.0,0.0,0.6486
2023-01-23,17.34400846097345,17.55261665658098,17.318425339988767,17.497512817382812,3049000,0.0,0.0,-0.24309999999999998
2023-01-24,17.5171933503804,17.710056788170597,17.31842539356249,17.57623291015625,3465500,0.0,0.0,0.0
2023-01-25,17.50735239135806,17.65101650290246,17.462088793284792,17.623464584350586,2878500,0.0,0.0,0.0
2023-01-26,17.495544128776395,17.5486791639942,17.338104067871416,17.540807723999023,3019500,0.0,0.0,0.0
2023-01-27,17.609687175670533,17.908824411708242,17.580166461008854,17.83207130432129,4269000,0.0,0.0,0.2787
2023-01-30,17.572298236451065,17.686443519228426,17.521130114441807,17.580169677734375,3523000,0.0,0.0,0.13096666666666665
2023-01-31,17.495545270487668,17.656921061921174,17.489640751689183,17.60575294494629,3970500,0.0,0.0,0.11357500000000004
2023-02-01,17.493576432082122,17.733672258558084,17.373528518844143,17.623464584350586,4827000,0.0,0.0,0.6198750000000001
2023-02-02,18.105624483119904,18.741289265780928,18.07020112515851,18.45986557006836,8071000,0.0,0.0,0.0
2023-02-03,18.414602001959082,18.646826381215316,18.306361252593796,18.3280086517334,5276500,0.0,0.0,0.41205
2023-02-06,17.881274393044574,17.883241314797303,17.617560485147855,17.735641479492188,4900500,0.0,0.0,0.18036666666666668
2023-02-07,17.808458826216764,18.05839492333625,17.737610222336258,17.981643676757812,4621000,0.0,0.0,0.484225
2023-02-08,17.861594427260517,18.003289747707573,17.75532246771678,17.794681549072266,3313000,0.0,0.0,0.34251666666666664
2023-02-09,18.026905429763225,18.115465706313042,17.71005648203686,17.735641479492188,2364500,0.0,0.0,-0.14620000000000002
2023-02-10,17.672664323563964,17.85175367525006,17.65101692328156,17.735641479492188,2546500,0.0,0.0,-0.064
2023-02-13,17.464055675276363,17.662825500306187,17.41092063683302,17.641176223754883,2523500,0.0,0.0,0.81055
2023-02-14,17.530968038923973,17.64904902674652,17.436503248665932,17.582136154174805,2536500,0.0,0.0,0.5606
2023-02-15,17.259385766925202,17.405016805597054,17.210184569941127,17.401081085205078,2934500,0.0,0.0,0.400575
2023-02-16,17.204279538212543,17.39320912606689,17.184600936839132,17.227895736694336,3399500,0.0,0.0,0.07121999999999999
2023-02-17,16.848072685255154,16.848072685255154,16.607976840335013,16.739831924438477,4223500,0.0,0.0,0.0
2023-02-21,16.491862407142907,16.568613639525417,16.346229505574925,16.381654739379883,3922000,0.0,0.0,0.2561666666666667
2023-02-22,16.291127650055728,16.328519809992383,16.190760208559347,16.232088088989258,2147500,0.0,0.0,0.18743749999999998
2023-02-23,16.361977219422954,16.381657699889765,16.145497564789792,16.271448135375977,2865000,0.0,0.0,0.2966166666666667
2023-02-24,16.27735137939453,16.35804021688535,16.163207979932324,16.27735137939453,4341500,0.0,0.0,0.0
2023-02-27,16.511543899189146,16.627656092530547,16.401334347816817,16.403303146362305,3581000,0.0,0.0,0.0
2023-02-28,16.46824882415014,16.598136989439876,16.422985221539204,16.44856834411621,2566500,0.0,0.0,0.166075
2023-03-01,16.511545275700257,16.568616039439164,16.41708047431554,16.45840835571289,2728500,0.0,0.0,0.29486666666666667
2023-03-02,16.34032828179212,16.407239281525325,16.224216085514477,16.401334762573242,3421500,0.0,0.0,0.2660166666666666
2023-03-03,16.584358315906822,16.907109877598387,16.584358315906822,16.873655319213867,3686000,0.0,0.0,0.0
2023-03-06,17.08423286985139,17.279065113907915,17.001577107554773,17.029129028320312,3594000,0.0,0.0,0.0
2023-03-07,17.373529189630485,17.446344709067013,17.14917623547415,17.172792434692383,5957000,0.0,0.0,0.074
2023-03-08,17.29284046097878,17.369593578127667,17.23576969960787,17.330232620239258,3103500,0.0,0.0,0.443
2023-03-09,17.284970274549316,17.424698682259574,16.993706297005666,17.0350341796875,3034000,0.0,0.0,0.2792666666666667
2023-03-10,16.962217449049543,16.962217449049543,16.598136095368858,16.6807918548584,4480000,0.0,0.0,0.49429999999999996
2023-03-13,16.7319619761466,16.991738323816463,16.619785484773885,16.838233947753906,3992500,0.0,0.0,0.0
2023-03-14,16.700473747572477,16.814617156982422,16.645369903248096,16.814617156982422,3577000,0.0,0.0,0.2553
2023-03-15,16.41314385538962,16.483992452550403,16.208471381480965,16.48005485534668,3472500,0.0,0.0,-0.112275
2023-03-16,16.631593362977934,17.017322136649682,16.572551923114535,17.001577377319336,4366500,0.0,0.0,0.0
2023-03-17,17.170824755283597,17.214119554578595,16.960247770226353,17.02716064453125,4076000,0.0,0.0,0.21334999999999998
2023-03-20,17.223960529729915,17.546714000710686,17.18656837075552,17.401081085205078,5405500,0.0,0.0,0.506975
2023-03-21,17.53097057079766,17.65298729636403,17.45815504594381,17.588043212890625,3523000,0.0,0.0,0.28520000000000006
2023-03-22,17.497510836541103,17.52899847297061,17.206246915109453,17.208215713500977,3929500,0.0,0.0,0.11504999999999999
2023-03-23,17.38139938176991,17.597880879579694,17.259384550880466,17.371559143066406,4676500,0.0,0.0,0.2315
2023-03-24,17.3774667414591,17.40305174198935,17.113754678701962,17.22593116760254,5536500,0.0,0.0,0.0
2023-03-27,17.145240323773013,17.202312960983082,16.98976904722427,17.0507755279541,4234000,0.0,0.0,0.0
2023-03-28,16.946471208127313,17.056678877806387,16.873655694494154,16.8893985748291,3280500,0.0,0.0,0.0
2023-03-29,17.10784706770947,17.322359766301084,17.070454911499308,17.29283905029297,4786000,0.0,0.0,-0.31167500000000004
2023-03-30,17.513187011146037,17.677064998456046,17.485545122487718,17.63362693786621,5894500,0.0572,0.0,0.0
2023-03-31,17.72445061494936,17.95150951104075,17.720502042933507,17.8981990814209,6107000,0.0,0.0,0.3839
2023-04-03,17.850815567713518,18.04233356297096,17.850815567713518,18.03246307373047,4395500,0.0,0.0,0.0
2023-04-04,17.923868837220247,17.996922131864284,17.84094317038716,17.969280242919922,4048500,0.0,0.0,0.019599999999999992
2023-04-05,17.750117956885845,17.77381127285412,17.67508943681338,17.70075798034668,3222000,0.0,0.0,0.34095
2023-04-06,17.424338830539327,17.442108348421428,17.22097322284402,17.408544540405273,3979500,0.0,0.0,0.3481
2023-04-10,17.327589961132855,17.477646995679816,17.321666161621177,17.475671768188477,2248000,0.0,0.0,0.132
2023-04-11,17.619805500608077,17.669167359661596,17.53885506450013,17.554649353027344,2217000,0.0,0.0,0.42085
2023-04-12,17.769861674576987,17.848838762256616,17.629677014427248,17.65929412841797,2099000,0.0,0.0,0.32367500000000005
2023-04-13,17.78960770755051,17.93374095009414,17.758017246779804,17.866609573364258,3423500,0.0,0.0,0.24695
2023-04-14,17.93769152023264,18.058131459872314,17.850817272696474,17.939666748046875,3642000,0.0,0.0,0.0
2023-04-17,17.87845684286344,18.01271771088152,17.838967355407437,17.99692153930664,3864000,0.0,0.0,0.0
2023-04-18,18.079846248567502,18.137105249169753,17.965330130325302,18.02851104736328,4334500,0.0,0.0,0.37895
2023-04-19,17.96730761972387,17.99100093733649,17.913997184354834,17.961383819580078,2111500,0.0,0.0,0.0258
2023-04-20,17.961383163401813,18.22003253702685,17.951510791177007,18.042333602905273,3041000,0.0,0.0,-0.18975
2023-04-21,18.139082547510284,18.239777733961365,18.087747340445272,18.17462158203125,3029000,0.0,0.0,0.0
2023-04-24,18.13710557614169,18.17067126271924,18.046282770891974,18.07787322998047,2564500,0.0,0.0,0.10896666666666664
2023-04-25,18.058129410080333,18.12526078666722,17.878457134922677,17.919919967651367,4112500,0.0,0.0,0.8359
2023-04-26,18.26939583585751,18.764976532990115,18.26939583585751,18.52212142944336,8926500,0.0,0.0,0.053450000000000004
2023-04-27,18.5714795527246,18.786692721691097,18.496451039398217,18.774845123291016,6336000,0.0,0.0,0.0
2023-04-28,18.071949757603534,18.101566872701426,17.48356920846957,17.7047061920166,11675000,0.0,0.0,0.27414999999999995
2023-05-01,18.184493361736724,18.265445683572064,18.016666801147263,18.20226287841797,5334000,0.0,0.0,0.42775
2023-05-02,17.99494921213278,18.046284418950595,17.795530301944815,18.03838539123535,3864500,0.0,0.0,-0.097975
2023-05-03,18.091695705697816,18.397731716904957,18.06800238863428,18.324678421020508,3734500,0.0,0.0,0.0
2023-05-04,18.31085616099922,18.441168454006764,18.261494302761598,18.297035217285156,2730500,0.0,0.0,0.0
2023-05-05,18.364165400212094,18.57543001891133,18.326651139723094,18.531991958618164,3333000,0.0,0.0,0.189
2023-05-08,18.218059371732824,18.263470778044073,18.125261331460926,18.251625061035156,5141500,0.0,0.0,0.0
2023-05-09,18.326652336442734,18.577406459593934,18.326652336442734,18.539892196655273,4330000,0.0,0.0,0.0
2023-05-10,18.36219306595396,18.46486348105087,18.24372647816424,18.447093963623047,3778000,0.0,0.0,-0.366
2023-05-11,18.482631188314798,18.482631188314798,18.29308654937753,18.403654098510742,2310000,0.0,0.0,0.0
2023-05-12,18.725487709092864,18.82420954974258,18.63663824080437,18.693897247314453,2854000,0.0,0.0,0.0
2023-05-15,18.68204695584328,18.780768782270513,18.672174584904337,18.691919326782227,2693500,0.0,0.0,0.010000000000000009
2023-05-16,18.53989283062401,18.61097090349614,18.46881287478926,18.52212142944336,2520000,0.0,0.0,0.23835
2023-05-17,18.865670471740874,18.932799960845735,18.75905149719361,18.82025718688965,4610500,0.0,0.0,0.0
2023-05-18,19.560670260052813,19.57646643257282,19.4185122392228,19.525131225585938,9050500,0.0,0.0,0.148
2023-05-19,19.361251766238457,19.446152656550534,19.274377531362358,19.35137939453125,3557000,0.0,0.0,-0.12439999999999998
2023-05-22,19.373098103368832,19.446151389688097,19.242785818062984,19.270427703857422,4430000,0.0,0.0,0.21545
2023-05-23,18.869620528610316,18.869620528610316,18.67020350713533,18.75115394592285,4903000,0.0,0.0,0.45625
2023-05-24,18.64651005885921,18.745231896574214,18.561609165446562,18.60504722595215,3286500,0.0,0.0,0.0
2023-05-25,18.847900259207222,18.86567165855166,18.678100356825023,18.76497459411621,3072500,0.0,0.0,0.0
2023-05-26,18.873569193278644,19.078910015633976,18.83013113225349,18.950571060180664,3112500,0.0,0.0,0.0
2023-05-30,18.972291840377448,18.99795850278401,18.70771865659902,18.709692001342773,3825500,0.0,0.0,0.0
2023-05-31,18.601095719875147,18.656381376923605,18.336522565479108,18.50040054321289,3200500,0.0,0.0,0.0
2023-06-01,18.992035109409496,19.16183500933876,18.986111309713596,19.0848331451416,4843500,0.0,0.0,0.0
2023-06-02,19.359278421674436,19.519205947629015,19.335585106169617,19.35137939453125,3382000,0.0,0.0,0.0
2023-06-05,19.54487435248135,19.56659244030624,19.426407775794786,19.44812774658203,3362000,0.0,0.0,0.4031
2023-06-06,19.546847703535544,19.791678001115127,19.505384872422038,19.75416374206543,3770500,0.0,0.0,0.75695
2023-06-07,19.408639521942618,19.507361361773057,19.27635199295508,19.286224365234375,3680500,0.0,0.0,0.0
2023-06-08,18.9959864755461,19.23291778564453,18.938727463642778,19.23291778564453,3430500,0.0,0.0,0.050575
2023-06-09,19.456025948572016,19.55672113200884,19.349406965238188,19.436281204223633,2584000,0.0,0.0,0.0
2023-06-12,19.509334358413383,19.65544282939292,19.448128664113625,19.596210479736328,5969500,0.0,0.0,0.0
2023-06-13,19.78970218234382,19.929886842713614,19.752187924414937,19.78180503845215,3103500,0.0,0.0,0.0
2023-06-14,19.88447735782639,19.92001639172729,19.64754607157458,19.718626022338867,2575500,0.0,0.0,0.0
2023-06-15,19.505387805918712,19.694934357186984,19.458001168101642,19.67913818359375,2950500,0.0,0.0,0.3601
2023-06-16,19.44417958297355,19.479720501649048,19.242789203316896,19.264507293701172,3890000,0.0,0.0,0.21075
2023-06-20,19.151964102478594,19.15393933018245,18.99598513460031,19.015727996826172,2546000,0.0,0.0,0.0
2023-06-21,18.774847687936475,18.84197906680778,18.612944923729938,18.693897247314453,2798000,0.0,0.0,0.0
2023-06-22,18.47868412859098,18.57345551433467,18.421425121834115,18.52409553527832,3509500,0.0,0.0,0.0
2023-06-23,18.014692202843346,18.064054065307236,17.927817961054433,17.994949340820312,5750500,0.0,0.0,0.0
2023-06-26,17.8942536070133,17.998899256878733,17.807379358739052,17.842918395996094,3473500,0.0,0.0,0.31245
2023-06-27,17.730375246421193,17.84489326722795,17.61585910857706,17.7836856842041,6568500,0.0,0.0,0.0
2023-06-28,17.90807148766929,18.07589803792367,17.88042960054238,18.02456283569336,4039500,0.0,0.0,0.22025
2023-06-29,17.791581939976528,17.82909620243945,17.686938180396417,17.761966705322266,3323500,0.0,0.0,0.0
2023-06-30,17.779736687094974,17.925845168339798,17.76986431429819,17.777761459350586,4697000,0.0,0.0,0.031450000000000006
2023-07-03,18.073927686636747,18.184495253455605,18.03443819393707,18.07590103149414,3798500,0.0,0.0,-0.0116
2023-07-05,18.05220603942871,18.119337417611515,17.99297368883137,18.05220603942871,4176500,0.0,0.0,0.5719
2023-07-06,17.9001752617292,17.935714294725937,17.7382725026872,17.866609573364258,3798500,0.0,0.0,0.0
2023-07-07,17.896227371356396,18.137107232983993,17.896227371356396,17.975204467773438,3630000,0.0,0.0,0.0
2023-07-10,17.848841495758244,17.941639540919518,17.848841495758244,17.913997650146484,3361000,0.0,0.0,0.51195
2023-07-11,17.75406574098097,17.848839000647246,17.62967724989073,17.698781967163086,6809500,0.0,0.0,0.3592
2023-07-12,17.700757270366417,18.269393064872098,17.698782042880616,18.014690399169922,11568500,0.0,0.0,0.5032333333333333
2023-07-13,18.492506193400843,18.585304240061784,18.437222410961358,18.52212142944336,7519500,0.0,0.0,0.055466666666666664
2023-07-14,18.405626807701903,18.405626807701903,18.231878345908072,18.241750717163086,4578500,0.0,0.0,-0.09107500000000002
2023-07-17,18.269394436413663,18.616893277827277,18.2378039750056,18.474735260009766,3848500,0.0,0.0,0.2437666666666667
2023-07-18,18.729436409350768,18.840003967811533,18.674152630120386,18.776823043823242,4835500,0.0,0.0,0.0
2023-07-19,18.709692532216295,18.757079168886477,18.585304023179013,18.672178268432617,2695500,0.0,0.0,0.0
2023-07-20,18.419453364929282,18.531994277516034,18.397733390583678,18.41155433654785,3253500,0.0,0.0,0.0
2023-07-21,18.52409461768277,18.55173650585908,18.417475637150957,18.439193725585938,2128500,0.0,0.0,0.0
2023-07-24,18.43919559008403,18.543841236591692,18.41352892688032,18.49250602722168,1931000,0.0,0.0,0.0
2023-07-25,18.368116045461036,18.518171206007363,18.322702757109074,18.498428344726562,2186500,0.0,0.0,0.22898333333333332
2023-07-26,18.43919415186304,18.573455023675002,18.401679890904738,18.508298873901367,1873500,0.0,0.0,0.24205000000000002
2023-07-27,18.697846993198077,18.794593612262652,18.47868520872622,18.512250900268555,3430500,0.0,0.0,0.3525
2023-07-28,18.51422082359033,18.593197909879176,18.441167536587766,18.454988479614258,3399000,0.0,0.0,-0.2036
2023-07-31,18.522118500438886,18.630712703322487,18.43721949538243,18.480655670166016,3224000,0.0,0.0,0.0
2023-08-01,18.460915733767283,18.543841407445356,18.41747766914241,18.458940505981445,2179500,0.0,0.0,-0.1909
2023-08-02,18.14302953714002,18.20028853928419,17.94953444294628,17.98112678527832,3337500,0.0,0.0,0.0
2023-08-03,17.773812125855805,17.809353042995102,17.6750902850772,17.775787353515625,2859500,0.0,0.0,0.5224500000000001
2023-08-04,17.98112721671804,18.03838433727369,17.781708318181888,17.807376861572266,2792500,0.0,0.0,0.1867
2023-08-07,17.900175197095216,17.913996141317647,17.79355621552754,17.85673713684082,3268500,0.0,0.0,0.167725
2023-08-08,17.78763396287488,17.884380580846802,17.655348308943406,17.734325408935547,4535000,0.0,0.0,0.0
2023-08-09,17.831070787768503,17.831070787768503,16.328530764575298,16.55558967590332,12284000,0.0,0.0,0.332575
2023-08-10,17.167660943067506,17.177533314822657,16.843855434533076,16.869522094726562,8048000,0.0,0.0,0.0
2023-08-11,16.814239628814995,16.9386300162479,16.7095958693927,16.897165298461914,3878500,0.0,0.0,0.0
2023-08-14,16.50227901185275,16.58520467747727,16.36801814137079,16.579282760620117,5731500,0.0,0.0,0.07565000000000001
2023-08-15,16.470688756100525,16.529921106146404,16.371966917382423,16.492406845092773,2851500,0.0,0.0,0.250375
2023-08-16,16.334453755672282,16.42527845595362,16.21993762014808,16.237707138061523,4472500,0.0,0.0,0.2797
2023-08-17,16.4864850697558,16.4864850697558,16.235730957050986,16.269296646118164,3496500,0.0,0.0,-0.015916666666666662
2023-08-18,16.19426919749991,16.38973766196133,16.142933988157644,16.320632934570312,3073000,0.0,0.0,0.0
2023-08-21,16.269295359301726,16.324579133175018,16.225859184379754,16.30483627319336,2875000,0.0,0.0,0.6187
2023-08-22,16.31865788340029,16.350248343623974,16.148856099884092,16.170574188232422,3727000,0.0,0.0,0.0
2023-08-23,16.21006341194811,16.344324277935744,16.21006341194811,16.310758590698242,4388500,0.0,0.0,0.204175
2023-08-24,16.235731205821953,16.263374978330972,15.9691846827609,16.002748489379883,4405000,0.0,0.0,0.0
2023-08-25,16.073828505276417,16.12911228459082,15.862565760462438,16.01262092590332,3599500,0.0,0.0,0.0
2023-08-28,16.137010217557574,16.23968062445112,16.137010217557574,16.204139709472656,2294000,0.0,0.0,0.0
2023-08-29,16.127137749099486,16.35617187717833,16.08172634558177,16.310758590698242,2694000,0.0,0.0,0.24682500000000002
2023-08-30,16.289041326236188,16.358146048770468,16.227833748287978,16.259424209594727,2784500,0.0,0.0,0.0
2023-08-31,16.415405337576825,16.476612916580812,16.38973679278564,16.425277709960938,3285000,0.0,0.0,0.0
2023-09-01,16.940601442690383,16.974167128878776,16.731312064582344,16.833982467651367,5788000,0.0,0.0,0.15309999999999999
2023-09-05,16.71354204601279,16.82016101784164,16.6681306452817,16.691823959350586,2591500,0.0,0.0,0.35015
2023-09-06,16.944551467294495,16.997861900865395,16.851753427676154,16.881370544433594,4150000,0.0,0.0,-0.11597500000000001
2023-09-07,16.776724944091235,16.85372869465535,16.733288765633894,16.828060150146484,2974500,0.0,0.0,0.0
2023-09-08,16.634564927786315,16.713542013541744,16.593102098986886,16.62864112854004,2444500,0.0,0.0,0.0
2023-09-11,16.80239499367055,16.90703875983211,16.747111210345555,16.822139739990234,3137500,0.0,0.0,0.10115
2023-09-12,16.822136946612986,16.910984524372804,16.77869888851526,16.86359977722168,1845500,0.0,0.0,0.22897499999999998
2023-09-13,16.66023260877312,16.76882681446266,16.634565948734384,16.67010498046875,2816000,0.0,0.0,0.0
2023-09-14,16.96627264370742,17.155817308706556,16.938630752623432,17.078813552856445,3263500,0.0,0.0,0.46605
2023-09-15,17.248612600167338,17.276254486836688,17.130146026611328,17.130146026611328,2451000,0.0,0.0,0.09545
2023-09-18,17.053144166021653,17.15581456878276,16.989961365804344,17.130146026611328,2197000,0.0,0.0,-0.04400000000000001
2023-09-19,17.1025061732553,17.17161089814452,17.03735002079367,17.086711883544922,1815000,0.0,0.0,0.1591
2023-09-20,16.91888398664158,16.974167762208793,16.737236488508266,16.75303077697754,2528000,0.0,0.0,0.0
2023-09-21,16.358147560252096,16.46871512652331,16.29496663180073,16.31668472290039,3546500,0.0,0.0,0.0
2023-09-22,16.38381502114657,16.413430255599266,16.255476061976506,16.265348434448242,2525000,0.0,0.0,0.057749999999999996
2023-09-25,16.39763628382677,16.464765781788138,16.334453475375575,16.441072463989258,3040000,0.0,0.0,0.2897
2023-09-26,16.26732387559503,16.308786710742908,16.008672609143915,16.05211067199707,2960500,0.0,0.0,0.0
2023-09-27,16.4272510305687,16.44699577530797,16.251527321499243,16.298913955688477,3669500,0.0,0.0,0.0
2023-09-28,16.186394354175928,16.477595574466775,16.184414485880897,16.398357391357422,4394500,0.0544,0.0,-0.148
2023-09-29,16.404299977354015,16.45778475653009,16.257708495591892,16.325061798095703,3113500,0.0,0.0,0.0
2023-10-02,16.176490805891767,16.253747229472644,16.085365858676436,16.174509048461914,2367000,0.0,0.0,0.10885
2023-10-03,16.142813566409842,16.25374663795023,16.00216546962663,16.08734703063965,2470000,0.0,0.0,0.0
2023-10-04,16.12894701737868,16.22997508103666,15.996222170953281,16.20818519592285,2569000,0.0,0.0,-0.34895
2023-10-05,16.374585515560348,16.473633715340853,16.2953473335734,16.41420555114746,2506000,0.0,0.0,0.0
2023-10-06,16.303270252444083,16.51127165665883,16.20422394387131,16.43599510192871,1901000,0.0,0.0,0.0
2023-10-09,16.325062354940616,16.56673852654391,16.301290711433555,16.540987014770508,1613000,0.0,0.0,0.0
2023-10-10,16.697480213470346,16.873784822861754,16.66380356390902,16.76087188720703,2145500,0.0,0.0,0.36772499999999997
2023-10-11,16.905482870415796,17.032262449009757,16.903501112980837,16.92925262451172,3100500,0.0,0.0,0.24695
2023-10-12,17.184797792540724,17.28780761988622,17.065939572839262,17.151121139526367,3946000,0.0,0.0,0.21075
2023-10-13,16.986699948360613,17.00650996482815,16.81633871862638,16.867843627929688,2801000,0.0,0.0,0.138725
2023-10-16,16.796529849176217,16.93123456981745,16.74106331062908,16.917367935180664,2426500,0.0,0.0,0.1101
2023-10-17,16.818320708183904,17.111501809973458,16.814359082228115,16.978778839111328,2124500,0.0,0.0,0.0
2023-10-18,16.86190147127413,16.89557812388033,16.636071801172037,16.65984344482422,1929000,0.0,0.0,0.0
2023-10-19,16.669749234571288,16.822282223395597,16.580606038997054,16.608339309692383,2174500,0.0,0.0,0.0
2023-10-20,16.582587849438884,16.632111007499226,16.477596260623613,16.479578018188477,1717000,0.0,0.0,0.1591
2023-10-23,16.364681651687608,16.566739691107713,16.253748566981432,16.463729858398438,1675500,0.0,0.0,0.5048
2023-10-24,16.584566532605344,16.705404616554322,16.576643281286895,16.68361473083496,2458500,0.0,0.0,0.0
2023-10-25,16.596454047666075,16.669748848637198,16.303271065406907,16.382511138916016,3692500,0.0,0.0,0.0
2023-10-26,16.158660786496206,16.208185830768116,15.956604651266082,16.039804458618164,3165000,0.0,0.0,0.0
2023-10-27,15.958584432347255,16.035842745314486,15.772374800951535,15.855574607849121,3442500,0.0,0.0,0.0
2023-10-30,16.031880808568555,16.25374695599063,16.031880808568555,16.192337036132812,7206500,0.0,0.0,0.0
2023-10-31,16.406279844527976,16.49542303233641,16.352795065355245,16.45184326171875,3304000,0.0,0.0,0.0
2023-11-01,16.70738397839592,16.87972694957799,16.643994198562943,16.844070434570312,4083500,0.0,0.0,0.0
2023-11-02,16.96689143330877,17.192721106973412,16.96689143330877,17.147159576416016,4826500,0.0,0.0,0.0
2023-11-03,17.311578647718427,17.424491590932174,17.311578647718427,17.317520141601562,4672500,0.0,0.0,0.0
2023-11-06,17.09961589161697,17.29573053340055,17.09961589161697,17.172910690307617,5646500,0.0,0.0,0.0
2023-11-07,17.234321226221862,17.44232264175172,17.208569713564508,17.38487434387207,3626500,0.0,0.0,0.0386
2023-11-08,17.55919783662492,17.60277760707768,17.279881508315558,17.341291427612305,6880000,0.0,0.0,0.311
2023-11-09,16.96094912152082,16.96094912152082,16.000184065202507,16.190357208251953,17590500,0.0,0.0,0.21892499999999998
2023-11-10,16.90944497112962,17.09169298196235,16.61428212382651,17.02433967590332,9445500,0.0,0.0,0.322
2023-11-13,16.554854155777985,16.560795649946037,16.344872872698595,16.50731086730957,5548500,0.0,0.0,0.0
2023-11-14,16.715310889378348,16.905484048900828,16.70342601150189,16.85199737548828,3248000,0.0,0.0,0.0
2023-11-15,17.35714108345287,17.474017547612196,17.228377852531665,17.258092880249023,5551000,0.0,0.0,0.0
2023-11-16,17.172911781263927,17.35912142599653,17.147160267888623,17.353179931640625,2913500,0.0,0.0,0.0
2023-11-17,17.349216251907592,17.371006136737048,17.234319666546227,17.363082885742188,2147000,0.0,0.0,-0.00645
2023-11-20,17.230358354914802,17.357139819077894,17.18875845265324,17.341291427612305,2465000,0.0,0.0,0.06219999999999999
2023-11-21,17.307617002900972,17.329406888551908,17.176872021433628,17.192720413208008,2705000,0.0,0.0,0.0
2023-11-22,17.30959828992925,17.43043638340339,17.24818836440246,17.351198196411133,2349500,0.0,0.0,0.0
2023-11-24,17.079804122469106,17.19073907704243,17.042165848257763,17.16300392150879,1949000,0.0,0.0,0.401625
2023-11-27,17.097633362354884,17.25809147627534,17.067920226242084,17.224414825439453,2824000,0.0,0.0,0.14245
2023-11-28,17.174892735674504,17.355158988433843,17.115464570582798,17.279882431030273,5846500,0.0,0.0,0.0
2023-11-29,17.214508525455056,17.250166930977144,17.044147305070133,17.056032180786133,3034500,0.0,0.0,0.0
2023-11-30,17.157062586103734,17.166967594059713,16.99066109730524,17.02631950378418,4065000,0.0,0.0,-0.48765
2023-12-01,16.91142614449706,17.107540805336534,16.91142614449706,17.063961029052734,3241500,0.0,0.0,0.0
2023-12-04,16.891616655531617,16.943121569060054,16.762853427116877,16.901519775390625,5139000,0.0,0.0,0.0
2023-12-05,17.012455333553113,17.17291157378442,17.008493707634575,17.11546516418457,4086500,0.0,0.0,0.7054
2023-12-06,17.630512139857164,17.737485483845283,17.511655807495117,17.511655807495117,10883000,0.0,0.0,0.0
2023-12-07,17.42845376708065,17.555235224116206,17.30761569265896,17.533443450927734,4265500,0.0,0.0,0.0
2023-12-08,17.505711643361973,17.725597926530856,17.505711643361973,17.68994140625,3239500,0.0,0.0,0.351775
2023-12-11,17.687959545933165,17.759274475267322,17.65230302585971,17.69588279724121,3585500,0.0,0.0,0.4019
2023-12-12,17.711729940554005,17.935577832318987,17.668148283057302,17.90586280822754,3447000,0.0,0.0,0.6697
2023-12-13,17.94350262577377,18.197065563430453,17.78700801948649,18.183198928833008,7517000,0.0,0.0,0.15595
2023-12-14,18.086132503461208,18.33573192644723,18.054437608521482,18.307998657226562,6704000,0.0,0.0,0.0
2023-12-15,18.472419518510502,18.561562714721703,18.34959966787509,18.361486434936523,3513000,0.0,0.0,0.026475
2023-12-18,18.139616016114758,18.306017508991143,18.10990288070576,18.26639747619629,4349500,0.0,0.0,-0.08974999999999998
2023-12-19,18.15744792221056,18.355542437800967,18.11584801726096,18.14952278137207,5179000,0.0,0.0,0.0
2023-12-20,18.206969963864417,18.224798223581445,17.84445571899414,17.84445571899414,3922000,0.0,0.0,0.0
2023-12-21,18.24064813253356,18.401104372522322,18.09405663864504,18.37535285949707,3759000,0.0,0.0,0.41355
2023-12-22,18.17527463166282,18.2842259447224,18.127731347439248,18.252531051635742,2659500,0.0,0.0,0.0
2023-12-26,18.270359170132203,18.551655358631358,18.266397544675293,18.51599884033203,3302000,0.0,0.0,0.24695
2023-12-27,18.54571416044651,18.63089383209471,18.514017377912058,18.622970581054688,2927000,0.0,0.0,0.0
2023-12-28,18.617027199220445,18.787390320900716,18.60316056530604,18.749752044677734,2228500,0.0,0.0,0.0
2023-12-29,18.739846911582436,18.801256829705352,18.68239861895339,18.757675170898438,1512500,0.0,0.0,0.0
2024-01-02,18.52194272689211,18.620989033570247,18.414969390710247,18.482322692871094,3337500,0.0,0.0,0.0
2024-01-03,18.343657192588235,18.38327533923716,18.266398878382535,18.30007553100586,2849000,0.0,0.0,-0.3062
2024-01-04,18.020759333511556,18.191120559215044,17.971234293514474,18.036605834960938,4555000,0.0,0.0,0.0
2024-01-05,18.016801011141535,18.28422871940446,17.993029365422338,18.07028579711914,3612000,0.0,0.0,0.0
2024-01-08,18.0683043049342,18.32384711196653,18.0683043049342,18.30403709411621,2077000,0.0,0.0,0.0
2024-01-09,18.250551286154252,18.30007443880655,18.195084750643783,18.24658966064453,2647000,0.0,0.0,0.0
2024-01-10,18.840876326861334,19.08651601699326,18.832953075304598,19.04689598083496,5481000,0.0,0.0,0.26345
2024-01-11,19.472800343744677,19.522323495737364,19.09047609393465,19.27668571472168,6116500,0.0,0.0,0.0
2024-01-12,19.764001908733896,19.983888183782792,19.700610232679995,19.760040283203125,7613500,0.0,0.0,0.10115
2024-01-16,19.530248008771,19.617409433586968,19.43714320136685,19.445066452026367,4267000,0.0,0.0,0.0
2024-01-17,19.22716417070771,19.34998212689331,19.219239029943857,19.296497344970703,4046500,0.0,0.0,0.0
2024-01-18,19.231124482487893,19.40148571486705,19.21527609123038,19.383657455444336,3300000,0.0,0.0,0.0
2024-01-19,19.44903122417483,19.631279243140785,19.401487934151124,19.615432739257812,2180000,0.0,0.0,0.25839999999999996
2024-01-22,19.773907381264294,19.87493544682533,19.67882080954528,19.728343963623047,2871500,0.0,0.0,0.21075
2024-01-23,19.587696473497886,19.611468117167995,19.458935135373142,19.56194496154785,2709500,0.0,0.0,0.0
2024-01-24,19.579773715602897,19.76400348639379,19.37177418972996,19.40346908569336,2930000,0.0,0.0,0.0
2024-01-25,19.264801699008434,19.348001504882944,19.16773336963427,19.21923828125,2746500,0.0,0.0,0.0
2024-01-26,18.878514970260426,18.979544930903558,18.7933352914116,18.896343231201172,4490500,0.0,0.0,0.0
2024-01-29,19.19546795235491,19.274706138020015,19.11424989833091,19.258859634399414,3055000,0.0,0.0,0.0
2024-01-30,19.41535369776573,19.454973734068755,19.276687349079776,19.29451560974121,2373000,0.0,0.0,0.0
2024-01-31,19.66495394669616,19.704572091660435,19.340076089890495,19.363847732543945,4626500,0.0,0.0,0.0
2024-02-01,19.419318462834845,19.619394747157703,19.375736797933477,19.589679718017578,3121000,0.0,0.0,0.0
2024-02-02,19.39554401433736,19.563925376755588,19.373752240442286,19.52430534362793,2028500,0.0,0.0,0.0
2024-02-05,19.294515042605877,19.365829972342727,19.193486975702445,19.3321533203125,2576500,0.0,0.0,0.0
2024-02-06,19.098398488049714,19.21131330984954,19.042931955766377,19.207351684570312,3756500,0.0,0.0,0.0
2024-02-07,19.266782760620117,19.34800270330205,19.20735459405551,19.266782760620117,2948500,0.0,0.0,0.3404
2024-02-08,19.05085687042715,19.11028692236803,18.912190527606224,19.096420288085938,3142500,0.0,0.0,0.4958
2024-02-09,18.999351248056893,19.074627799682393,18.937943219381822,19.017181396484375,4098000,0.0,0.0,0.0
2024-02-12,19.06274244212911,19.31828522622748,18.995389143157638,19.04887580871582,4909000,0.0,0.0,0.0
2024-02-13,19.205373238560423,19.254898286057127,18.902287126792668,18.989450454711914,5579000,0.0,0.0,0.05695
2024-02-14,18.854742791755317,18.902286079041883,17.699846708121235,18.175275802612305,16785500,0.0,0.0,0.41525
2024-02-15,18.076226892785304,18.260456651492703,18.002932096454664,18.22281837463379,7377000,0.0,0.0,-0.06365000000000001
2024-02-16,17.86426372204534,17.878130356082465,17.571082649894503,17.59881591796875,7168500,0.0,0.0,0.66655
2024-02-20,17.485900224306096,17.54731014034681,17.353177273419366,17.402700424194336,4595500,0.0,0.0,0.597675
2024-02-21,17.404683145593868,17.412606396751865,17.186776736064097,17.2125301361084,5795500,0.0,0.0,0.0
2024-02-22,17.48194101243874,17.638437515462282,17.404684584294113,17.495807647705078,8606500,0.0,0.0,0.0
2024-02-23,17.49382711088642,17.545332024077236,17.367045640786937,17.414588928222656,6012000,0.0,0.0,-0.148
2024-02-26,17.147159139086348,17.15310252223839,17.020377670570603,17.050092697143555,8274000,0.0,0.0,0.0
2024-02-27,17.07188151092818,17.083766387298574,16.89161527292737,16.994625091552734,4384000,0.0,0.0,-0.04509999999999997
2024-02-28,16.90151834857069,16.933215130517976,16.816338678500397,16.869823455810547,2902500,0.0,0.0,-0.0016000000000000088
2024-02-29,17.077824831069883,17.135271233763486,16.960948379180824,16.998586654663086,5734000,0.0,0.0,-0.23835
2024-03-01,17.357140297864635,17.521560043255118,17.287807125516178,17.436378479003906,5830000,0.0,0.0,0.0
2024-03-04,17.161024533703277,17.220452693368006,17.067919724193253,17.131309509277344,2808500,0.0,0.0,0.0
2024-03-05,17.059997014597425,17.137253435693886,16.949062053400056,16.9688720703125,2682000,0.0,0.0,0.0
2024-03-06,17.186775185544708,17.254128481872964,17.11348039597757,17.188756942749023,3677500,0.0,0.0,0.2202
2024-03-07,17.275917969135147,17.299689609106803,17.192718173827856,17.214508056640625,5442500,0.0,0.0,0.0
2024-03-08,17.36308419217041,17.432417366560134,17.234320963286088,17.275920867919922,3317000,0.0,0.0,0.0
2024-03-11,17.13329233459205,17.220453766812707,17.101597440074286,17.186777114868164,2774500,0.0,0.0,0.0
2024-03-12,17.325444298831307,17.475995510967916,17.248185990862698,17.382890701293945,2401500,0.0,0.0,0.0
2024-03-13,17.394777213666874,17.464110380586874,17.349215688146177,17.400720596313477,2212500,0.0,0.0,0.0
2024-03-14,17.428456079843915,17.4759974795023,17.196683019017797,17.254131317138672,3240000,0.0,0.0,0.642225
2024-03-15,17.303653632267533,17.36704531070609,17.258092103168956,17.30959701538086,2803000,0.0,0.0,0.0
2024-03-18,17.6087203613558,17.73352006368487,17.6087203613558,17.63645362854004,4409500,0.0,0.0,-0.11315
2024-03-19,17.630510330200195,17.6701303630457,17.541367145484955,17.630510330200195,3201000,0.0,0.0,0.0
2024-03-20,17.580987243408718,17.77710187267076,17.501749066611545,17.75333023071289,2915000,0.0,0.0,0.0
2024-03-21,17.610703041053366,17.74540775860178,17.559198129415392,17.575044631958008,3003000,0.0,0.0,0.0
2024-03-22,17.57900466071229,17.60079643350967,17.50373000209836,17.555234909057617,1495500,0.0,0.0,0.0
2024-03-25,17.087731293266035,17.12933119773031,16.982739708770037,17.028301239013672,3617500,0.0,0.0,0.0
2024-03-26,17.1550823452892,17.258092170112576,17.125369207981823,17.17885398864746,2844000,0.0,0.0,0.0
2024-03-27,17.271670759540495,17.271670759540495,17.12459441665497,17.20012092590332,3276000,0.0574,0.0,0.5035499999999999
2024-03-28,17.13055781077475,17.162357947955066,17.039130283988527,17.041118621826172,3305000,0.0,0.0,0.0
2024-04-01,17.092794612346644,17.16036966714685,17.05105657675997,17.1265811920166,1990000,0.0,0.0,0.0
2024-04-02,16.993417533986403,16.993417533986403,16.82845183393449,16.95962905883789,2704500,0.0,0.0,0.0
2024-04-03,16.979504034733264,17.130557048947505,16.975529254695026,17.04707908630371,4699500,0.0,0.0,0.0
2024-04-04,17.110682500081094,17.11266894251486,16.79863855108956,16.804601669311523,3038500,0.0,0.0,0.7227
2024-04-05,16.794662755314413,16.933791431139607,16.75292472120492,16.858264923095703,2056500,0.0,0.0,0.6899500000000001
2024-04-08,16.812550620299636,16.846339095051725,16.721124989693088,16.758888244628906,2755500,0.0,0.0,0.0
2024-04-09,16.86820349627725,16.919877534943982,16.739012713229517,16.82248878479004,2567500,0.0,0.0,0.0
2024-04-10,16.71913631126636,16.778763699188346,16.661499156586096,16.72112464904785,2193500,0.0,0.0,0.3454
2024-04-11,16.744975703365142,16.756900044013964,16.580010003897936,16.707212448120117,1914000,0.0,0.0,0.0
2024-04-12,16.76087530372278,16.808576458603262,16.63367475132195,16.693300247192383,3887000,0.0,0.0,0.0
2024-04-15,16.605846470992972,16.629697046958018,16.32162979264485,16.357404708862305,3957000,0.0,0.0,0.0
2024-04-16,16.595910268892943,16.621747286859172,16.47665739050213,16.490570068359375,4266000,0.0,0.0,0.0
2024-04-17,16.35343075763431,16.35343075763431,16.17057759627474,16.214303970336914,2900000,0.0,0.0,0.0
2024-04-18,16.31169285215349,16.41106994193095,16.267968373201263,16.273929595947266,2239500,0.0,0.0,0.1366
2024-04-19,16.200391295476532,16.329580184360637,16.13679101997119,16.158653259277344,2989000,0.0,0.0,-0.6877500000000001
2024-04-22,16.146726885362465,16.244117531124303,16.07716349228994,16.210329055786133,3056000,0.0,0.0,0.0
2024-04-23,16.128838271425472,16.27790294525706,16.1049876961572,16.2600154876709,4045000,0.0,0.0,0.0
2024-04-24,16.405105798074267,16.518395559610052,16.341505526050778,16.438894271850586,3223500,0.0,0.0,0.0
2024-04-25,16.15467672730351,16.395167019975226,16.12685137285455,16.385231018066406,2764500,0.0,0.0,0.0
2024-04-26,16.25604044146907,16.383242875663218,16.240139426397253,16.363367080688477,2203000,0.0,0.0,0.0
2024-04-29,16.470694407037488,16.522370338851566,16.39516789935075,16.494544982910156,3542500,0.0,0.0,0.0
2024-04-30,16.474668230975656,16.524357717601667,16.395166947834138,16.411067962646484,2321500,0.0,0.0,0.0
2024-05-01,16.45877128870096,16.667461473754308,16.40312057268673,16.47467041015625,1969500,0.0,0.0,0.6265499999999999
2024-05-02,16.703235895733147,16.820500429243033,16.583983024595938,16.711185455322266,3285500,0.0,0.0,0.0
2024-05-03,16.943727434723886,17.007329602509287,16.735037264162933,16.802614212036133,3156000,0.0,0.0,0.0
2024-05-06,16.896028311850337,16.919876992565744,16.794662889238783,16.862239837646484,3732500,0.0,0.0,0.03729999999999999
2024-05-07,16.345480715808534,16.363368174297214,16.216291830758948,16.22821617126465,4730000,0.0,0.0,0.3328
2024-05-08,15.554442063305936,15.671706603815341,15.435189185050529,15.5723295211792,8584000,0.0,0.0,0.5544
2024-05-09,15.274198949130753,15.403388775166208,15.230473526368785,15.39742660522461,8243500,0.0,0.0,0.05135
2024-05-10,15.081408848059198,15.091346746313327,14.928369384958206,14.980045318603516,10575500,0.0,0.0,0.6983
2024-05-13,15.214573990566175,15.282149990916581,15.099296838095425,15.135071754455566,7600000,0.0,0.0,0.0
2024-05-14,15.721393812874114,16.267966806274178,15.701518965471063,16.144739151000977,17271000,0.0,0.0,0.06475
2024-05-15,16.436908299677707,16.59988565992709,16.419018945665478,16.591934204101562,10085000,0.0,0.0,0.0
2024-05-16,16.675410595935677,16.772799335329367,16.558146062044475,16.574045181274414,5177500,0.0,0.0,0.20095
2024-05-17,16.709197727841268,16.746960980458656,16.59590986544925,16.645597457885742,3842500,0.0,0.0,0.05875000000000001
2024-05-20,16.645598278024064,16.695285872908695,16.595910683139437,16.613798141479492,3897000,0.0,0.0,-0.04667499999999998
2024-05-21,16.45876999583293,16.45876999583293,16.291815965444457,16.297779083251953,4444000,0.0,0.0,0.0
2024-05-22,16.244115481087,16.260014600091193,16.134800508362893,16.15070152282715,2983500,0.0,0.0,0.0
2024-05-23,16.28187940790328,16.28187940790328,16.041387216109516,16.059274673461914,3181500,0.0,0.0,0.0
2024-05-24,15.936047358199724,16.0553002355227,15.930086135928711,15.957911491394043,3700000,0.0,0.0,0.0
2024-05-28,16.007599078404436,16.053311891585494,15.854559623404286,15.874434471130371,2697000,0.0,0.0,0.31720000000000004
2024-05-29,15.699532642707956,15.775058205249625,15.570342808750949,15.592205047607422,3792500,0.0,0.0,0.0
2024-05-30,15.9956752927618,16.15070309086437,15.93008668185149,16.057289123535156,5094000,0.0,0.0,0.0
2024-05-31,16.248091901247257,16.373306005617184,16.192441188193957,16.3653564453125,4841000,0.0,0.0,0.3243
2024-06-03,16.52237162575283,16.675412990810937,16.496534605563493,16.615785598754883,4084500,0.0,0.0,0.0
2024-06-04,16.963602885277755,17.114655898300192,16.882115156486314,17.0987548828125,5656000,0.0,0.0,0.0
2024-06-05,17.170305999796188,17.233906268568877,17.066954141445486,17.219993591308594,3102500,0.0,0.0,0.0
2024-06-06,17.221983086903823,17.388935225252357,17.221983086903823,17.33725929260254,3188000,0.0,0.0,0.0
2024-06-07,17.074906089572856,17.096770225083116,16.971554216765547,16.98348045349121,2238000,0.0,0.0,0.0
2024-06-10,16.8940397026505,17.05701705768224,16.860251228989476,17.021242141723633,2429000,0.0,0.0,0.0
2024-06-11,16.85826423925584,16.911926611451182,16.740999701859167,16.894039154052734,3901000,0.0,0.0,0.0
2024-06-12,16.82646467044026,16.94174278246769,16.66547563484327,16.68733787536621,3970500,0.0,0.0,0.1132
2024-06-13,16.729074955932404,16.7847256707753,16.64559888366806,16.71516227722168,2319500,0.0,0.0,0.22465
2024-06-14,16.39715767476992,16.426971371089785,16.273930004533604,16.341506958007812,3336500,0.0,0.0,0.0
2024-06-17,16.045362277139706,16.166601596274678,16.01356214179384,16.12287712097168,3513500,0.0,0.0,0.0
2024-06-18,15.987723554636796,16.0175372483277,15.761144979420544,15.826733589172363,11213000,0.0,0.0,0.0
2024-06-20,15.999650340628884,16.12685278444109,15.997662002797012,16.06523895263672,4077500,0.0,0.0,0.0
2024-06-21,16.03145034586652,16.047351362009874,15.940024715557966,16.005613327026367,10343500,0.0,0.0,0.10115
2024-06-24,16.053311837111128,16.19641528935777,16.023500039488205,16.12287712097168,2711000,0.0,0.0,0.0
2024-06-25,16.34547887468196,16.34547887468196,16.176538416055347,16.313678741455078,5581500,0.0,0.0,0.0
2024-06-26,16.409080650651838,16.488581938762604,16.34150559826081,16.468708038330078,4289000,0.0,0.0,0.0
2024-06-27,16.735037399587263,16.824476586397214,16.695285807467176,16.750938415527344,4038500,0.0,0.0,0.0
2024-06-28,16.780750004010134,16.94770403517937,16.780750004010134,16.88410186767578,3588000,0.0,0.0,0.0
2024-07-01,16.917890889207392,17.037141877014722,16.90596465315049,16.95565414428711,2806000,0.0,0.0,0.0
2024-07-02,17.07490573732332,17.22595876299635,17.01726857920625,17.22397232055664,4093000,0.0,0.0,0.42135
2024-07-03,16.89801549021803,17.07291909130441,16.89801549021803,17.023229598999023,2657000,0.0,0.0,0.0
2024-07-05,17.106706956288825,17.269684315219667,17.106706956288825,17.25577163696289,3044000,0.0,0.0,0.0
2024-07-08,17.221983567895904,17.32732377393422,17.172295971654997,17.212045669555664,2170500,0.0,0.0,0.0
2024-07-09,17.90768282061336,17.995133669584018,17.83016797420689,17.975257873535156,5745500,0.0,0.0,0.2097
2024-07-10,18.255502952850357,18.46816792004915,18.227675699149763,18.430404663085938,7300000,0.0,0.0,-0.40775
2024-07-11,19.076351644747568,19.118091574785844,18.94517442308511,19.00678825378418,6310000,0.0,0.0,0.3481
2024-07-12,18.925301610129317,19.173743389540398,18.885550015602576,19.094242095947266,2768500,0.0,0.0,0.0
2024-07-15,19.07833998254377,19.128027577386117,18.976976455062868,19.00678825378418,2464000,0.0,0.0,0.3056
2024-07-16,19.002813069173737,19.13200384575039,18.94318757754001,19.106164932250977,3258000,0.0,0.0,0.10115
2024-07-17,18.91337367828664,19.141939639946834,18.89548622053709,19.072376251220703,3091500,0.0,0.0,0.0
2024-07-18,18.73648390696469,18.83188621022982,18.48207902856449,18.52381706237793,3312500,0.0,0.0,0.0
2024-07-19,18.440341337776513,18.529780524886256,18.368789608996668,18.450279235839844,7873500,0.0,0.0,0.2997
2024-07-22,18.394628389012443,18.482079237688172,18.35289035472674,18.446304321289062,3446000,0.0,0.0,0.0923
2024-07-23,18.319101738830952,18.34692709480601,18.209786757237385,18.219724655151367,2719000,0.0,0.0,0.3840166666666667
2024-07-24,18.08656126357697,18.1064351642419,17.697004378640646,17.726816177368164,5220500,0.0,0.0,0.4221
2024-07-25,17.261734131315755,17.35713453786136,17.092793660532276,17.0987548828125,6394500,0.0,0.0,0.0
2024-07-26,17.25577312858518,17.418750501604098,17.22198465119505,17.35515022277832,4810000,0.0,0.0,0.0
2024-07-29,17.261735716526776,17.27962317593049,17.168319848215596,17.17229652404785,2764000,0.0,0.0,0.59265
2024-07-30,17.5002378079373,17.629426686381205,17.440610422076883,17.565826416015625,4232500,0.0,0.0,0.0
2024-07-31,17.681103096149915,17.681103096149915,17.54197631629116,17.60756492614746,3904500,0.0,0.0,0.0
2024-08-01,17.237883693034405,17.27763338887978,16.86422593751073,16.880126953125,5616000,0.0,0.0,0.0
2024-08-02,16.21629156206038,16.347468782750816,16.11691447765182,16.220266342163086,6846500,0.0,0.0,0.28315
2024-08-05,15.99766205967716,16.41703264772818,15.856547884651096,16.373306274414062,8159500,0.0,0.0,0.0
2024-08-06,16.415044108188717,16.589947703835776,16.311692241960035,16.506471633911133,6560000,0.0,0.0,0.0
2024-08-07,17.291546419461966,17.585700998374723,16.806589126586914,16.806589126586914,5973000,0.0,0.0,0.0
2024-08-08,16.774787156726642,16.8244766470559,16.587959222193234,16.780750274658203,4911500,0.0,0.0,0.0
2024-08-09,16.721125525441945,16.782739358914522,16.623736773709314,16.77478790283203,2711000,0.0,0.0,0.0
2024-08-12,16.792675630653612,16.85627590039037,16.703236448207445,16.838388442993164,2481000,0.0,0.0,0.0
2024-08-13,17.365084745738283,17.722839561636675,17.365084745738283,17.700977325439453,5555500,0.0,0.0,0.0
2024-08-14,17.677129133488013,17.716878831517064,17.57178892710946,17.68706703186035,2468000,0.0,0.0,0.0
2024-08-15,17.43266139592377,17.605576650201172,17.422723497976072,17.58172607421875,3353000,0.0,0.0,0.0
2024-08-16,17.812279169046086,17.971281734493303,17.70892731195939,17.93550682067871,2949000,0.0,0.0,0.0
2024-08-19,17.98122120334692,18.195874495915607,17.973271643017785,18.176000595092773,3243500,0.0,0.0,0.0
2024-08-20,18.04084601739601,18.098485066262445,17.98519530626712,18.044822692871094,3695500,0.0,0.0,0.0
2024-08-21,18.201837205307953,18.47810432287659,18.189912865081922,18.44232940673828,4133000,0.0,0.0,0.0
2024-08-22,18.37077697878958,18.39462755379278,18.110410886906525,18.144197463989258,3159000,0.0,0.0,0.0
2024-08-23,18.20183639465263,18.38468953819621,18.132273007781727,18.36282730102539,2222000,0.0,0.0,0.0
2024-08-26,18.484067575470448,18.50592981377432,18.394628389012443,18.446304321289062,2116000,0.0,0.0,0.0
2024-08-27,18.931262832940046,19.112129555300157,18.845800316536188,19.094242095947266,4354000,0.0,0.0,0.4665
2024-08-28,19.294981616219527,19.34466921107491,19.153866496459536,19.229393005371094,5290500,0.0,0.0,0.3504
2024-08-29,19.195604933343223,19.31883259735625,19.14392899960811,19.241317749023438,3146000,0.0,0.0,0.0
2024-08-30,19.32479415336899,19.42218479992492,19.275106556614993,19.390382766723633,2005000,0.0,0.0,0.0
2024-09-03,19.161815990701886,19.263181413320353,18.957100598595552,18.97697639465332,4532000,0.0,0.0,0.20379999999999998
2024-09-04,18.782197683695166,18.91337490967933,18.67487103474997,18.774248123168945,2766000,0.0,0.0,-0.128
2024-09-05,18.742447302711547,18.81399713576118,18.678845134438248,18.754371643066406,2429500,0.0,0.0,0.0
2024-09-06,18.317113819417195,18.388665548755924,17.840106081412845,17.89774513244629,4865000,0.0,0.0,0.0
2024-09-09,18.066684784430784,18.166061865839414,18.003082618326783,18.09649658203125,2552500,0.0,0.0,0.0
2024-09-10,18.285313611344538,18.561580734021028,18.233637678489217,18.480093002319336,3474000,0.0,0.0,0.148
2024-09-11,18.476116927367944,18.651020527824432,18.3409649206126,18.637107849121094,2442000,0.0,0.0,0.0
2024-09-12,18.50791700435252,18.62518153973241,18.45624107527901,18.6072940826416,1897000,0.0,0.0,0.0
2024-09-13,18.57350628206684,18.637106553013258,18.52580513112694,18.571517944335938,1741000,0.0,0.0,0.4383333333333333
2024-09-16,18.55363109941486,18.64108194871968,18.42046553993093,18.505929946899414,2483000,0.0,0.0,0.0
2024-09-17,18.174013770807996,18.185938112294753,17.91762242196875,17.99712371826172,3567500,0.0,0.0,0.0
2024-09-18,18.015008852971487,18.185935764982133,17.887806416229054,17.98519515991211,3752500,0.0,0.0,0.3243
2024-09-19,18.43239258988419,18.597358293177628,18.408542012573072,18.529781341552734,2949000,0.0,0.0,0.0
2024-09-20,18.6708974320262,18.674872212539995,18.468168462139392,18.501956939697266,2927000,0.0,0.0,0.7360500000000001
2024-09-23,18.523817265437863,18.742447230240387,18.476116113282394,18.724557876586914,2087500,0.0,0.0,0.0
2024-09-24,19.122066835429333,19.122066835429333,18.93722533868731,18.992876052856445,2139000,0.0,0.0,0.0
2024-09-25,19.04057550569919,19.118090347410714,19.018713268645744,19.082313537597656,2203000,0.0,0.0,0.0
2024-09-26,19.404294292954898,19.624910697086364,19.36255625925005,19.607023239135742,3544500,0.0,0.0,0.0
2024-09-27,19.404293528500876,19.543422197496113,19.10020106893978,19.11212730407715,4186000,0.0,0.0,0.0
2024-09-30,19.325928606018863,19.345873262136852,19.16039328591541,19.260112762451172,2265000,0.0664,0.0,0.0
2024-10-01,19.321940608148232,19.42764576697693,19.15241483034809,19.305986404418945,4922000,0.0,0.0,0.0
2024-10-02,19.000839960368914,19.000839960368914,18.72760425632298,18.9370174407959,3716000,0.0,0.0,0.0
2024-10-03,18.745553825235348,18.867213185978663,18.69968263715714,18.747547149658203,2312000,0.0,0.0,0.0
2024-10-04,18.807382389979686,18.937018861230488,18.793421509967644,18.91707420349121,2291500,0.0,0.0,0.65215
2024-10-07,19.068650489160085,19.228203946434874,19.016795520444415,19.078622817993164,3341500,0.0,0.0,0.56975
2024-10-08,19.028762838052835,19.04072849128665,18.956963212568287,18.974912643432617,2017000,0.0,0.0,0.0
2024-10-09,18.77746543795289,19.1763490833368,18.657799393324094,18.996850967407227,1987700,0.0,5.0,0.63495
2024-10-10,18.857242326452457,18.88715931336939,18.66777188003306,18.807382583618164,2079400,0.0,0.0,0.0
2024-10-11,18.68771564433459,18.996850219584438,18.68771564433459,18.927045822143555,1725600,0.0,0.0,0.0
2024-10-14,18.84726891383961,19.106543746130683,18.817353830669937,19.036739349365234,2081300,0.0,0.0,0.0
2024-10-15,18.75751988863549,18.797409202291572,18.548106698022526,18.607938766479492,2120200,0.0,0.0,0.0
2024-10-16,18.647828568483163,18.647828568483163,18.558079512433796,18.627883911132812,1885200,0.0,0.0,-0.064
2024-10-17,18.548105907172133,18.56805056314978,18.3785801354163,18.458356857299805,1662900,0.0,0.0,0.0
2024-10-18,18.059474751982727,18.189111222580163,18.029557765524594,18.169166564941406,2534500,0.0,0.0,0.0
2024-10-21,18.089388830098713,18.119305814892563,17.969724694977586,18.049501419067383,2361300,0.0,0.0,0.0
2024-10-22,17.850058311347414,17.8899476236316,17.77028158880614,17.840085983276367,2630700,0.0,0.0,0.40865
2024-10-23,17.451175467471764,17.590784262562842,17.371398741415838,17.48109245300293,2842200,0.0,0.0,0.0
2024-10-24,17.55089692588341,17.69050572157374,17.540924597330218,17.64064598083496,2544500,0.0,0.0,0.44425
2024-10-25,17.501034538668318,17.630672902318157,17.491064112566427,17.57084083557129,2607400,0.0,0.0,0.0
2024-10-28,17.660588286899056,17.740366913296256,17.630673204027246,17.700477600097656,2573700,0.0,0.0,0.0
2024-10-29,17.710450453337113,17.83011459242549,17.650618383792924,17.800199508666992,2698400,0.0,0.0,0.0
2024-10-30,18.019585330009107,18.05947464505043,17.91986394443303,17.92983627319336,3015300,0.0,0.0,0.0
2024-10-31,17.770283128760052,17.770283128760052,17.51100828252565,17.5508975982666,2136300,0.0,0.0,0.0
2024-11-01,17.630672717349558,17.790226161685357,17.570840651230405,17.680532455444336,1581100,0.0,0.0,0.4521
2024-11-04,17.700478310144998,17.80019969511464,17.67056132404594,17.690505981445312,1727600,0.0,0.0,0.0
2024-11-05,17.949779772551043,18.04950115169286,17.850058393409228,17.9996395111084,2271700,0.0,0.0,0.0
2024-11-06,17.949780220211302,17.969724876942497,17.780254442050442,17.939807891845703,2960300,0.0,0.0,0.0
2024-11-07,18.14922407218102,18.28883287361976,18.06944734249785,18.21902847290039,3689100,0.0,0.0,0.0
2024-11-08,19.44559616093156,20.61233200666854,19.44559616093156,19.85445213317871,10593700,0.0,0.0,0.3404
2024-11-11,19.286041628813063,19.345873696483263,18.837296366218705,19.0666561126709,4156700,0.0,0.0,0.0
2024-11-12,18.94698960214056,18.956961930174415,18.568050646989672,18.617910385131836,2713200,0.0,0.0,0.0
2024-11-13,18.63785567366604,18.657798428383398,18.388553170441075,18.44838523864746,2966800,0.0,0.0,0.0
2024-11-14,18.548107334285053,18.617911733550567,18.4084966337268,18.438413619995117,2083500,0.0,0.0,0.0
2024-11-15,18.52816290118488,18.597967301295864,18.358637114332254,18.408496856689453,2958400,0.0,0.0,0.0
2024-11-18,18.667771687831998,19.00682326129071,18.667771687831998,18.91707420349121,2877100,0.0,0.0,0.0
2024-11-19,18.757520488843777,18.946990930718584,18.757520488843777,18.86721420288086,2557400,0.0,0.0,0.6306
2024-11-20,19.196292126250167,19.286041176664934,19.04671100956792,19.126487731933594,6542900,0.0,0.0,0.32445
2024-11-21,19.026766532855028,19.096570927829724,18.917072825307876,19.016794204711914,1707800,0.0,0.0,0.0
2024-11-22,18.966935174025295,19.0865993121553,18.917073531448473,19.00682258605957,2068700,0.0,0.0,0.0
2024-11-25,19.256124316462625,19.445594746560804,19.256124316462625,19.36581802368164,3326400,0.0,0.0,0.0
2024-11-26,19.365819673206143,19.395736660094236,19.266098285606432,19.315959930419922,1783100,0.0,0.0,0.0
2024-11-27,19.704870223999023,19.91428341523189,19.69489789555548,19.704870223999023,2494200,0.0,0.0,0.0
2024-11-29,19.92425611796847,20.004032844988302,19.854451719579515,19.994060516357422,1247900,0.0,0.0,0.0
2024-12-02,19.94419980625303,20.02397652939696,19.874395411255485,19.954172134399414,3337900,0.0,0.0,0.0
2024-12-03,20.39294672469987,20.43283413850904,20.2633083502587,20.41288948059082,3364500,0.0,0.0,0.0
2024-12-04,20.95138310326922,21.031159830139206,20.831717061950638,20.931438446044922,4284800,0.0,0.0,0.2549
2024-12-05,20.9912711934339,21.011215851302147,20.841690063476562,20.841690063476562,3637600,0.0,0.0,0.0
2024-12-06,20.921465857360126,20.981299828289227,20.841689131481836,20.88157844543457,1973000,0.0,0.0,0.4939
2024-12-09,21.240572837669827,21.350266549409273,20.98129990414835,21.0411319732666,4085300,0.0,0.0,0.0
2024-12-10,21.83889931513722,21.9785100129621,21.69929051933953,21.70926284790039,5038500,0.0,0.0,0.0
2024-12-11,21.99845295440894,22.187923394615975,21.988480625763604,22.10814666748047,4175100,0.0,0.0,0.40605
2024-12-12,22.536947625339106,22.64663943802,22.31756019592285,22.31756019592285,4658700,0.0,0.0,0.0
2024-12-13,21.80898419371467,21.84887160586186,21.55968168620641,21.629486083984375,3452700,0.0,0.0,0.08574999999999999
2024-12-16,21.410099516309526,21.56965297533348,21.360239773624766,21.430044174194336,3888500,0.0,0.0,0.0
2024-12-17,21.739176953351585,21.918675055315795,21.639457476284452,21.66937255859375,4757800,0.0,0.0,0.0
2024-12-18,21.48987549595492,21.609541537060895,20.771884955400655,20.851661682128906,3633600,0.0,0.0,0.0
2024-12-19,20.84168995886442,20.8815792744007,20.522583042683216,20.602359771728516,4412000,0.0,0.0,0.0
2024-12-20,20.79182942879819,21.100964004384142,20.72202503128141,20.961355209350586,5678400,0.0,0.0,0.0
2024-12-23,20.89155040406635,21.150823332060337,20.86163341913144,21.100963592529297,2500400,0.0,0.0,0.0
2024-12-24,20.96135431496087,21.110935432118303,20.931437330718545,21.081018447875977,979900,0.0,0.0,0.0
2024-12-26,21.120908737182617,21.220630120576054,21.071047094472306,21.120908737182617,1306500,0.0,0.0,0.0
2024-12-27,21.440014816171047,21.469931800644304,21.270489041543495,21.40012550354004,1936600,0.0,0.0,0.0
2024-12-30,21.06107644128139,21.27048963232927,20.991270142238264,21.15082359313965,1934500,0.0,0.0,0.20095
2024-12-31,21.17076798868361,21.250544713149566,21.071046607594386,21.100963592529297,1186100,0.0,0.0,0.0
2025-01-02,21.210658470054852,21.270490541192636,20.961355954615637,21.031160354614258,2641500,0.0,0.0,0.125
2025-01-03,21.120908327534593,21.290434105407265,21.05110393112123,21.260517120361328,2297300,0.0,0.0,0.0
2025-01-06,21.031160509170395,21.100964909682002,20.83171773454244,20.841690063476562,3402900,0.0,0.0,0.0
2025-01-07,21.001242806990977,21.130881176691386,20.831717024940044,20.851661682128906,2719200,0.0,0.0,0.0
2025-01-08,20.6721639837769,20.761913040889574,20.502638198344883,20.712053298950195,3277300,0.0,0.0,0.5386500000000001
2025-01-10,20.39294571735472,20.522582183365,20.193502952078873,20.293224334716797,4818000,0.0,0.0,0.0
2025-01-13,20.133671288881878,20.293224743505746,20.053894561569944,20.153614044189453,2699000,0.0,0.0,0.0
2025-01-14,20.03395047378742,20.113727203367354,19.794620285047614,19.824535369873047,4312600,0.0,0.0,0.64625
2025-01-15,20.42286158619639,20.452778572746535,20.233393044127208,20.442806243896484,4733900,0.0,0.0,0.0
2025-01-16,20.462749622314668,20.462749622314668,20.24336220538367,20.273279190063477,4476000,0.0,0.0,0.0
2025-01-17,20.552499543157893,20.642248598964215,20.482695144647913,20.582414627075195,2992800,0.0,0.0,0.0
2025-01-21,20.73199824925572,20.921466792922292,20.6821366045851,20.841690063476562,3143800,0.0,0.0,0.0
2025-01-22,20.911493040029434,20.9912697640428,20.801801233278006,20.86163330078125,3345600,0.0,0.0,0.39995
2025-01-23,21.061076522571266,21.330321783239583,21.061076522571266,21.310379028320312,4099100,0.0,0.0,0.2787
2025-01-24,20.751940261059733,20.921466042807168,20.65221887732115,20.77188491821289,4874100,0.0,0.0,0.0
2025-01-27,20.85166101225782,20.961354721245396,20.781856616366504,20.941410064697266,4190400,0.0,0.0,0.0
2025-01-28,21.489874497186268,21.868815358054114,21.330321051145212,21.749149322509766,4032200,0.0,0.0,0.0
2025-01-29,22.15800542999058,22.23778215360246,21.91867525915495,22.068256378173828,4984400,0.0,0.0,0.0
2025-01-30,22.197896018921412,22.33750481776124,22.048314891303423,22.237783432006836,3413900,0.0,0.0,0.0
2025-01-31,22.128091250608545,22.16797866302901,21.8688164127803,21.948593139648438,2375100,0.0,0.0,0.0
2025-02-03,21.639457557664006,21.928647465895043,21.609540573215096,21.82892608642578,3141900,0.0,0.0,0.0
2025-02-04,22.27767237549203,22.487085570258422,22.207867977236564,22.457170486450195,4110100,0.0,0.0,0.0
2025-02-05,22.736388263745894,22.89594171877359,22.69650085100258,22.856054306030273,3874100,0.0,0.0,0.0
2025-02-06,22.935830360198764,22.98569010017094,22.84608130662712,22.945802688598633,3000900,0.0,0.0,0.0
2025-02-07,22.92585878345097,22.92585878345097,22.4870858296069,22.507030487060547,4206900,0.0,0.0,0.0
2025-02-10,22.507029699494606,22.536946684628216,22.327531592747246,22.35744857788086,3465900,0.0,0.0,0.0
2025-02-11,22.19789557485866,22.34747669948432,22.19789557485866,22.297616958618164,4204000,0.0,0.0,0.1366
2025-02-12,21.779066388209635,21.948592163014535,21.559680874590935,21.908702850341797,4931000,0.0,0.0,0.0
2025-02-13,23.1951057595624,23.962957946879357,22.9757202354835,23.125301361083984,6551200,0.0,0.0,0.0
2025-02-14,24.04273391911069,24.182342711684097,23.873208141545636,24.072649002075195,5033400,0.0,0.0,0.0
2025-02-18,24.71086441182894,24.810583889913048,24.341895876025518,24.451589584350586,7072400,0.0,0.0,0.0
2025-02-19,24.561282438414597,24.710865465976113,24.451590627437284,24.651031494140625,4016800,0.0,0.0,0.0
2025-02-20,24.760724351306756,24.880390388814345,24.651030642093726,24.850473403930664,2825100,0.0,0.0,0.0
2025-02-21,25.179553046188857,25.21944236002715,24.631088295102543,24.710865020751953,5048200,0.0,0.0,0.0
2025-02-24,24.81058498526222,24.850474299878616,24.501450405093994,24.73080825805664,2721300,0.0,0.0,0.0
2025-02-25,25.109749025784495,25.199498081240215,24.920278586263844,25.00005531311035,5791800,0.0,0.0,0.0
2025-02-26,25.209469404960217,25.568463710445812,25.199497076748518,25.388965606689453,3657400,0.0,0.0,0.0
2025-02-27,25.309188908781458,25.40891028897283,24.920277618264944,24.960166931152344,4035200,0.0,0.0,0.0
2025-02-28,24.720837945729794,24.990083212526518,24.64105931612814,24.97014045715332,2736300,0.0,0.0,0.0
2025-03-03,24.73080792242669,24.970140002822586,24.421673346453833,24.521394729614258,2579100,0.0,0.0,0.0
2025-03-04,23.943012317613864,24.331923608792525,23.663792833008053,24.10256576538086,4295800,0.0,0.0,0.0
2025-03-05,23.883181507560604,24.30200980550536,23.85326452126911,24.272092819213867,3469500,0.0,0.0,0.0
2025-03-06,24.631088589761102,24.75075272865316,24.311979781318822,24.331924438476562,6209600,0.0,0.0,0.0
2025-03-07,24.082622528076172,24.132484172208628,23.55410241446283,24.082622528076172,3617100,0.0,0.0,0.0
2025-03-10,23.135273045466406,23.15521580017116,22.656610794036343,22.7862491607666,4485800,0.0,0.0,0.0
2025-03-11,22.816164769167003,23.07543960657003,22.616723903337352,22.885971069335938,4370500,0.0,0.0,0.0
2025-03-12,23.683737248682267,23.853263022964445,23.474324063877457,23.623905181884766,5327500,0.0,0.0,0.0
2025-03-13,23.4244632340125,23.554101602259394,23.29482676779278,23.34468650817871,2425800,0.0,0.0,0.0
2025-03-14,23.803404673005303,24.102566926473173,23.803404673005303,24.03276252746582,8643000,0.0,0.0,0.0
2025-03-17,24.302009170705826,24.561282103683975,24.24217519968578,24.441617965698242,8709300,0.0,0.0,0.0
2025-03-18,24.371812860667024,24.5812260470762,24.162397772230722,24.451589584350586,10612700,0.0,0.0,-0.1806
2025-03-19,24.531366763908096,25.01999944330371,24.461562367141173,24.900333404541016,10887300,0.0,0.0,0.0
2025-03-20,24.601171122267587,24.860445954159346,24.551311382376813,24.820556640625,4338300,0.0,0.0,0.0
2025-03-21,25.20947048413538,25.408911350825747,25.069859785222196,25.159608840942383,24505900,0.0,0.0,0.0
2025-03-24,25.169580238091775,25.22941230568187,25.01002678983344,25.19949722290039,13639700,0.0,0.0,0.0
2025-03-25,25.15960861859664,25.189525604248047,25.03994448004538,25.189525604248047,3278900,0.0,0.0,0.0
2025-03-26,25.428855895996094,25.55849236367195,25.33910684067158,25.428855895996094,4885700,0.0,0.0,0.0
2025-03-27,25.279274362711426,25.708074975216903,25.279274362711426,25.568464279174805,5711400,0.0,0.0,0.0
2025-03-28,25.189526243368565,25.279275300572756,24.900334414149,25.020000457763672,5571300,0.0,0.0,0.0
2025-03-31,25.049999237060547,25.440000534057617,24.969999313354492,25.389999389648438,6441100,0.07,0.0,0.0
2025-04-01,25.219999313354492,25.290000915527344,24.709999084472656,25.170000076293945,10219100,0.0,0.0,0.0
2025-04-02,24.520000457763672,24.920000076293945,24.450000762939453,24.84000015258789,4696000,0.0,0.0,0.0
2025-04-03,23.510000228881836,24.020000457763672,23.360000610351562,23.3799991607666,6473500,0.0,0.0,0.0
2025-04-04,22.270000457763672,22.5,21.760000228881836,21.81999969482422,7990900,0.0,0.0,0.0
2025-04-07,20.420000076293945,22.190000534057617,20.420000076293945,21.239999771118164,10610300,0.0,0.0,0.0
2025-04-08,22.299999237060547,22.489999771118164,21.1299991607666,21.31999969482422,5512500,0.0,0.0,0.0
2025-04-09,21.309999465942383,23.139999389648438,21.09000015258789,22.969999313354492,7765100,0.0,0.0,0.0
2025-04-10,23.520000457763672,23.579999923706055,22.219999313354492,22.920000076293945,8913700,0.0,0.0,0.0
2025-04-11,22.530000686645508,23.020000457763672,22.290000915527344,22.940000534057617,4791100,0.0,0.0,0.0
2025-04-14,23.280000686645508,23.579999923706055,23.190000534057617,23.440000534057617,4536000,0.0,0.0,-0.5719
2025-04-15,23.559999465942383,23.780000686645508,23.559999465942383,23.68000030517578,2635900,0.0,0.0,0.0
2025-04-16,23.549999237060547,23.610000610351562,23.149999618530273,23.360000610351562,3447200,0.0,0.0,0.0
2025-04-17,24.0,24.260000228881836,23.920000076293945,24.010000228881836,4549500,0.0,0.0,0.32985
2025-04-21,23.90999984741211,23.989999771118164,23.520000457763672,23.75,3403500,0.0,0.0,0.0
2025-04-22,24.09000015258789,24.360000610351562,24.06999969482422,24.329999923706055,4681100,0.0,0.0,0.0
2025-04-23,25.010000228881836,25.229999542236328,24.790000915527344,24.889999389648438,3101500,0.0,0.0,0.0
2025-04-24,24.81999969482422,25.1200008392334,24.770000457763672,25.1200008392334,3193800,0.0,0.0,0.0
2025-04-25,24.81999969482422,24.969999313354492,24.700000762939453,24.969999313354492,2602100,0.0,0.0,0.0
2025-04-28,24.739999771118164,25.450000762939453,24.690000534057617,25.280000686645508,8671000,0.0,0.0,0.0
2025-04-29,25.530000686645508,25.899999618530273,25.34000015258789,25.75,7306000,0.0,0.0,-0.05135
2025-04-30,25.700000762939453,26.079999923706055,25.280000686645508,26.0,6370800,0.0,0.0,0.0
2025-05-01,25.559999465942383,25.559999465942383,25.239999771118164,25.280000686645508,7461400,0.0,0.0,0.0
2025-05-02,25.030000686645508,25.43000030517578,24.959999084472656,25.329999923706055,6866500,0.0,0.0,0.0
2025-05-05,25.200000762939453,25.360000610351562,25.139999389648438,25.239999771118164,5593300,0.0,0.0,0.0
2025-05-06,25.270000457763672,25.329999923706055,25.100000381469727,25.229999542236328,5322900,0.0,0.0,0.0
2025-05-07,24.989999771118164,25.290000915527344,24.829999923706055,25.020000457763672,4843700,0.0,0.0,0.0
2025-05-08,24.440000534057617,24.729999542236328,24.350000381469727,24.450000762939453,5040900,0.0,0.0,0.0
2025-05-09,24.68000030517578,24.809999465942383,24.649999618530273,24.700000762939453,3015900,0.0,0.0,0.0
2025-05-12,24.799999237060547,24.899999618530273,24.59000015258789,24.739999771118164,7759700,0.0,0.0,0.0
2025-05-13,24.790000915527344,24.899999618530273,24.5,24.540000915527344,12707900,0.0,0.0,0.0
2025-05-14,25.25,25.6200008392334,24.799999237060547,24.8799991607666,13840500,0.0,0.0,0.0
2025-05-15,25.100000381469727,25.149999618530273,24.84000015258789,24.8700008392334,13791400,0.0,0.0,0.0
2025-05-16,24.639999389648438,24.760000228881836,24.479999542236328,24.68000030517578,4069600,0.0,0.0,0.0
2025-05-19,24.649999618530273,25.059999465942383,24.59000015258789,25.040000915527344,7554300,0.0,0.0,0.0
2025-05-20,25.520000457763672,25.950000762939453,25.219999313354492,25.799999237060547,7332800,0.0,0.0,0.0
2025-05-21,25.450000762939453,25.489999771118164,24.8799991607666,24.889999389648438,5083400,0.0,0.0,0.0
2025-05-22,25.34000015258789,25.440000534057617,25.18000030517578,25.329999923706055,5037000,0.0,0.0,0.0
2025-05-23,25.360000610351562,25.670000076293945,25.290000915527344,25.530000686645508,6527500,0.0,0.0,0.0
2025-05-27,26.020000457763672,26.600000381469727,25.959999084472656,26.559999465942383,6992500,0.0,0.0,0.0
2025-05-28,26.34000015258789,26.420000076293945,26.209999084472656,26.299999237060547,6134800,0.0,0.0,0.0
2025-05-29,26.950000762939453,26.950000762939453,26.5,26.6200008392334,10688600,0.0,0.0,0.0
2025-05-30,26.459999084472656,26.510000228881836,26.06999969482422,26.3799991607666,6792800,0.0,0.0,0.0
2025-06-02,26.479999542236328,26.940000534057617,26.459999084472656,26.8799991607666,6198500,0.0,0.0,0.0
2025-06-03,26.690000534057617,26.8799991607666,26.690000534057617,26.770000457763672,5805100,0.0,0.0,0.0
2025-06-04,26.75,26.780000686645508,26.600000381469727,26.670000076293945,3289800,0.0,0.0,0.0
2025-06-05,26.479999542236328,26.549999237060547,26.260000228881836,26.329999923706055,4173500,0.0,0.0,0.0
2025-06-06,26.670000076293945,26.739999771118164,26.59000015258789,26.65999984741211,2952300,0.0,0.0,0.0
2025-06-09,26.5,26.690000534057617,26.469999313354492,26.59000015258789,3611200,0.0,0.0,0.0
2025-06-10,26.34000015258789,26.3700008392334,26.049999237060547,26.200000762939453,3360200,0.0,0.0,0.0
2025-06-11,26.110000610351562,26.18000030517578,25.899999618530273,25.90999984741211,4030900,0.0,0.0,0.0
2025-06-12,26.1299991607666,26.399999618530273,26.100000381469727,26.399999618530273,3234300,0.0,0.0,0.0
2025-06-13,25.93000030517578,26.15999984741211,25.84000015258789,25.93000030517578,5147300,0.0,0.0,0.0
2025-06-16,26.059999465942383,26.31999969482422,26.049999237060547,26.09000015258789,3965200,0.0,0.0,0.0
2025-06-17,25.770000457763672,25.940000534057617,25.639999389648438,25.65999984741211,4488000,0.0,0.0,0.0
2025-06-18,25.969999313354492,26.09000015258789,25.850000381469727,25.8799991607666,2880500,0.0,0.0,0.0
2025-06-20,25.0,25.0,24.690000534057617,24.75,8333700,0.0,0.0,0.0
2025-06-23,24.0,24.450000762939453,23.899999618530273,24.420000076293945,8944600,0.0,0.0,0.0
2025-06-24,24.739999771118164,25.030000686645508,24.670000076293945,24.989999771118164,6395700,0.0,0.0,0.0
2025-06-25,25.010000228881836,25.040000915527344,24.860000610351562,24.920000076293945,3554900,0.0,0.0,0.0
2025-06-26,25.350000381469727,25.610000610351562,25.329999923706055,25.540000915527344,5198000,0.0,0.0,0.0
2025-06-27,26.34000015258789,26.440000534057617,26.149999618530273,26.299999237060547,6148000,0.0,0.0,0.0
2025-06-30,25.799999237060547,26.049999237060547,25.719999313354492,26.030000686645508,4394800,0.0,0.0,0.0
2025-07-01,25.399999618530273,25.600000381469727,25.280000686645508,25.469999313354492,8264300,0.0,0.0,0.0
2025-07-02,25.479999542236328,25.729999542236328,25.469999313354492,25.709999084472656,4646100,0.0,0.0,0.0
2025-07-03,25.440000534057617,25.649999618530273,25.360000610351562,25.579999923706055,2282800,0.0,0.0,0.0
2025-07-07,25.40999984741211,25.540000915527344,25.149999618530273,25.299999237060547,4072200,0.0,0.0,0.0
2025-07-08,25.280000686645508,25.309999465942383,25.1299991607666,25.25,3702700,0.0,0.0,0.0
2025-07-09,25.1299991607666,25.190000534057617,25.010000228881836,25.170000076293945,3866900,0.0,0.0,0.1909
2025-07-10,24.75,24.770000457763672,24.559999465942383,24.649999618530273,6565300,0.0,0.0,0.0
2025-07-11,24.489999771118164,24.489999771118164,24.31999969482422,24.43000030517578,4546700,0.0,0.0,0.0
2025-07-14,24.350000381469727,24.440000534057617,24.270000457763672,24.399999618530273,3246400,0.0,0.0,0.0
2025-07-15,24.209999084472656,24.239999771118164,24.040000915527344,24.079999923706055,5238600,0.0,0.0,0.0
2025-07-16,23.829999923706055,23.979999542236328,23.780000686645508,23.979999542236328,7649000,0.0,0.0,0.0
2025-07-17,24.299999237060547,24.440000534057617,24.229999542236328,24.40999984741211,5557700,0.0,0.0,0.0
2025-07-18,24.100000381469727,24.139999389648438,23.889999389648438,23.920000076293945,3080700,0.0,0.0,0.0
2025-07-21,24.0,24.239999771118164,23.989999771118164,24.06999969482422,2751900,0.0,0.0,0.0
2025-07-22,24.110000610351562,24.15999984741211,24.040000915527344,24.09000015258789,2899500,0.0,0.0,0.0
2025-07-23,25.149999618530273,25.600000381469727,25.139999389648438,25.260000228881836,5848200,0.0,0.0,0.0
2025-07-24,25.690000534057617,25.690000534057617,25.350000381469727,25.3799991607666,5830300,0.0,0.0,0.0
2025-07-25,25.010000228881836,25.040000915527344,24.790000915527344,24.8799991607666,3727000,0.0,0.0,0.0
2025-07-28,24.43000030517578,24.489999771118164,24.290000915527344,24.360000610351562,2298300,0.0,0.0,0.0
2025-07-29,24.34000015258789,24.420000076293945,24.110000610351562,24.149999618530273,3297000,0.0,0.0,0.0
2025-07-30,24.3700008392334,24.399999618530273,24.110000610351562,24.200000762939453,2794200,0.0,0.0,0.0
2025-07-31,24.579999923706055,24.579999923706055,24.219999313354492,24.31999969482422,3787300,0.0,0.0,0.2202
2025-08-01,24.31999969482422,24.420000076293945,24.18000030517578,24.3700008392334,4951300,0.0,0.0,0.1909
2025-08-04,24.520000457763672,24.770000457763672,24.520000457763672,24.760000228881836,2362200,0.0,0.0,0.0
2025-08-05,24.59000015258789,24.670000076293945,24.3799991607666,24.530000686645508,3702600,0.0,0.0,0.0
2025-08-06,25.030000686645508,25.049999237060547,24.829999923706055,24.920000076293945,5571800,0.0,0.0,0.0
2025-08-07,26.09000015258789,26.709999084472656,25.850000381469727,26.030000686645508,6712800,0.0,0.0,0.0
2025-08-08,26.899999618530273,27.290000915527344,26.899999618530273,27.149999618530273,4946700,0.0,0.0,0.0
2025-08-11,27.149999618530273,27.360000610351562,27.139999389648438,27.280000686645508,3651400,0.0,0.0,0.0
2025-08-12,27.149999618530273,27.270000457763672,27.020000457763672,27.190000534057617,4992100,0.0,0.0,0.0
2025-08-13,27.760000228881836,28.040000915527344,27.709999084472656,27.979999542236328,3798100,0.0,0.0,0.12689999999999999
2025-08-14,27.700000762939453,27.799999237060547,27.559999465942383,27.739999771118164,2317000,0.0,0.0,0.0
2025-08-15,28.989999771118164,29.15999984741211,28.670000076293945,28.739999771118164,5183700,0.0,0.0,0.0
2025-08-18,28.290000915527344,28.40999984741211,28.219999313354492,28.350000381469727,3244300,0.0,0.0,0.0
2025-08-19,28.290000915527344,28.43000030517578,28.219999313354492,28.239999771118164,2849700,0.0,0.0,0.33575
2025-08-20,28.059999465942383,28.149999618530273,27.889999389648438,28.1200008392334,2823700,0.0,0.0,0.0
2025-08-21,27.690000534057617,27.809999465942383,27.549999237060547,27.6299991607666,2930200,0.0,0.0,0.0
2025-08-22,28.31999969482422,28.690000534057617,28.280000686645508,28.610000610351562,4489700,0.0,0.0,0.0
2025-08-25,28.25,28.350000381469727,28.1200008392334,28.1200008392334,3237500,0.0,0.0,0.4417
2025-08-26,27.790000915527344,27.940000534057617,27.719999313354492,27.8799991607666,2821200,0.0,0.0,0.0
2025-08-27,27.600000381469727,27.860000610351562,27.540000915527344,27.84000015258789,3643100,0.0,0.0,0.0
2025-08-28,28.06999969482422,28.149999618530273,27.969999313354492,28.0,4573800,0.0,0.0,0.471475
2025-08-29,27.59000015258789,27.6200008392334,27.440000534057617,27.520000457763672,3037900,0.0,0.0,0.0
2025-09-02,26.799999237060547,27.079999923706055,26.59000015258789,26.950000762939453,4919100,0.0,0.0,0.0
2025-09-03,26.959999084472656,27.09000015258789,26.899999618530273,27.030000686645508,3295900,0.0,0.0,0.7
2025-09-04,27.540000915527344,27.8700008392334,27.520000457763672,27.84000015258789,3226200,0.0,0.0,0.0
2025-09-05,27.790000915527344,27.84000015258789,27.459999084472656,27.56999969482422,2620600,0.0,0.0,0.0
2025-09-08,28.299999237060547,28.709999084472656,28.280000686645508,28.670000076293945,4596100,0.0,0.0,0.0
2025-09-09,28.75,28.790000915527344,28.579999923706055,28.709999084472656,3214300,0.0,0.0,0.1909
2025-09-10,28.8799991607666,28.979999542236328,28.56999969482422,28.649999618530273,3934200,0.0,0.0,0.0
2025-09-11,28.770000457763672,29.239999771118164,28.770000457763672,29.190000534057617,4384100,0.0,0.0,0.0
2025-09-12,29.0,29.40999984741211,28.959999084472656,29.209999084472656,4680600,0.0,0.0,0.0
2025-09-15,29.3799991607666,29.440000534057617,29.209999084472656,29.34000015258789,2900600,0.0,0.0,0.0
2025-09-16,28.81999969482422,28.829999923706055,28.549999237060547,28.81999969482422,2808700,0.0,0.0,0.0
2025-09-17,29.020000457763672,29.309999465942383,28.899999618530273,29.15999984741211,3240400,0.0,0.0,0.28595
2025-09-18,30.040000915527344,30.25,29.920000076293945,30.06999969482422,4258200,0.0,0.0,0.24735
2025-09-19,29.479999542236328,29.489999771118164,29.290000915527344,29.360000610351562,4238600,0.0,0.0,0.0
2025-09-22,29.5,29.760000228881836,29.489999771118164,29.729999542236328,3854500,0.0,0.0,0.0
2025-09-23,29.899999618530273,29.899999618530273,29.709999084472656,29.760000228881836,3734200,0.0,0.0,0.0
2025-09-24,29.200000762939453,29.420000076293945,29.15999984741211,29.34000015258789,5517300,0.0,0.0,0.0
2025-09-25,29.719999313354492,29.90999984741211,29.469999313354492,29.829999923706055,4792300,0.0,0.0,0.0
2025-09-26,29.6200008392334,30.1200008392334,29.540000915527344,29.780000686645508,5873200,0.0,0.0,0.0
2025-09-29,29.040000915527344,29.1299991607666,28.969999313354492,29.100000381469727,3049300,0.0,0.0,0.0
2025-09-30,28.709999084472656,28.799999237060547,28.540000915527344,28.790000915527344,3455100,0.0,0.0,0.0
2025-10-01,28.790000915527344,29.010000228881836,28.729999542236328,28.739999771118164,2947300,0.0,0.0,0.0
2025-10-02,28.06999969482422,28.139999389648438,27.790000915527344,28.079999923706055,6133300,0.0,0.0,0.0
2025-10-03,28.68000030517578,29.0,28.670000076293945,28.959999084472656,4296700,0.0,0.0,0.0
2025-10-06,30.100000381469727,30.200000762939453,30.030000686645508,30.100000381469727,6413700,0.0,0.0,0.0
2025-10-07,29.81999969482422,30.0,29.690000534057617,29.739999771118164,10172000,0.0,0.0,0.0
2025-10-08,29.899999618530273,29.959999084472656,29.75,29.75,3975100,0.0,0.0,0.23835
2025-10-09,30.25,30.290000915527344,29.690000534057617,29.84000015258789,5144700,0.0,0.0,0.0
2025-10-10,28.8799991607666,28.989999771118164,28.010000228881836,28.25,6862100,0.0,0.0,0.0
2025-10-13,28.59000015258789,28.969999313354492,28.559999465942383,28.8700008392334,3402900,0.0,0.0,0.0
2025-10-14,28.280000686645508,28.969999313354492,28.260000228881836,28.829999923706055,3963700,0.0,0.0,0.0
2025-10-15,28.969999313354492,29.06999969482422,28.610000610351562,28.889999389648438,2482700,0.0,0.0,0.0
2025-10-16,28.760000228881836,28.770000457763672,28.420000076293945,28.5,4430200,0.0,0.0,0.0
2025-10-17,28.639999389648438,29.059999465942383,28.6200008392334,28.899999618530273,4124600,0.0,0.0,0.0
2025-10-20,29.34000015258789,29.489999771118164,29.170000076293945,29.190000534057617,5311100,0.0,0.0,0.0
2025-10-21,29.0,29.219999313354492,28.969999313354492,29.139999389648438,2665100,0.0,0.0,0.0
2025-10-22,28.739999771118164,28.940000534057617,28.540000915527344,28.75,2899800,0.0,0.0,0.0
2025-10-23,28.799999237060547,28.8799991607666,28.59000015258789,28.709999084472656,4064100,0.0,0.0,0.0
2025-10-24,28.860000610351562,28.860000610351562,28.600000381469727,28.649999618530273,2768800,0.0,0.0,0.0
2025-10-27,28.829999923706055,28.8799991607666,28.68000030517578,28.700000762939453,1878200,0.0,0.0,0.0
2025-10-28,28.8799991607666,29.049999237060547,28.780000686645508,28.989999771118164,2073300,0.0,0.0,0.0
2025-10-29,28.459999084472656,28.469999313354492,28.059999465942383,28.18000030517578,3628600,0.0,0.0,0.0
2025-10-30,27.600000381469727,27.899999618530273,27.549999237060547,27.75,6245800,0.0,0.0,0.20095
2025-10-31,28.149999618530273,28.229999542236328,27.809999465942383,27.889999389648438,3021800,0.0,0.0,0.0
2025-11-03,27.969999313354492,28.049999237060547,27.799999237060547,27.950000762939453,2581300,0.0,0.0,0.3056
2025-11-04,27.719999313354492,27.959999084472656,27.690000534057617,27.90999984741211,3182400,0.0,0.0,0.0
2025-11-05,27.889999389648438,28.1200008392334,27.8799991607666,28.079999923706055,3892600,0.0,0.0,0.0
2025-11-06,28.25,28.40999984741211,28.06999969482422,28.290000915527344,2600900,0.0,0.0,0.0
2025-11-07,27.649999618530273,27.709999084472656,27.350000381469727,27.709999084472656,2968800,0.0,0.0,0.0
2025-11-10,27.940000534057617,28.059999465942383,27.799999237060547,27.969999313354492,3325000,0.0,0.0,0.0
2025-11-11,29.420000076293945,29.59000015258789,28.43000030517578,29.15999984741211,6900100,0.0,0.0,0.13695
2025-11-12,30.1200008392334,30.34000015258789,29.979999542236328,30.260000228881836,5464600,0.0,0.0,0.0
2025-11-13,30.0,30.010000228881836,29.43000030517578,29.440000534057617,5123300,0.0,0.0,0.4329
2025-11-14,29.969999313354492,30.329999923706055,29.850000381469727,30.1200008392334,5121500,0.0,0.0,0.0
2025-11-17,29.270000457763672,29.40999984741211,28.8799991607666,29.09000015258789,3908300,0.0,0.0,0.0
2025-11-18,28.579999923706055,28.81999969482422,28.420000076293945,28.670000076293945,3137000,0.0,0.0,0.0
2025-11-19,28.190000534057617,28.610000610351562,28.06999969482422,28.549999237060547,5382600,0.0,0.0,0.0
2025-11-20,28.540000915527344,28.68000030517578,27.75,27.75,5021700,0.0,0.0,0.0
2025-11-21,28.68000030517578,28.829999923706055,28.360000610351562,28.530000686645508,3959900,0.0,0.0,0.0
2025-11-24,28.6200008392334,29.049999237060547,28.56999969482422,29.010000228881836,2859900,0.0,0.0,0.0
2025-11-25,28.1200008392334,28.610000610351562,28.079999923706055,28.600000381469727,3038700,0.0,0.0,0.7492000000000001
2025-11-26,29.110000610351562,29.239999771118164,29.059999465942383,29.079999923706055,2933800,0.0,0.0,0.7076
2025-11-28,29.280000686645508,29.360000610351562,29.209999084472656,29.350000381469727,1250800,0.0,0.0,0.0
2025-12-01,28.65999984741211,28.8700008392334,28.530000686645508,28.780000686645508,5589800,0.0,0.0,0.0
2025-12-02,28.829999923706055,28.829999923706055,28.489999771118164,28.56999969482422,3187100,0.0,0.0,0.42935
2025-12-03,28.149999618530273,28.469999313354492,28.020000457763672,28.459999084472656,3461300,0.0,0.0,0.0
2025-12-04,28.530000686645508,28.56999969482422,28.219999313354492,28.290000915527344,2812800,0.0,0.0,0.0
2025-12-05,28.06999969482422,28.170000076293945,27.959999084472656,28.030000686645508,3012600,0.0,0.0,0.0
2025-12-08,27.700000762939453,27.799999237060547,27.530000686645508,27.549999237060547,3198800,0.0,0.0,0.0
2025-12-09,27.75,27.81999969482422,27.540000915527344,27.559999465942383,2901200,0.0,0.0,0.43025
2025-12-10,26.81999969482422,27.1299991607666,26.739999771118164,27.079999923706055,4940500,0.0,0.0,-0.266
2025-12-11,26.75,26.93000030517578,26.65999984741211,26.729999542236328,5588100,0.0,0.0,0.0
2025-12-12,26.8700008392334,26.90999984741211,26.59000015258789,26.770000457763672,4069900,0.0,0.0,0.0
2025-12-15,26.860000610351562,26.860000610351562,26.610000610351562,26.639999389648438,3347300,0.0,0.0,0.0
2025-12-16,26.329999923706055,26.59000015258789,26.299999237060547,26.450000762939453,3381600,0.0,0.0,0.0
2025-12-17,26.200000762939453,26.229999542236328,25.90999984741211,25.959999084472656,5770800,0.0,0.0,0.0
2025-12-18,26.190000534057617,26.239999771118164,25.889999389648438,25.90999984741211,4962000,0.0,0.0,0.0
2025-12-19,25.6200008392334,25.670000076293945,25.3700008392334,25.399999618530273,5702800,0.0,0.0,0.37812500000000004
2025-12-22,25.200000762939453,25.3799991607666,25.110000610351562,25.229999542236328,6448600,0.0,0.0,0.0
2025-12-23,25.899999618530273,26.0,25.690000534057617,25.760000228881836,5609300,0.0,0.0,0.0
2025-12-24,25.5,25.729999542236328,25.479999542236328,25.700000762939453,1796300,0.0,0.0,0.0
2025-12-26,25.770000457763672,25.860000610351562,25.729999542236328,25.81999969482422,2248300,0.0,0.0,0.0
2025-12-29,25.68000030517578,25.850000381469727,25.670000076293945,25.770000457763672,2805400,0.0,0.0,0.0
2025-12-30,25.790000915527344,25.8700008392334,25.709999084472656,25.719999313354492,2437800,0.0,0.0,0.0
2025-12-31,25.670000076293945,25.700000762939453,25.549999237060547,25.600000381469727,2054900,0.0,0.0,0.0
2026-01-02,25.93000030517578,25.989999771118164,25.670000076293945,25.8799991607666,3030600,0.0,0.0,0.4417
2026-01-05,26.06999969482422,26.149999618530273,25.81999969482422,25.829999923706055,4253400,0.0,0.0,0.0
2026-01-06,26.06999969482422,26.06999969482422,25.59000015258789,25.739999771118164,5968300,0.0,0.0,0.4201
2026-01-07,25.40999984741211,25.40999984741211,25.079999923706055,25.1200008392334,5518500,0.0,0.0,0.0
2026-01-08,25.100000381469727,25.290000915527344,25.049999237060547,25.25,3785900,0.0,0.0,0.0
2026-01-09,24.979999542236328,25.170000076293945,24.899999618530273,25.040000915527344,5190700,0.0,0.0,0.0
2026-01-12,25.139999389648438,25.329999923706055,25.09000015258789,25.18000030517578,3639500,0.0,0.0,0.0
2026-01-13,24.389999389648438,24.5,24.260000228881836,24.40999984741211,6205300,0.0,0.0,0.0
2026-01-14,24.25,24.25,24.020000457763672,24.09000015258789,3814300,0.0,0.0,0.0
2026-01-15,24.610000610351562,24.639999389648438,24.06999969482422,24.1200008392334,9476600,0.0,0.0,0.6668000000000001
2026-01-16,24.18000030517578,24.190000534057617,23.93000030517578,24.049999237060547,5238600,0.0,0.0,0.0
2026-01-20,23.549999237060547,23.959999084472656,23.549999237060547,23.719999313354492,9451900,0.0,0.0,0.0
2026-01-21,23.5,23.809999465942383,23.360000610351562,23.68000030517578,5703100,0.0,0.0,0.0
2026-01-22,23.040000915527344,23.09000015258789,22.850000381469727,22.959999084472656,9550100,0.0,0.0,0.0
2026-01-23,22.799999237060547,23.18000030517578,22.739999771118164,23.09000015258789,6203300,0.0,0.0,0.0
2026-01-26,23.079999923706055,23.1299991607666,22.93000030517578,22.959999084472656,5546100,0.0,0.0,0.0
2026-01-27,22.65999984741211,22.729999542236328,22.440000534057617,22.600000381469727,6685000,0.0,0.0,0.0
2026-01-28,22.280000686645508,22.399999618530273,22.1299991607666,22.280000686645508,7569300,0.0,0.0,0.0
2026-01-29,22.489999771118164,22.520000457763672,22.139999389648438,22.290000915527344,9212900,0.0,0.0,0.08435000000000001
2026-01-30,22.40999984741211,22.440000534057617,21.799999237060547,22.100000381469727,10641400,0.0,0.0,0.0
2026-02-02,22.09000015258789,22.260000228881836,22.0,22.1200008392334,7134200,0.0,0.0,0.0
2026-02-03,22.360000610351562,22.3700008392334,21.84000015258789,21.93000030517578,7780300,0.0,0.0,0.0
2026-02-04,21.610000610351562,22.1299991607666,21.520000457763672,21.90999984741211,12618500,0.0,0.0,0.0
2026-02-05,21.469999313354492,21.59000015258789,21.18000030517578,21.239999771118164,9906400,0.0,0.0,0.0
2026-02-06,22.84000015258789,22.84000015258789,21.920000076293945,22.260000228881836,14121300,0.0,0.0,0.43425
2026-02-09,22.1299991607666,22.350000381469727,21.989999771118164,22.329999923706055,5848800,0.0,0.0,0.38634999999999997
2026-02-10,23.030000686645508,23.219999313354492,22.799999237060547,22.829999923706055,6384600,0.0,0.0,0.0
2026-02-11,23.059999465942383,23.149999618530273,22.68000030517578,22.950000762939453,5118100,0.0,0.0,-0.10115
2026-02-12,23.360000610351562,23.469999313354492,22.649999618530273,22.8700008392334,7982600,0.0,0.0,0.0
2026-02-13,23.350000381469727,23.3799991607666,23.110000610351562,23.190000534057617,6887800,0.0,0.0,0.5851500000000001
2026-02-17,22.709999084472656,22.889999389648438,22.59000015258789,22.81999969482422,4929000,0.0,0.0,0.0
2026-02-18,22.600000381469727,22.68000030517578,22.489999771118164,22.5,4946000,0.0,0.0,0.0
2026-02-19,22.1299991607666,22.290000915527344,22.059999465942383,22.25,4366400,0.0,0.0,0.0
2026-02-20,21.59000015258789,21.940000534057617,21.520000457763672,21.93000030517578,5430500,0.0,0.0,0.0
2026-02-23,21.799999237060547,21.950000762939453,21.579999923706055,21.670000076293945,4776000,0.0,0.0,0.0
2026-02-24,21.329999923706055,21.6200008392334,21.229999542236328,21.600000381469727,5321000,0.0,0.0,0.0
2026-02-25,21.25,21.459999084472656,21.25,21.40999984741211,5031800,0.0,0.0,0.0
2026-02-26,22.1299991607666,22.649999618530273,22.1200008392334,22.59000015258789,7239300,0.0,0.0,0.0
2026-02-27,23.040000915527344,23.149999618530273,22.84000015258789,23.059999465942383,6082400,0.0,0.0,0.0
2026-03-02,22.43000030517578,22.790000915527344,22.299999237060547,22.690000534057617,7155200,0.0,0.0,0.57035
2026-03-03,20.969999313354492,21.649999618530273,20.8700008392334,21.579999923706055,12244700,0.0,0.0,0.0
2026-03-04,22.049999237060547,22.239999771118164,21.84000015258789,21.989999771118164,6244800,0.0,0.0,0.4306
2026-03-05,21.559999465942383,21.649999618530273,21.200000762939453,21.3700008392334,7898100,0.0,0.0,0.0
2026-03-06,21.399999618530273,21.6299991607666,21.34000015258789,21.479999542236328,3956100,0.0,0.0,0.8235
2026-03-09,21.110000610351562,21.68000030517578,21.0,21.6200008392334,6449900,0.0,0.0,0.0
2026-03-10,21.690000534057617,21.979999542236328,21.559999465942383,21.68000030517578,6905900,0.0,0.0,0.0
2026-03-11,21.639999389648438,21.670000076293945,21.389999389648438,21.489999771118164,4798800,0.0,0.0,0.0
2026-03-12,21.690000534057617,21.729999542236328,21.440000534057617,21.459999084472656,5821000,0.0,0.0,0.0
2026-03-13,21.670000076293945,21.770000457763672,21.459999084472656,21.489999771118164,4178100,0.0,0.0,0.0
2026-03-16,21.479999542236328,21.729999542236328,21.399999618530273,21.649999618530273,4147100,0.0,0.0,0.0
2026-03-17,21.200000762939453,21.329999923706055,20.889999389648438,20.920000076293945,5743300,0.0,0.0,0.0
2026-03-18,20.469999313354492,20.700000762939453,20.31999969482422,20.3799991607666,5195100,0.0,0.0,0.0
2026-03-19,20.299999237060547,20.719999313354492,20.260000228881836,20.6200008392334,4789600,0.0,0.0,0.0
2026-03-20,20.65999984741211,20.700000762939453,20.1299991607666,20.219999313354492,4934300,0.0,0.0,0.0
2026-03-23,20.65999984741211,20.850000381469727,20.56999969482422,20.68000030517578,4935500,0.0,0.0,0.0
2026-03-24,20.40999984741211,20.719999313354492,20.3799991607666,20.56999969482422,3709600,0.0,0.0,0.0
2026-03-25,20.600000381469727,20.790000915527344,20.440000534057617,20.540000915527344,4065600,0.0,0.0,0.0
2026-03-26,20.190000534057617,20.329999923706055,19.979999542236328,20.030000686645508,3436000,0.0,0.0,0.0
2026-03-27,19.860000610351562,20.110000610351562,19.739999771118164,19.90999984741211,5673900,0.0,0.0,-0.2202
2026-03-30,19.979999542236328,20.299999237060547,19.81999969482422,19.920000076293945,5372100,0.0,0.0,0.0
2026-03-31,20.3799991607666,20.729999542236328,20.299999237060547,20.700000762939453,5687700,0.0,0.0,0.45545
2026-04-01,21.25,21.43000030517578,21.110000610351562,21.1200008392334,5609800,0.0,0.0,0.0
2026-04-02,20.690000534057617,21.209999084472656,20.6299991607666,21.139999389648438,4236500,0.0,0.0,0.0
2026-04-06,20.649999618530273,20.829999923706055,20.639999389648438,20.780000686645508,3279800,0.0,0.0,0.0
2026-04-07,20.81999969482422,20.899999618530273,20.6299991607666,20.8799991607666,4280700,0.0,0.0,0.45189999999999997
2026-04-08,21.68000030517578,21.719999313354492,21.309999465942383,21.3799991607666,5400300,0.0,0.0,0.0
2026-04-09,21.219999313354492,21.489999771118164,21.100000381469727,21.420000076293945,3004200,0.0,0.0,0.0
2026-04-10,21.0,21.100000381469727,20.940000534057617,21.049999237060547,2924600,0.0,0.0,0.0
2026-04-13,20.479999542236328,21.059999465942383,20.479999542236328,21.049999237060547,6746200,0.0,0.0,0.0
2026-04-14,20.75,21.010000228881836,20.729999542236328,20.950000762939453,4382900,0.0,0.0,0.0
2026-04-15,21.010000228881836,21.299999237060547,21.010000228881836,21.239999771118164,3747300,0.0,0.0,0.0
2026-04-16,21.34000015258789,21.520000457763672,21.309999465942383,21.459999084472656,3940400,0.0,0.0,0.0
2026-04-17,21.81999969482422,22.049999237060547,21.700000762939453,21.700000762939453,3832300,0.0,0.0,0.0
2026-04-20,21.5,21.530000686645508,21.350000381469727,21.440000534057617,3495000,0.0,0.0,0.0
2026-04-21,21.149999618530273,21.149999618530273,20.770000457763672,20.780000686645508,4282400,0.0,0.0,0.0
2026-04-22,20.969999313354492,21.09000015258789,20.770000457763672,20.84000015258789,3733100,0.0,0.0,0.0
2026-04-23,20.6200008392334,20.700000762939453,20.299999237060547,20.489999771118164,4902500,0.0,0.0,0.0
2026-04-24,20.299999237060547,20.309999465942383,20.0,20.280000686645508,7408800,0.0,0.0,0.0
2026-04-27,20.110000610351562,20.34000015258789,20.030000686645508,20.139999389648438,5981100,0.0,0.0,0.0
2026-04-28,20.209999084472656,20.229999542236328,19.8700008392334,19.969999313354492,5385500,0.0,0.0,0.0
2026-04-29,19.959999084472656,20.020000457763672,19.729999542236328,19.780000686645508,9342300,0.0,0.0,0.0
2026-04-30,19.729999542236328,20.190000534057617,19.6299991607666,20.09000015258789,7334800,0.0,0.0,0.0
2026-05-01,19.90999984741211,20.040000915527344,19.780000686645508,19.780000686645508,5054600,0.0,0.0,0.0
2026-05-04,19.889999389648438,19.979999542236328,19.6299991607666,19.639999389648438,5104700,0.0,0.0,0.0
2026-05-05,19.780000686645508,20.280000686645508,19.670000076293945,20.1200008392334,10166400,0.0,0.0,0.0
2026-05-06,20.540000915527344,20.81999969482422,20.3700008392334,20.729999542236328,10934600,0.0,0.0,0.0
2026-05-07,20.25,20.25,19.829999923706055,19.889999389648438,8649000,0.0,0.0,0.0
2026-05-08,20.270000457763672,20.8700008392334,20.059999465942383,20.149999618530273,13256700,0.0,0.0,0.0
2026-05-11,21.510000228881836,21.6299991607666,21.190000534057617,21.290000915527344,16234300,0.0,0.0,0.0
2026-05-12,21.8799991607666,22.290000915527344,21.81999969482422,22.15999984741211,12735400,0.0,0.0,0.0
2026-05-13,22.959999084472656,22.979999542236328,22.6299991607666,22.790000915527344,12793600,0.0,0.0,0.4329
2026-05-14,22.139999389648438,22.209999084472656,22.010000228881836,22.1200008392334,8154100,0.0,0.0,0.0
2026-05-15,22.510000228881836,22.670000076293945,22.290000915527344,22.309999465942383,8111300,0.0,0.0,0.0
2026-05-18,22.719999313354492,22.8700008392334,22.549999237060547,22.709999084472656,6994700,0.0,0.0,0.0
2026-05-19,23.18000030517578,23.280000686645508,22.739999771118164,22.760000228881836,8027700,0.0,0.0,0.0
2026-05-20,22.780000686645508,22.829999923706055,22.469999313354492,22.81999969482422,4497600,0.0,0.0,0.0
2026-05-21,22.139999389648438,22.59000015258789,22.100000381469727,22.559999465942383,6681800,0.0,0.0,0.0
2026-05-22,22.15999984741211,22.510000228881836,22.020000457763672,22.139999389648438,10353200,0.0,0.0,0.0
2026-05-26,22.270000457763672,22.420000076293945,22.139999389648438,22.15999984741211,6810700,0.0,0.0,0.0
2026-05-27,22.0,22.06999969482422,21.81999969482422,21.860000610351562,5338900,0.0,0.0,0.0
2026-05-28,21.610000610351562,21.90999984741211,21.559999465942383,21.719999313354492,6537800,0.0,0.0,0.0
2026-05-29,21.6299991607666,21.719999313354492,21.530000686645508,21.56999969482422,6151000,0.0,0.0,0.0
2026-06-01,22.1299991607666,22.639999389648438,22.079999923706055,22.56999969482422,8600300,0.0,0.0,0.0
2026-06-02,22.809999465942383,23.0,22.739999771118164,22.790000915527344,5720600,0.0,0.0,0.0
2026-06-03,22.510000228881836,22.530000686645508,22.139999389648438,22.200000762939453,4252900,0.0,0.0,0.0
2026-06-04,22.020000457763672,22.31999969482422,22.0,22.229999542236328,5476400,0.0,0.0,-0.10114999999999999
2026-06-05,22.190000534057617,22.270000457763672,21.8700008392334,21.889999389648438,4884400,0.0,0.0,0.0
2026-06-08,22.079999923706055,22.239999771118164,22.06999969482422,22.149999618530273,4416200,0.0,0.0,0.0
2026-06-09,21.579999923706055,21.6200008392334,21.219999313354492,21.309999465942383,6558400,0.0,0.0,0.0
2026-06-10,21.190000534057617,21.190000534057617,20.729999542236328,20.760000228881836,6537100,0.0,0.0,0.0
2026-06-11,20.81999969482422,21.270000457763672,20.790000915527344,21.149999618530273,6822700,0.0,0.0,0.0
2026-06-12,20.850000381469727,20.899999618530273,20.459999084472656,20.530000686645508,6500600,0.0,0.0,0.0
2026-06-15,20.56999969482422,20.649999618530273,20.329999923706055,20.399999618530273,6028000,0.0,0.0,0.0
2026-06-16,20.299999237060547,20.399999618530273,20.260000228881836,20.3799991607666,3632900,0.0,0.0,0.0
2026-06-17,20.399999618530273,20.700000762939453,20.219999313354492,20.239999771118164,4980400,0.0,0.0,0.0
2026-06-18,20.15999984741211,20.360000610351562,20.100000381469727,20.329999923706055,5524900,0.0,0.0,0.0
2026-06-22,19.829999923706055,19.940000534057617,19.469999313354492,19.510000228881836,9419400,0.0,0.0,0.0
2026-06-23,19.479999542236328,19.68000030517578,19.389999389648438,19.639999389648438,5880000,0.0,0.0,0.0
2026-06-24,20.110000610351562,20.270000457763672,19.959999084472656,20.010000228881836,5416800,0.0,0.0,0.0
2026-06-25,19.770000457763672,19.790000915527344,19.31999969482422,19.31999969482422,6698500,0.0,0.0,0.0
2026-06-26,19.68000030517578,19.889999389648438,19.670000076293945,19.709999084472656,5312300,0.0,0.0,0.0
2026-06-29,20.290000915527344,20.440000534057617,20.219999313354492,20.43000030517578,5546200,0.0,0.0,0.0
2026-06-30,20.15999984741211,20.200000762939453,20.030000686645508,20.059999465942383,5628000,0.0,0.0,0.0
2026-07-01,19.969999313354492,20.260000228881836,19.940000534057617,20.209999084472656,4725200,0.0,0.0,0.0
2026-07-02,20.639999389648438,20.799999237060547,20.559999465942383,20.790000915527344,5584700,0.0,0.0,-0.10115
2026-07-06,21.100000381469727,21.190000534057617,20.940000534057617,21.15999984741211,5016000,0.0,0.0,0.0
2026-07-07,21.579999923706055,21.649999618530273,21.360000610351562,21.399999618530273,4637000,0.0,0.0,0.0
2026-07-08,21.239999771118164,21.350000381469727,21.049999237060547,21.149999618530273,4961400,0.0,0.0,0.4158666666666667
2026-07-09,20.899999618530273,21.0,20.809999465942383,20.93000030517578,3858900,0.0,0.0,-0.45155
2026-07-10,20.770000457763672,20.93000030517578,20.649999618530273,20.850000381469727,4625400,0.0,0.0,0.5788
2026-07-13,20.65999984741211,20.860000610351562,20.65999984741211,20.68000030517578,4657000,0.0,0.0,0.0
2026-07-14,20.850000381469727,21.010000228881836,20.799999237060547,20.799999237060547,4229200,0.0,0.0,0.0
2026-07-15,20.889999389648438,20.899999618530273,20.65999984741211,20.709999084472656,3046900,0.0,0.0,0.0
2026-07-16,21.0,21.399999618530273,21.0,21.389999389648438,4574700,0.0,0.0,0.3825
2026-07-17,21.209999084472656,21.31999969482422,21.110000610351562,21.1200008392334,3739500,0.0,0.0,0.0
2026-07-20,21.329999923706055,21.459999084472656,21.1299991607666,21.149999618530273,5237800,0.0,0.0,0.0
2026-07-21,21.229999542236328,21.239999771118164,21.020000457763672,21.020000457763672,3363000,0.0,0.0,0.0
2026-07-22,21.149999618530273,21.15999984741211,20.920000076293945,20.920000076293945,2718400,0.0,0.0,0.0
2026-07-23,20.719999313354492,20.850000381469727,20.579999923706055,20.690000534057617,3972600,0.0,0.0,0.0
2026-07-24,20.790000915527344,21.149999618530273,20.790000915527344,20.979999542236328,3872800,0.0,0.0,0.0
2026-07-27,21.75,22.43000030517578,21.739999771118164,22.290000915527344,7494900,0.0,0.0,0.0
2026-07-28,22.200000762939453,22.739999771118164,22.200000762939453,22.709999084472656,9777100,0.0,0.0,0.0
2026-07-29,23.100000381469727,23.549999237060547,22.93000030517578,23.270000457763672,9040600,0.0,0.0,0.0
2026-07-30,23.309999465942383,23.40999984741211,22.729999542236328,22.770000457763672,7715300,0.0,0.0,0.0
2026-07-31,23.889999389648438,23.979999542236328,22.639999389648438,23.260000228881836,9674300,0.0,0.0,0.0
2026-08-03,22.700000762939453,22.969999313354492,22.559999465942383,22.6299991607666,5736700,0.0,0.0,0.0
2026-08-04,22.3700008392334,22.5,22.219999313354492,22.350000381469727,7056900,0.0,0.0,0.0
2026-08-05,22.549999237060547,22.739999771118164,22.399999618530273,22.440000534057617,4230300,0.0,0.0,0.0
2026-08-06,22.8799991607666,23.110000610351562,22.81999969482422,23.100000381469727,5511800,0.0,0.0,0.0
2026-08-07,23.510000228881836,23.600000381469727,23.31999969482422,23.459999084472656,4414600,0.0,0.0,0.0
2026-08-10,23.719999313354492,23.8700008392334,23.59000015258789,23.81999969482422,4567000,0.0,0.0,0.0
2026-08-11,23.719999313354492,23.809999465942383,23.520000457763672,23.610000610351562,3757400,0.0,0.0,0.0
2026-08-12,23.56999969482422,23.649999618530273,23.350000381469727,23.540000915527344,4107100,0.0,0.0,0.5318
2026-08-13,23.229999542236328,23.649999618530273,23.18000030517578,23.610000610351562,4299300,0.0,0.0,0.0
2026-08-14,24.43000030517578,24.670000076293945,24.200000762939453,24.290000915527344,5821900,0.0,0.0,0.0
2026-08-17,23.81999969482422,23.81999969482422,23.56999969482422,23.700000762939453,4180900,0.0,0.0,0.0
2026-08-18,23.389999389648438,23.489999771118164,23.299999237060547,23.43000030517578,3751400,0.0,0.0,0.0
2026-08-19,23.489999771118164,23.8700008392334,23.43000030517578,23.489999771118164,3854000,0.0,0.0,0.0
2026-08-20,23.610000610351562,23.68000030517578,23.5,23.579999923706055,3686000,0.0,0.0,0.0
2026-08-21,23.760000228881836,24.079999923706055,23.739999771118164,23.920000076293945,3718400,0.0,0.0,0.0
2026-08-24,24.149999618530273,24.31999969482422,24.100000381469727,24.260000228881836,3191700,0.0,0.0,0.0
2026-08-25,23.969999313354492,24.110000610351562,23.809999465942383,24.049999237060547,3076900,0.0,0.0,0.0
2026-08-26,24.260000228881836,24.329999923706055,24.059999465942383,24.1200008392334,3320400,0.0,0.0,0.0
2026-08-27,24.219999313354492,24.299999237060547,23.860000610351562,24.06999969482422,4155600,0.0,0.0,0.0
2026-08-31,24.979999542236328,25.270000457763672,24.549999237060547,24.559999465942383,5215700,0.0,0.0,0.3404
2026-09-01,24.950000762939453,25.079999923706055,24.799999237060547,24.809999465942383,4665600,0.0,0.0,0.46625
2026-09-02,24.459999084472656,24.760000228881836,24.40999984741211,24.649999618530273,3122200,0.0,0.0,0.0
2026-09-03,24.885000228881836,25.020000457763672,24.84000015258789,24.94499969482422,2002371,0.0,0.0,0.0
